日期,商家ID,商家名称,乡镇,类型,日期类型,售出房晚,真实入住率%,反推入住率%,日均价,日营业额,平台,平台日均价,平台20:00剩余
2026-10-01,m1,花水湾巴登国际温泉度假酒店,花水湾镇,酒店,国庆,117,95.1,88.3,2140,250380,美团,2092,15
2026-10-01,m1,花水湾巴登国际温泉度假酒店,花水湾镇,酒店,国庆,117,95.1,88.3,2140,250380,去哪儿,2118,14
2026-10-01,m1,花水湾巴登国际温泉度假酒店,花水湾镇,酒店,国庆,117,95.1,88.3,2140,250380,途家,2210,14
2026-10-02,m1,花水湾巴登国际温泉度假酒店,花水湾镇,酒店,国庆,114,92.7,86.7,2127,242478,美团,2085,17
2026-10-02,m1,花水湾巴登国际温泉度假酒店,花水湾镇,酒店,国庆,114,92.7,86.7,2127,242478,去哪儿,2103,16
2026-10-02,m1,花水湾巴登国际温泉度假酒店,花水湾镇,酒店,国庆,114,92.7,86.7,2127,242478,途家,2192,16
2026-10-03,m1,花水湾巴登国际温泉度假酒店,花水湾镇,酒店,国庆,117,95.1,87.0,2125,248625,美团,2091,16
2026-10-03,m1,花水湾巴登国际温泉度假酒店,花水湾镇,酒店,国庆,117,95.1,87.0,2125,248625,去哪儿,2098,16
2026-10-03,m1,花水湾巴登国际温泉度假酒店,花水湾镇,酒店,国庆,117,95.1,87.0,2125,248625,途家,2185,16
2026-10-04,m1,花水湾巴登国际温泉度假酒店,花水湾镇,酒店,国庆,117,95.1,91.1,2166,253422,美团,2118,11
2026-10-04,m1,花水湾巴登国际温泉度假酒店,花水湾镇,酒店,国庆,117,95.1,91.1,2166,253422,去哪儿,2138,11
2026-10-04,m1,花水湾巴登国际温泉度假酒店,花水湾镇,酒店,国庆,117,95.1,91.1,2166,253422,途家,2242,11
2026-10-05,m1,花水湾巴登国际温泉度假酒店,花水湾镇,酒店,国庆,112,91.1,86.7,2125,238000,美团,2087,17
2026-10-05,m1,花水湾巴登国际温泉度假酒店,花水湾镇,酒店,国庆,112,91.1,86.7,2125,238000,去哪儿,2104,16
2026-10-05,m1,花水湾巴登国际温泉度假酒店,花水湾镇,酒店,国庆,112,91.1,86.7,2125,238000,途家,2184,16
2026-10-06,m1,花水湾巴登国际温泉度假酒店,花水湾镇,酒店,国庆,115,93.5,88.3,2161,248515,美团,2116,15
2026-10-06,m1,花水湾巴登国际温泉度假酒店,花水湾镇,酒店,国庆,115,93.5,88.3,2161,248515,去哪儿,2134,14
2026-10-06,m1,花水湾巴登国际温泉度假酒店,花水湾镇,酒店,国庆,115,93.5,88.3,2161,248515,途家,2233,14
2026-10-07,m1,花水湾巴登国际温泉度假酒店,花水湾镇,酒店,国庆,114,92.7,87.8,2170,247380,美团,2130,15
2026-10-07,m1,花水湾巴登国际温泉度假酒店,花水湾镇,酒店,国庆,114,92.7,87.8,2170,247380,去哪儿,2125,15
2026-10-07,m1,花水湾巴登国际温泉度假酒店,花水湾镇,酒店,国庆,114,92.7,87.8,2170,247380,途家,2254,15
2026-10-08,m1,花水湾巴登国际温泉度假酒店,花水湾镇,酒店,国庆,114,92.7,88.6,2152,245328,美团,2121,14
2026-10-08,m1,花水湾巴登国际温泉度假酒店,花水湾镇,酒店,国庆,114,92.7,88.6,2152,245328,去哪儿,2108,14
2026-10-08,m1,花水湾巴登国际温泉度假酒店,花水湾镇,酒店,国庆,114,92.7,88.6,2152,245328,途家,2227,14
2026-10-09,m1,花水湾巴登国际温泉度假酒店,花水湾镇,酒店,工作日,79,64.2,58.3,1013,80027,美团,990,52
2026-10-09,m1,花水湾巴登国际温泉度假酒店,花水湾镇,酒店,工作日,79,64.2,58.3,1013,80027,去哪儿,1006,51
2026-10-09,m1,花水湾巴登国际温泉度假酒店,花水湾镇,酒店,工作日,79,64.2,58.3,1013,80027,途家,1044,51
2026-10-10,m1,花水湾巴登国际温泉度假酒店,花水湾镇,酒店,周末,111,90.2,82.9,1364,151404,美团,1335,21
2026-10-10,m1,花水湾巴登国际温泉度假酒店,花水湾镇,酒店,周末,111,90.2,82.9,1364,151404,去哪儿,1344,21
2026-10-10,m1,花水湾巴登国际温泉度假酒店,花水湾镇,酒店,周末,111,90.2,82.9,1364,151404,途家,1413,21
2026-10-11,m1,花水湾巴登国际温泉度假酒店,花水湾镇,酒店,周末,110,89.4,86.7,1374,151140,美团,1335,17
2026-10-11,m1,花水湾巴登国际温泉度假酒店,花水湾镇,酒店,周末,110,89.4,86.7,1374,151140,去哪儿,1371,16
2026-10-11,m1,花水湾巴登国际温泉度假酒店,花水湾镇,酒店,周末,110,89.4,86.7,1374,151140,途家,1416,16
2026-10-12,m1,花水湾巴登国际温泉度假酒店,花水湾镇,酒店,工作日,86,69.9,68.0,1027,88322,美团,998,40
2026-10-12,m1,花水湾巴登国际温泉度假酒店,花水湾镇,酒店,工作日,86,69.9,68.0,1027,88322,去哪儿,1021,39
2026-10-12,m1,花水湾巴登国际温泉度假酒店,花水湾镇,酒店,工作日,86,69.9,68.0,1027,88322,途家,1063,39
2026-10-13,m1,花水湾巴登国际温泉度假酒店,花水湾镇,酒店,工作日,85,69.1,63.1,1010,85850,美团,993,46
2026-10-13,m1,花水湾巴登国际温泉度假酒店,花水湾镇,酒店,工作日,85,69.1,63.1,1010,85850,去哪儿,997,45
2026-10-13,m1,花水湾巴登国际温泉度假酒店,花水湾镇,酒店,工作日,85,69.1,63.1,1010,85850,途家,1039,45
2026-10-14,m1,花水湾巴登国际温泉度假酒店,花水湾镇,酒店,工作日,87,70.7,68.3,1040,90480,美团,1020,39
2026-10-14,m1,花水湾巴登国际温泉度假酒店,花水湾镇,酒店,工作日,87,70.7,68.3,1040,90480,去哪儿,1026,39
2026-10-14,m1,花水湾巴登国际温泉度假酒店,花水湾镇,酒店,工作日,87,70.7,68.3,1040,90480,途家,1073,39
2026-10-15,m1,花水湾巴登国际温泉度假酒店,花水湾镇,酒店,工作日,81,65.9,65.0,1019,82539,美团,999,43
2026-10-15,m1,花水湾巴登国际温泉度假酒店,花水湾镇,酒店,工作日,81,65.9,65.0,1019,82539,去哪儿,1004,43
2026-10-15,m1,花水湾巴登国际温泉度假酒店,花水湾镇,酒店,工作日,81,65.9,65.0,1019,82539,途家,1053,43
2026-10-16,m1,花水湾巴登国际温泉度假酒店,花水湾镇,酒店,工作日,78,63.4,56.9,1002,78156,美团,988,53
2026-10-16,m1,花水湾巴登国际温泉度假酒店,花水湾镇,酒店,工作日,78,63.4,56.9,1002,78156,去哪儿,991,53
2026-10-16,m1,花水湾巴登国际温泉度假酒店,花水湾镇,酒店,工作日,78,63.4,56.9,1002,78156,途家,1027,53
2026-10-17,m1,花水湾巴登国际温泉度假酒店,花水湾镇,酒店,周末,109,88.6,84.3,1380,150420,美团,1347,20
2026-10-17,m1,花水湾巴登国际温泉度假酒店,花水湾镇,酒店,周末,109,88.6,84.3,1380,150420,去哪儿,1365,19
2026-10-17,m1,花水湾巴登国际温泉度假酒店,花水湾镇,酒店,周末,109,88.6,84.3,1380,150420,途家,1427,19
2026-10-18,m1,花水湾巴登国际温泉度假酒店,花水湾镇,酒店,周末,111,90.2,80.2,1378,152958,美团,1358,25
2026-10-18,m1,花水湾巴登国际温泉度假酒店,花水湾镇,酒店,周末,111,90.2,80.2,1378,152958,去哪儿,1352,24
2026-10-18,m1,花水湾巴登国际温泉度假酒店,花水湾镇,酒店,周末,111,90.2,80.2,1378,152958,途家,1425,24
2026-10-19,m1,花水湾巴登国际温泉度假酒店,花水湾镇,酒店,工作日,75,61.0,59.1,1004,75300,美团,978,51
2026-10-19,m1,花水湾巴登国际温泉度假酒店,花水湾镇,酒店,工作日,75,61.0,59.1,1004,75300,去哪儿,995,50
2026-10-19,m1,花水湾巴登国际温泉度假酒店,花水湾镇,酒店,工作日,75,61.0,59.1,1004,75300,途家,1038,50
2026-10-20,m1,花水湾巴登国际温泉度假酒店,花水湾镇,酒店,工作日,81,65.9,61.8,1009,81729,美团,999,47
2026-10-20,m1,花水湾巴登国际温泉度假酒店,花水湾镇,酒店,工作日,81,65.9,61.8,1009,81729,去哪儿,994,47
2026-10-20,m1,花水湾巴登国际温泉度假酒店,花水湾镇,酒店,工作日,81,65.9,61.8,1009,81729,途家,1035,47
2026-10-21,m1,花水湾巴登国际温泉度假酒店,花水湾镇,酒店,工作日,91,74.0,68.8,1023,93093,美团,1008,39
2026-10-21,m1,花水湾巴登国际温泉度假酒店,花水湾镇,酒店,工作日,91,74.0,68.8,1023,93093,去哪儿,1012,38
2026-10-21,m1,花水湾巴登国际温泉度假酒店,花水湾镇,酒店,工作日,91,74.0,68.8,1023,93093,途家,1049,38
2026-10-22,m1,花水湾巴登国际温泉度假酒店,花水湾镇,酒店,工作日,85,69.1,64.8,1015,86275,美团,993,44
2026-10-22,m1,花水湾巴登国际温泉度假酒店,花水湾镇,酒店,工作日,85,69.1,64.8,1015,86275,去哪儿,1006,43
2026-10-22,m1,花水湾巴登国际温泉度假酒店,花水湾镇,酒店,工作日,85,69.1,64.8,1015,86275,途家,1045,43
2026-10-23,m1,花水湾巴登国际温泉度假酒店,花水湾镇,酒店,工作日,95,77.2,74.0,1032,98040,美团,1017,32
2026-10-23,m1,花水湾巴登国际温泉度假酒店,花水湾镇,酒店,工作日,95,77.2,74.0,1032,98040,去哪儿,1021,32
2026-10-23,m1,花水湾巴登国际温泉度假酒店,花水湾镇,酒店,工作日,95,77.2,74.0,1032,98040,途家,1057,32
2026-10-24,m1,花水湾巴登国际温泉度假酒店,花水湾镇,酒店,周末,108,87.8,81.3,1370,147960,美团,1340,23
2026-10-24,m1,花水湾巴登国际温泉度假酒店,花水湾镇,酒店,周末,108,87.8,81.3,1370,147960,去哪儿,1357,23
2026-10-24,m1,花水湾巴登国际温泉度假酒店,花水湾镇,酒店,周末,108,87.8,81.3,1370,147960,途家,1413,23
2026-10-25,m1,花水湾巴登国际温泉度假酒店,花水湾镇,酒店,周末,108,87.8,81.3,1373,148284,美团,1343,23
2026-10-25,m1,花水湾巴登国际温泉度假酒店,花水湾镇,酒店,周末,108,87.8,81.3,1373,148284,去哪儿,1366,23
2026-10-25,m1,花水湾巴登国际温泉度假酒店,花水湾镇,酒店,周末,108,87.8,81.3,1373,148284,途家,1411,23
2026-10-26,m1,花水湾巴登国际温泉度假酒店,花水湾镇,酒店,工作日,95,77.2,73.7,1042,98990,美团,1029,33
2026-10-26,m1,花水湾巴登国际温泉度假酒店,花水湾镇,酒店,工作日,95,77.2,73.7,1042,98990,去哪儿,1022,32
2026-10-26,m1,花水湾巴登国际温泉度假酒店,花水湾镇,酒店,工作日,95,77.2,73.7,1042,98990,途家,1076,32
2026-10-27,m1,花水湾巴登国际温泉度假酒店,花水湾镇,酒店,工作日,90,73.2,71.3,1025,92250,美团,1010,36
2026-10-27,m1,花水湾巴登国际温泉度假酒店,花水湾镇,酒店,工作日,90,73.2,71.3,1025,92250,去哪儿,1015,35
2026-10-27,m1,花水湾巴登国际温泉度假酒店,花水湾镇,酒店,工作日,90,73.2,71.3,1025,92250,途家,1051,35
2026-10-28,m1,花水湾巴登国际温泉度假酒店,花水湾镇,酒店,工作日,86,69.9,67.5,1021,87806,美团,999,40
2026-10-28,m1,花水湾巴登国际温泉度假酒店,花水湾镇,酒店,工作日,86,69.9,67.5,1021,87806,去哪儿,1014,40
2026-10-28,m1,花水湾巴登国际温泉度假酒店,花水湾镇,酒店,工作日,86,69.9,67.5,1021,87806,途家,1051,40
2026-10-29,m1,花水湾巴登国际温泉度假酒店,花水湾镇,酒店,工作日,80,65.0,60.7,1018,81440,美团,991,49
2026-10-29,m1,花水湾巴登国际温泉度假酒店,花水湾镇,酒店,工作日,80,65.0,60.7,1018,81440,去哪儿,1011,48
2026-10-29,m1,花水湾巴登国际温泉度假酒店,花水湾镇,酒店,工作日,80,65.0,60.7,1018,81440,途家,1053,48
2026-10-30,m1,花水湾巴登国际温泉度假酒店,花水湾镇,酒店,工作日,78,63.4,59.9,1025,79950,美团,1007,50
2026-10-30,m1,花水湾巴登国际温泉度假酒店,花水湾镇,酒店,工作日,78,63.4,59.9,1025,79950,去哪儿,1002,49
2026-10-30,m1,花水湾巴登国际温泉度假酒店,花水湾镇,酒店,工作日,78,63.4,59.9,1025,79950,途家,1067,49
2026-10-31,m1,花水湾巴登国际温泉度假酒店,花水湾镇,酒店,周末,106,86.2,82.7,1383,146598,美团,1356,22
2026-10-31,m1,花水湾巴登国际温泉度假酒店,花水湾镇,酒店,周末,106,86.2,82.7,1383,146598,去哪儿,1373,21
2026-10-31,m1,花水湾巴登国际温泉度假酒店,花水湾镇,酒店,周末,106,86.2,82.7,1383,146598,途家,1420,21
2026-10-01,m2,花水湾半山温泉民宿,花水湾镇,温泉民宿,国庆,16,94.1,86.8,1303,20848,携程,1323,2
2026-10-01,m2,花水湾半山温泉民宿,花水湾镇,温泉民宿,国庆,16,94.1,86.8,1303,20848,美团,1288,3
2026-10-01,m2,花水湾半山温泉民宿,花水湾镇,温泉民宿,国庆,16,94.1,86.8,1303,20848,去哪儿,1301,2
2026-10-01,m2,花水湾半山温泉民宿,花水湾镇,温泉民宿,国庆,16,94.1,86.8,1303,20848,同程,1298,2
2026-10-02,m2,花水湾半山温泉民宿,花水湾镇,温泉民宿,国庆,15,88.2,80.9,1300,19500,携程,1322,4
2026-10-02,m2,花水湾半山温泉民宿,花水湾镇,温泉民宿,国庆,15,88.2,80.9,1300,19500,美团,1277,3
2026-10-02,m2,花水湾半山温泉民宿,花水湾镇,温泉民宿,国庆,15,88.2,80.9,1300,19500,去哪儿,1297,3
2026-10-02,m2,花水湾半山温泉民宿,花水湾镇,温泉民宿,国庆,15,88.2,80.9,1300,19500,同程,1303,3
2026-10-03,m2,花水湾半山温泉民宿,花水湾镇,温泉民宿,国庆,15,88.2,80.9,1309,19635,携程,1333,3
2026-10-03,m2,花水湾半山温泉民宿,花水湾镇,温泉民宿,国庆,15,88.2,80.9,1309,19635,美团,1285,4
2026-10-03,m2,花水湾半山温泉民宿,花水湾镇,温泉民宿,国庆,15,88.2,80.9,1309,19635,去哪儿,1305,3
2026-10-03,m2,花水湾半山温泉民宿,花水湾镇,温泉民宿,国庆,15,88.2,80.9,1309,19635,同程,1313,3
2026-10-04,m2,花水湾半山温泉民宿,花水湾镇,温泉民宿,国庆,17,100.0,92.6,1397,23749,携程,1418,1
2026-10-04,m2,花水湾半山温泉民宿,花水湾镇,温泉民宿,国庆,17,100.0,92.6,1397,23749,美团,1372,2
2026-10-04,m2,花水湾半山温泉民宿,花水湾镇,温泉民宿,国庆,17,100.0,92.6,1397,23749,去哪儿,1397,1
2026-10-04,m2,花水湾半山温泉民宿,花水湾镇,温泉民宿,国庆,17,100.0,92.6,1397,23749,同程,1399,1
2026-10-05,m2,花水湾半山温泉民宿,花水湾镇,温泉民宿,国庆,17,100.0,97.1,1315,22355,携程,1334,1
2026-10-05,m2,花水湾半山温泉民宿,花水湾镇,温泉民宿,国庆,17,100.0,97.1,1315,22355,美团,1304,0
2026-10-05,m2,花水湾半山温泉民宿,花水湾镇,温泉民宿,国庆,17,100.0,97.1,1315,22355,去哪儿,1307,0
2026-10-05,m2,花水湾半山温泉民宿,花水湾镇,温泉民宿,国庆,17,100.0,97.1,1315,22355,同程,1314,1
2026-10-06,m2,花水湾半山温泉民宿,花水湾镇,温泉民宿,国庆,16,94.1,85.3,1298,20768,携程,1322,3
2026-10-06,m2,花水湾半山温泉民宿,花水湾镇,温泉民宿,国庆,16,94.1,85.3,1298,20768,美团,1289,3
2026-10-06,m2,花水湾半山温泉民宿,花水湾镇,温泉民宿,国庆,16,94.1,85.3,1298,20768,去哪儿,1292,2
2026-10-06,m2,花水湾半山温泉民宿,花水湾镇,温泉民宿,国庆,16,94.1,85.3,1298,20768,同程,1290,2
2026-10-07,m2,花水湾半山温泉民宿,花水湾镇,温泉民宿,国庆,17,100.0,98.5,1318,22406,携程,1344,0
2026-10-07,m2,花水湾半山温泉民宿,花水湾镇,温泉民宿,国庆,17,100.0,98.5,1318,22406,美团,1293,1
2026-10-07,m2,花水湾半山温泉民宿,花水湾镇,温泉民宿,国庆,17,100.0,98.5,1318,22406,去哪儿,1315,0
2026-10-07,m2,花水湾半山温泉民宿,花水湾镇,温泉民宿,国庆,17,100.0,98.5,1318,22406,同程,1321,0
2026-10-08,m2,花水湾半山温泉民宿,花水湾镇,温泉民宿,国庆,14,82.4,76.5,1251,17514,携程,1278,4
2026-10-08,m2,花水湾半山温泉民宿,花水湾镇,温泉民宿,国庆,14,82.4,76.5,1251,17514,美团,1233,4
2026-10-08,m2,花水湾半山温泉民宿,花水湾镇,温泉民宿,国庆,14,82.4,76.5,1251,17514,去哪儿,1246,4
2026-10-08,m2,花水湾半山温泉民宿,花水湾镇,温泉民宿,国庆,14,82.4,76.5,1251,17514,同程,1246,4
2026-10-09,m2,花水湾半山温泉民宿,花水湾镇,温泉民宿,工作日,10,58.8,57.4,635,6350,携程,644,7
2026-10-09,m2,花水湾半山温泉民宿,花水湾镇,温泉民宿,工作日,10,58.8,57.4,635,6350,美团,630,8
2026-10-09,m2,花水湾半山温泉民宿,花水湾镇,温泉民宿,工作日,10,58.8,57.4,635,6350,去哪儿,632,7
2026-10-09,m2,花水湾半山温泉民宿,花水湾镇,温泉民宿,工作日,10,58.8,57.4,635,6350,同程,633,7
2026-10-10,m2,花水湾半山温泉民宿,花水湾镇,温泉民宿,周末,16,94.1,69.1,831,13296,携程,843,5
2026-10-10,m2,花水湾半山温泉民宿,花水湾镇,温泉民宿,周末,16,94.1,69.1,831,13296,美团,823,5
2026-10-10,m2,花水湾半山温泉民宿,花水湾镇,温泉民宿,周末,16,94.1,69.1,831,13296,去哪儿,835,5
2026-10-10,m2,花水湾半山温泉民宿,花水湾镇,温泉民宿,周末,16,94.1,69.1,831,13296,同程,823,6
2026-10-11,m2,花水湾半山温泉民宿,花水湾镇,温泉民宿,周末,15,88.2,88.2,865,12975,携程,876,2
2026-10-11,m2,花水湾半山温泉民宿,花水湾镇,温泉民宿,周末,15,88.2,88.2,865,12975,美团,847,2
2026-10-11,m2,花水湾半山温泉民宿,花水湾镇,温泉民宿,周末,15,88.2,88.2,865,12975,去哪儿,869,2
2026-10-11,m2,花水湾半山温泉民宿,花水湾镇,温泉民宿,周末,15,88.2,88.2,865,12975,同程,868,2
2026-10-12,m2,花水湾半山温泉民宿,花水湾镇,温泉民宿,工作日,13,76.5,69.1,624,8112,携程,636,5
2026-10-12,m2,花水湾半山温泉民宿,花水湾镇,温泉民宿,工作日,13,76.5,69.1,624,8112,美团,617,5
2026-10-12,m2,花水湾半山温泉民宿,花水湾镇,温泉民宿,工作日,13,76.5,69.1,624,8112,去哪儿,615,5
2026-10-12,m2,花水湾半山温泉民宿,花水湾镇,温泉民宿,工作日,13,76.5,69.1,624,8112,同程,626,6
2026-10-13,m2,花水湾半山温泉民宿,花水湾镇,温泉民宿,工作日,13,76.5,64.7,619,8047,携程,623,6
2026-10-13,m2,花水湾半山温泉民宿,花水湾镇,温泉民宿,工作日,13,76.5,64.7,619,8047,美团,616,6
2026-10-13,m2,花水湾半山温泉民宿,花水湾镇,温泉民宿,工作日,13,76.5,64.7,619,8047,去哪儿,617,6
2026-10-13,m2,花水湾半山温泉民宿,花水湾镇,温泉民宿,工作日,13,76.5,64.7,619,8047,同程,618,6
2026-10-14,m2,花水湾半山温泉民宿,花水湾镇,温泉民宿,工作日,12,70.6,67.6,619,7428,携程,627,5
2026-10-14,m2,花水湾半山温泉民宿,花水湾镇,温泉民宿,工作日,12,70.6,67.6,619,7428,美团,602,6
2026-10-14,m2,花水湾半山温泉民宿,花水湾镇,温泉民宿,工作日,12,70.6,67.6,619,7428,去哪儿,625,5
2026-10-14,m2,花水湾半山温泉民宿,花水湾镇,温泉民宿,工作日,12,70.6,67.6,619,7428,同程,620,6
2026-10-15,m2,花水湾半山温泉民宿,花水湾镇,温泉民宿,工作日,12,70.6,69.1,648,7776,携程,665,5
2026-10-15,m2,花水湾半山温泉民宿,花水湾镇,温泉民宿,工作日,12,70.6,69.1,648,7776,美团,636,5
2026-10-15,m2,花水湾半山温泉民宿,花水湾镇,温泉民宿,工作日,12,70.6,69.1,648,7776,去哪儿,645,5
2026-10-15,m2,花水湾半山温泉民宿,花水湾镇,温泉民宿,工作日,12,70.6,69.1,648,7776,同程,647,6
2026-10-16,m2,花水湾半山温泉民宿,花水湾镇,温泉民宿,工作日,12,70.6,70.6,618,7416,携程,635,5
2026-10-16,m2,花水湾半山温泉民宿,花水湾镇,温泉民宿,工作日,12,70.6,70.6,618,7416,美团,606,5
2026-10-16,m2,花水湾半山温泉民宿,花水湾镇,温泉民宿,工作日,12,70.6,70.6,618,7416,去哪儿,611,5
2026-10-16,m2,花水湾半山温泉民宿,花水湾镇,温泉民宿,工作日,12,70.6,70.6,618,7416,同程,618,5
2026-10-17,m2,花水湾半山温泉民宿,花水湾镇,温泉民宿,周末,14,82.4,69.1,806,11284,携程,822,5
2026-10-17,m2,花水湾半山温泉民宿,花水湾镇,温泉民宿,周末,14,82.4,69.1,806,11284,美团,791,5
2026-10-17,m2,花水湾半山温泉民宿,花水湾镇,温泉民宿,周末,14,82.4,69.1,806,11284,去哪儿,805,5
2026-10-17,m2,花水湾半山温泉民宿,花水湾镇,温泉民宿,周末,14,82.4,69.1,806,11284,同程,804,6
2026-10-18,m2,花水湾半山温泉民宿,花水湾镇,温泉民宿,周末,12,70.6,66.2,835,10020,携程,852,6
2026-10-18,m2,花水湾半山温泉民宿,花水湾镇,温泉民宿,周末,12,70.6,66.2,835,10020,美团,824,6
2026-10-18,m2,花水湾半山温泉民宿,花水湾镇,温泉民宿,周末,12,70.6,66.2,835,10020,去哪儿,830,5
2026-10-18,m2,花水湾半山温泉民宿,花水湾镇,温泉民宿,周末,12,70.6,66.2,835,10020,同程,834,6
2026-10-19,m2,花水湾半山温泉民宿,花水湾镇,温泉民宿,工作日,12,70.6,69.1,635,7620,携程,644,5
2026-10-19,m2,花水湾半山温泉民宿,花水湾镇,温泉民宿,工作日,12,70.6,69.1,635,7620,美团,627,6
2026-10-19,m2,花水湾半山温泉民宿,花水湾镇,温泉民宿,工作日,12,70.6,69.1,635,7620,去哪儿,635,5
2026-10-19,m2,花水湾半山温泉民宿,花水湾镇,温泉民宿,工作日,12,70.6,69.1,635,7620,同程,635,5
2026-10-20,m2,花水湾半山温泉民宿,花水湾镇,温泉民宿,工作日,10,58.8,58.8,607,6070,携程,614,7
2026-10-20,m2,花水湾半山温泉民宿,花水湾镇,温泉民宿,工作日,10,58.8,58.8,607,6070,美团,603,7
2026-10-20,m2,花水湾半山温泉民宿,花水湾镇,温泉民宿,工作日,10,58.8,58.8,607,6070,去哪儿,604,7
2026-10-20,m2,花水湾半山温泉民宿,花水湾镇,温泉民宿,工作日,10,58.8,58.8,607,6070,同程,605,7
2026-10-21,m2,花水湾半山温泉民宿,花水湾镇,温泉民宿,工作日,7,41.2,38.2,590,4130,携程,603,11
2026-10-21,m2,花水湾半山温泉民宿,花水湾镇,温泉民宿,工作日,7,41.2,38.2,590,4130,美团,583,10
2026-10-21,m2,花水湾半山温泉民宿,花水湾镇,温泉民宿,工作日,7,41.2,38.2,590,4130,去哪儿,586,10
2026-10-21,m2,花水湾半山温泉民宿,花水湾镇,温泉民宿,工作日,7,41.2,38.2,590,4130,同程,588,11
2026-10-22,m2,花水湾半山温泉民宿,花水湾镇,温泉民宿,工作日,11,64.7,61.8,618,6798,携程,627,7
2026-10-22,m2,花水湾半山温泉民宿,花水湾镇,温泉民宿,工作日,11,64.7,61.8,618,6798,美团,607,7
2026-10-22,m2,花水湾半山温泉民宿,花水湾镇,温泉民宿,工作日,11,64.7,61.8,618,6798,去哪儿,618,6
2026-10-22,m2,花水湾半山温泉民宿,花水湾镇,温泉民宿,工作日,11,64.7,61.8,618,6798,同程,620,6
2026-10-23,m2,花水湾半山温泉民宿,花水湾镇,温泉民宿,工作日,14,82.4,73.5,610,8540,携程,621,4
2026-10-23,m2,花水湾半山温泉民宿,花水湾镇,温泉民宿,工作日,14,82.4,73.5,610,8540,美团,599,5
2026-10-23,m2,花水湾半山温泉民宿,花水湾镇,温泉民宿,工作日,14,82.4,73.5,610,8540,去哪儿,607,4
2026-10-23,m2,花水湾半山温泉民宿,花水湾镇,温泉民宿,工作日,14,82.4,73.5,610,8540,同程,613,5
2026-10-24,m2,花水湾半山温泉民宿,花水湾镇,温泉民宿,周末,16,94.1,80.9,852,13632,携程,866,3
2026-10-24,m2,花水湾半山温泉民宿,花水湾镇,温泉民宿,周末,16,94.1,80.9,852,13632,美团,840,3
2026-10-24,m2,花水湾半山温泉民宿,花水湾镇,温泉民宿,周末,16,94.1,80.9,852,13632,去哪儿,850,3
2026-10-24,m2,花水湾半山温泉民宿,花水湾镇,温泉民宿,周末,16,94.1,80.9,852,13632,同程,853,4
2026-10-25,m2,花水湾半山温泉民宿,花水湾镇,温泉民宿,周末,15,88.2,85.3,805,12075,携程,828,2
2026-10-25,m2,花水湾半山温泉民宿,花水湾镇,温泉民宿,周末,15,88.2,85.3,805,12075,美团,789,3
2026-10-25,m2,花水湾半山温泉民宿,花水湾镇,温泉民宿,周末,15,88.2,85.3,805,12075,去哪儿,804,2
2026-10-25,m2,花水湾半山温泉民宿,花水湾镇,温泉民宿,周末,15,88.2,85.3,805,12075,同程,800,3
2026-10-26,m2,花水湾半山温泉民宿,花水湾镇,温泉民宿,工作日,12,70.6,69.1,620,7440,携程,629,5
2026-10-26,m2,花水湾半山温泉民宿,花水湾镇,温泉民宿,工作日,12,70.6,69.1,620,7440,美团,609,6
2026-10-26,m2,花水湾半山温泉民宿,花水湾镇,温泉民宿,工作日,12,70.6,69.1,620,7440,去哪儿,622,5
2026-10-26,m2,花水湾半山温泉民宿,花水湾镇,温泉民宿,工作日,12,70.6,69.1,620,7440,同程,619,5
2026-10-27,m2,花水湾半山温泉民宿,花水湾镇,温泉民宿,工作日,11,64.7,64.7,622,6842,携程,638,6
2026-10-27,m2,花水湾半山温泉民宿,花水湾镇,温泉民宿,工作日,11,64.7,64.7,622,6842,美团,609,6
2026-10-27,m2,花水湾半山温泉民宿,花水湾镇,温泉民宿,工作日,11,64.7,64.7,622,6842,去哪儿,620,6
2026-10-27,m2,花水湾半山温泉民宿,花水湾镇,温泉民宿,工作日,11,64.7,64.7,622,6842,同程,622,6
2026-10-28,m2,花水湾半山温泉民宿,花水湾镇,温泉民宿,工作日,10,58.8,51.5,606,6060,携程,621,8
2026-10-28,m2,花水湾半山温泉民宿,花水湾镇,温泉民宿,工作日,10,58.8,51.5,606,6060,美团,593,8
2026-10-28,m2,花水湾半山温泉民宿,花水湾镇,温泉民宿,工作日,10,58.8,51.5,606,6060,去哪儿,605,8
2026-10-28,m2,花水湾半山温泉民宿,花水湾镇,温泉民宿,工作日,10,58.8,51.5,606,6060,同程,604,9
2026-10-29,m2,花水湾半山温泉民宿,花水湾镇,温泉民宿,工作日,13,76.5,70.6,613,7969,携程,627,5
2026-10-29,m2,花水湾半山温泉民宿,花水湾镇,温泉民宿,工作日,13,76.5,70.6,613,7969,美团,606,5
2026-10-29,m2,花水湾半山温泉民宿,花水湾镇,温泉民宿,工作日,13,76.5,70.6,613,7969,去哪儿,611,5
2026-10-29,m2,花水湾半山温泉民宿,花水湾镇,温泉民宿,工作日,13,76.5,70.6,613,7969,同程,607,5
2026-10-30,m2,花水湾半山温泉民宿,花水湾镇,温泉民宿,工作日,14,82.4,77.9,642,8988,携程,655,4
2026-10-30,m2,花水湾半山温泉民宿,花水湾镇,温泉民宿,工作日,14,82.4,77.9,642,8988,美团,631,4
2026-10-30,m2,花水湾半山温泉民宿,花水湾镇,温泉民宿,工作日,14,82.4,77.9,642,8988,去哪儿,637,3
2026-10-30,m2,花水湾半山温泉民宿,花水湾镇,温泉民宿,工作日,14,82.4,77.9,642,8988,同程,645,4
2026-10-31,m2,花水湾半山温泉民宿,花水湾镇,温泉民宿,周末,13,76.5,75.0,825,10725,携程,841,4
2026-10-31,m2,花水湾半山温泉民宿,花水湾镇,温泉民宿,周末,13,76.5,75.0,825,10725,美团,816,5
2026-10-31,m2,花水湾半山温泉民宿,花水湾镇,温泉民宿,周末,13,76.5,75.0,825,10725,去哪儿,827,4
2026-10-31,m2,花水湾半山温泉民宿,花水湾镇,温泉民宿,周末,13,76.5,75.0,825,10725,同程,816,4
2026-10-01,m3,花水湾溪边客栈,花水湾镇,客栈,国庆,33,97.1,95.6,432,14256,携程,442,1
2026-10-01,m3,花水湾溪边客栈,花水湾镇,客栈,国庆,33,97.1,95.6,432,14256,美团,424,2
2026-10-01,m3,花水湾溪边客栈,花水湾镇,客栈,国庆,33,97.1,95.6,432,14256,飞猪,433,2
2026-10-01,m3,花水湾溪边客栈,花水湾镇,客栈,国庆,33,97.1,95.6,432,14256,去哪儿,429,1
2026-10-02,m3,花水湾溪边客栈,花水湾镇,客栈,国庆,31,91.2,81.6,419,12989,携程,425,6
2026-10-02,m3,花水湾溪边客栈,花水湾镇,客栈,国庆,31,91.2,81.6,419,12989,美团,409,7
2026-10-02,m3,花水湾溪边客栈,花水湾镇,客栈,国庆,31,91.2,81.6,419,12989,飞猪,420,6
2026-10-02,m3,花水湾溪边客栈,花水湾镇,客栈,国庆,31,91.2,81.6,419,12989,去哪儿,422,6
2026-10-03,m3,花水湾溪边客栈,花水湾镇,客栈,国庆,32,94.1,90.4,418,13376,携程,425,4
2026-10-03,m3,花水湾溪边客栈,花水湾镇,客栈,国庆,32,94.1,90.4,418,13376,美团,412,3
2026-10-03,m3,花水湾溪边客栈,花水湾镇,客栈,国庆,32,94.1,90.4,418,13376,飞猪,417,3
2026-10-03,m3,花水湾溪边客栈,花水湾镇,客栈,国庆,32,94.1,90.4,418,13376,去哪儿,416,3
2026-10-04,m3,花水湾溪边客栈,花水湾镇,客栈,国庆,33,97.1,87.5,426,14058,携程,431,4
2026-10-04,m3,花水湾溪边客栈,花水湾镇,客栈,国庆,33,97.1,87.5,426,14058,美团,424,5
2026-10-04,m3,花水湾溪边客栈,花水湾镇,客栈,国庆,33,97.1,87.5,426,14058,飞猪,424,4
2026-10-04,m3,花水湾溪边客栈,花水湾镇,客栈,国庆,33,97.1,87.5,426,14058,去哪儿,424,4
2026-10-05,m3,花水湾溪边客栈,花水湾镇,客栈,国庆,31,91.2,81.6,403,12493,携程,410,7
2026-10-05,m3,花水湾溪边客栈,花水湾镇,客栈,国庆,31,91.2,81.6,403,12493,美团,397,6
2026-10-05,m3,花水湾溪边客栈,花水湾镇,客栈,国庆,31,91.2,81.6,403,12493,飞猪,405,6
2026-10-05,m3,花水湾溪边客栈,花水湾镇,客栈,国庆,31,91.2,81.6,403,12493,去哪儿,399,6
2026-10-06,m3,花水湾溪边客栈,花水湾镇,客栈,国庆,34,100.0,99.3,419,14246,携程,422,0
2026-10-06,m3,花水湾溪边客栈,花水湾镇,客栈,国庆,34,100.0,99.3,419,14246,美团,411,1
2026-10-06,m3,花水湾溪边客栈,花水湾镇,客栈,国庆,34,100.0,99.3,419,14246,飞猪,425,0
2026-10-06,m3,花水湾溪边客栈,花水湾镇,客栈,国庆,34,100.0,99.3,419,14246,去哪儿,418,0
2026-10-07,m3,花水湾溪边客栈,花水湾镇,客栈,国庆,32,94.1,87.5,421,13472,携程,427,4
2026-10-07,m3,花水湾溪边客栈,花水湾镇,客栈,国庆,32,94.1,87.5,421,13472,美团,415,5
2026-10-07,m3,花水湾溪边客栈,花水湾镇,客栈,国庆,32,94.1,87.5,421,13472,飞猪,420,4
2026-10-07,m3,花水湾溪边客栈,花水湾镇,客栈,国庆,32,94.1,87.5,421,13472,去哪儿,423,4
2026-10-08,m3,花水湾溪边客栈,花水湾镇,客栈,国庆,32,94.1,84.6,417,13344,携程,419,5
2026-10-08,m3,花水湾溪边客栈,花水湾镇,客栈,国庆,32,94.1,84.6,417,13344,美团,411,6
2026-10-08,m3,花水湾溪边客栈,花水湾镇,客栈,国庆,32,94.1,84.6,417,13344,飞猪,419,5
2026-10-08,m3,花水湾溪边客栈,花水湾镇,客栈,国庆,32,94.1,84.6,417,13344,去哪儿,417,5
2026-10-09,m3,花水湾溪边客栈,花水湾镇,客栈,工作日,16,47.1,43.4,190,3040,携程,192,19
2026-10-09,m3,花水湾溪边客栈,花水湾镇,客栈,工作日,16,47.1,43.4,190,3040,美团,188,19
2026-10-09,m3,花水湾溪边客栈,花水湾镇,客栈,工作日,16,47.1,43.4,190,3040,飞猪,191,20
2026-10-09,m3,花水湾溪边客栈,花水湾镇,客栈,工作日,16,47.1,43.4,190,3040,去哪儿,190,19
2026-10-10,m3,花水湾溪边客栈,花水湾镇,客栈,周末,30,88.2,77.9,269,8070,携程,274,8
2026-10-10,m3,花水湾溪边客栈,花水湾镇,客栈,周末,30,88.2,77.9,269,8070,美团,264,7
2026-10-10,m3,花水湾溪边客栈,花水湾镇,客栈,周末,30,88.2,77.9,269,8070,飞猪,270,8
2026-10-10,m3,花水湾溪边客栈,花水湾镇,客栈,周末,30,88.2,77.9,269,8070,去哪儿,268,7
2026-10-11,m3,花水湾溪边客栈,花水湾镇,客栈,周末,33,97.1,95.6,277,9141,携程,281,1
2026-10-11,m3,花水湾溪边客栈,花水湾镇,客栈,周末,33,97.1,95.6,277,9141,美团,275,2
2026-10-11,m3,花水湾溪边客栈,花水湾镇,客栈,周末,33,97.1,95.6,277,9141,飞猪,278,2
2026-10-11,m3,花水湾溪边客栈,花水湾镇,客栈,周末,33,97.1,95.6,277,9141,去哪儿,275,1
2026-10-12,m3,花水湾溪边客栈,花水湾镇,客栈,工作日,23,67.6,64.0,200,4600,携程,204,12
2026-10-12,m3,花水湾溪边客栈,花水湾镇,客栈,工作日,23,67.6,64.0,200,4600,美团,197,13
2026-10-12,m3,花水湾溪边客栈,花水湾镇,客栈,工作日,23,67.6,64.0,200,4600,飞猪,200,12
2026-10-12,m3,花水湾溪边客栈,花水湾镇,客栈,工作日,23,67.6,64.0,200,4600,去哪儿,200,12
2026-10-13,m3,花水湾溪边客栈,花水湾镇,客栈,工作日,17,50.0,49.3,191,3247,携程,195,17
2026-10-13,m3,花水湾溪边客栈,花水湾镇,客栈,工作日,17,50.0,49.3,191,3247,美团,189,17
2026-10-13,m3,花水湾溪边客栈,花水湾镇,客栈,工作日,17,50.0,49.3,191,3247,飞猪,191,18
2026-10-13,m3,花水湾溪边客栈,花水湾镇,客栈,工作日,17,50.0,49.3,191,3247,去哪儿,190,17
2026-10-14,m3,花水湾溪边客栈,花水湾镇,客栈,工作日,24,70.6,66.2,206,4944,携程,209,12
2026-10-14,m3,花水湾溪边客栈,花水湾镇,客栈,工作日,24,70.6,66.2,206,4944,美团,203,12
2026-10-14,m3,花水湾溪边客栈,花水湾镇,客栈,工作日,24,70.6,66.2,206,4944,飞猪,207,11
2026-10-14,m3,花水湾溪边客栈,花水湾镇,客栈,工作日,24,70.6,66.2,206,4944,去哪儿,206,11
2026-10-15,m3,花水湾溪边客栈,花水湾镇,客栈,工作日,24,70.6,70.6,199,4776,携程,203,10
2026-10-15,m3,花水湾溪边客栈,花水湾镇,客栈,工作日,24,70.6,70.6,199,4776,美团,196,10
2026-10-15,m3,花水湾溪边客栈,花水湾镇,客栈,工作日,24,70.6,70.6,199,4776,飞猪,199,10
2026-10-15,m3,花水湾溪边客栈,花水湾镇,客栈,工作日,24,70.6,70.6,199,4776,去哪儿,197,10
2026-10-16,m3,花水湾溪边客栈,花水湾镇,客栈,工作日,18,52.9,47.8,195,3510,携程,198,18
2026-10-16,m3,花水湾溪边客栈,花水湾镇,客栈,工作日,18,52.9,47.8,195,3510,美团,192,18
2026-10-16,m3,花水湾溪边客栈,花水湾镇,客栈,工作日,18,52.9,47.8,195,3510,飞猪,195,18
2026-10-16,m3,花水湾溪边客栈,花水湾镇,客栈,工作日,18,52.9,47.8,195,3510,去哪儿,195,17
2026-10-17,m3,花水湾溪边客栈,花水湾镇,客栈,周末,29,85.3,77.9,261,7569,携程,266,8
2026-10-17,m3,花水湾溪边客栈,花水湾镇,客栈,周末,29,85.3,77.9,261,7569,美团,257,7
2026-10-17,m3,花水湾溪边客栈,花水湾镇,客栈,周末,29,85.3,77.9,261,7569,飞猪,262,8
2026-10-17,m3,花水湾溪边客栈,花水湾镇,客栈,周末,29,85.3,77.9,261,7569,去哪儿,259,7
2026-10-18,m3,花水湾溪边客栈,花水湾镇,客栈,周末,31,91.2,80.9,271,8401,携程,273,6
2026-10-18,m3,花水湾溪边客栈,花水湾镇,客栈,周末,31,91.2,80.9,271,8401,美团,267,7
2026-10-18,m3,花水湾溪边客栈,花水湾镇,客栈,周末,31,91.2,80.9,271,8401,飞猪,273,7
2026-10-18,m3,花水湾溪边客栈,花水湾镇,客栈,周末,31,91.2,80.9,271,8401,去哪儿,272,6
2026-10-19,m3,花水湾溪边客栈,花水湾镇,客栈,工作日,16,47.1,36.8,187,2992,携程,191,21
2026-10-19,m3,花水湾溪边客栈,花水湾镇,客栈,工作日,16,47.1,36.8,187,2992,美团,184,22
2026-10-19,m3,花水湾溪边客栈,花水湾镇,客栈,工作日,16,47.1,36.8,187,2992,飞猪,187,22
2026-10-19,m3,花水湾溪边客栈,花水湾镇,客栈,工作日,16,47.1,36.8,187,2992,去哪儿,187,21
2026-10-20,m3,花水湾溪边客栈,花水湾镇,客栈,工作日,15,44.1,42.6,195,2925,携程,197,20
2026-10-20,m3,花水湾溪边客栈,花水湾镇,客栈,工作日,15,44.1,42.6,195,2925,美团,191,19
2026-10-20,m3,花水湾溪边客栈,花水湾镇,客栈,工作日,15,44.1,42.6,195,2925,飞猪,197,20
2026-10-20,m3,花水湾溪边客栈,花水湾镇,客栈,工作日,15,44.1,42.6,195,2925,去哪儿,194,19
2026-10-21,m3,花水湾溪边客栈,花水湾镇,客栈,工作日,21,61.8,58.1,203,4263,携程,204,14
2026-10-21,m3,花水湾溪边客栈,花水湾镇,客栈,工作日,21,61.8,58.1,203,4263,美团,201,15
2026-10-21,m3,花水湾溪边客栈,花水湾镇,客栈,工作日,21,61.8,58.1,203,4263,飞猪,204,14
2026-10-21,m3,花水湾溪边客栈,花水湾镇,客栈,工作日,21,61.8,58.1,203,4263,去哪儿,203,14
2026-10-22,m3,花水湾溪边客栈,花水湾镇,客栈,工作日,22,64.7,61.0,203,4466,携程,206,14
2026-10-22,m3,花水湾溪边客栈,花水湾镇,客栈,工作日,22,64.7,61.0,203,4466,美团,199,13
2026-10-22,m3,花水湾溪边客栈,花水湾镇,客栈,工作日,22,64.7,61.0,203,4466,飞猪,204,13
2026-10-22,m3,花水湾溪边客栈,花水湾镇,客栈,工作日,22,64.7,61.0,203,4466,去哪儿,202,13
2026-10-23,m3,花水湾溪边客栈,花水湾镇,客栈,工作日,23,67.6,67.6,199,4577,携程,204,11
2026-10-23,m3,花水湾溪边客栈,花水湾镇,客栈,工作日,23,67.6,67.6,199,4577,美团,197,11
2026-10-23,m3,花水湾溪边客栈,花水湾镇,客栈,工作日,23,67.6,67.6,199,4577,飞猪,199,11
2026-10-23,m3,花水湾溪边客栈,花水湾镇,客栈,工作日,23,67.6,67.6,199,4577,去哪儿,197,11
2026-10-24,m3,花水湾溪边客栈,花水湾镇,客栈,周末,33,97.1,90.4,268,8844,携程,271,3
2026-10-24,m3,花水湾溪边客栈,花水湾镇,客栈,周末,33,97.1,90.4,268,8844,美团,262,3
2026-10-24,m3,花水湾溪边客栈,花水湾镇,客栈,周末,33,97.1,90.4,268,8844,飞猪,272,4
2026-10-24,m3,花水湾溪边客栈,花水湾镇,客栈,周末,33,97.1,90.4,268,8844,去哪儿,267,3
2026-10-25,m3,花水湾溪边客栈,花水湾镇,客栈,周末,32,94.1,93.4,282,9024,携程,285,2
2026-10-25,m3,花水湾溪边客栈,花水湾镇,客栈,周末,32,94.1,93.4,282,9024,美团,279,3
2026-10-25,m3,花水湾溪边客栈,花水湾镇,客栈,周末,32,94.1,93.4,282,9024,飞猪,282,2
2026-10-25,m3,花水湾溪边客栈,花水湾镇,客栈,周末,32,94.1,93.4,282,9024,去哪儿,283,2
2026-10-26,m3,花水湾溪边客栈,花水湾镇,客栈,工作日,17,50.0,46.3,193,3281,携程,195,18
2026-10-26,m3,花水湾溪边客栈,花水湾镇,客栈,工作日,17,50.0,46.3,193,3281,美团,188,19
2026-10-26,m3,花水湾溪边客栈,花水湾镇,客栈,工作日,17,50.0,46.3,193,3281,飞猪,194,18
2026-10-26,m3,花水湾溪边客栈,花水湾镇,客栈,工作日,17,50.0,46.3,193,3281,去哪儿,193,18
2026-10-27,m3,花水湾溪边客栈,花水湾镇,客栈,工作日,17,50.0,46.3,194,3298,携程,196,19
2026-10-27,m3,花水湾溪边客栈,花水湾镇,客栈,工作日,17,50.0,46.3,194,3298,美团,192,18
2026-10-27,m3,花水湾溪边客栈,花水湾镇,客栈,工作日,17,50.0,46.3,194,3298,飞猪,194,18
2026-10-27,m3,花水湾溪边客栈,花水湾镇,客栈,工作日,17,50.0,46.3,194,3298,去哪儿,195,18
2026-10-28,m3,花水湾溪边客栈,花水湾镇,客栈,工作日,21,61.8,61.0,199,4179,携程,203,14
2026-10-28,m3,花水湾溪边客栈,花水湾镇,客栈,工作日,21,61.8,61.0,199,4179,美团,196,13
2026-10-28,m3,花水湾溪边客栈,花水湾镇,客栈,工作日,21,61.8,61.0,199,4179,飞猪,199,13
2026-10-28,m3,花水湾溪边客栈,花水湾镇,客栈,工作日,21,61.8,61.0,199,4179,去哪儿,197,13
2026-10-29,m3,花水湾溪边客栈,花水湾镇,客栈,工作日,23,67.6,64.7,205,4715,携程,207,12
2026-10-29,m3,花水湾溪边客栈,花水湾镇,客栈,工作日,23,67.6,64.7,205,4715,美团,203,12
2026-10-29,m3,花水湾溪边客栈,花水湾镇,客栈,工作日,23,67.6,64.7,205,4715,飞猪,204,12
2026-10-29,m3,花水湾溪边客栈,花水湾镇,客栈,工作日,23,67.6,64.7,205,4715,去哪儿,205,12
2026-10-30,m3,花水湾溪边客栈,花水湾镇,客栈,工作日,19,55.9,55.1,200,3800,携程,204,15
2026-10-30,m3,花水湾溪边客栈,花水湾镇,客栈,工作日,19,55.9,55.1,200,3800,美团,197,16
2026-10-30,m3,花水湾溪边客栈,花水湾镇,客栈,工作日,19,55.9,55.1,200,3800,飞猪,199,15
2026-10-30,m3,花水湾溪边客栈,花水湾镇,客栈,工作日,19,55.9,55.1,200,3800,去哪儿,199,15
2026-10-31,m3,花水湾溪边客栈,花水湾镇,客栈,周末,33,97.1,94.1,271,8943,携程,275,2
2026-10-31,m3,花水湾溪边客栈,花水湾镇,客栈,周末,33,97.1,94.1,271,8943,美团,266,2
2026-10-31,m3,花水湾溪边客栈,花水湾镇,客栈,周末,33,97.1,94.1,271,8943,飞猪,272,2
2026-10-31,m3,花水湾溪边客栈,花水湾镇,客栈,周末,33,97.1,94.1,271,8943,去哪儿,270,2
2026-10-01,m4,花水湾雅舍温泉民宿,花水湾镇,温泉民宿,国庆,18,94.7,82.5,818,14724,美团,803,4
2026-10-01,m4,花水湾雅舍温泉民宿,花水湾镇,温泉民宿,国庆,18,94.7,82.5,818,14724,飞猪,833,3
2026-10-01,m4,花水湾雅舍温泉民宿,花水湾镇,温泉民宿,国庆,18,94.7,82.5,818,14724,去哪儿,818,3
2026-10-02,m4,花水湾雅舍温泉民宿,花水湾镇,温泉民宿,国庆,18,94.7,87.7,814,14652,美团,806,3
2026-10-02,m4,花水湾雅舍温泉民宿,花水湾镇,温泉民宿,国庆,18,94.7,87.7,814,14652,飞猪,822,2
2026-10-02,m4,花水湾雅舍温泉民宿,花水湾镇,温泉民宿,国庆,18,94.7,87.7,814,14652,去哪儿,814,2
2026-10-03,m4,花水湾雅舍温泉民宿,花水湾镇,温泉民宿,国庆,17,89.5,78.9,797,13549,美团,788,4
2026-10-03,m4,花水湾雅舍温泉民宿,花水湾镇,温泉民宿,国庆,17,89.5,78.9,797,13549,飞猪,808,4
2026-10-03,m4,花水湾雅舍温泉民宿,花水湾镇,温泉民宿,国庆,17,89.5,78.9,797,13549,去哪儿,796,4
2026-10-04,m4,花水湾雅舍温泉民宿,花水湾镇,温泉民宿,国庆,18,94.7,89.5,785,14130,美团,776,2
2026-10-04,m4,花水湾雅舍温泉民宿,花水湾镇,温泉民宿,国庆,18,94.7,89.5,785,14130,飞猪,797,2
2026-10-04,m4,花水湾雅舍温泉民宿,花水湾镇,温泉民宿,国庆,18,94.7,89.5,785,14130,去哪儿,781,2
2026-10-05,m4,花水湾雅舍温泉民宿,花水湾镇,温泉民宿,国庆,19,100.0,87.7,835,15865,美团,828,3
2026-10-05,m4,花水湾雅舍温泉民宿,花水湾镇,温泉民宿,国庆,19,100.0,87.7,835,15865,飞猪,836,2
2026-10-05,m4,花水湾雅舍温泉民宿,花水湾镇,温泉民宿,国庆,19,100.0,87.7,835,15865,去哪儿,840,2
2026-10-06,m4,花水湾雅舍温泉民宿,花水湾镇,温泉民宿,国庆,17,89.5,84.2,797,13549,美团,788,3
2026-10-06,m4,花水湾雅舍温泉民宿,花水湾镇,温泉民宿,国庆,17,89.5,84.2,797,13549,飞猪,800,3
2026-10-06,m4,花水湾雅舍温泉民宿,花水湾镇,温泉民宿,国庆,17,89.5,84.2,797,13549,去哪儿,804,3
2026-10-07,m4,花水湾雅舍温泉民宿,花水湾镇,温泉民宿,国庆,19,100.0,93.0,851,16169,美团,844,1
2026-10-07,m4,花水湾雅舍温泉民宿,花水湾镇,温泉民宿,国庆,19,100.0,93.0,851,16169,飞猪,858,2
2026-10-07,m4,花水湾雅舍温泉民宿,花水湾镇,温泉民宿,国庆,19,100.0,93.0,851,16169,去哪儿,851,1
2026-10-08,m4,花水湾雅舍温泉民宿,花水湾镇,温泉民宿,国庆,19,100.0,89.5,834,15846,美团,824,2
2026-10-08,m4,花水湾雅舍温泉民宿,花水湾镇,温泉民宿,国庆,19,100.0,89.5,834,15846,飞猪,847,2
2026-10-08,m4,花水湾雅舍温泉民宿,花水湾镇,温泉民宿,国庆,19,100.0,89.5,834,15846,去哪儿,830,2
2026-10-09,m4,花水湾雅舍温泉民宿,花水湾镇,温泉民宿,工作日,12,63.2,63.2,391,4692,美团,388,7
2026-10-09,m4,花水湾雅舍温泉民宿,花水湾镇,温泉民宿,工作日,12,63.2,63.2,391,4692,飞猪,393,7
2026-10-09,m4,花水湾雅舍温泉民宿,花水湾镇,温泉民宿,工作日,12,63.2,63.2,391,4692,去哪儿,391,7
2026-10-10,m4,花水湾雅舍温泉民宿,花水湾镇,温泉民宿,周末,18,94.7,87.7,527,9486,美团,523,3
2026-10-10,m4,花水湾雅舍温泉民宿,花水湾镇,温泉民宿,周末,18,94.7,87.7,527,9486,飞猪,536,2
2026-10-10,m4,花水湾雅舍温泉民宿,花水湾镇,温泉民宿,周末,18,94.7,87.7,527,9486,去哪儿,523,2
2026-10-11,m4,花水湾雅舍温泉民宿,花水湾镇,温泉民宿,周末,19,100.0,89.5,510,9690,美团,507,2
2026-10-11,m4,花水湾雅舍温泉民宿,花水湾镇,温泉民宿,周末,19,100.0,89.5,510,9690,飞猪,512,2
2026-10-11,m4,花水湾雅舍温泉民宿,花水湾镇,温泉民宿,周末,19,100.0,89.5,510,9690,去哪儿,510,2
2026-10-12,m4,花水湾雅舍温泉民宿,花水湾镇,温泉民宿,工作日,12,63.2,56.1,375,4500,美团,372,9
2026-10-12,m4,花水湾雅舍温泉民宿,花水湾镇,温泉民宿,工作日,12,63.2,56.1,375,4500,飞猪,381,8
2026-10-12,m4,花水湾雅舍温泉民宿,花水湾镇,温泉民宿,工作日,12,63.2,56.1,375,4500,去哪儿,373,8
2026-10-13,m4,花水湾雅舍温泉民宿,花水湾镇,温泉民宿,工作日,11,57.9,57.9,371,4081,美团,367,8
2026-10-13,m4,花水湾雅舍温泉民宿,花水湾镇,温泉民宿,工作日,11,57.9,57.9,371,4081,飞猪,377,8
2026-10-13,m4,花水湾雅舍温泉民宿,花水湾镇,温泉民宿,工作日,11,57.9,57.9,371,4081,去哪儿,370,8
2026-10-14,m4,花水湾雅舍温泉民宿,花水湾镇,温泉民宿,工作日,15,78.9,71.9,389,5835,美团,388,6
2026-10-14,m4,花水湾雅舍温泉民宿,花水湾镇,温泉民宿,工作日,15,78.9,71.9,389,5835,飞猪,392,5
2026-10-14,m4,花水湾雅舍温泉民宿,花水湾镇,温泉民宿,工作日,15,78.9,71.9,389,5835,去哪儿,388,5
2026-10-15,m4,花水湾雅舍温泉民宿,花水湾镇,温泉民宿,工作日,11,57.9,56.1,385,4235,美团,382,9
2026-10-15,m4,花水湾雅舍温泉民宿,花水湾镇,温泉民宿,工作日,11,57.9,56.1,385,4235,飞猪,390,8
2026-10-15,m4,花水湾雅舍温泉民宿,花水湾镇,温泉民宿,工作日,11,57.9,56.1,385,4235,去哪儿,384,8
2026-10-16,m4,花水湾雅舍温泉民宿,花水湾镇,温泉民宿,工作日,11,57.9,50.9,367,4037,美团,360,9
2026-10-16,m4,花水湾雅舍温泉民宿,花水湾镇,温泉民宿,工作日,11,57.9,50.9,367,4037,飞猪,372,10
2026-10-16,m4,花水湾雅舍温泉民宿,花水湾镇,温泉民宿,工作日,11,57.9,50.9,367,4037,去哪儿,370,9
2026-10-17,m4,花水湾雅舍温泉民宿,花水湾镇,温泉民宿,周末,19,100.0,82.5,537,10203,美团,531,4
2026-10-17,m4,花水湾雅舍温泉民宿,花水湾镇,温泉民宿,周末,19,100.0,82.5,537,10203,飞猪,542,3
2026-10-17,m4,花水湾雅舍温泉民宿,花水湾镇,温泉民宿,周末,19,100.0,82.5,537,10203,去哪儿,537,3
2026-10-18,m4,花水湾雅舍温泉民宿,花水湾镇,温泉民宿,周末,19,100.0,100.0,544,10336,美团,538,0
2026-10-18,m4,花水湾雅舍温泉民宿,花水湾镇,温泉民宿,周末,19,100.0,100.0,544,10336,飞猪,552,0
2026-10-18,m4,花水湾雅舍温泉民宿,花水湾镇,温泉民宿,周末,19,100.0,100.0,544,10336,去哪儿,543,0
2026-10-19,m4,花水湾雅舍温泉民宿,花水湾镇,温泉民宿,工作日,9,47.4,40.4,376,3384,美团,370,12
2026-10-19,m4,花水湾雅舍温泉民宿,花水湾镇,温泉民宿,工作日,9,47.4,40.4,376,3384,飞猪,380,11
2026-10-19,m4,花水湾雅舍温泉民宿,花水湾镇,温泉民宿,工作日,9,47.4,40.4,376,3384,去哪儿,377,11
2026-10-20,m4,花水湾雅舍温泉民宿,花水湾镇,温泉民宿,工作日,15,78.9,77.2,397,5955,美团,392,5
2026-10-20,m4,花水湾雅舍温泉民宿,花水湾镇,温泉民宿,工作日,15,78.9,77.2,397,5955,飞猪,403,4
2026-10-20,m4,花水湾雅舍温泉民宿,花水湾镇,温泉民宿,工作日,15,78.9,77.2,397,5955,去哪儿,395,4
2026-10-21,m4,花水湾雅舍温泉民宿,花水湾镇,温泉民宿,工作日,12,63.2,63.2,382,4584,美团,378,7
2026-10-21,m4,花水湾雅舍温泉民宿,花水湾镇,温泉民宿,工作日,12,63.2,63.2,382,4584,飞猪,382,7
2026-10-21,m4,花水湾雅舍温泉民宿,花水湾镇,温泉民宿,工作日,12,63.2,63.2,382,4584,去哪儿,385,7
2026-10-22,m4,花水湾雅舍温泉民宿,花水湾镇,温泉民宿,工作日,11,57.9,56.1,391,4301,美团,387,9
2026-10-22,m4,花水湾雅舍温泉民宿,花水湾镇,温泉民宿,工作日,11,57.9,56.1,391,4301,飞猪,392,8
2026-10-22,m4,花水湾雅舍温泉民宿,花水湾镇,温泉民宿,工作日,11,57.9,56.1,391,4301,去哪儿,393,8
2026-10-23,m4,花水湾雅舍温泉民宿,花水湾镇,温泉民宿,工作日,10,52.6,45.6,371,3710,美团,366,11
2026-10-23,m4,花水湾雅舍温泉民宿,花水湾镇,温泉民宿,工作日,10,52.6,45.6,371,3710,飞猪,377,10
2026-10-23,m4,花水湾雅舍温泉民宿,花水湾镇,温泉民宿,工作日,10,52.6,45.6,371,3710,去哪儿,371,10
2026-10-24,m4,花水湾雅舍温泉民宿,花水湾镇,温泉民宿,周末,19,100.0,93.0,531,10089,美团,526,2
2026-10-24,m4,花水湾雅舍温泉民宿,花水湾镇,温泉民宿,周末,19,100.0,93.0,531,10089,飞猪,537,1
2026-10-24,m4,花水湾雅舍温泉民宿,花水湾镇,温泉民宿,周末,19,100.0,93.0,531,10089,去哪儿,530,1
2026-10-25,m4,花水湾雅舍温泉民宿,花水湾镇,温泉民宿,周末,18,94.7,93.0,562,10116,美团,553,2
2026-10-25,m4,花水湾雅舍温泉民宿,花水湾镇,温泉民宿,周末,18,94.7,93.0,562,10116,飞猪,571,1
2026-10-25,m4,花水湾雅舍温泉民宿,花水湾镇,温泉民宿,周末,18,94.7,93.0,562,10116,去哪儿,562,1
2026-10-26,m4,花水湾雅舍温泉民宿,花水湾镇,温泉民宿,工作日,13,68.4,66.7,398,5174,美团,393,7
2026-10-26,m4,花水湾雅舍温泉民宿,花水湾镇,温泉民宿,工作日,13,68.4,66.7,398,5174,飞猪,401,6
2026-10-26,m4,花水湾雅舍温泉民宿,花水湾镇,温泉民宿,工作日,13,68.4,66.7,398,5174,去哪儿,400,6
2026-10-27,m4,花水湾雅舍温泉民宿,花水湾镇,温泉民宿,工作日,10,52.6,49.1,380,3800,美团,376,10
2026-10-27,m4,花水湾雅舍温泉民宿,花水湾镇,温泉民宿,工作日,10,52.6,49.1,380,3800,飞猪,384,10
2026-10-27,m4,花水湾雅舍温泉民宿,花水湾镇,温泉民宿,工作日,10,52.6,49.1,380,3800,去哪儿,379,9
2026-10-28,m4,花水湾雅舍温泉民宿,花水湾镇,温泉民宿,工作日,9,47.4,40.4,377,3393,美团,373,12
2026-10-28,m4,花水湾雅舍温泉民宿,花水湾镇,温泉民宿,工作日,9,47.4,40.4,377,3393,飞猪,382,11
2026-10-28,m4,花水湾雅舍温泉民宿,花水湾镇,温泉民宿,工作日,9,47.4,40.4,377,3393,去哪儿,377,11
2026-10-29,m4,花水湾雅舍温泉民宿,花水湾镇,温泉民宿,工作日,9,47.4,45.6,380,3420,美团,374,11
2026-10-29,m4,花水湾雅舍温泉民宿,花水湾镇,温泉民宿,工作日,9,47.4,45.6,380,3420,飞猪,385,10
2026-10-29,m4,花水湾雅舍温泉民宿,花水湾镇,温泉民宿,工作日,9,47.4,45.6,380,3420,去哪儿,380,10
2026-10-30,m4,花水湾雅舍温泉民宿,花水湾镇,温泉民宿,工作日,17,89.5,77.2,405,6885,美团,398,5
2026-10-30,m4,花水湾雅舍温泉民宿,花水湾镇,温泉民宿,工作日,17,89.5,77.2,405,6885,飞猪,411,4
2026-10-30,m4,花水湾雅舍温泉民宿,花水湾镇,温泉民宿,工作日,17,89.5,77.2,405,6885,去哪儿,405,4
2026-10-31,m4,花水湾雅舍温泉民宿,花水湾镇,温泉民宿,周末,17,89.5,80.7,506,8602,美团,501,4
2026-10-31,m4,花水湾雅舍温泉民宿,花水湾镇,温泉民宿,周末,17,89.5,80.7,506,8602,飞猪,509,4
2026-10-31,m4,花水湾雅舍温泉民宿,花水湾镇,温泉民宿,周末,17,89.5,80.7,506,8602,去哪儿,507,3
2026-10-01,m5,花水湾圣索亚温泉大酒店,花水湾镇,酒店,国庆,144,91.7,83.8,2210,318240,携程,2248,25
2026-10-01,m5,花水湾圣索亚温泉大酒店,花水湾镇,酒店,国庆,144,91.7,83.8,2210,318240,美团,2185,26
2026-10-01,m5,花水湾圣索亚温泉大酒店,花水湾镇,酒店,国庆,144,91.7,83.8,2210,318240,飞猪,2222,25
2026-10-01,m5,花水湾圣索亚温泉大酒店,花水湾镇,酒店,国庆,144,91.7,83.8,2210,318240,去哪儿,2191,25
2026-10-01,m5,花水湾圣索亚温泉大酒店,花水湾镇,酒店,国庆,144,91.7,83.8,2210,318240,同程,2206,26
2026-10-02,m5,花水湾圣索亚温泉大酒店,花水湾镇,酒店,国庆,146,93.0,88.2,2253,328938,携程,2296,19
2026-10-02,m5,花水湾圣索亚温泉大酒店,花水湾镇,酒店,国庆,146,93.0,88.2,2253,328938,美团,2225,18
2026-10-02,m5,花水湾圣索亚温泉大酒店,花水湾镇,酒店,国庆,146,93.0,88.2,2253,328938,飞猪,2264,19
2026-10-02,m5,花水湾圣索亚温泉大酒店,花水湾镇,酒店,国庆,146,93.0,88.2,2253,328938,去哪儿,2244,18
2026-10-02,m5,花水湾圣索亚温泉大酒店,花水湾镇,酒店,国庆,146,93.0,88.2,2253,328938,同程,2236,19
2026-10-03,m5,花水湾圣索亚温泉大酒店,花水湾镇,酒店,国庆,148,94.3,89.0,2244,332112,携程,2269,17
2026-10-03,m5,花水湾圣索亚温泉大酒店,花水湾镇,酒店,国庆,148,94.3,89.0,2244,332112,美团,2218,17
2026-10-03,m5,花水湾圣索亚温泉大酒店,花水湾镇,酒店,国庆,148,94.3,89.0,2244,332112,飞猪,2270,17
2026-10-03,m5,花水湾圣索亚温泉大酒店,花水湾镇,酒店,国庆,148,94.3,89.0,2244,332112,去哪儿,2224,17
2026-10-03,m5,花水湾圣索亚温泉大酒店,花水湾镇,酒店,国庆,148,94.3,89.0,2244,332112,同程,2239,18
2026-10-04,m5,花水湾圣索亚温泉大酒店,花水湾镇,酒店,国庆,146,93.0,85.1,2242,327332,携程,2287,23
2026-10-04,m5,花水湾圣索亚温泉大酒店,花水湾镇,酒店,国庆,146,93.0,85.1,2242,327332,美团,2198,23
2026-10-04,m5,花水湾圣索亚温泉大酒店,花水湾镇,酒店,国庆,146,93.0,85.1,2242,327332,飞猪,2268,24
2026-10-04,m5,花水湾圣索亚温泉大酒店,花水湾镇,酒店,国庆,146,93.0,85.1,2242,327332,去哪儿,2223,23
2026-10-04,m5,花水湾圣索亚温泉大酒店,花水湾镇,酒店,国庆,146,93.0,85.1,2242,327332,同程,2235,24
2026-10-05,m5,花水湾圣索亚温泉大酒店,花水湾镇,酒店,国庆,149,94.9,88.9,2215,330035,携程,2258,17
2026-10-05,m5,花水湾圣索亚温泉大酒店,花水湾镇,酒店,国庆,149,94.9,88.9,2215,330035,美团,2182,17
2026-10-05,m5,花水湾圣索亚温泉大酒店,花水湾镇,酒店,国庆,149,94.9,88.9,2215,330035,飞猪,2230,18
2026-10-05,m5,花水湾圣索亚温泉大酒店,花水湾镇,酒店,国庆,149,94.9,88.9,2215,330035,去哪儿,2206,17
2026-10-05,m5,花水湾圣索亚温泉大酒店,花水湾镇,酒店,国庆,149,94.9,88.9,2215,330035,同程,2197,18
2026-10-06,m5,花水湾圣索亚温泉大酒店,花水湾镇,酒店,国庆,145,92.4,88.4,2227,322915,携程,2268,18
2026-10-06,m5,花水湾圣索亚温泉大酒店,花水湾镇,酒店,国庆,145,92.4,88.4,2227,322915,美团,2183,18
2026-10-06,m5,花水湾圣索亚温泉大酒店,花水湾镇,酒店,国庆,145,92.4,88.4,2227,322915,飞猪,2252,18
2026-10-06,m5,花水湾圣索亚温泉大酒店,花水湾镇,酒店,国庆,145,92.4,88.4,2227,322915,去哪儿,2232,18
2026-10-06,m5,花水湾圣索亚温泉大酒店,花水湾镇,酒店,国庆,145,92.4,88.4,2227,322915,同程,2202,19
2026-10-07,m5,花水湾圣索亚温泉大酒店,花水湾镇,酒店,国庆,151,96.2,92.2,2256,340656,携程,2282,13
2026-10-07,m5,花水湾圣索亚温泉大酒店,花水湾镇,酒店,国庆,151,96.2,92.2,2256,340656,美团,2228,12
2026-10-07,m5,花水湾圣索亚温泉大酒店,花水湾镇,酒店,国庆,151,96.2,92.2,2256,340656,飞猪,2276,12
2026-10-07,m5,花水湾圣索亚温泉大酒店,花水湾镇,酒店,国庆,151,96.2,92.2,2256,340656,去哪儿,2237,12
2026-10-07,m5,花水湾圣索亚温泉大酒店,花水湾镇,酒店,国庆,151,96.2,92.2,2256,340656,同程,2255,12
2026-10-08,m5,花水湾圣索亚温泉大酒店,花水湾镇,酒店,国庆,148,94.3,91.0,2231,330188,携程,2247,14
2026-10-08,m5,花水湾圣索亚温泉大酒店,花水湾镇,酒店,国庆,148,94.3,91.0,2231,330188,美团,2195,14
2026-10-08,m5,花水湾圣索亚温泉大酒店,花水湾镇,酒店,国庆,148,94.3,91.0,2231,330188,飞猪,2247,15
2026-10-08,m5,花水湾圣索亚温泉大酒店,花水湾镇,酒店,国庆,148,94.3,91.0,2231,330188,去哪儿,2231,14
2026-10-08,m5,花水湾圣索亚温泉大酒店,花水湾镇,酒店,国庆,148,94.3,91.0,2231,330188,同程,2234,14
2026-10-09,m5,花水湾圣索亚温泉大酒店,花水湾镇,酒店,工作日,92,58.6,53.5,1045,96140,携程,1061,73
2026-10-09,m5,花水湾圣索亚温泉大酒店,花水湾镇,酒店,工作日,92,58.6,53.5,1045,96140,美团,1026,73
2026-10-09,m5,花水湾圣索亚温泉大酒店,花水湾镇,酒店,工作日,92,58.6,53.5,1045,96140,飞猪,1056,73
2026-10-09,m5,花水湾圣索亚温泉大酒店,花水湾镇,酒店,工作日,92,58.6,53.5,1045,96140,去哪儿,1037,73
2026-10-09,m5,花水湾圣索亚温泉大酒店,花水湾镇,酒店,工作日,92,58.6,53.5,1045,96140,同程,1045,73
2026-10-10,m5,花水湾圣索亚温泉大酒店,花水湾镇,酒店,周末,142,90.4,86.6,1454,206468,携程,1480,21
2026-10-10,m5,花水湾圣索亚温泉大酒店,花水湾镇,酒店,周末,142,90.4,86.6,1454,206468,美团,1423,21
2026-10-10,m5,花水湾圣索亚温泉大酒店,花水湾镇,酒店,周末,142,90.4,86.6,1454,206468,飞猪,1472,21
2026-10-10,m5,花水湾圣索亚温泉大酒店,花水湾镇,酒店,周末,142,90.4,86.6,1454,206468,去哪儿,1452,21
2026-10-10,m5,花水湾圣索亚温泉大酒店,花水湾镇,酒店,周末,142,90.4,86.6,1454,206468,同程,1442,21
2026-10-11,m5,花水湾圣索亚温泉大酒店,花水湾镇,酒店,周末,152,96.8,91.7,1457,221464,携程,1478,13
2026-10-11,m5,花水湾圣索亚温泉大酒店,花水湾镇,酒店,周末,152,96.8,91.7,1457,221464,美团,1438,13
2026-10-11,m5,花水湾圣索亚温泉大酒店,花水湾镇,酒店,周末,152,96.8,91.7,1457,221464,飞猪,1469,13
2026-10-11,m5,花水湾圣索亚温泉大酒店,花水湾镇,酒店,周末,152,96.8,91.7,1457,221464,去哪儿,1442,13
2026-10-11,m5,花水湾圣索亚温泉大酒店,花水湾镇,酒店,周末,152,96.8,91.7,1457,221464,同程,1459,13
2026-10-12,m5,花水湾圣索亚温泉大酒店,花水湾镇,酒店,工作日,101,64.3,60.5,1050,106050,携程,1067,62
2026-10-12,m5,花水湾圣索亚温泉大酒店,花水湾镇,酒店,工作日,101,64.3,60.5,1050,106050,美团,1031,62
2026-10-12,m5,花水湾圣索亚温泉大酒店,花水湾镇,酒店,工作日,101,64.3,60.5,1050,106050,飞猪,1064,62
2026-10-12,m5,花水湾圣索亚温泉大酒店,花水湾镇,酒店,工作日,101,64.3,60.5,1050,106050,去哪儿,1043,62
2026-10-12,m5,花水湾圣索亚温泉大酒店,花水湾镇,酒店,工作日,101,64.3,60.5,1050,106050,同程,1047,62
2026-10-13,m5,花水湾圣索亚温泉大酒店,花水湾镇,酒店,工作日,89,56.7,55.4,1045,93005,携程,1057,70
2026-10-13,m5,花水湾圣索亚温泉大酒店,花水湾镇,酒店,工作日,89,56.7,55.4,1045,93005,美团,1026,70
2026-10-13,m5,花水湾圣索亚温泉大酒店,花水湾镇,酒店,工作日,89,56.7,55.4,1045,93005,飞猪,1049,70
2026-10-13,m5,花水湾圣索亚温泉大酒店,花水湾镇,酒店,工作日,89,56.7,55.4,1045,93005,去哪儿,1049,70
2026-10-13,m5,花水湾圣索亚温泉大酒店,花水湾镇,酒店,工作日,89,56.7,55.4,1045,93005,同程,1044,70
2026-10-14,m5,花水湾圣索亚温泉大酒店,花水湾镇,酒店,工作日,88,56.1,53.4,1024,90112,携程,1047,73
2026-10-14,m5,花水湾圣索亚温泉大酒店,花水湾镇,酒店,工作日,88,56.1,53.4,1024,90112,美团,1009,73
2026-10-14,m5,花水湾圣索亚温泉大酒店,花水湾镇,酒店,工作日,88,56.1,53.4,1024,90112,飞猪,1035,73
2026-10-14,m5,花水湾圣索亚温泉大酒店,花水湾镇,酒店,工作日,88,56.1,53.4,1024,90112,去哪儿,1016,73
2026-10-14,m5,花水湾圣索亚温泉大酒店,花水湾镇,酒店,工作日,88,56.1,53.4,1024,90112,同程,1012,74
2026-10-15,m5,花水湾圣索亚温泉大酒店,花水湾镇,酒店,工作日,87,55.4,53.9,1039,90393,携程,1060,73
2026-10-15,m5,花水湾圣索亚温泉大酒店,花水湾镇,酒店,工作日,87,55.4,53.9,1039,90393,美团,1025,72
2026-10-15,m5,花水湾圣索亚温泉大酒店,花水湾镇,酒店,工作日,87,55.4,53.9,1039,90393,飞猪,1038,72
2026-10-15,m5,花水湾圣索亚温泉大酒店,花水湾镇,酒店,工作日,87,55.4,53.9,1039,90393,去哪儿,1031,72
2026-10-15,m5,花水湾圣索亚温泉大酒店,花水湾镇,酒店,工作日,87,55.4,53.9,1039,90393,同程,1039,73
2026-10-16,m5,花水湾圣索亚温泉大酒店,花水湾镇,酒店,工作日,105,66.9,64.7,1054,110670,携程,1070,56
2026-10-16,m5,花水湾圣索亚温泉大酒店,花水湾镇,酒店,工作日,105,66.9,64.7,1054,110670,美团,1033,56
2026-10-16,m5,花水湾圣索亚温泉大酒店,花水湾镇,酒店,工作日,105,66.9,64.7,1054,110670,飞猪,1057,55
2026-10-16,m5,花水湾圣索亚温泉大酒店,花水湾镇,酒店,工作日,105,66.9,64.7,1054,110670,去哪儿,1065,55
2026-10-16,m5,花水湾圣索亚温泉大酒店,花水湾镇,酒店,工作日,105,66.9,64.7,1054,110670,同程,1047,55
2026-10-17,m5,花水湾圣索亚温泉大酒店,花水湾镇,酒店,周末,153,97.5,89.6,1443,220779,携程,1459,16
2026-10-17,m5,花水湾圣索亚温泉大酒店,花水湾镇,酒店,周末,153,97.5,89.6,1443,220779,美团,1424,17
2026-10-17,m5,花水湾圣索亚温泉大酒店,花水湾镇,酒店,周末,153,97.5,89.6,1443,220779,飞猪,1450,16
2026-10-17,m5,花水湾圣索亚温泉大酒店,花水湾镇,酒店,周末,153,97.5,89.6,1443,220779,去哪儿,1448,16
2026-10-17,m5,花水湾圣索亚温泉大酒店,花水湾镇,酒店,周末,153,97.5,89.6,1443,220779,同程,1433,17
2026-10-18,m5,花水湾圣索亚温泉大酒店,花水湾镇,酒店,周末,150,95.5,87.6,1455,218250,携程,1480,19
2026-10-18,m5,花水湾圣索亚温泉大酒店,花水湾镇,酒店,周末,150,95.5,87.6,1455,218250,美团,1435,20
2026-10-18,m5,花水湾圣索亚温泉大酒店,花水湾镇,酒店,周末,150,95.5,87.6,1455,218250,飞猪,1471,19
2026-10-18,m5,花水湾圣索亚温泉大酒店,花水湾镇,酒店,周末,150,95.5,87.6,1455,218250,去哪儿,1447,19
2026-10-18,m5,花水湾圣索亚温泉大酒店,花水湾镇,酒店,周末,150,95.5,87.6,1455,218250,同程,1442,20
2026-10-19,m5,花水湾圣索亚温泉大酒店,花水湾镇,酒店,工作日,94,59.9,58.0,1040,97760,携程,1062,66
2026-10-19,m5,花水湾圣索亚温泉大酒店,花水湾镇,酒店,工作日,94,59.9,58.0,1040,97760,美团,1027,66
2026-10-19,m5,花水湾圣索亚温泉大酒店,花水湾镇,酒店,工作日,94,59.9,58.0,1040,97760,飞猪,1046,66
2026-10-19,m5,花水湾圣索亚温泉大酒店,花水湾镇,酒店,工作日,94,59.9,58.0,1040,97760,去哪儿,1037,66
2026-10-19,m5,花水湾圣索亚温泉大酒店,花水湾镇,酒店,工作日,94,59.9,58.0,1040,97760,同程,1030,66
2026-10-20,m5,花水湾圣索亚温泉大酒店,花水湾镇,酒店,工作日,94,59.9,55.2,1052,98888,携程,1064,70
2026-10-20,m5,花水湾圣索亚温泉大酒店,花水湾镇,酒店,工作日,94,59.9,55.2,1052,98888,美团,1033,70
2026-10-20,m5,花水湾圣索亚温泉大酒店,花水湾镇,酒店,工作日,94,59.9,55.2,1052,98888,飞猪,1064,71
2026-10-20,m5,花水湾圣索亚温泉大酒店,花水湾镇,酒店,工作日,94,59.9,55.2,1052,98888,去哪儿,1053,70
2026-10-20,m5,花水湾圣索亚温泉大酒店,花水湾镇,酒店,工作日,94,59.9,55.2,1052,98888,同程,1048,71
2026-10-21,m5,花水湾圣索亚温泉大酒店,花水湾镇,酒店,工作日,85,54.1,52.7,1037,88145,携程,1053,74
2026-10-21,m5,花水湾圣索亚温泉大酒店,花水湾镇,酒店,工作日,85,54.1,52.7,1037,88145,美团,1017,75
2026-10-21,m5,花水湾圣索亚温泉大酒店,花水湾镇,酒店,工作日,85,54.1,52.7,1037,88145,飞猪,1046,74
2026-10-21,m5,花水湾圣索亚温泉大酒店,花水湾镇,酒店,工作日,85,54.1,52.7,1037,88145,去哪儿,1029,74
2026-10-21,m5,花水湾圣索亚温泉大酒店,花水湾镇,酒店,工作日,85,54.1,52.7,1037,88145,同程,1042,74
2026-10-22,m5,花水湾圣索亚温泉大酒店,花水湾镇,酒店,工作日,78,49.7,46.4,1028,80184,携程,1043,85
2026-10-22,m5,花水湾圣索亚温泉大酒店,花水湾镇,酒店,工作日,78,49.7,46.4,1028,80184,美团,1017,84
2026-10-22,m5,花水湾圣索亚温泉大酒店,花水湾镇,酒店,工作日,78,49.7,46.4,1028,80184,飞猪,1048,84
2026-10-22,m5,花水湾圣索亚温泉大酒店,花水湾镇,酒店,工作日,78,49.7,46.4,1028,80184,去哪儿,1015,84
2026-10-22,m5,花水湾圣索亚温泉大酒店,花水湾镇,酒店,工作日,78,49.7,46.4,1028,80184,同程,1018,84
2026-10-23,m5,花水湾圣索亚温泉大酒店,花水湾镇,酒店,工作日,93,59.2,56.4,1026,95418,携程,1030,68
2026-10-23,m5,花水湾圣索亚温泉大酒店,花水湾镇,酒店,工作日,93,59.2,56.4,1026,95418,美团,1016,69
2026-10-23,m5,花水湾圣索亚温泉大酒店,花水湾镇,酒店,工作日,93,59.2,56.4,1026,95418,飞猪,1035,68
2026-10-23,m5,花水湾圣索亚温泉大酒店,花水湾镇,酒店,工作日,93,59.2,56.4,1026,95418,去哪儿,1025,68
2026-10-23,m5,花水湾圣索亚温泉大酒店,花水湾镇,酒店,工作日,93,59.2,56.4,1026,95418,同程,1022,69
2026-10-24,m5,花水湾圣索亚温泉大酒店,花水湾镇,酒店,周末,150,95.5,87.6,1432,214800,携程,1460,20
2026-10-24,m5,花水湾圣索亚温泉大酒店,花水湾镇,酒店,周末,150,95.5,87.6,1432,214800,美团,1422,19
2026-10-24,m5,花水湾圣索亚温泉大酒店,花水湾镇,酒店,周末,150,95.5,87.6,1432,214800,飞猪,1428,19
2026-10-24,m5,花水湾圣索亚温泉大酒店,花水湾镇,酒店,周末,150,95.5,87.6,1432,214800,去哪儿,1423,19
2026-10-24,m5,花水湾圣索亚温泉大酒店,花水湾镇,酒店,周末,150,95.5,87.6,1432,214800,同程,1428,20
2026-10-25,m5,花水湾圣索亚温泉大酒店,花水湾镇,酒店,周末,153,97.5,90.2,1436,219708,携程,1462,15
2026-10-25,m5,花水湾圣索亚温泉大酒店,花水湾镇,酒店,周末,153,97.5,90.2,1436,219708,美团,1409,15
2026-10-25,m5,花水湾圣索亚温泉大酒店,花水湾镇,酒店,周末,153,97.5,90.2,1436,219708,飞猪,1440,16
2026-10-25,m5,花水湾圣索亚温泉大酒店,花水湾镇,酒店,周末,153,97.5,90.2,1436,219708,去哪儿,1428,15
2026-10-25,m5,花水湾圣索亚温泉大酒店,花水湾镇,酒店,周末,153,97.5,90.2,1436,219708,同程,1440,16
2026-10-26,m5,花水湾圣索亚温泉大酒店,花水湾镇,酒店,工作日,98,62.4,59.1,1053,103194,携程,1069,64
2026-10-26,m5,花水湾圣索亚温泉大酒店,花水湾镇,酒店,工作日,98,62.4,59.1,1053,103194,美团,1043,65
2026-10-26,m5,花水湾圣索亚温泉大酒店,花水湾镇,酒店,工作日,98,62.4,59.1,1053,103194,飞猪,1060,64
2026-10-26,m5,花水湾圣索亚温泉大酒店,花水湾镇,酒店,工作日,98,62.4,59.1,1053,103194,去哪儿,1046,64
2026-10-26,m5,花水湾圣索亚温泉大酒店,花水湾镇,酒店,工作日,98,62.4,59.1,1053,103194,同程,1047,64
2026-10-27,m5,花水湾圣索亚温泉大酒店,花水湾镇,酒店,工作日,94,59.9,57.1,1049,98606,携程,1059,67
2026-10-27,m5,花水湾圣索亚温泉大酒店,花水湾镇,酒店,工作日,94,59.9,57.1,1049,98606,美团,1042,68
2026-10-27,m5,花水湾圣索亚温泉大酒店,花水湾镇,酒店,工作日,94,59.9,57.1,1049,98606,飞猪,1051,67
2026-10-27,m5,花水湾圣索亚温泉大酒店,花水湾镇,酒店,工作日,94,59.9,57.1,1049,98606,去哪儿,1045,67
2026-10-27,m5,花水湾圣索亚温泉大酒店,花水湾镇,酒店,工作日,94,59.9,57.1,1049,98606,同程,1047,68
2026-10-28,m5,花水湾圣索亚温泉大酒店,花水湾镇,酒店,工作日,84,53.5,49.6,1034,86856,携程,1060,79
2026-10-28,m5,花水湾圣索亚温泉大酒店,花水湾镇,酒店,工作日,84,53.5,49.6,1034,86856,美团,1017,79
2026-10-28,m5,花水湾圣索亚温泉大酒店,花水湾镇,酒店,工作日,84,53.5,49.6,1034,86856,飞猪,1041,80
2026-10-28,m5,花水湾圣索亚温泉大酒店,花水湾镇,酒店,工作日,84,53.5,49.6,1034,86856,去哪儿,1022,79
2026-10-28,m5,花水湾圣索亚温泉大酒店,花水湾镇,酒店,工作日,84,53.5,49.6,1034,86856,同程,1030,79
2026-10-29,m5,花水湾圣索亚温泉大酒店,花水湾镇,酒店,工作日,95,60.5,57.1,1049,99655,携程,1059,67
2026-10-29,m5,花水湾圣索亚温泉大酒店,花水湾镇,酒店,工作日,95,60.5,57.1,1049,99655,美团,1032,68
2026-10-29,m5,花水湾圣索亚温泉大酒店,花水湾镇,酒店,工作日,95,60.5,57.1,1049,99655,飞猪,1060,67
2026-10-29,m5,花水湾圣索亚温泉大酒店,花水湾镇,酒店,工作日,95,60.5,57.1,1049,99655,去哪儿,1041,67
2026-10-29,m5,花水湾圣索亚温泉大酒店,花水湾镇,酒店,工作日,95,60.5,57.1,1049,99655,同程,1051,68
2026-10-30,m5,花水湾圣索亚温泉大酒店,花水湾镇,酒店,工作日,89,56.7,52.1,1046,93094,携程,1058,75
2026-10-30,m5,花水湾圣索亚温泉大酒店,花水湾镇,酒店,工作日,89,56.7,52.1,1046,93094,美团,1032,76
2026-10-30,m5,花水湾圣索亚温泉大酒店,花水湾镇,酒店,工作日,89,56.7,52.1,1046,93094,飞猪,1064,75
2026-10-30,m5,花水湾圣索亚温泉大酒店,花水湾镇,酒店,工作日,89,56.7,52.1,1046,93094,去哪儿,1043,75
2026-10-30,m5,花水湾圣索亚温泉大酒店,花水湾镇,酒店,工作日,89,56.7,52.1,1046,93094,同程,1035,75
2026-10-31,m5,花水湾圣索亚温泉大酒店,花水湾镇,酒店,周末,150,95.5,89.7,1467,220050,携程,1506,16
2026-10-31,m5,花水湾圣索亚温泉大酒店,花水湾镇,酒店,周末,150,95.5,89.7,1467,220050,美团,1443,17
2026-10-31,m5,花水湾圣索亚温泉大酒店,花水湾镇,酒店,周末,150,95.5,89.7,1467,220050,飞猪,1455,16
2026-10-31,m5,花水湾圣索亚温泉大酒店,花水湾镇,酒店,周末,150,95.5,89.7,1467,220050,去哪儿,1468,16
2026-10-31,m5,花水湾圣索亚温泉大酒店,花水湾镇,酒店,周末,150,95.5,89.7,1467,220050,同程,1462,16
2026-10-01,m6,花水湾果园农家乐,花水湾镇,农家乐,国庆,8,88.9,88.9,650,5200,途家,650,1
2026-10-02,m6,花水湾果园农家乐,花水湾镇,农家乐,国庆,9,100.0,100.0,658,5922,途家,658,0
2026-10-03,m6,花水湾果园农家乐,花水湾镇,农家乐,国庆,9,100.0,88.9,647,5823,途家,647,1
2026-10-04,m6,花水湾果园农家乐,花水湾镇,农家乐,国庆,8,88.9,88.9,686,5488,途家,686,1
2026-10-05,m6,花水湾果园农家乐,花水湾镇,农家乐,国庆,9,100.0,77.8,662,5958,途家,662,2
2026-10-06,m6,花水湾果园农家乐,花水湾镇,农家乐,国庆,9,100.0,100.0,675,6075,途家,675,0
2026-10-07,m6,花水湾果园农家乐,花水湾镇,农家乐,国庆,9,100.0,88.9,625,5625,途家,625,1
2026-10-08,m6,花水湾果园农家乐,花水湾镇,农家乐,国庆,9,100.0,100.0,625,5625,途家,625,0
2026-10-09,m6,花水湾果园农家乐,花水湾镇,农家乐,工作日,2,22.2,22.2,283,566,途家,283,7
2026-10-10,m6,花水湾果园农家乐,花水湾镇,农家乐,周末,7,77.8,77.8,446,3122,途家,446,2
2026-10-11,m6,花水湾果园农家乐,花水湾镇,农家乐,周末,8,88.9,77.8,408,3264,途家,408,2
2026-10-12,m6,花水湾果园农家乐,花水湾镇,农家乐,工作日,7,77.8,77.8,311,2177,途家,311,2
2026-10-13,m6,花水湾果园农家乐,花水湾镇,农家乐,工作日,2,22.2,22.2,291,582,途家,291,7
2026-10-14,m6,花水湾果园农家乐,花水湾镇,农家乐,工作日,6,66.7,66.7,313,1878,途家,313,3
2026-10-15,m6,花水湾果园农家乐,花水湾镇,农家乐,工作日,6,66.7,66.7,332,1992,途家,332,3
2026-10-16,m6,花水湾果园农家乐,花水湾镇,农家乐,工作日,4,44.4,44.4,317,1268,途家,317,5
2026-10-17,m6,花水湾果园农家乐,花水湾镇,农家乐,周末,8,88.9,77.8,443,3544,途家,443,2
2026-10-18,m6,花水湾果园农家乐,花水湾镇,农家乐,周末,7,77.8,77.8,438,3066,途家,438,2
2026-10-19,m6,花水湾果园农家乐,花水湾镇,农家乐,工作日,6,66.7,66.7,312,1872,途家,312,3
2026-10-20,m6,花水湾果园农家乐,花水湾镇,农家乐,工作日,5,55.6,55.6,307,1535,途家,307,4
2026-10-21,m6,花水湾果园农家乐,花水湾镇,农家乐,工作日,3,33.3,33.3,283,849,途家,283,6
2026-10-22,m6,花水湾果园农家乐,花水湾镇,农家乐,工作日,8,88.9,88.9,333,2664,途家,333,1
2026-10-23,m6,花水湾果园农家乐,花水湾镇,农家乐,工作日,4,44.4,33.3,307,1228,途家,307,6
2026-10-24,m6,花水湾果园农家乐,花水湾镇,农家乐,周末,7,77.8,66.7,414,2898,途家,414,3
2026-10-25,m6,花水湾果园农家乐,花水湾镇,农家乐,周末,6,66.7,66.7,412,2472,途家,412,3
2026-10-26,m6,花水湾果园农家乐,花水湾镇,农家乐,工作日,4,44.4,33.3,304,1216,途家,304,6
2026-10-27,m6,花水湾果园农家乐,花水湾镇,农家乐,工作日,6,66.7,66.7,302,1812,途家,302,3
2026-10-28,m6,花水湾果园农家乐,花水湾镇,农家乐,工作日,2,22.2,22.2,281,562,途家,281,7
2026-10-29,m6,花水湾果园农家乐,花水湾镇,农家乐,工作日,5,55.6,55.6,317,1585,途家,317,4
2026-10-30,m6,花水湾果园农家乐,花水湾镇,农家乐,工作日,4,44.4,44.4,291,1164,途家,291,5
2026-10-31,m6,花水湾果园农家乐,花水湾镇,农家乐,周末,5,55.6,55.6,385,1925,途家,385,4
2026-10-01,m7,花水湾逸景温泉民宿,花水湾镇,温泉民宿,国庆,18,100.0,88.9,980,17640,去哪儿,958,2
2026-10-01,m7,花水湾逸景温泉民宿,花水湾镇,温泉民宿,国庆,18,100.0,88.9,980,17640,途家,1002,2
2026-10-02,m7,花水湾逸景温泉民宿,花水湾镇,温泉民宿,国庆,16,88.9,77.8,938,15008,去哪儿,925,4
2026-10-02,m7,花水湾逸景温泉民宿,花水湾镇,温泉民宿,国庆,16,88.9,77.8,938,15008,途家,951,4
2026-10-03,m7,花水湾逸景温泉民宿,花水湾镇,温泉民宿,国庆,17,94.4,94.4,985,16745,去哪儿,970,1
2026-10-03,m7,花水湾逸景温泉民宿,花水湾镇,温泉民宿,国庆,17,94.4,94.4,985,16745,途家,1000,1
2026-10-04,m7,花水湾逸景温泉民宿,花水湾镇,温泉民宿,国庆,18,100.0,100.0,1002,18036,去哪儿,977,0
2026-10-04,m7,花水湾逸景温泉民宿,花水湾镇,温泉民宿,国庆,18,100.0,100.0,1002,18036,途家,1026,0
2026-10-05,m7,花水湾逸景温泉民宿,花水湾镇,温泉民宿,国庆,17,94.4,83.3,921,15657,去哪儿,897,3
2026-10-05,m7,花水湾逸景温泉民宿,花水湾镇,温泉民宿,国庆,17,94.4,83.3,921,15657,途家,944,3
2026-10-06,m7,花水湾逸景温泉民宿,花水湾镇,温泉民宿,国庆,17,94.4,77.8,939,15963,去哪儿,929,4
2026-10-06,m7,花水湾逸景温泉民宿,花水湾镇,温泉民宿,国庆,17,94.4,77.8,939,15963,途家,948,4
2026-10-07,m7,花水湾逸景温泉民宿,花水湾镇,温泉民宿,国庆,18,100.0,88.9,945,17010,去哪儿,925,2
2026-10-07,m7,花水湾逸景温泉民宿,花水湾镇,温泉民宿,国庆,18,100.0,88.9,945,17010,途家,965,2
2026-10-08,m7,花水湾逸景温泉民宿,花水湾镇,温泉民宿,国庆,17,94.4,88.9,968,16456,去哪儿,946,2
2026-10-08,m7,花水湾逸景温泉民宿,花水湾镇,温泉民宿,国庆,17,94.4,88.9,968,16456,途家,989,2
2026-10-09,m7,花水湾逸景温泉民宿,花水湾镇,温泉民宿,工作日,10,55.6,55.6,454,4540,去哪儿,444,8
2026-10-09,m7,花水湾逸景温泉民宿,花水湾镇,温泉民宿,工作日,10,55.6,55.6,454,4540,途家,464,8
2026-10-10,m7,花水湾逸景温泉民宿,花水湾镇,温泉民宿,周末,15,83.3,72.2,591,8865,去哪儿,576,5
2026-10-10,m7,花水湾逸景温泉民宿,花水湾镇,温泉民宿,周末,15,83.3,72.2,591,8865,途家,605,5
2026-10-11,m7,花水湾逸景温泉民宿,花水湾镇,温泉民宿,周末,17,94.4,94.4,628,10676,去哪儿,613,1
2026-10-11,m7,花水湾逸景温泉民宿,花水湾镇,温泉民宿,周末,17,94.4,94.4,628,10676,途家,643,1
2026-10-12,m7,花水湾逸景温泉民宿,花水湾镇,温泉民宿,工作日,11,61.1,50.0,448,4928,去哪儿,438,9
2026-10-12,m7,花水湾逸景温泉民宿,花水湾镇,温泉民宿,工作日,11,61.1,50.0,448,4928,途家,458,9
2026-10-13,m7,花水湾逸景温泉民宿,花水湾镇,温泉民宿,工作日,10,55.6,55.6,458,4580,去哪儿,449,8
2026-10-13,m7,花水湾逸景温泉民宿,花水湾镇,温泉民宿,工作日,10,55.6,55.6,458,4580,途家,466,8
2026-10-14,m7,花水湾逸景温泉民宿,花水湾镇,温泉民宿,工作日,12,66.7,66.7,452,5424,去哪儿,444,6
2026-10-14,m7,花水湾逸景温泉民宿,花水湾镇,温泉民宿,工作日,12,66.7,66.7,452,5424,途家,460,6
2026-10-15,m7,花水湾逸景温泉民宿,花水湾镇,温泉民宿,工作日,9,50.0,50.0,453,4077,去哪儿,441,9
2026-10-15,m7,花水湾逸景温泉民宿,花水湾镇,温泉民宿,工作日,9,50.0,50.0,453,4077,途家,464,9
2026-10-16,m7,花水湾逸景温泉民宿,花水湾镇,温泉民宿,工作日,15,83.3,83.3,463,6945,去哪儿,452,3
2026-10-16,m7,花水湾逸景温泉民宿,花水湾镇,温泉民宿,工作日,15,83.3,83.3,463,6945,途家,473,3
2026-10-17,m7,花水湾逸景温泉民宿,花水湾镇,温泉民宿,周末,16,88.9,77.8,598,9568,去哪儿,587,4
2026-10-17,m7,花水湾逸景温泉民宿,花水湾镇,温泉民宿,周末,16,88.9,77.8,598,9568,途家,609,4
2026-10-18,m7,花水湾逸景温泉民宿,花水湾镇,温泉民宿,周末,16,88.9,88.9,618,9888,去哪儿,606,2
2026-10-18,m7,花水湾逸景温泉民宿,花水湾镇,温泉民宿,周末,16,88.9,88.9,618,9888,途家,630,2
2026-10-19,m7,花水湾逸景温泉民宿,花水湾镇,温泉民宿,工作日,14,77.8,77.8,473,6622,去哪儿,464,4
2026-10-19,m7,花水湾逸景温泉民宿,花水湾镇,温泉民宿,工作日,14,77.8,77.8,473,6622,途家,481,4
2026-10-20,m7,花水湾逸景温泉民宿,花水湾镇,温泉民宿,工作日,11,61.1,61.1,452,4972,去哪儿,443,7
2026-10-20,m7,花水湾逸景温泉民宿,花水湾镇,温泉民宿,工作日,11,61.1,61.1,452,4972,途家,460,7
2026-10-21,m7,花水湾逸景温泉民宿,花水湾镇,温泉民宿,工作日,12,66.7,66.7,473,5676,去哪儿,462,6
2026-10-21,m7,花水湾逸景温泉民宿,花水湾镇,温泉民宿,工作日,12,66.7,66.7,473,5676,途家,483,6
2026-10-22,m7,花水湾逸景温泉民宿,花水湾镇,温泉民宿,工作日,12,66.7,61.1,451,5412,去哪儿,440,7
2026-10-22,m7,花水湾逸景温泉民宿,花水湾镇,温泉民宿,工作日,12,66.7,61.1,451,5412,途家,462,7
2026-10-23,m7,花水湾逸景温泉民宿,花水湾镇,温泉民宿,工作日,11,61.1,61.1,477,5247,去哪儿,465,7
2026-10-23,m7,花水湾逸景温泉民宿,花水湾镇,温泉民宿,工作日,11,61.1,61.1,477,5247,途家,488,7
2026-10-24,m7,花水湾逸景温泉民宿,花水湾镇,温泉民宿,周末,18,100.0,94.4,627,11286,去哪儿,612,1
2026-10-24,m7,花水湾逸景温泉民宿,花水湾镇,温泉民宿,周末,18,100.0,94.4,627,11286,途家,642,1
2026-10-25,m7,花水湾逸景温泉民宿,花水湾镇,温泉民宿,周末,17,94.4,83.3,636,10812,去哪儿,624,3
2026-10-25,m7,花水湾逸景温泉民宿,花水湾镇,温泉民宿,周末,17,94.4,83.3,636,10812,途家,647,3
2026-10-26,m7,花水湾逸景温泉民宿,花水湾镇,温泉民宿,工作日,12,66.7,66.7,450,5400,去哪儿,439,6
2026-10-26,m7,花水湾逸景温泉民宿,花水湾镇,温泉民宿,工作日,12,66.7,66.7,450,5400,途家,461,6
2026-10-27,m7,花水湾逸景温泉民宿,花水湾镇,温泉民宿,工作日,14,77.8,72.2,487,6818,去哪儿,476,5
2026-10-27,m7,花水湾逸景温泉民宿,花水湾镇,温泉民宿,工作日,14,77.8,72.2,487,6818,途家,497,5
2026-10-28,m7,花水湾逸景温泉民宿,花水湾镇,温泉民宿,工作日,15,83.3,77.8,496,7440,去哪儿,485,4
2026-10-28,m7,花水湾逸景温泉民宿,花水湾镇,温泉民宿,工作日,15,83.3,77.8,496,7440,途家,507,4
2026-10-29,m7,花水湾逸景温泉民宿,花水湾镇,温泉民宿,工作日,13,72.2,72.2,483,6279,去哪儿,475,5
2026-10-29,m7,花水湾逸景温泉民宿,花水湾镇,温泉民宿,工作日,13,72.2,72.2,483,6279,途家,490,5
2026-10-30,m7,花水湾逸景温泉民宿,花水湾镇,温泉民宿,工作日,10,55.6,50.0,452,4520,去哪儿,440,9
2026-10-30,m7,花水湾逸景温泉民宿,花水湾镇,温泉民宿,工作日,10,55.6,50.0,452,4520,途家,464,9
2026-10-31,m7,花水湾逸景温泉民宿,花水湾镇,温泉民宿,周末,16,88.9,83.3,637,10192,去哪儿,624,3
2026-10-31,m7,花水湾逸景温泉民宿,花水湾镇,温泉民宿,周末,16,88.9,83.3,637,10192,途家,650,3
2026-10-01,m8,花水湾老街客栈,花水湾镇,客栈,国庆,29,96.7,96.7,802,23258,同程,790,1
2026-10-01,m8,花水湾老街客栈,花水湾镇,客栈,国庆,29,96.7,96.7,802,23258,途家,814,1
2026-10-02,m8,花水湾老街客栈,花水湾镇,客栈,国庆,29,96.7,95.0,816,23664,同程,801,2
2026-10-02,m8,花水湾老街客栈,花水湾镇,客栈,国庆,29,96.7,95.0,816,23664,途家,831,1
2026-10-03,m8,花水湾老街客栈,花水湾镇,客栈,国庆,30,100.0,86.7,807,24210,同程,786,4
2026-10-03,m8,花水湾老街客栈,花水湾镇,客栈,国庆,30,100.0,86.7,807,24210,途家,828,4
2026-10-04,m8,花水湾老街客栈,花水湾镇,客栈,国庆,29,96.7,93.3,829,24041,同程,810,2
2026-10-04,m8,花水湾老街客栈,花水湾镇,客栈,国庆,29,96.7,93.3,829,24041,途家,847,2
2026-10-05,m8,花水湾老街客栈,花水湾镇,客栈,国庆,27,90.0,85.0,829,22383,同程,814,5
2026-10-05,m8,花水湾老街客栈,花水湾镇,客栈,国庆,27,90.0,85.0,829,22383,途家,844,4
2026-10-06,m8,花水湾老街客栈,花水湾镇,客栈,国庆,29,96.7,88.3,801,23229,同程,782,4
2026-10-06,m8,花水湾老街客栈,花水湾镇,客栈,国庆,29,96.7,88.3,801,23229,途家,819,3
2026-10-07,m8,花水湾老街客栈,花水湾镇,客栈,国庆,29,96.7,93.3,831,24099,同程,809,2
2026-10-07,m8,花水湾老街客栈,花水湾镇,客栈,国庆,29,96.7,93.3,831,24099,途家,852,2
2026-10-08,m8,花水湾老街客栈,花水湾镇,客栈,国庆,27,90.0,90.0,833,22491,同程,814,3
2026-10-08,m8,花水湾老街客栈,花水湾镇,客栈,国庆,27,90.0,90.0,833,22491,途家,852,3
2026-10-09,m8,花水湾老街客栈,花水湾镇,客栈,工作日,19,63.3,63.3,388,7372,同程,382,11
2026-10-09,m8,花水湾老街客栈,花水湾镇,客栈,工作日,19,63.3,63.3,388,7372,途家,394,11
2026-10-10,m8,花水湾老街客栈,花水湾镇,客栈,周末,26,86.7,86.7,528,13728,同程,519,4
2026-10-10,m8,花水湾老街客栈,花水湾镇,客栈,周末,26,86.7,86.7,528,13728,途家,536,4
2026-10-11,m8,花水湾老街客栈,花水湾镇,客栈,周末,26,86.7,83.3,525,13650,同程,515,5
2026-10-11,m8,花水湾老街客栈,花水湾镇,客栈,周末,26,86.7,83.3,525,13650,途家,534,5
2026-10-12,m8,花水湾老街客栈,花水湾镇,客栈,工作日,17,56.7,56.7,383,6511,同程,374,13
2026-10-12,m8,花水湾老街客栈,花水湾镇,客栈,工作日,17,56.7,56.7,383,6511,途家,391,13
2026-10-13,m8,花水湾老街客栈,花水湾镇,客栈,工作日,17,56.7,53.3,375,6375,同程,369,14
2026-10-13,m8,花水湾老街客栈,花水湾镇,客栈,工作日,17,56.7,53.3,375,6375,途家,380,14
2026-10-14,m8,花水湾老街客栈,花水湾镇,客栈,工作日,15,50.0,43.3,377,5655,同程,369,17
2026-10-14,m8,花水湾老街客栈,花水湾镇,客栈,工作日,15,50.0,43.3,377,5655,途家,384,17
2026-10-15,m8,花水湾老街客栈,花水湾镇,客栈,工作日,18,60.0,41.7,377,6786,同程,368,18
2026-10-15,m8,花水湾老街客栈,花水湾镇,客栈,工作日,18,60.0,41.7,377,6786,途家,385,17
2026-10-16,m8,花水湾老街客栈,花水湾镇,客栈,工作日,19,63.3,60.0,386,7334,同程,379,12
2026-10-16,m8,花水湾老街客栈,花水湾镇,客栈,工作日,19,63.3,60.0,386,7334,途家,393,12
2026-10-17,m8,花水湾老街客栈,花水湾镇,客栈,周末,26,86.7,81.7,543,14118,同程,531,6
2026-10-17,m8,花水湾老街客栈,花水湾镇,客栈,周末,26,86.7,81.7,543,14118,途家,554,5
2026-10-18,m8,花水湾老街客栈,花水湾镇,客栈,周末,27,90.0,88.3,531,14337,同程,520,4
2026-10-18,m8,花水湾老街客栈,花水湾镇,客栈,周末,27,90.0,88.3,531,14337,途家,542,3
2026-10-19,m8,花水湾老街客栈,花水湾镇,客栈,工作日,19,63.3,63.3,379,7201,同程,372,11
2026-10-19,m8,花水湾老街客栈,花水湾镇,客栈,工作日,19,63.3,63.3,379,7201,途家,386,11
2026-10-20,m8,花水湾老街客栈,花水湾镇,客栈,工作日,16,53.3,48.3,384,6144,同程,374,16
2026-10-20,m8,花水湾老街客栈,花水湾镇,客栈,工作日,16,53.3,48.3,384,6144,途家,393,15
2026-10-21,m8,花水湾老街客栈,花水湾镇,客栈,工作日,19,63.3,58.3,385,7315,同程,377,13
2026-10-21,m8,花水湾老街客栈,花水湾镇,客栈,工作日,19,63.3,58.3,385,7315,途家,392,12
2026-10-22,m8,花水湾老街客栈,花水湾镇,客栈,工作日,20,66.7,65.0,389,7780,同程,382,11
2026-10-22,m8,花水湾老街客栈,花水湾镇,客栈,工作日,20,66.7,65.0,389,7780,途家,395,10
2026-10-23,m8,花水湾老街客栈,花水湾镇,客栈,工作日,12,40.0,35.0,371,4452,同程,364,20
2026-10-23,m8,花水湾老街客栈,花水湾镇,客栈,工作日,12,40.0,35.0,371,4452,途家,378,19
2026-10-24,m8,花水湾老街客栈,花水湾镇,客栈,周末,28,93.3,91.7,524,14672,同程,513,3
2026-10-24,m8,花水湾老街客栈,花水湾镇,客栈,周末,28,93.3,91.7,524,14672,途家,534,2
2026-10-25,m8,花水湾老街客栈,花水湾镇,客栈,周末,27,90.0,86.7,534,14418,同程,521,4
2026-10-25,m8,花水湾老街客栈,花水湾镇,客栈,周末,27,90.0,86.7,534,14418,途家,546,4
2026-10-26,m8,花水湾老街客栈,花水湾镇,客栈,工作日,16,53.3,53.3,394,6304,同程,387,14
2026-10-26,m8,花水湾老街客栈,花水湾镇,客栈,工作日,16,53.3,53.3,394,6304,途家,400,14
2026-10-27,m8,花水湾老街客栈,花水湾镇,客栈,工作日,18,60.0,60.0,391,7038,同程,382,12
2026-10-27,m8,花水湾老街客栈,花水湾镇,客栈,工作日,18,60.0,60.0,391,7038,途家,400,12
2026-10-28,m8,花水湾老街客栈,花水湾镇,客栈,工作日,18,60.0,55.0,388,6984,同程,379,14
2026-10-28,m8,花水湾老街客栈,花水湾镇,客栈,工作日,18,60.0,55.0,388,6984,途家,397,13
2026-10-29,m8,花水湾老街客栈,花水湾镇,客栈,工作日,17,56.7,51.7,385,6545,同程,375,15
2026-10-29,m8,花水湾老街客栈,花水湾镇,客栈,工作日,17,56.7,51.7,385,6545,途家,394,14
2026-10-30,m8,花水湾老街客栈,花水湾镇,客栈,工作日,15,50.0,50.0,387,5805,同程,376,15
2026-10-30,m8,花水湾老街客栈,花水湾镇,客栈,工作日,15,50.0,50.0,387,5805,途家,398,15
2026-10-31,m8,花水湾老街客栈,花水湾镇,客栈,周末,30,100.0,100.0,548,16440,同程,535,0
2026-10-31,m8,花水湾老街客栈,花水湾镇,客栈,周末,30,100.0,100.0,548,16440,途家,560,0
2026-10-01,m9,花水湾石桥客栈,花水湾镇,客栈,国庆,20,100.0,95.0,1200,24000,携程,1207,1
2026-10-01,m9,花水湾石桥客栈,花水湾镇,客栈,国庆,20,100.0,95.0,1200,24000,飞猪,1192,1
2026-10-02,m9,花水湾石桥客栈,花水湾镇,客栈,国庆,19,95.0,90.0,1160,22040,携程,1164,2
2026-10-02,m9,花水湾石桥客栈,花水湾镇,客栈,国庆,19,95.0,90.0,1160,22040,飞猪,1155,2
2026-10-03,m9,花水湾石桥客栈,花水湾镇,客栈,国庆,20,100.0,95.0,1176,23520,携程,1196,1
2026-10-03,m9,花水湾石桥客栈,花水湾镇,客栈,国庆,20,100.0,95.0,1176,23520,飞猪,1156,1
2026-10-04,m9,花水湾石桥客栈,花水湾镇,客栈,国庆,20,100.0,95.0,1164,23280,携程,1176,1
2026-10-04,m9,花水湾石桥客栈,花水湾镇,客栈,国庆,20,100.0,95.0,1164,23280,飞猪,1152,1
2026-10-05,m9,花水湾石桥客栈,花水湾镇,客栈,国庆,20,100.0,95.0,1098,21960,携程,1107,1
2026-10-05,m9,花水湾石桥客栈,花水湾镇,客栈,国庆,20,100.0,95.0,1098,21960,飞猪,1088,1
2026-10-06,m9,花水湾石桥客栈,花水湾镇,客栈,国庆,20,100.0,80.0,1132,22640,携程,1139,4
2026-10-06,m9,花水湾石桥客栈,花水湾镇,客栈,国庆,20,100.0,80.0,1132,22640,飞猪,1125,4
2026-10-07,m9,花水湾石桥客栈,花水湾镇,客栈,国庆,20,100.0,90.0,1170,23400,携程,1174,2
2026-10-07,m9,花水湾石桥客栈,花水湾镇,客栈,国庆,20,100.0,90.0,1170,23400,飞猪,1166,2
2026-10-08,m9,花水湾石桥客栈,花水湾镇,客栈,国庆,19,95.0,87.5,1124,21356,携程,1133,3
2026-10-08,m9,花水湾石桥客栈,花水湾镇,客栈,国庆,19,95.0,87.5,1124,21356,飞猪,1115,2
2026-10-09,m9,花水湾石桥客栈,花水湾镇,客栈,工作日,12,60.0,57.5,545,6540,携程,549,8
2026-10-09,m9,花水湾石桥客栈,花水湾镇,客栈,工作日,12,60.0,57.5,545,6540,飞猪,540,9
2026-10-10,m9,花水湾石桥客栈,花水湾镇,客栈,周末,19,95.0,92.5,795,15105,携程,802,2
2026-10-10,m9,花水湾石桥客栈,花水湾镇,客栈,周末,19,95.0,92.5,795,15105,飞猪,787,1
2026-10-11,m9,花水湾石桥客栈,花水湾镇,客栈,周末,17,85.0,82.5,761,12937,携程,764,4
2026-10-11,m9,花水湾石桥客栈,花水湾镇,客栈,周末,17,85.0,82.5,761,12937,飞猪,758,3
2026-10-12,m9,花水湾石桥客栈,花水湾镇,客栈,工作日,13,65.0,60.0,542,7046,携程,547,8
2026-10-12,m9,花水湾石桥客栈,花水湾镇,客栈,工作日,13,65.0,60.0,542,7046,飞猪,536,8
2026-10-13,m9,花水湾石桥客栈,花水湾镇,客栈,工作日,14,70.0,57.5,559,7826,携程,559,8
2026-10-13,m9,花水湾石桥客栈,花水湾镇,客栈,工作日,14,70.0,57.5,559,7826,飞猪,558,9
2026-10-14,m9,花水湾石桥客栈,花水湾镇,客栈,工作日,11,55.0,55.0,542,5962,携程,547,9
2026-10-14,m9,花水湾石桥客栈,花水湾镇,客栈,工作日,11,55.0,55.0,542,5962,飞猪,537,9
2026-10-15,m9,花水湾石桥客栈,花水湾镇,客栈,工作日,8,40.0,37.5,522,4176,携程,524,12
2026-10-15,m9,花水湾石桥客栈,花水湾镇,客栈,工作日,8,40.0,37.5,522,4176,飞猪,519,13
2026-10-16,m9,花水湾石桥客栈,花水湾镇,客栈,工作日,13,65.0,60.0,545,7085,携程,547,8
2026-10-16,m9,花水湾石桥客栈,花水湾镇,客栈,工作日,13,65.0,60.0,545,7085,飞猪,543,8
2026-10-17,m9,花水湾石桥客栈,花水湾镇,客栈,周末,17,85.0,72.5,716,12172,携程,717,6
2026-10-17,m9,花水湾石桥客栈,花水湾镇,客栈,周末,17,85.0,72.5,716,12172,飞猪,715,5
2026-10-18,m9,花水湾石桥客栈,花水湾镇,客栈,周末,19,95.0,85.0,745,14155,携程,749,3
2026-10-18,m9,花水湾石桥客栈,花水湾镇,客栈,周末,19,95.0,85.0,745,14155,飞猪,740,3
2026-10-19,m9,花水湾石桥客栈,花水湾镇,客栈,工作日,10,50.0,47.5,528,5280,携程,534,11
2026-10-19,m9,花水湾石桥客栈,花水湾镇,客栈,工作日,10,50.0,47.5,528,5280,飞猪,521,10
2026-10-20,m9,花水湾石桥客栈,花水湾镇,客栈,工作日,8,40.0,40.0,522,4176,携程,523,12
2026-10-20,m9,花水湾石桥客栈,花水湾镇,客栈,工作日,8,40.0,40.0,522,4176,飞猪,520,12
2026-10-21,m9,花水湾石桥客栈,花水湾镇,客栈,工作日,11,55.0,42.5,540,5940,携程,543,11
2026-10-21,m9,花水湾石桥客栈,花水湾镇,客栈,工作日,11,55.0,42.5,540,5940,飞猪,537,12
2026-10-22,m9,花水湾石桥客栈,花水湾镇,客栈,工作日,12,60.0,60.0,531,6372,携程,536,8
2026-10-22,m9,花水湾石桥客栈,花水湾镇,客栈,工作日,12,60.0,60.0,531,6372,飞猪,525,8
2026-10-23,m9,花水湾石桥客栈,花水湾镇,客栈,工作日,12,60.0,55.0,544,6528,携程,547,9
2026-10-23,m9,花水湾石桥客栈,花水湾镇,客栈,工作日,12,60.0,55.0,544,6528,飞猪,541,9
2026-10-24,m9,花水湾石桥客栈,花水湾镇,客栈,周末,16,80.0,75.0,729,11664,携程,730,5
2026-10-24,m9,花水湾石桥客栈,花水湾镇,客栈,周末,16,80.0,75.0,729,11664,飞猪,727,5
2026-10-25,m9,花水湾石桥客栈,花水湾镇,客栈,周末,16,80.0,70.0,738,11808,携程,743,6
2026-10-25,m9,花水湾石桥客栈,花水湾镇,客栈,周末,16,80.0,70.0,738,11808,飞猪,733,6
2026-10-26,m9,花水湾石桥客栈,花水湾镇,客栈,工作日,13,65.0,65.0,538,6994,携程,541,7
2026-10-26,m9,花水湾石桥客栈,花水湾镇,客栈,工作日,13,65.0,65.0,538,6994,飞猪,535,7
2026-10-27,m9,花水湾石桥客栈,花水湾镇,客栈,工作日,10,50.0,45.0,519,5190,携程,522,11
2026-10-27,m9,花水湾石桥客栈,花水湾镇,客栈,工作日,10,50.0,45.0,519,5190,飞猪,515,11
2026-10-28,m9,花水湾石桥客栈,花水湾镇,客栈,工作日,13,65.0,55.0,539,7007,携程,543,9
2026-10-28,m9,花水湾石桥客栈,花水湾镇,客栈,工作日,13,65.0,55.0,539,7007,飞猪,535,9
2026-10-29,m9,花水湾石桥客栈,花水湾镇,客栈,工作日,15,75.0,72.5,571,8565,携程,570,6
2026-10-29,m9,花水湾石桥客栈,花水湾镇,客栈,工作日,15,75.0,72.5,571,8565,飞猪,572,5
2026-10-30,m9,花水湾石桥客栈,花水湾镇,客栈,工作日,13,65.0,62.5,546,7098,携程,546,7
2026-10-30,m9,花水湾石桥客栈,花水湾镇,客栈,工作日,13,65.0,62.5,546,7098,飞猪,546,8
2026-10-31,m9,花水湾石桥客栈,花水湾镇,客栈,周末,18,90.0,90.0,731,13158,携程,735,2
2026-10-31,m9,花水湾石桥客栈,花水湾镇,客栈,周末,18,90.0,90.0,731,13158,飞猪,727,2
2026-10-01,m10,花水湾山房温泉民宿,花水湾镇,温泉民宿,国庆,18,94.7,89.5,1547,27846,飞猪,1517,2
2026-10-01,m10,花水湾山房温泉民宿,花水湾镇,温泉民宿,国庆,18,94.7,89.5,1547,27846,途家,1576,2
2026-10-02,m10,花水湾山房温泉民宿,花水湾镇,温泉民宿,国庆,18,94.7,94.7,1506,27108,飞猪,1475,1
2026-10-02,m10,花水湾山房温泉民宿,花水湾镇,温泉民宿,国庆,18,94.7,94.7,1506,27108,途家,1537,1
2026-10-03,m10,花水湾山房温泉民宿,花水湾镇,温泉民宿,国庆,17,89.5,81.6,1551,26367,飞猪,1531,4
2026-10-03,m10,花水湾山房温泉民宿,花水湾镇,温泉民宿,国庆,17,89.5,81.6,1551,26367,途家,1571,3
2026-10-04,m10,花水湾山房温泉民宿,花水湾镇,温泉民宿,国庆,19,100.0,84.2,1497,28443,飞猪,1474,3
2026-10-04,m10,花水湾山房温泉民宿,花水湾镇,温泉民宿,国庆,19,100.0,84.2,1497,28443,途家,1519,3
2026-10-05,m10,花水湾山房温泉民宿,花水湾镇,温泉民宿,国庆,18,94.7,92.1,1543,27774,飞猪,1514,2
2026-10-05,m10,花水湾山房温泉民宿,花水湾镇,温泉民宿,国庆,18,94.7,92.1,1543,27774,途家,1572,1
2026-10-06,m10,花水湾山房温泉民宿,花水湾镇,温泉民宿,国庆,19,100.0,92.1,1484,28196,飞猪,1457,2
2026-10-06,m10,花水湾山房温泉民宿,花水湾镇,温泉民宿,国庆,19,100.0,92.1,1484,28196,途家,1510,1
2026-10-07,m10,花水湾山房温泉民宿,花水湾镇,温泉民宿,国庆,19,100.0,100.0,1559,29621,飞猪,1537,0
2026-10-07,m10,花水湾山房温泉民宿,花水湾镇,温泉民宿,国庆,19,100.0,100.0,1559,29621,途家,1581,0
2026-10-08,m10,花水湾山房温泉民宿,花水湾镇,温泉民宿,国庆,18,94.7,94.7,1644,29592,飞猪,1626,1
2026-10-08,m10,花水湾山房温泉民宿,花水湾镇,温泉民宿,国庆,18,94.7,94.7,1644,29592,途家,1662,1
2026-10-09,m10,花水湾山房温泉民宿,花水湾镇,温泉民宿,工作日,13,68.4,63.2,746,9698,飞猪,734,7
2026-10-09,m10,花水湾山房温泉民宿,花水湾镇,温泉民宿,工作日,13,68.4,63.2,746,9698,途家,758,7
2026-10-10,m10,花水湾山房温泉民宿,花水湾镇,温泉民宿,周末,18,94.7,86.8,982,17676,飞猪,974,3
2026-10-10,m10,花水湾山房温泉民宿,花水湾镇,温泉民宿,周末,18,94.7,86.8,982,17676,途家,989,2
2026-10-11,m10,花水湾山房温泉民宿,花水湾镇,温泉民宿,周末,16,84.2,84.2,972,15552,飞猪,951,3
2026-10-11,m10,花水湾山房温泉民宿,花水湾镇,温泉民宿,周末,16,84.2,84.2,972,15552,途家,993,3
2026-10-12,m10,花水湾山房温泉民宿,花水湾镇,温泉民宿,工作日,15,78.9,71.1,754,11310,飞猪,747,6
2026-10-12,m10,花水湾山房温泉民宿,花水湾镇,温泉民宿,工作日,15,78.9,71.1,754,11310,途家,761,5
2026-10-13,m10,花水湾山房温泉民宿,花水湾镇,温泉民宿,工作日,14,73.7,73.7,751,10514,飞猪,741,5
2026-10-13,m10,花水湾山房温泉民宿,花水湾镇,温泉民宿,工作日,14,73.7,73.7,751,10514,途家,761,5
2026-10-14,m10,花水湾山房温泉民宿,花水湾镇,温泉民宿,工作日,10,52.6,52.6,725,7250,飞猪,714,9
2026-10-14,m10,花水湾山房温泉民宿,花水湾镇,温泉民宿,工作日,10,52.6,52.6,725,7250,途家,736,9
2026-10-15,m10,花水湾山房温泉民宿,花水湾镇,温泉民宿,工作日,3,15.8,13.2,667,2001,飞猪,661,17
2026-10-15,m10,花水湾山房温泉民宿,花水湾镇,温泉民宿,工作日,3,15.8,13.2,667,2001,途家,672,16
2026-10-16,m10,花水湾山房温泉民宿,花水湾镇,温泉民宿,工作日,15,78.9,78.9,751,11265,飞猪,739,4
2026-10-16,m10,花水湾山房温泉民宿,花水湾镇,温泉民宿,工作日,15,78.9,78.9,751,11265,途家,763,4
2026-10-17,m10,花水湾山房温泉民宿,花水湾镇,温泉民宿,周末,18,94.7,84.2,1003,18054,飞猪,982,3
2026-10-17,m10,花水湾山房温泉民宿,花水湾镇,温泉民宿,周末,18,94.7,84.2,1003,18054,途家,1023,3
2026-10-18,m10,花水湾山房温泉民宿,花水湾镇,温泉民宿,周末,19,100.0,100.0,1091,20729,飞猪,1075,0
2026-10-18,m10,花水湾山房温泉民宿,花水湾镇,温泉民宿,周末,19,100.0,100.0,1091,20729,途家,1106,0
2026-10-19,m10,花水湾山房温泉民宿,花水湾镇,温泉民宿,工作日,13,68.4,68.4,742,9646,飞猪,726,6
2026-10-19,m10,花水湾山房温泉民宿,花水湾镇,温泉民宿,工作日,13,68.4,68.4,742,9646,途家,757,6
2026-10-20,m10,花水湾山房温泉民宿,花水湾镇,温泉民宿,工作日,12,63.2,63.2,752,9024,飞猪,741,7
2026-10-20,m10,花水湾山房温泉民宿,花水湾镇,温泉民宿,工作日,12,63.2,63.2,752,9024,途家,762,7
2026-10-21,m10,花水湾山房温泉民宿,花水湾镇,温泉民宿,工作日,12,63.2,63.2,743,8916,飞猪,732,7
2026-10-21,m10,花水湾山房温泉民宿,花水湾镇,温泉民宿,工作日,12,63.2,63.2,743,8916,途家,753,7
2026-10-22,m10,花水湾山房温泉民宿,花水湾镇,温泉民宿,工作日,15,78.9,76.3,758,11370,飞猪,749,5
2026-10-22,m10,花水湾山房温泉民宿,花水湾镇,温泉民宿,工作日,15,78.9,76.3,758,11370,途家,767,4
2026-10-23,m10,花水湾山房温泉民宿,花水湾镇,温泉民宿,工作日,5,26.3,23.7,681,3405,飞猪,676,15
2026-10-23,m10,花水湾山房温泉民宿,花水湾镇,温泉民宿,工作日,5,26.3,23.7,681,3405,途家,686,14
2026-10-24,m10,花水湾山房温泉民宿,花水湾镇,温泉民宿,周末,17,89.5,89.5,1048,17816,飞猪,1036,2
2026-10-24,m10,花水湾山房温泉民宿,花水湾镇,温泉民宿,周末,17,89.5,89.5,1048,17816,途家,1059,2
2026-10-25,m10,花水湾山房温泉民宿,花水湾镇,温泉民宿,周末,18,94.7,92.1,1062,19116,飞猪,1044,2
2026-10-25,m10,花水湾山房温泉民宿,花水湾镇,温泉民宿,周末,18,94.7,92.1,1062,19116,途家,1080,1
2026-10-26,m10,花水湾山房温泉民宿,花水湾镇,温泉民宿,工作日,11,57.9,47.4,725,7975,飞猪,711,10
2026-10-26,m10,花水湾山房温泉民宿,花水湾镇,温泉民宿,工作日,11,57.9,47.4,725,7975,途家,738,10
2026-10-27,m10,花水湾山房温泉民宿,花水湾镇,温泉民宿,工作日,11,57.9,57.9,712,7832,飞猪,700,8
2026-10-27,m10,花水湾山房温泉民宿,花水湾镇,温泉民宿,工作日,11,57.9,57.9,712,7832,途家,724,8
2026-10-28,m10,花水湾山房温泉民宿,花水湾镇,温泉民宿,工作日,13,68.4,68.4,729,9477,飞猪,717,6
2026-10-28,m10,花水湾山房温泉民宿,花水湾镇,温泉民宿,工作日,13,68.4,68.4,729,9477,途家,741,6
2026-10-29,m10,花水湾山房温泉民宿,花水湾镇,温泉民宿,工作日,12,63.2,60.5,750,9000,飞猪,738,8
2026-10-29,m10,花水湾山房温泉民宿,花水湾镇,温泉民宿,工作日,12,63.2,60.5,750,9000,途家,762,7
2026-10-30,m10,花水湾山房温泉民宿,花水湾镇,温泉民宿,工作日,12,63.2,52.6,739,8868,飞猪,732,9
2026-10-30,m10,花水湾山房温泉民宿,花水湾镇,温泉民宿,工作日,12,63.2,52.6,739,8868,途家,746,9
2026-10-31,m10,花水湾山房温泉民宿,花水湾镇,温泉民宿,周末,19,100.0,94.7,1020,19380,飞猪,1011,1
2026-10-31,m10,花水湾山房温泉民宿,花水湾镇,温泉民宿,周末,19,100.0,94.7,1020,19380,途家,1028,1
2026-10-01,m11,花水湾中铁温泉酒店,花水湾镇,酒店,国庆,171,93.4,88.5,2221,379791,携程,2250,21
2026-10-01,m11,花水湾中铁温泉酒店,花水湾镇,酒店,国庆,171,93.4,88.5,2221,379791,去哪儿,2205,21
2026-10-01,m11,花水湾中铁温泉酒店,花水湾镇,酒店,国庆,171,93.4,88.5,2221,379791,同程,2209,21
2026-10-02,m11,花水湾中铁温泉酒店,花水湾镇,酒店,国庆,177,96.7,91.3,2266,401082,携程,2300,16
2026-10-02,m11,花水湾中铁温泉酒店,花水湾镇,酒店,国庆,177,96.7,91.3,2266,401082,去哪儿,2255,16
2026-10-02,m11,花水湾中铁温泉酒店,花水湾镇,酒店,国庆,177,96.7,91.3,2266,401082,同程,2243,16
2026-10-03,m11,花水湾中铁温泉酒店,花水湾镇,酒店,国庆,179,97.8,93.4,2260,404540,携程,2284,12
2026-10-03,m11,花水湾中铁温泉酒店,花水湾镇,酒店,国庆,179,97.8,93.4,2260,404540,去哪儿,2241,12
2026-10-03,m11,花水湾中铁温泉酒店,花水湾镇,酒店,国庆,179,97.8,93.4,2260,404540,同程,2256,12
2026-10-04,m11,花水湾中铁温泉酒店,花水湾镇,酒店,国庆,170,92.9,90.0,2216,376720,携程,2252,19
2026-10-04,m11,花水湾中铁温泉酒店,花水湾镇,酒店,国庆,170,92.9,90.0,2216,376720,去哪儿,2183,18
2026-10-04,m11,花水湾中铁温泉酒店,花水湾镇,酒店,国庆,170,92.9,90.0,2216,376720,同程,2214,18
2026-10-05,m11,花水湾中铁温泉酒店,花水湾镇,酒店,国庆,174,95.1,91.1,2198,382452,携程,2215,17
2026-10-05,m11,花水湾中铁温泉酒店,花水湾镇,酒店,国庆,174,95.1,91.1,2198,382452,去哪儿,2188,16
2026-10-05,m11,花水湾中铁温泉酒店,花水湾镇,酒店,国庆,174,95.1,91.1,2198,382452,同程,2191,16
2026-10-06,m11,花水湾中铁温泉酒店,花水湾镇,酒店,国庆,172,94.0,90.2,2245,386140,携程,2267,18
2026-10-06,m11,花水湾中铁温泉酒店,花水湾镇,酒店,国庆,172,94.0,90.2,2245,386140,去哪儿,2220,18
2026-10-06,m11,花水湾中铁温泉酒店,花水湾镇,酒店,国庆,172,94.0,90.2,2245,386140,同程,2248,18
2026-10-07,m11,花水湾中铁温泉酒店,花水湾镇,酒店,国庆,171,93.4,88.9,2219,379449,携程,2232,20
2026-10-07,m11,花水湾中铁温泉酒店,花水湾镇,酒店,国庆,171,93.4,88.9,2219,379449,去哪儿,2199,20
2026-10-07,m11,花水湾中铁温泉酒店,花水湾镇,酒店,国庆,171,93.4,88.9,2219,379449,同程,2225,21
2026-10-08,m11,花水湾中铁温泉酒店,花水湾镇,酒店,国庆,175,95.6,90.7,2218,388150,携程,2261,17
2026-10-08,m11,花水湾中铁温泉酒店,花水湾镇,酒店,国庆,175,95.6,90.7,2218,388150,去哪儿,2196,17
2026-10-08,m11,花水湾中铁温泉酒店,花水湾镇,酒店,国庆,175,95.6,90.7,2218,388150,同程,2198,17
2026-10-09,m11,花水湾中铁温泉酒店,花水湾镇,酒店,工作日,113,61.7,58.7,1042,117746,携程,1058,76
2026-10-09,m11,花水湾中铁温泉酒店,花水湾镇,酒店,工作日,113,61.7,58.7,1042,117746,去哪儿,1034,75
2026-10-09,m11,花水湾中铁温泉酒店,花水湾镇,酒店,工作日,113,61.7,58.7,1042,117746,同程,1035,76
2026-10-10,m11,花水湾中铁温泉酒店,花水湾镇,酒店,周末,173,94.5,89.4,1456,251888,携程,1476,20
2026-10-10,m11,花水湾中铁温泉酒店,花水湾镇,酒店,周末,173,94.5,89.4,1456,251888,去哪儿,1452,19
2026-10-10,m11,花水湾中铁温泉酒店,花水湾镇,酒店,周末,173,94.5,89.4,1456,251888,同程,1440,19
2026-10-11,m11,花水湾中铁温泉酒店,花水湾镇,酒店,周末,169,92.3,86.9,1442,243698,携程,1467,24
2026-10-11,m11,花水湾中铁温泉酒店,花水湾镇,酒店,周末,169,92.3,86.9,1442,243698,去哪儿,1424,24
2026-10-11,m11,花水湾中铁温泉酒店,花水湾镇,酒店,周末,169,92.3,86.9,1442,243698,同程,1435,24
2026-10-12,m11,花水湾中铁温泉酒店,花水湾镇,酒店,工作日,106,57.9,56.3,1037,109922,携程,1046,80
2026-10-12,m11,花水湾中铁温泉酒店,花水湾镇,酒店,工作日,106,57.9,56.3,1037,109922,去哪儿,1032,80
2026-10-12,m11,花水湾中铁温泉酒店,花水湾镇,酒店,工作日,106,57.9,56.3,1037,109922,同程,1033,80
2026-10-13,m11,花水湾中铁温泉酒店,花水湾镇,酒店,工作日,126,68.9,65.9,1063,133938,携程,1079,62
2026-10-13,m11,花水湾中铁温泉酒店,花水湾镇,酒店,工作日,126,68.9,65.9,1063,133938,去哪儿,1053,62
2026-10-13,m11,花水湾中铁温泉酒店,花水湾镇,酒店,工作日,126,68.9,65.9,1063,133938,同程,1056,63
2026-10-14,m11,花水湾中铁温泉酒店,花水湾镇,酒店,工作日,108,59.0,56.8,1042,112536,携程,1055,79
2026-10-14,m11,花水湾中铁温泉酒店,花水湾镇,酒店,工作日,108,59.0,56.8,1042,112536,去哪儿,1044,79
2026-10-14,m11,花水湾中铁温泉酒店,花水湾镇,酒店,工作日,108,59.0,56.8,1042,112536,同程,1027,79
2026-10-15,m11,花水湾中铁温泉酒店,花水湾镇,酒店,工作日,110,60.1,56.6,1044,114840,携程,1060,79
2026-10-15,m11,花水湾中铁温泉酒店,花水湾镇,酒店,工作日,110,60.1,56.6,1044,114840,去哪儿,1039,79
2026-10-15,m11,花水湾中铁温泉酒店,花水湾镇,酒店,工作日,110,60.1,56.6,1044,114840,同程,1034,80
2026-10-16,m11,花水湾中铁温泉酒店,花水湾镇,酒店,工作日,113,61.7,57.4,1013,114469,携程,1025,78
2026-10-16,m11,花水湾中铁温泉酒店,花水湾镇,酒店,工作日,113,61.7,57.4,1013,114469,去哪儿,1006,78
2026-10-16,m11,花水湾中铁温泉酒店,花水湾镇,酒店,工作日,113,61.7,57.4,1013,114469,同程,1009,78
2026-10-17,m11,花水湾中铁温泉酒店,花水湾镇,酒店,周末,170,92.9,85.6,1414,240380,携程,1425,26
2026-10-17,m11,花水湾中铁温泉酒店,花水湾镇,酒店,周末,170,92.9,85.6,1414,240380,去哪儿,1412,26
2026-10-17,m11,花水湾中铁温泉酒店,花水湾镇,酒店,周末,170,92.9,85.6,1414,240380,同程,1405,27
2026-10-18,m11,花水湾中铁温泉酒店,花水湾镇,酒店,周末,166,90.7,86.3,1419,235554,携程,1437,25
2026-10-18,m11,花水湾中铁温泉酒店,花水湾镇,酒店,周末,166,90.7,86.3,1419,235554,去哪儿,1405,25
2026-10-18,m11,花水湾中铁温泉酒店,花水湾镇,酒店,周末,166,90.7,86.3,1419,235554,同程,1416,25
2026-10-19,m11,花水湾中铁温泉酒店,花水湾镇,酒店,工作日,112,61.2,59.4,1037,116144,携程,1057,74
2026-10-19,m11,花水湾中铁温泉酒店,花水湾镇,酒店,工作日,112,61.2,59.4,1037,116144,去哪儿,1033,74
2026-10-19,m11,花水湾中铁温泉酒店,花水湾镇,酒店,工作日,112,61.2,59.4,1037,116144,同程,1020,75
2026-10-20,m11,花水湾中铁温泉酒店,花水湾镇,酒店,工作日,108,59.0,55.2,1027,110916,携程,1034,82
2026-10-20,m11,花水湾中铁温泉酒店,花水湾镇,酒店,工作日,108,59.0,55.2,1027,110916,去哪儿,1026,82
2026-10-20,m11,花水湾中铁温泉酒店,花水湾镇,酒店,工作日,108,59.0,55.2,1027,110916,同程,1022,82
2026-10-21,m11,花水湾中铁温泉酒店,花水湾镇,酒店,工作日,118,64.5,60.5,1028,121304,携程,1041,73
2026-10-21,m11,花水湾中铁温泉酒店,花水湾镇,酒店,工作日,118,64.5,60.5,1028,121304,去哪儿,1020,72
2026-10-21,m11,花水湾中铁温泉酒店,花水湾镇,酒店,工作日,118,64.5,60.5,1028,121304,同程,1022,72
2026-10-22,m11,花水湾中铁温泉酒店,花水湾镇,酒店,工作日,109,59.6,56.8,1034,112706,携程,1051,79
2026-10-22,m11,花水湾中铁温泉酒店,花水湾镇,酒店,工作日,109,59.6,56.8,1034,112706,去哪儿,1019,79
2026-10-22,m11,花水湾中铁温泉酒店,花水湾镇,酒店,工作日,109,59.6,56.8,1034,112706,同程,1033,79
2026-10-23,m11,花水湾中铁温泉酒店,花水湾镇,酒店,工作日,125,68.3,64.3,1059,132375,携程,1082,65
2026-10-23,m11,花水湾中铁温泉酒店,花水湾镇,酒店,工作日,125,68.3,64.3,1059,132375,去哪儿,1046,65
2026-10-23,m11,花水湾中铁温泉酒店,花水湾镇,酒店,工作日,125,68.3,64.3,1059,132375,同程,1050,66
2026-10-24,m11,花水湾中铁温泉酒店,花水湾镇,酒店,周末,170,92.9,91.1,1452,246840,携程,1462,16
2026-10-24,m11,花水湾中铁温泉酒店,花水湾镇,酒店,周末,170,92.9,91.1,1452,246840,去哪儿,1443,16
2026-10-24,m11,花水湾中铁温泉酒店,花水湾镇,酒店,周末,170,92.9,91.1,1452,246840,同程,1450,17
2026-10-25,m11,花水湾中铁温泉酒店,花水湾镇,酒店,周末,162,88.5,82.0,1444,233928,携程,1462,33
2026-10-25,m11,花水湾中铁温泉酒店,花水湾镇,酒店,周末,162,88.5,82.0,1444,233928,去哪儿,1433,33
2026-10-25,m11,花水湾中铁温泉酒店,花水湾镇,酒店,周末,162,88.5,82.0,1444,233928,同程,1438,33
2026-10-26,m11,花水湾中铁温泉酒店,花水湾镇,酒店,工作日,109,59.6,52.8,1027,111943,携程,1033,87
2026-10-26,m11,花水湾中铁温泉酒店,花水湾镇,酒店,工作日,109,59.6,52.8,1027,111943,去哪儿,1026,86
2026-10-26,m11,花水湾中铁温泉酒店,花水湾镇,酒店,工作日,109,59.6,52.8,1027,111943,同程,1022,86
2026-10-27,m11,花水湾中铁温泉酒店,花水湾镇,酒店,工作日,114,62.3,59.6,1040,118560,携程,1050,74
2026-10-27,m11,花水湾中铁温泉酒店,花水湾镇,酒店,工作日,114,62.3,59.6,1040,118560,去哪儿,1030,74
2026-10-27,m11,花水湾中铁温泉酒店,花水湾镇,酒店,工作日,114,62.3,59.6,1040,118560,同程,1039,74
2026-10-28,m11,花水湾中铁温泉酒店,花水湾镇,酒店,工作日,101,55.2,52.5,1019,102919,携程,1030,87
2026-10-28,m11,花水湾中铁温泉酒店,花水湾镇,酒店,工作日,101,55.2,52.5,1019,102919,去哪儿,1007,87
2026-10-28,m11,花水湾中铁温泉酒店,花水湾镇,酒店,工作日,101,55.2,52.5,1019,102919,同程,1021,87
2026-10-29,m11,花水湾中铁温泉酒店,花水湾镇,酒店,工作日,106,57.9,56.6,1034,109604,携程,1034,79
2026-10-29,m11,花水湾中铁温泉酒店,花水湾镇,酒店,工作日,106,57.9,56.6,1034,109604,去哪儿,1033,79
2026-10-29,m11,花水湾中铁温泉酒店,花水湾镇,酒店,工作日,106,57.9,56.6,1034,109604,同程,1035,80
2026-10-30,m11,花水湾中铁温泉酒店,花水湾镇,酒店,工作日,111,60.7,58.5,1041,115551,携程,1057,76
2026-10-30,m11,花水湾中铁温泉酒店,花水湾镇,酒店,工作日,111,60.7,58.5,1041,115551,去哪儿,1027,76
2026-10-30,m11,花水湾中铁温泉酒店,花水湾镇,酒店,工作日,111,60.7,58.5,1041,115551,同程,1040,76
2026-10-31,m11,花水湾中铁温泉酒店,花水湾镇,酒店,周末,168,91.8,87.4,1435,241080,携程,1452,23
2026-10-31,m11,花水湾中铁温泉酒店,花水湾镇,酒店,周末,168,91.8,87.4,1435,241080,去哪儿,1428,23
2026-10-31,m11,花水湾中铁温泉酒店,花水湾镇,酒店,周末,168,91.8,87.4,1435,241080,同程,1425,23
2026-10-01,m12,花水湾山房温泉民宿,花水湾镇,温泉民宿,国庆,23,92.0,90.7,1186,27278,飞猪,1193,3
2026-10-01,m12,花水湾山房温泉民宿,花水湾镇,温泉民宿,国庆,23,92.0,90.7,1186,27278,去哪儿,1184,2
2026-10-01,m12,花水湾山房温泉民宿,花水湾镇,温泉民宿,国庆,23,92.0,90.7,1186,27278,同程,1182,2
2026-10-02,m12,花水湾山房温泉民宿,花水湾镇,温泉民宿,国庆,24,96.0,86.7,1189,28536,飞猪,1190,3
2026-10-02,m12,花水湾山房温泉民宿,花水湾镇,温泉民宿,国庆,24,96.0,86.7,1189,28536,去哪儿,1179,3
2026-10-02,m12,花水湾山房温泉民宿,花水湾镇,温泉民宿,国庆,24,96.0,86.7,1189,28536,同程,1197,4
2026-10-03,m12,花水湾山房温泉民宿,花水湾镇,温泉民宿,国庆,24,96.0,93.3,1191,28584,飞猪,1196,2
2026-10-03,m12,花水湾山房温泉民宿,花水湾镇,温泉民宿,国庆,24,96.0,93.3,1191,28584,去哪儿,1182,1
2026-10-03,m12,花水湾山房温泉民宿,花水湾镇,温泉民宿,国庆,24,96.0,93.3,1191,28584,同程,1194,2
2026-10-04,m12,花水湾山房温泉民宿,花水湾镇,温泉民宿,国庆,24,96.0,92.0,1240,29760,飞猪,1253,2
2026-10-04,m12,花水湾山房温泉民宿,花水湾镇,温泉民宿,国庆,24,96.0,92.0,1240,29760,去哪儿,1232,2
2026-10-04,m12,花水湾山房温泉民宿,花水湾镇,温泉民宿,国庆,24,96.0,92.0,1240,29760,同程,1236,2
2026-10-05,m12,花水湾山房温泉民宿,花水湾镇,温泉民宿,国庆,25,100.0,94.7,1180,29500,飞猪,1187,1
2026-10-05,m12,花水湾山房温泉民宿,花水湾镇,温泉民宿,国庆,25,100.0,94.7,1180,29500,去哪儿,1183,1
2026-10-05,m12,花水湾山房温泉民宿,花水湾镇,温泉民宿,国庆,25,100.0,94.7,1180,29500,同程,1170,2
2026-10-06,m12,花水湾山房温泉民宿,花水湾镇,温泉民宿,国庆,23,92.0,90.7,1199,27577,飞猪,1203,3
2026-10-06,m12,花水湾山房温泉民宿,花水湾镇,温泉民宿,国庆,23,92.0,90.7,1199,27577,去哪儿,1199,2
2026-10-06,m12,花水湾山房温泉民宿,花水湾镇,温泉民宿,国庆,23,92.0,90.7,1199,27577,同程,1196,2
2026-10-07,m12,花水湾山房温泉民宿,花水湾镇,温泉民宿,国庆,22,88.0,84.0,1148,25256,飞猪,1155,4
2026-10-07,m12,花水湾山房温泉民宿,花水湾镇,温泉民宿,国庆,22,88.0,84.0,1148,25256,去哪儿,1152,4
2026-10-07,m12,花水湾山房温泉民宿,花水湾镇,温泉民宿,国庆,22,88.0,84.0,1148,25256,同程,1138,4
2026-10-08,m12,花水湾山房温泉民宿,花水湾镇,温泉民宿,国庆,25,100.0,86.7,1139,28475,飞猪,1153,3
2026-10-08,m12,花水湾山房温泉民宿,花水湾镇,温泉民宿,国庆,25,100.0,86.7,1139,28475,去哪儿,1130,3
2026-10-08,m12,花水湾山房温泉民宿,花水湾镇,温泉民宿,国庆,25,100.0,86.7,1139,28475,同程,1135,4
2026-10-09,m12,花水湾山房温泉民宿,花水湾镇,温泉民宿,工作日,18,72.0,68.0,583,10494,飞猪,587,8
2026-10-09,m12,花水湾山房温泉民宿,花水湾镇,温泉民宿,工作日,18,72.0,68.0,583,10494,去哪儿,579,8
2026-10-09,m12,花水湾山房温泉民宿,花水湾镇,温泉民宿,工作日,18,72.0,68.0,583,10494,同程,582,8
2026-10-10,m12,花水湾山房温泉民宿,花水湾镇,温泉民宿,周末,23,92.0,84.0,759,17457,飞猪,758,4
2026-10-10,m12,花水湾山房温泉民宿,花水湾镇,温泉民宿,周末,23,92.0,84.0,759,17457,去哪儿,763,4
2026-10-10,m12,花水湾山房温泉民宿,花水湾镇,温泉民宿,周末,23,92.0,84.0,759,17457,同程,756,4
2026-10-11,m12,花水湾山房温泉民宿,花水湾镇,温泉民宿,周末,22,88.0,78.7,764,16808,飞猪,769,5
2026-10-11,m12,花水湾山房温泉民宿,花水湾镇,温泉民宿,周末,22,88.0,78.7,764,16808,去哪儿,761,5
2026-10-11,m12,花水湾山房温泉民宿,花水湾镇,温泉民宿,周末,22,88.0,78.7,764,16808,同程,763,6
2026-10-12,m12,花水湾山房温泉民宿,花水湾镇,温泉民宿,工作日,20,80.0,78.7,577,11540,飞猪,581,5
2026-10-12,m12,花水湾山房温泉民宿,花水湾镇,温泉民宿,工作日,20,80.0,78.7,577,11540,去哪儿,570,5
2026-10-12,m12,花水湾山房温泉民宿,花水湾镇,温泉民宿,工作日,20,80.0,78.7,577,11540,同程,579,6
2026-10-13,m12,花水湾山房温泉民宿,花水湾镇,温泉民宿,工作日,16,64.0,64.0,569,9104,飞猪,572,9
2026-10-13,m12,花水湾山房温泉民宿,花水湾镇,温泉民宿,工作日,16,64.0,64.0,569,9104,去哪儿,569,9
2026-10-13,m12,花水湾山房温泉民宿,花水湾镇,温泉民宿,工作日,16,64.0,64.0,569,9104,同程,567,9
2026-10-14,m12,花水湾山房温泉民宿,花水湾镇,温泉民宿,工作日,19,76.0,70.7,565,10735,飞猪,567,8
2026-10-14,m12,花水湾山房温泉民宿,花水湾镇,温泉民宿,工作日,19,76.0,70.7,565,10735,去哪儿,565,7
2026-10-14,m12,花水湾山房温泉民宿,花水湾镇,温泉民宿,工作日,19,76.0,70.7,565,10735,同程,563,7
2026-10-15,m12,花水湾山房温泉民宿,花水湾镇,温泉民宿,工作日,16,64.0,57.3,565,9040,飞猪,569,11
2026-10-15,m12,花水湾山房温泉民宿,花水湾镇,温泉民宿,工作日,16,64.0,57.3,565,9040,去哪儿,566,10
2026-10-15,m12,花水湾山房温泉民宿,花水湾镇,温泉民宿,工作日,16,64.0,57.3,565,9040,同程,561,11
2026-10-16,m12,花水湾山房温泉民宿,花水湾镇,温泉民宿,工作日,15,60.0,56.0,546,8190,飞猪,548,11
2026-10-16,m12,花水湾山房温泉民宿,花水湾镇,温泉民宿,工作日,15,60.0,56.0,546,8190,去哪儿,540,11
2026-10-16,m12,花水湾山房温泉民宿,花水湾镇,温泉民宿,工作日,15,60.0,56.0,546,8190,同程,549,11
2026-10-17,m12,花水湾山房温泉民宿,花水湾镇,温泉民宿,周末,23,92.0,84.0,758,17434,飞猪,765,4
2026-10-17,m12,花水湾山房温泉民宿,花水湾镇,温泉民宿,周末,23,92.0,84.0,758,17434,去哪儿,760,4
2026-10-17,m12,花水湾山房温泉民宿,花水湾镇,温泉民宿,周末,23,92.0,84.0,758,17434,同程,750,4
2026-10-18,m12,花水湾山房温泉民宿,花水湾镇,温泉民宿,周末,23,92.0,84.0,739,16997,飞猪,744,4
2026-10-18,m12,花水湾山房温泉民宿,花水湾镇,温泉民宿,周末,23,92.0,84.0,739,16997,去哪儿,737,4
2026-10-18,m12,花水湾山房温泉民宿,花水湾镇,温泉民宿,周末,23,92.0,84.0,739,16997,同程,737,4
2026-10-19,m12,花水湾山房温泉民宿,花水湾镇,温泉民宿,工作日,20,80.0,68.0,587,11740,飞猪,584,8
2026-10-19,m12,花水湾山房温泉民宿,花水湾镇,温泉民宿,工作日,20,80.0,68.0,587,11740,去哪儿,589,8
2026-10-19,m12,花水湾山房温泉民宿,花水湾镇,温泉民宿,工作日,20,80.0,68.0,587,11740,同程,589,8
2026-10-20,m12,花水湾山房温泉民宿,花水湾镇,温泉民宿,工作日,14,56.0,54.7,549,7686,飞猪,555,11
2026-10-20,m12,花水湾山房温泉民宿,花水湾镇,温泉民宿,工作日,14,56.0,54.7,549,7686,去哪儿,545,11
2026-10-20,m12,花水湾山房温泉民宿,花水湾镇,温泉民宿,工作日,14,56.0,54.7,549,7686,同程,546,12
2026-10-21,m12,花水湾山房温泉民宿,花水湾镇,温泉民宿,工作日,19,76.0,72.0,568,10792,飞猪,571,7
2026-10-21,m12,花水湾山房温泉民宿,花水湾镇,温泉民宿,工作日,19,76.0,72.0,568,10792,去哪儿,564,7
2026-10-21,m12,花水湾山房温泉民宿,花水湾镇,温泉民宿,工作日,19,76.0,72.0,568,10792,同程,569,7
2026-10-22,m12,花水湾山房温泉民宿,花水湾镇,温泉民宿,工作日,17,68.0,62.7,562,9554,飞猪,564,9
2026-10-22,m12,花水湾山房温泉民宿,花水湾镇,温泉民宿,工作日,17,68.0,62.7,562,9554,去哪儿,561,9
2026-10-22,m12,花水湾山房温泉民宿,花水湾镇,温泉民宿,工作日,17,68.0,62.7,562,9554,同程,560,10
2026-10-23,m12,花水湾山房温泉民宿,花水湾镇,温泉民宿,工作日,15,60.0,56.0,560,8400,飞猪,565,11
2026-10-23,m12,花水湾山房温泉民宿,花水湾镇,温泉民宿,工作日,15,60.0,56.0,560,8400,去哪儿,557,11
2026-10-23,m12,花水湾山房温泉民宿,花水湾镇,温泉民宿,工作日,15,60.0,56.0,560,8400,同程,557,11
2026-10-24,m12,花水湾山房温泉民宿,花水湾镇,温泉民宿,周末,24,96.0,96.0,760,18240,飞猪,763,1
2026-10-24,m12,花水湾山房温泉民宿,花水湾镇,温泉民宿,周末,24,96.0,96.0,760,18240,去哪儿,759,1
2026-10-24,m12,花水湾山房温泉民宿,花水湾镇,温泉民宿,周末,24,96.0,96.0,760,18240,同程,757,1
2026-10-25,m12,花水湾山房温泉民宿,花水湾镇,温泉民宿,周末,22,88.0,62.7,722,15884,飞猪,729,9
2026-10-25,m12,花水湾山房温泉民宿,花水湾镇,温泉民宿,周末,22,88.0,62.7,722,15884,去哪儿,713,9
2026-10-25,m12,花水湾山房温泉民宿,花水湾镇,温泉民宿,周末,22,88.0,62.7,722,15884,同程,723,10
2026-10-26,m12,花水湾山房温泉民宿,花水湾镇,温泉民宿,工作日,13,52.0,49.3,559,7267,飞猪,569,13
2026-10-26,m12,花水湾山房温泉民宿,花水湾镇,温泉民宿,工作日,13,52.0,49.3,559,7267,去哪儿,553,12
2026-10-26,m12,花水湾山房温泉民宿,花水湾镇,温泉民宿,工作日,13,52.0,49.3,559,7267,同程,554,13
2026-10-27,m12,花水湾山房温泉民宿,花水湾镇,温泉民宿,工作日,16,64.0,56.0,565,9040,飞猪,567,11
2026-10-27,m12,花水湾山房温泉民宿,花水湾镇,温泉民宿,工作日,16,64.0,56.0,565,9040,去哪儿,564,11
2026-10-27,m12,花水湾山房温泉民宿,花水湾镇,温泉民宿,工作日,16,64.0,56.0,565,9040,同程,565,11
2026-10-28,m12,花水湾山房温泉民宿,花水湾镇,温泉民宿,工作日,18,72.0,64.0,565,10170,飞猪,566,9
2026-10-28,m12,花水湾山房温泉民宿,花水湾镇,温泉民宿,工作日,18,72.0,64.0,565,10170,去哪儿,564,9
2026-10-28,m12,花水湾山房温泉民宿,花水湾镇,温泉民宿,工作日,18,72.0,64.0,565,10170,同程,566,9
2026-10-29,m12,花水湾山房温泉民宿,花水湾镇,温泉民宿,工作日,15,60.0,58.7,554,8310,飞猪,556,10
2026-10-29,m12,花水湾山房温泉民宿,花水湾镇,温泉民宿,工作日,15,60.0,58.7,554,8310,去哪儿,554,10
2026-10-29,m12,花水湾山房温泉民宿,花水湾镇,温泉民宿,工作日,15,60.0,58.7,554,8310,同程,553,11
2026-10-30,m12,花水湾山房温泉民宿,花水湾镇,温泉民宿,工作日,19,76.0,74.7,574,10906,飞猪,578,6
2026-10-30,m12,花水湾山房温泉民宿,花水湾镇,温泉民宿,工作日,19,76.0,74.7,574,10906,去哪儿,574,6
2026-10-30,m12,花水湾山房温泉民宿,花水湾镇,温泉民宿,工作日,19,76.0,74.7,574,10906,同程,571,7
2026-10-31,m12,花水湾山房温泉民宿,花水湾镇,温泉民宿,周末,21,84.0,74.7,737,15477,飞猪,743,6
2026-10-31,m12,花水湾山房温泉民宿,花水湾镇,温泉民宿,周末,21,84.0,74.7,737,15477,去哪儿,739,6
2026-10-31,m12,花水湾山房温泉民宿,花水湾镇,温泉民宿,周末,21,84.0,74.7,737,15477,同程,730,7
2026-10-01,m13,花水湾云中漫步温泉民宿,花水湾镇,温泉民宿,国庆,13,92.9,85.7,1559,20267,美团,1551,2
2026-10-01,m13,花水湾云中漫步温泉民宿,花水湾镇,温泉民宿,国庆,13,92.9,85.7,1559,20267,飞猪,1587,2
2026-10-01,m13,花水湾云中漫步温泉民宿,花水湾镇,温泉民宿,国庆,13,92.9,85.7,1559,20267,同程,1538,2
2026-10-02,m13,花水湾云中漫步温泉民宿,花水湾镇,温泉民宿,国庆,13,92.9,76.2,1498,19474,美团,1488,4
2026-10-02,m13,花水湾云中漫步温泉民宿,花水湾镇,温泉民宿,国庆,13,92.9,76.2,1498,19474,飞猪,1513,3
2026-10-02,m13,花水湾云中漫步温泉民宿,花水湾镇,温泉民宿,国庆,13,92.9,76.2,1498,19474,同程,1493,3
2026-10-03,m13,花水湾云中漫步温泉民宿,花水湾镇,温泉民宿,国庆,14,100.0,83.3,1524,21336,美团,1521,3
2026-10-03,m13,花水湾云中漫步温泉民宿,花水湾镇,温泉民宿,国庆,14,100.0,83.3,1524,21336,飞猪,1530,2
2026-10-03,m13,花水湾云中漫步温泉民宿,花水湾镇,温泉民宿,国庆,14,100.0,83.3,1524,21336,同程,1520,2
2026-10-04,m13,花水湾云中漫步温泉民宿,花水湾镇,温泉民宿,国庆,13,92.9,88.1,1558,20254,美团,1533,2
2026-10-04,m13,花水湾云中漫步温泉民宿,花水湾镇,温泉民宿,国庆,13,92.9,88.1,1558,20254,飞猪,1588,1
2026-10-04,m13,花水湾云中漫步温泉民宿,花水湾镇,温泉民宿,国庆,13,92.9,88.1,1558,20254,同程,1554,2
2026-10-05,m13,花水湾云中漫步温泉民宿,花水湾镇,温泉民宿,国庆,12,85.7,71.4,1472,17664,美团,1447,4
2026-10-05,m13,花水湾云中漫步温泉民宿,花水湾镇,温泉民宿,国庆,12,85.7,71.4,1472,17664,飞猪,1492,4
2026-10-05,m13,花水湾云中漫步温泉民宿,花水湾镇,温泉民宿,国庆,12,85.7,71.4,1472,17664,同程,1476,4
2026-10-06,m13,花水湾云中漫步温泉民宿,花水湾镇,温泉民宿,国庆,14,100.0,95.2,1488,20832,美团,1460,1
2026-10-06,m13,花水湾云中漫步温泉民宿,花水湾镇,温泉民宿,国庆,14,100.0,95.2,1488,20832,飞猪,1498,0
2026-10-06,m13,花水湾云中漫步温泉民宿,花水湾镇,温泉民宿,国庆,14,100.0,95.2,1488,20832,同程,1506,1
2026-10-07,m13,花水湾云中漫步温泉民宿,花水湾镇,温泉民宿,国庆,13,92.9,81.0,1439,18707,美团,1420,3
2026-10-07,m13,花水湾云中漫步温泉民宿,花水湾镇,温泉民宿,国庆,13,92.9,81.0,1439,18707,飞猪,1454,2
2026-10-07,m13,花水湾云中漫步温泉民宿,花水湾镇,温泉民宿,国庆,13,92.9,81.0,1439,18707,同程,1444,3
2026-10-08,m13,花水湾云中漫步温泉民宿,花水湾镇,温泉民宿,国庆,13,92.9,81.0,1493,19409,美团,1495,3
2026-10-08,m13,花水湾云中漫步温泉民宿,花水湾镇,温泉民宿,国庆,13,92.9,81.0,1493,19409,飞猪,1510,2
2026-10-08,m13,花水湾云中漫步温泉民宿,花水湾镇,温泉民宿,国庆,13,92.9,81.0,1493,19409,同程,1473,3
2026-10-09,m13,花水湾云中漫步温泉民宿,花水湾镇,温泉民宿,工作日,9,64.3,59.5,739,6651,美团,730,6
2026-10-09,m13,花水湾云中漫步温泉民宿,花水湾镇,温泉民宿,工作日,9,64.3,59.5,739,6651,飞猪,743,5
2026-10-09,m13,花水湾云中漫步温泉民宿,花水湾镇,温泉民宿,工作日,9,64.3,59.5,739,6651,同程,743,6
2026-10-10,m13,花水湾云中漫步温泉民宿,花水湾镇,温泉民宿,周末,14,100.0,85.7,1004,14056,美团,991,2
2026-10-10,m13,花水湾云中漫步温泉民宿,花水湾镇,温泉民宿,周末,14,100.0,85.7,1004,14056,飞猪,1012,2
2026-10-10,m13,花水湾云中漫步温泉民宿,花水湾镇,温泉民宿,周末,14,100.0,85.7,1004,14056,同程,1008,2
2026-10-11,m13,花水湾云中漫步温泉民宿,花水湾镇,温泉民宿,周末,12,85.7,83.3,970,11640,美团,968,2
2026-10-11,m13,花水湾云中漫步温泉民宿,花水湾镇,温泉民宿,周末,12,85.7,83.3,970,11640,飞猪,972,2
2026-10-11,m13,花水湾云中漫步温泉民宿,花水湾镇,温泉民宿,周末,12,85.7,83.3,970,11640,同程,969,3
2026-10-12,m13,花水湾云中漫步温泉民宿,花水湾镇,温泉民宿,工作日,6,42.9,40.5,705,4230,美团,697,8
2026-10-12,m13,花水湾云中漫步温泉民宿,花水湾镇,温泉民宿,工作日,6,42.9,40.5,705,4230,飞猪,717,9
2026-10-12,m13,花水湾云中漫步温泉民宿,花水湾镇,温泉民宿,工作日,6,42.9,40.5,705,4230,同程,701,8
2026-10-13,m13,花水湾云中漫步温泉民宿,花水湾镇,温泉民宿,工作日,5,35.7,28.6,675,3375,美团,670,10
2026-10-13,m13,花水湾云中漫步温泉民宿,花水湾镇,温泉民宿,工作日,5,35.7,28.6,675,3375,飞猪,678,10
2026-10-13,m13,花水湾云中漫步温泉民宿,花水湾镇,温泉民宿,工作日,5,35.7,28.6,675,3375,同程,677,10
2026-10-14,m13,花水湾云中漫步温泉民宿,花水湾镇,温泉民宿,工作日,9,64.3,52.4,737,6633,美团,732,7
2026-10-14,m13,花水湾云中漫步温泉民宿,花水湾镇,温泉民宿,工作日,9,64.3,52.4,737,6633,飞猪,739,6
2026-10-14,m13,花水湾云中漫步温泉民宿,花水湾镇,温泉民宿,工作日,9,64.3,52.4,737,6633,同程,739,7
2026-10-15,m13,花水湾云中漫步温泉民宿,花水湾镇,温泉民宿,工作日,8,57.1,47.6,698,5584,美团,694,8
2026-10-15,m13,花水湾云中漫步温泉民宿,花水湾镇,温泉民宿,工作日,8,57.1,47.6,698,5584,飞猪,700,7
2026-10-15,m13,花水湾云中漫步温泉民宿,花水湾镇,温泉民宿,工作日,8,57.1,47.6,698,5584,同程,700,7
2026-10-16,m13,花水湾云中漫步温泉民宿,花水湾镇,温泉民宿,工作日,6,42.9,38.1,692,4152,美团,689,9
2026-10-16,m13,花水湾云中漫步温泉民宿,花水湾镇,温泉民宿,工作日,6,42.9,38.1,692,4152,飞猪,692,9
2026-10-16,m13,花水湾云中漫步温泉民宿,花水湾镇,温泉民宿,工作日,6,42.9,38.1,692,4152,同程,694,8
2026-10-17,m13,花水湾云中漫步温泉民宿,花水湾镇,温泉民宿,周末,14,100.0,88.1,989,13846,美团,984,2
2026-10-17,m13,花水湾云中漫步温泉民宿,花水湾镇,温泉民宿,周末,14,100.0,88.1,989,13846,飞猪,995,1
2026-10-17,m13,花水湾云中漫步温泉民宿,花水湾镇,温泉民宿,周末,14,100.0,88.1,989,13846,同程,988,2
2026-10-18,m13,花水湾云中漫步温泉民宿,花水湾镇,温泉民宿,周末,13,92.9,92.9,999,12987,美团,993,1
2026-10-18,m13,花水湾云中漫步温泉民宿,花水湾镇,温泉民宿,周末,13,92.9,92.9,999,12987,飞猪,1008,1
2026-10-18,m13,花水湾云中漫步温泉民宿,花水湾镇,温泉民宿,周末,13,92.9,92.9,999,12987,同程,995,1
2026-10-19,m13,花水湾云中漫步温泉民宿,花水湾镇,温泉民宿,工作日,7,50.0,50.0,708,4956,美团,697,7
2026-10-19,m13,花水湾云中漫步温泉民宿,花水湾镇,温泉民宿,工作日,7,50.0,50.0,708,4956,飞猪,711,7
2026-10-19,m13,花水湾云中漫步温泉民宿,花水湾镇,温泉民宿,工作日,7,50.0,50.0,708,4956,同程,716,7
2026-10-20,m13,花水湾云中漫步温泉民宿,花水湾镇,温泉民宿,工作日,7,50.0,40.5,690,4830,美团,678,9
2026-10-20,m13,花水湾云中漫步温泉民宿,花水湾镇,温泉民宿,工作日,7,50.0,40.5,690,4830,飞猪,697,8
2026-10-20,m13,花水湾云中漫步温泉民宿,花水湾镇,温泉民宿,工作日,7,50.0,40.5,690,4830,同程,694,8
2026-10-21,m13,花水湾云中漫步温泉民宿,花水湾镇,温泉民宿,工作日,10,71.4,66.7,721,7210,美团,711,5
2026-10-21,m13,花水湾云中漫步温泉民宿,花水湾镇,温泉民宿,工作日,10,71.4,66.7,721,7210,飞猪,727,5
2026-10-21,m13,花水湾云中漫步温泉民宿,花水湾镇,温泉民宿,工作日,10,71.4,66.7,721,7210,同程,724,4
2026-10-22,m13,花水湾云中漫步温泉民宿,花水湾镇,温泉民宿,工作日,6,42.9,38.1,685,4110,美团,677,9
2026-10-22,m13,花水湾云中漫步温泉民宿,花水湾镇,温泉民宿,工作日,6,42.9,38.1,685,4110,飞猪,700,9
2026-10-22,m13,花水湾云中漫步温泉民宿,花水湾镇,温泉民宿,工作日,6,42.9,38.1,685,4110,同程,678,8
2026-10-23,m13,花水湾云中漫步温泉民宿,花水湾镇,温泉民宿,工作日,8,57.1,52.4,736,5888,美团,728,7
2026-10-23,m13,花水湾云中漫步温泉民宿,花水湾镇,温泉民宿,工作日,8,57.1,52.4,736,5888,飞猪,742,7
2026-10-23,m13,花水湾云中漫步温泉民宿,花水湾镇,温泉民宿,工作日,8,57.1,52.4,736,5888,同程,739,6
2026-10-24,m13,花水湾云中漫步温泉民宿,花水湾镇,温泉民宿,周末,14,100.0,83.3,965,13510,美团,951,2
2026-10-24,m13,花水湾云中漫步温泉民宿,花水湾镇,温泉民宿,周末,14,100.0,83.3,965,13510,飞猪,979,2
2026-10-24,m13,花水湾云中漫步温泉民宿,花水湾镇,温泉民宿,周末,14,100.0,83.3,965,13510,同程,966,3
2026-10-25,m13,花水湾云中漫步温泉民宿,花水湾镇,温泉民宿,周末,12,85.7,73.8,937,11244,美团,939,4
2026-10-25,m13,花水湾云中漫步温泉民宿,花水湾镇,温泉民宿,周末,12,85.7,73.8,937,11244,飞猪,937,4
2026-10-25,m13,花水湾云中漫步温泉民宿,花水湾镇,温泉民宿,周末,12,85.7,73.8,937,11244,同程,935,3
2026-10-26,m13,花水湾云中漫步温泉民宿,花水湾镇,温泉民宿,工作日,10,71.4,64.3,742,7420,美团,730,5
2026-10-26,m13,花水湾云中漫步温泉民宿,花水湾镇,温泉民宿,工作日,10,71.4,64.3,742,7420,飞猪,753,5
2026-10-26,m13,花水湾云中漫步温泉民宿,花水湾镇,温泉民宿,工作日,10,71.4,64.3,742,7420,同程,743,5
2026-10-27,m13,花水湾云中漫步温泉民宿,花水湾镇,温泉民宿,工作日,8,57.1,54.8,720,5760,美团,713,7
2026-10-27,m13,花水湾云中漫步温泉民宿,花水湾镇,温泉民宿,工作日,8,57.1,54.8,720,5760,飞猪,722,6
2026-10-27,m13,花水湾云中漫步温泉民宿,花水湾镇,温泉民宿,工作日,8,57.1,54.8,720,5760,同程,724,6
2026-10-28,m13,花水湾云中漫步温泉民宿,花水湾镇,温泉民宿,工作日,4,28.6,21.4,669,2676,美团,662,11
2026-10-28,m13,花水湾云中漫步温泉民宿,花水湾镇,温泉民宿,工作日,4,28.6,21.4,669,2676,飞猪,672,11
2026-10-28,m13,花水湾云中漫步温泉民宿,花水湾镇,温泉民宿,工作日,4,28.6,21.4,669,2676,同程,674,11
2026-10-29,m13,花水湾云中漫步温泉民宿,花水湾镇,温泉民宿,工作日,10,71.4,54.8,686,6860,美团,679,7
2026-10-29,m13,花水湾云中漫步温泉民宿,花水湾镇,温泉民宿,工作日,10,71.4,54.8,686,6860,飞猪,693,6
2026-10-29,m13,花水湾云中漫步温泉民宿,花水湾镇,温泉民宿,工作日,10,71.4,54.8,686,6860,同程,685,6
2026-10-30,m13,花水湾云中漫步温泉民宿,花水湾镇,温泉民宿,工作日,7,50.0,42.9,706,4942,美团,697,8
2026-10-30,m13,花水湾云中漫步温泉民宿,花水湾镇,温泉民宿,工作日,7,50.0,42.9,706,4942,飞猪,713,8
2026-10-30,m13,花水湾云中漫步温泉民宿,花水湾镇,温泉民宿,工作日,7,50.0,42.9,706,4942,同程,709,8
2026-10-31,m13,花水湾云中漫步温泉民宿,花水湾镇,温泉民宿,周末,13,92.9,76.2,940,12220,美团,931,4
2026-10-31,m13,花水湾云中漫步温泉民宿,花水湾镇,温泉民宿,周末,13,92.9,76.2,940,12220,飞猪,946,3
2026-10-31,m13,花水湾云中漫步温泉民宿,花水湾镇,温泉民宿,周末,13,92.9,76.2,940,12220,同程,943,3
2026-10-01,m14,花水湾圣索亚温泉酒店,花水湾镇,酒店,国庆,82,90.1,85.7,1134,92988,携程,1157,13
2026-10-01,m14,花水湾圣索亚温泉酒店,花水湾镇,酒店,国庆,82,90.1,85.7,1134,92988,美团,1112,13
2026-10-01,m14,花水湾圣索亚温泉酒店,花水湾镇,酒店,国庆,82,90.1,85.7,1134,92988,去哪儿,1132,13
2026-10-02,m14,花水湾圣索亚温泉酒店,花水湾镇,酒店,国庆,85,93.4,87.5,1142,97070,携程,1158,11
2026-10-02,m14,花水湾圣索亚温泉酒店,花水湾镇,酒店,国庆,85,93.4,87.5,1142,97070,美团,1136,12
2026-10-02,m14,花水湾圣索亚温泉酒店,花水湾镇,酒店,国庆,85,93.4,87.5,1142,97070,去哪儿,1132,11
2026-10-03,m14,花水湾圣索亚温泉酒店,花水湾镇,酒店,国庆,87,95.6,94.5,1174,102138,携程,1184,5
2026-10-03,m14,花水湾圣索亚温泉酒店,花水湾镇,酒店,国庆,87,95.6,94.5,1174,102138,美团,1159,5
2026-10-03,m14,花水湾圣索亚温泉酒店,花水湾镇,酒店,国庆,87,95.6,94.5,1174,102138,去哪儿,1178,5
2026-10-04,m14,花水湾圣索亚温泉酒店,花水湾镇,酒店,国庆,86,94.5,90.1,1158,99588,携程,1170,9
2026-10-04,m14,花水湾圣索亚温泉酒店,花水湾镇,酒店,国庆,86,94.5,90.1,1158,99588,美团,1142,9
2026-10-04,m14,花水湾圣索亚温泉酒店,花水湾镇,酒店,国庆,86,94.5,90.1,1158,99588,去哪儿,1161,9
2026-10-05,m14,花水湾圣索亚温泉酒店,花水湾镇,酒店,国庆,87,95.6,92.3,1152,100224,携程,1165,7
2026-10-05,m14,花水湾圣索亚温泉酒店,花水湾镇,酒店,国庆,87,95.6,92.3,1152,100224,美团,1141,7
2026-10-05,m14,花水湾圣索亚温泉酒店,花水湾镇,酒店,国庆,87,95.6,92.3,1152,100224,去哪儿,1150,7
2026-10-06,m14,花水湾圣索亚温泉酒店,花水湾镇,酒店,国庆,84,92.3,86.4,1154,96936,携程,1168,12
2026-10-06,m14,花水湾圣索亚温泉酒店,花水湾镇,酒店,国庆,84,92.3,86.4,1154,96936,美团,1144,13
2026-10-06,m14,花水湾圣索亚温泉酒店,花水湾镇,酒店,国庆,84,92.3,86.4,1154,96936,去哪儿,1151,12
2026-10-07,m14,花水湾圣索亚温泉酒店,花水湾镇,酒店,国庆,83,91.2,87.5,1154,95782,携程,1169,11
2026-10-07,m14,花水湾圣索亚温泉酒店,花水湾镇,酒店,国庆,83,91.2,87.5,1154,95782,美团,1147,12
2026-10-07,m14,花水湾圣索亚温泉酒店,花水湾镇,酒店,国庆,83,91.2,87.5,1154,95782,去哪儿,1145,11
2026-10-08,m14,花水湾圣索亚温泉酒店,花水湾镇,酒店,国庆,81,89.0,82.1,1140,92340,携程,1170,16
2026-10-08,m14,花水湾圣索亚温泉酒店,花水湾镇,酒店,国庆,81,89.0,82.1,1140,92340,美团,1119,17
2026-10-08,m14,花水湾圣索亚温泉酒店,花水湾镇,酒店,国庆,81,89.0,82.1,1140,92340,去哪儿,1131,16
2026-10-09,m14,花水湾圣索亚温泉酒店,花水湾镇,酒店,工作日,65,71.4,70.0,562,36530,携程,577,27
2026-10-09,m14,花水湾圣索亚温泉酒店,花水湾镇,酒店,工作日,65,71.4,70.0,562,36530,美团,555,28
2026-10-09,m14,花水湾圣索亚温泉酒店,花水湾镇,酒店,工作日,65,71.4,70.0,562,36530,去哪儿,554,27
2026-10-10,m14,花水湾圣索亚温泉酒店,花水湾镇,酒店,周末,82,90.1,86.8,742,60844,携程,761,12
2026-10-10,m14,花水湾圣索亚温泉酒店,花水湾镇,酒店,周末,82,90.1,86.8,742,60844,美团,733,12
2026-10-10,m14,花水湾圣索亚温泉酒店,花水湾镇,酒店,周末,82,90.1,86.8,742,60844,去哪儿,733,12
2026-10-11,m14,花水湾圣索亚温泉酒店,花水湾镇,酒店,周末,79,86.8,83.2,753,59487,携程,760,16
2026-10-11,m14,花水湾圣索亚温泉酒店,花水湾镇,酒店,周末,79,86.8,83.2,753,59487,美团,744,15
2026-10-11,m14,花水湾圣索亚温泉酒店,花水湾镇,酒店,周末,79,86.8,83.2,753,59487,去哪儿,755,15
2026-10-12,m14,花水湾圣索亚温泉酒店,花水湾镇,酒店,工作日,68,74.7,67.8,561,38148,携程,569,29
2026-10-12,m14,花水湾圣索亚温泉酒店,花水湾镇,酒店,工作日,68,74.7,67.8,561,38148,美团,549,30
2026-10-12,m14,花水湾圣索亚温泉酒店,花水湾镇,酒店,工作日,68,74.7,67.8,561,38148,去哪儿,566,29
2026-10-13,m14,花水湾圣索亚温泉酒店,花水湾镇,酒店,工作日,52,57.1,56.8,553,28756,携程,563,39
2026-10-13,m14,花水湾圣索亚温泉酒店,花水湾镇,酒店,工作日,52,57.1,56.8,553,28756,美团,546,40
2026-10-13,m14,花水湾圣索亚温泉酒店,花水湾镇,酒店,工作日,52,57.1,56.8,553,28756,去哪儿,550,39
2026-10-14,m14,花水湾圣索亚温泉酒店,花水湾镇,酒店,工作日,64,70.3,64.5,543,34752,携程,552,32
2026-10-14,m14,花水湾圣索亚温泉酒店,花水湾镇,酒店,工作日,64,70.3,64.5,543,34752,美团,537,33
2026-10-14,m14,花水湾圣索亚温泉酒店,花水湾镇,酒店,工作日,64,70.3,64.5,543,34752,去哪儿,540,32
2026-10-15,m14,花水湾圣索亚温泉酒店,花水湾镇,酒店,工作日,56,61.5,54.6,545,30520,携程,555,41
2026-10-15,m14,花水湾圣索亚温泉酒店,花水湾镇,酒店,工作日,56,61.5,54.6,545,30520,美团,534,42
2026-10-15,m14,花水湾圣索亚温泉酒店,花水湾镇,酒店,工作日,56,61.5,54.6,545,30520,去哪儿,547,41
2026-10-16,m14,花水湾圣索亚温泉酒店,花水湾镇,酒店,工作日,58,63.7,60.1,552,32016,携程,561,36
2026-10-16,m14,花水湾圣索亚温泉酒店,花水湾镇,酒店,工作日,58,63.7,60.1,552,32016,美团,543,37
2026-10-16,m14,花水湾圣索亚温泉酒店,花水湾镇,酒店,工作日,58,63.7,60.1,552,32016,去哪儿,553,36
2026-10-17,m14,花水湾圣索亚温泉酒店,花水湾镇,酒店,周末,86,94.5,92.3,757,65102,携程,767,7
2026-10-17,m14,花水湾圣索亚温泉酒店,花水湾镇,酒店,周末,86,94.5,92.3,757,65102,美团,746,7
2026-10-17,m14,花水湾圣索亚温泉酒店,花水湾镇,酒店,周末,86,94.5,92.3,757,65102,去哪儿,758,7
2026-10-18,m14,花水湾圣索亚温泉酒店,花水湾镇,酒店,周末,77,84.6,79.9,740,56980,携程,753,19
2026-10-18,m14,花水湾圣索亚温泉酒店,花水湾镇,酒店,周末,77,84.6,79.9,740,56980,美团,729,18
2026-10-18,m14,花水湾圣索亚温泉酒店,花水湾镇,酒店,周末,77,84.6,79.9,740,56980,去哪儿,738,18
2026-10-19,m14,花水湾圣索亚温泉酒店,花水湾镇,酒店,工作日,55,60.4,59.3,546,30030,携程,551,37
2026-10-19,m14,花水湾圣索亚温泉酒店,花水湾镇,酒店,工作日,55,60.4,59.3,546,30030,美团,540,37
2026-10-19,m14,花水湾圣索亚温泉酒店,花水湾镇,酒店,工作日,55,60.4,59.3,546,30030,去哪儿,547,37
2026-10-20,m14,花水湾圣索亚温泉酒店,花水湾镇,酒店,工作日,67,73.6,72.2,564,37788,携程,572,25
2026-10-20,m14,花水湾圣索亚温泉酒店,花水湾镇,酒店,工作日,67,73.6,72.2,564,37788,美团,557,26
2026-10-20,m14,花水湾圣索亚温泉酒店,花水湾镇,酒店,工作日,67,73.6,72.2,564,37788,去哪儿,562,25
2026-10-21,m14,花水湾圣索亚温泉酒店,花水湾镇,酒店,工作日,59,64.8,60.4,557,32863,携程,562,36
2026-10-21,m14,花水湾圣索亚温泉酒店,花水湾镇,酒店,工作日,59,64.8,60.4,557,32863,美团,549,36
2026-10-21,m14,花水湾圣索亚温泉酒店,花水湾镇,酒店,工作日,59,64.8,60.4,557,32863,去哪儿,561,36
2026-10-22,m14,花水湾圣索亚温泉酒店,花水湾镇,酒店,工作日,62,68.1,63.7,556,34472,携程,566,33
2026-10-22,m14,花水湾圣索亚温泉酒店,花水湾镇,酒店,工作日,62,68.1,63.7,556,34472,美团,549,33
2026-10-22,m14,花水湾圣索亚温泉酒店,花水湾镇,酒店,工作日,62,68.1,63.7,556,34472,去哪儿,552,33
2026-10-23,m14,花水湾圣索亚温泉酒店,花水湾镇,酒店,工作日,68,74.7,68.9,550,37400,携程,559,28
2026-10-23,m14,花水湾圣索亚温泉酒店,花水湾镇,酒店,工作日,68,74.7,68.9,550,37400,美团,542,29
2026-10-23,m14,花水湾圣索亚温泉酒店,花水湾镇,酒店,工作日,68,74.7,68.9,550,37400,去哪儿,549,28
2026-10-24,m14,花水湾圣索亚温泉酒店,花水湾镇,酒店,周末,79,86.8,85.7,740,58460,携程,752,13
2026-10-24,m14,花水湾圣索亚温泉酒店,花水湾镇,酒店,周末,79,86.8,85.7,740,58460,美团,726,13
2026-10-24,m14,花水湾圣索亚温泉酒店,花水湾镇,酒店,周末,79,86.8,85.7,740,58460,去哪儿,742,13
2026-10-25,m14,花水湾圣索亚温泉酒店,花水湾镇,酒店,周末,79,86.8,80.6,729,57591,携程,746,18
2026-10-25,m14,花水湾圣索亚温泉酒店,花水湾镇,酒店,周末,79,86.8,80.6,729,57591,美团,716,18
2026-10-25,m14,花水湾圣索亚温泉酒店,花水湾镇,酒店,周末,79,86.8,80.6,729,57591,去哪儿,726,17
2026-10-26,m14,花水湾圣索亚温泉酒店,花水湾镇,酒店,工作日,64,70.3,66.7,566,36224,携程,581,30
2026-10-26,m14,花水湾圣索亚温泉酒店,花水湾镇,酒店,工作日,64,70.3,66.7,566,36224,美团,556,31
2026-10-26,m14,花水湾圣索亚温泉酒店,花水湾镇,酒店,工作日,64,70.3,66.7,566,36224,去哪儿,560,30
2026-10-27,m14,花水湾圣索亚温泉酒店,花水湾镇,酒店,工作日,66,72.5,70.0,568,37488,携程,582,27
2026-10-27,m14,花水湾圣索亚温泉酒店,花水湾镇,酒店,工作日,66,72.5,70.0,568,37488,美团,556,28
2026-10-27,m14,花水湾圣索亚温泉酒店,花水湾镇,酒店,工作日,66,72.5,70.0,568,37488,去哪儿,567,27
2026-10-28,m14,花水湾圣索亚温泉酒店,花水湾镇,酒店,工作日,64,70.3,67.0,550,35200,携程,560,30
2026-10-28,m14,花水湾圣索亚温泉酒店,花水湾镇,酒店,工作日,64,70.3,67.0,550,35200,美团,539,30
2026-10-28,m14,花水湾圣索亚温泉酒店,花水湾镇,酒店,工作日,64,70.3,67.0,550,35200,去哪儿,551,30
2026-10-29,m14,花水湾圣索亚温泉酒店,花水湾镇,酒店,工作日,66,72.5,68.9,548,36168,携程,555,28
2026-10-29,m14,花水湾圣索亚温泉酒店,花水湾镇,酒店,工作日,66,72.5,68.9,548,36168,美团,544,29
2026-10-29,m14,花水湾圣索亚温泉酒店,花水湾镇,酒店,工作日,66,72.5,68.9,548,36168,去哪儿,545,28
2026-10-30,m14,花水湾圣索亚温泉酒店,花水湾镇,酒店,工作日,57,62.6,59.7,539,30723,携程,545,37
2026-10-30,m14,花水湾圣索亚温泉酒店,花水湾镇,酒店,工作日,57,62.6,59.7,539,30723,美团,537,37
2026-10-30,m14,花水湾圣索亚温泉酒店,花水湾镇,酒店,工作日,57,62.6,59.7,539,30723,去哪儿,535,36
2026-10-31,m14,花水湾圣索亚温泉酒店,花水湾镇,酒店,周末,84,92.3,87.5,761,63924,携程,768,11
2026-10-31,m14,花水湾圣索亚温泉酒店,花水湾镇,酒店,周末,84,92.3,87.5,761,63924,美团,754,12
2026-10-31,m14,花水湾圣索亚温泉酒店,花水湾镇,酒店,周末,84,92.3,87.5,761,63924,去哪儿,762,11
2026-10-01,m15,花水湾青瓦客栈,花水湾镇,客栈,国庆,42,97.7,97.1,760,31920,携程,765,1
2026-10-01,m15,花水湾青瓦客栈,花水湾镇,客栈,国庆,42,97.7,97.1,760,31920,飞猪,750,2
2026-10-01,m15,花水湾青瓦客栈,花水湾镇,客栈,国庆,42,97.7,97.1,760,31920,去哪儿,745,1
2026-10-01,m15,花水湾青瓦客栈,花水湾镇,客栈,国庆,42,97.7,97.1,760,31920,途家,778,1
2026-10-02,m15,花水湾青瓦客栈,花水湾镇,客栈,国庆,42,97.7,90.7,734,30828,携程,733,4
2026-10-02,m15,花水湾青瓦客栈,花水湾镇,客栈,国庆,42,97.7,90.7,734,30828,飞猪,734,4
2026-10-02,m15,花水湾青瓦客栈,花水湾镇,客栈,国庆,42,97.7,90.7,734,30828,去哪儿,721,4
2026-10-02,m15,花水湾青瓦客栈,花水湾镇,客栈,国庆,42,97.7,90.7,734,30828,途家,748,4
2026-10-03,m15,花水湾青瓦客栈,花水湾镇,客栈,国庆,41,95.3,94.8,756,30996,携程,758,2
2026-10-03,m15,花水湾青瓦客栈,花水湾镇,客栈,国庆,41,95.3,94.8,756,30996,飞猪,754,3
2026-10-03,m15,花水湾青瓦客栈,花水湾镇,客栈,国庆,41,95.3,94.8,756,30996,去哪儿,744,2
2026-10-03,m15,花水湾青瓦客栈,花水湾镇,客栈,国庆,41,95.3,94.8,756,30996,途家,769,2
2026-10-04,m15,花水湾青瓦客栈,花水湾镇,客栈,国庆,41,95.3,86.0,727,29807,携程,728,6
2026-10-04,m15,花水湾青瓦客栈,花水湾镇,客栈,国庆,41,95.3,86.0,727,29807,飞猪,724,6
2026-10-04,m15,花水湾青瓦客栈,花水湾镇,客栈,国庆,41,95.3,86.0,727,29807,去哪儿,714,6
2026-10-04,m15,花水湾青瓦客栈,花水湾镇,客栈,国庆,41,95.3,86.0,727,29807,途家,742,6
2026-10-05,m15,花水湾青瓦客栈,花水湾镇,客栈,国庆,42,97.7,92.4,742,31164,携程,746,3
2026-10-05,m15,花水湾青瓦客栈,花水湾镇,客栈,国庆,42,97.7,92.4,742,31164,飞猪,737,4
2026-10-05,m15,花水湾青瓦客栈,花水湾镇,客栈,国庆,42,97.7,92.4,742,31164,去哪儿,725,3
2026-10-05,m15,花水湾青瓦客栈,花水湾镇,客栈,国庆,42,97.7,92.4,742,31164,途家,761,3
2026-10-06,m15,花水湾青瓦客栈,花水湾镇,客栈,国庆,41,95.3,91.9,738,30258,携程,738,4
2026-10-06,m15,花水湾青瓦客栈,花水湾镇,客栈,国庆,41,95.3,91.9,738,30258,飞猪,738,4
2026-10-06,m15,花水湾青瓦客栈,花水湾镇,客栈,国庆,41,95.3,91.9,738,30258,去哪儿,725,3
2026-10-06,m15,花水湾青瓦客栈,花水湾镇,客栈,国庆,41,95.3,91.9,738,30258,途家,751,3
2026-10-07,m15,花水湾青瓦客栈,花水湾镇,客栈,国庆,40,93.0,87.8,731,29240,携程,732,5
2026-10-07,m15,花水湾青瓦客栈,花水湾镇,客栈,国庆,40,93.0,87.8,731,29240,飞猪,728,6
2026-10-07,m15,花水湾青瓦客栈,花水湾镇,客栈,国庆,40,93.0,87.8,731,29240,去哪儿,718,5
2026-10-07,m15,花水湾青瓦客栈,花水湾镇,客栈,国庆,40,93.0,87.8,731,29240,途家,747,5
2026-10-08,m15,花水湾青瓦客栈,花水湾镇,客栈,国庆,42,97.7,83.7,701,29442,携程,710,7
2026-10-08,m15,花水湾青瓦客栈,花水湾镇,客栈,国庆,42,97.7,83.7,701,29442,飞猪,694,7
2026-10-08,m15,花水湾青瓦客栈,花水湾镇,客栈,国庆,42,97.7,83.7,701,29442,去哪儿,691,7
2026-10-08,m15,花水湾青瓦客栈,花水湾镇,客栈,国庆,42,97.7,83.7,701,29442,途家,707,7
2026-10-09,m15,花水湾青瓦客栈,花水湾镇,客栈,工作日,32,74.4,73.8,359,11488,携程,356,12
2026-10-09,m15,花水湾青瓦客栈,花水湾镇,客栈,工作日,32,74.4,73.8,359,11488,飞猪,358,11
2026-10-09,m15,花水湾青瓦客栈,花水湾镇,客栈,工作日,32,74.4,73.8,359,11488,去哪儿,353,11
2026-10-09,m15,花水湾青瓦客栈,花水湾镇,客栈,工作日,32,74.4,73.8,359,11488,途家,367,11
2026-10-10,m15,花水湾青瓦客栈,花水湾镇,客栈,周末,40,93.0,90.7,475,19000,携程,477,4
2026-10-10,m15,花水湾青瓦客栈,花水湾镇,客栈,周末,40,93.0,90.7,475,19000,飞猪,471,4
2026-10-10,m15,花水湾青瓦客栈,花水湾镇,客栈,周末,40,93.0,90.7,475,19000,去哪儿,464,4
2026-10-10,m15,花水湾青瓦客栈,花水湾镇,客栈,周末,40,93.0,90.7,475,19000,途家,489,4
2026-10-11,m15,花水湾青瓦客栈,花水湾镇,客栈,周末,39,90.7,81.4,461,17979,携程,463,8
2026-10-11,m15,花水湾青瓦客栈,花水湾镇,客栈,周末,39,90.7,81.4,461,17979,飞猪,455,8
2026-10-11,m15,花水湾青瓦客栈,花水湾镇,客栈,周末,39,90.7,81.4,461,17979,去哪儿,451,8
2026-10-11,m15,花水湾青瓦客栈,花水湾镇,客栈,周末,39,90.7,81.4,461,17979,途家,474,8
2026-10-12,m15,花水湾青瓦客栈,花水湾镇,客栈,工作日,29,67.4,67.4,351,10179,携程,349,14
2026-10-12,m15,花水湾青瓦客栈,花水湾镇,客栈,工作日,29,67.4,67.4,351,10179,飞猪,348,14
2026-10-12,m15,花水湾青瓦客栈,花水湾镇,客栈,工作日,29,67.4,67.4,351,10179,去哪儿,349,14
2026-10-12,m15,花水湾青瓦客栈,花水湾镇,客栈,工作日,29,67.4,67.4,351,10179,途家,359,14
2026-10-13,m15,花水湾青瓦客栈,花水湾镇,客栈,工作日,32,74.4,73.8,369,11808,携程,367,12
2026-10-13,m15,花水湾青瓦客栈,花水湾镇,客栈,工作日,32,74.4,73.8,369,11808,飞猪,368,11
2026-10-13,m15,花水湾青瓦客栈,花水湾镇,客栈,工作日,32,74.4,73.8,369,11808,去哪儿,362,11
2026-10-13,m15,花水湾青瓦客栈,花水湾镇,客栈,工作日,32,74.4,73.8,369,11808,途家,379,11
2026-10-14,m15,花水湾青瓦客栈,花水湾镇,客栈,工作日,25,58.1,52.9,350,8750,携程,351,21
2026-10-14,m15,花水湾青瓦客栈,花水湾镇,客栈,工作日,25,58.1,52.9,350,8750,飞猪,346,20
2026-10-14,m15,花水湾青瓦客栈,花水湾镇,客栈,工作日,25,58.1,52.9,350,8750,去哪儿,341,20
2026-10-14,m15,花水湾青瓦客栈,花水湾镇,客栈,工作日,25,58.1,52.9,350,8750,途家,360,20
2026-10-15,m15,花水湾青瓦客栈,花水湾镇,客栈,工作日,29,67.4,66.9,356,10324,携程,355,15
2026-10-15,m15,花水湾青瓦客栈,花水湾镇,客栈,工作日,29,67.4,66.9,356,10324,飞猪,354,14
2026-10-15,m15,花水湾青瓦客栈,花水湾镇,客栈,工作日,29,67.4,66.9,356,10324,去哪儿,350,14
2026-10-15,m15,花水湾青瓦客栈,花水湾镇,客栈,工作日,29,67.4,66.9,356,10324,途家,365,14
2026-10-16,m15,花水湾青瓦客栈,花水湾镇,客栈,工作日,24,55.8,55.2,345,8280,携程,344,19
2026-10-16,m15,花水湾青瓦客栈,花水湾镇,客栈,工作日,24,55.8,55.2,345,8280,飞猪,343,20
2026-10-16,m15,花水湾青瓦客栈,花水湾镇,客栈,工作日,24,55.8,55.2,345,8280,去哪儿,340,19
2026-10-16,m15,花水湾青瓦客栈,花水湾镇,客栈,工作日,24,55.8,55.2,345,8280,途家,351,19
2026-10-17,m15,花水湾青瓦客栈,花水湾镇,客栈,周末,42,97.7,88.4,476,19992,携程,473,5
2026-10-17,m15,花水湾青瓦客栈,花水湾镇,客栈,周末,42,97.7,88.4,476,19992,飞猪,471,5
2026-10-17,m15,花水湾青瓦客栈,花水湾镇,客栈,周末,42,97.7,88.4,476,19992,去哪儿,472,5
2026-10-17,m15,花水湾青瓦客栈,花水湾镇,客栈,周末,42,97.7,88.4,476,19992,途家,488,5
2026-10-18,m15,花水湾青瓦客栈,花水湾镇,客栈,周末,41,95.3,94.8,483,19803,携程,486,3
2026-10-18,m15,花水湾青瓦客栈,花水湾镇,客栈,周末,41,95.3,94.8,483,19803,飞猪,475,2
2026-10-18,m15,花水湾青瓦客栈,花水湾镇,客栈,周末,41,95.3,94.8,483,19803,去哪儿,474,2
2026-10-18,m15,花水湾青瓦客栈,花水湾镇,客栈,周末,41,95.3,94.8,483,19803,途家,498,2
2026-10-19,m15,花水湾青瓦客栈,花水湾镇,客栈,工作日,27,62.8,60.5,344,9288,携程,345,17
2026-10-19,m15,花水湾青瓦客栈,花水湾镇,客栈,工作日,27,62.8,60.5,344,9288,飞猪,341,17
2026-10-19,m15,花水湾青瓦客栈,花水湾镇,客栈,工作日,27,62.8,60.5,344,9288,去哪儿,338,17
2026-10-19,m15,花水湾青瓦客栈,花水湾镇,客栈,工作日,27,62.8,60.5,344,9288,途家,350,17
2026-10-20,m15,花水湾青瓦客栈,花水湾镇,客栈,工作日,27,62.8,62.2,352,9504,携程,352,17
2026-10-20,m15,花水湾青瓦客栈,花水湾镇,客栈,工作日,27,62.8,62.2,352,9504,飞猪,349,16
2026-10-20,m15,花水湾青瓦客栈,花水湾镇,客栈,工作日,27,62.8,62.2,352,9504,去哪儿,348,16
2026-10-20,m15,花水湾青瓦客栈,花水湾镇,客栈,工作日,27,62.8,62.2,352,9504,途家,359,16
2026-10-21,m15,花水湾青瓦客栈,花水湾镇,客栈,工作日,27,62.8,62.8,350,9450,携程,350,16
2026-10-21,m15,花水湾青瓦客栈,花水湾镇,客栈,工作日,27,62.8,62.8,350,9450,飞猪,348,16
2026-10-21,m15,花水湾青瓦客栈,花水湾镇,客栈,工作日,27,62.8,62.8,350,9450,去哪儿,339,16
2026-10-21,m15,花水湾青瓦客栈,花水湾镇,客栈,工作日,27,62.8,62.8,350,9450,途家,362,16
2026-10-22,m15,花水湾青瓦客栈,花水湾镇,客栈,工作日,24,55.8,53.5,345,8280,携程,346,20
2026-10-22,m15,花水湾青瓦客栈,花水湾镇,客栈,工作日,24,55.8,53.5,345,8280,飞猪,344,20
2026-10-22,m15,花水湾青瓦客栈,花水湾镇,客栈,工作日,24,55.8,53.5,345,8280,去哪儿,339,20
2026-10-22,m15,花水湾青瓦客栈,花水湾镇,客栈,工作日,24,55.8,53.5,345,8280,途家,349,20
2026-10-23,m15,花水湾青瓦客栈,花水湾镇,客栈,工作日,24,55.8,53.5,344,8256,携程,344,20
2026-10-23,m15,花水湾青瓦客栈,花水湾镇,客栈,工作日,24,55.8,53.5,344,8256,飞猪,339,20
2026-10-23,m15,花水湾青瓦客栈,花水湾镇,客栈,工作日,24,55.8,53.5,344,8256,去哪儿,342,20
2026-10-23,m15,花水湾青瓦客栈,花水湾镇,客栈,工作日,24,55.8,53.5,344,8256,途家,352,20
2026-10-24,m15,花水湾青瓦客栈,花水湾镇,客栈,周末,42,97.7,89.5,475,19950,携程,476,5
2026-10-24,m15,花水湾青瓦客栈,花水湾镇,客栈,周末,42,97.7,89.5,475,19950,飞猪,470,5
2026-10-24,m15,花水湾青瓦客栈,花水湾镇,客栈,周末,42,97.7,89.5,475,19950,去哪儿,467,4
2026-10-24,m15,花水湾青瓦客栈,花水湾镇,客栈,周末,42,97.7,89.5,475,19950,途家,485,4
2026-10-25,m15,花水湾青瓦客栈,花水湾镇,客栈,周末,39,90.7,90.1,483,18837,携程,485,5
2026-10-25,m15,花水湾青瓦客栈,花水湾镇,客栈,周末,39,90.7,90.1,483,18837,飞猪,476,4
2026-10-25,m15,花水湾青瓦客栈,花水湾镇,客栈,周末,39,90.7,90.1,483,18837,去哪儿,475,4
2026-10-25,m15,花水湾青瓦客栈,花水湾镇,客栈,周末,39,90.7,90.1,483,18837,途家,497,4
2026-10-26,m15,花水湾青瓦客栈,花水湾镇,客栈,工作日,25,58.1,57.6,347,8675,携程,350,18
2026-10-26,m15,花水湾青瓦客栈,花水湾镇,客栈,工作日,25,58.1,57.6,347,8675,飞猪,344,19
2026-10-26,m15,花水湾青瓦客栈,花水湾镇,客栈,工作日,25,58.1,57.6,347,8675,去哪儿,339,18
2026-10-26,m15,花水湾青瓦客栈,花水湾镇,客栈,工作日,25,58.1,57.6,347,8675,途家,354,18
2026-10-27,m15,花水湾青瓦客栈,花水湾镇,客栈,工作日,26,60.5,55.8,350,9100,携程,351,19
2026-10-27,m15,花水湾青瓦客栈,花水湾镇,客栈,工作日,26,60.5,55.8,350,9100,飞猪,345,19
2026-10-27,m15,花水湾青瓦客栈,花水湾镇,客栈,工作日,26,60.5,55.8,350,9100,去哪儿,344,19
2026-10-27,m15,花水湾青瓦客栈,花水湾镇,客栈,工作日,26,60.5,55.8,350,9100,途家,359,19
2026-10-28,m15,花水湾青瓦客栈,花水湾镇,客栈,工作日,26,60.5,57.6,352,9152,携程,353,18
2026-10-28,m15,花水湾青瓦客栈,花水湾镇,客栈,工作日,26,60.5,57.6,352,9152,飞猪,350,19
2026-10-28,m15,花水湾青瓦客栈,花水湾镇,客栈,工作日,26,60.5,57.6,352,9152,去哪儿,346,18
2026-10-28,m15,花水湾青瓦客栈,花水湾镇,客栈,工作日,26,60.5,57.6,352,9152,途家,357,18
2026-10-29,m15,花水湾青瓦客栈,花水湾镇,客栈,工作日,24,55.8,48.3,348,8352,携程,350,22
2026-10-29,m15,花水湾青瓦客栈,花水湾镇,客栈,工作日,24,55.8,48.3,348,8352,飞猪,344,23
2026-10-29,m15,花水湾青瓦客栈,花水湾镇,客栈,工作日,24,55.8,48.3,348,8352,去哪儿,338,22
2026-10-29,m15,花水湾青瓦客栈,花水湾镇,客栈,工作日,24,55.8,48.3,348,8352,途家,358,22
2026-10-30,m15,花水湾青瓦客栈,花水湾镇,客栈,工作日,25,58.1,52.9,345,8625,携程,347,20
2026-10-30,m15,花水湾青瓦客栈,花水湾镇,客栈,工作日,25,58.1,52.9,345,8625,飞猪,344,21
2026-10-30,m15,花水湾青瓦客栈,花水湾镇,客栈,工作日,25,58.1,52.9,345,8625,去哪儿,337,20
2026-10-30,m15,花水湾青瓦客栈,花水湾镇,客栈,工作日,25,58.1,52.9,345,8625,途家,352,20
2026-10-31,m15,花水湾青瓦客栈,花水湾镇,客栈,周末,39,90.7,80.8,475,18525,携程,477,9
2026-10-31,m15,花水湾青瓦客栈,花水湾镇,客栈,周末,39,90.7,80.8,475,18525,飞猪,470,8
2026-10-31,m15,花水湾青瓦客栈,花水湾镇,客栈,周末,39,90.7,80.8,475,18525,去哪儿,465,8
2026-10-31,m15,花水湾青瓦客栈,花水湾镇,客栈,周末,39,90.7,80.8,475,18525,途家,488,8
2026-10-01,m16,花水湾小筑温泉民宿,花水湾镇,温泉民宿,国庆,16,94.1,88.2,1667,26672,携程,1679,2
2026-10-01,m16,花水湾小筑温泉民宿,花水湾镇,温泉民宿,国庆,16,94.1,88.2,1667,26672,美团,1622,2
2026-10-01,m16,花水湾小筑温泉民宿,花水湾镇,温泉民宿,国庆,16,94.1,88.2,1667,26672,飞猪,1664,2
2026-10-01,m16,花水湾小筑温泉民宿,花水湾镇,温泉民宿,国庆,16,94.1,88.2,1667,26672,途家,1701,2
2026-10-02,m16,花水湾小筑温泉民宿,花水湾镇,温泉民宿,国庆,17,100.0,100.0,1702,28934,携程,1710,0
2026-10-02,m16,花水湾小筑温泉民宿,花水湾镇,温泉民宿,国庆,17,100.0,100.0,1702,28934,美团,1657,0
2026-10-02,m16,花水湾小筑温泉民宿,花水湾镇,温泉民宿,国庆,17,100.0,100.0,1702,28934,飞猪,1680,0
2026-10-02,m16,花水湾小筑温泉民宿,花水湾镇,温泉民宿,国庆,17,100.0,100.0,1702,28934,途家,1762,0
2026-10-03,m16,花水湾小筑温泉民宿,花水湾镇,温泉民宿,国庆,16,94.1,83.8,1598,25568,携程,1613,3
2026-10-03,m16,花水湾小筑温泉民宿,花水湾镇,温泉民宿,国庆,16,94.1,83.8,1598,25568,美团,1557,3
2026-10-03,m16,花水湾小筑温泉民宿,花水湾镇,温泉民宿,国庆,16,94.1,83.8,1598,25568,飞猪,1594,3
2026-10-03,m16,花水湾小筑温泉民宿,花水湾镇,温泉民宿,国庆,16,94.1,83.8,1598,25568,途家,1628,2
2026-10-04,m16,花水湾小筑温泉民宿,花水湾镇,温泉民宿,国庆,17,100.0,91.2,1574,26758,携程,1591,1
2026-10-04,m16,花水湾小筑温泉民宿,花水湾镇,温泉民宿,国庆,17,100.0,91.2,1574,26758,美团,1531,2
2026-10-04,m16,花水湾小筑温泉民宿,花水湾镇,温泉民宿,国庆,17,100.0,91.2,1574,26758,飞猪,1555,2
2026-10-04,m16,花水湾小筑温泉民宿,花水湾镇,温泉民宿,国庆,17,100.0,91.2,1574,26758,途家,1619,1
2026-10-05,m16,花水湾小筑温泉民宿,花水湾镇,温泉民宿,国庆,16,94.1,92.6,1598,25568,携程,1595,1
2026-10-05,m16,花水湾小筑温泉民宿,花水湾镇,温泉民宿,国庆,16,94.1,92.6,1598,25568,美团,1561,1
2026-10-05,m16,花水湾小筑温泉民宿,花水湾镇,温泉民宿,国庆,16,94.1,92.6,1598,25568,飞猪,1584,2
2026-10-05,m16,花水湾小筑温泉民宿,花水湾镇,温泉民宿,国庆,16,94.1,92.6,1598,25568,途家,1650,1
2026-10-06,m16,花水湾小筑温泉民宿,花水湾镇,温泉民宿,国庆,17,100.0,98.5,1658,28186,携程,1662,1
2026-10-06,m16,花水湾小筑温泉民宿,花水湾镇,温泉民宿,国庆,17,100.0,98.5,1658,28186,美团,1630,0
2026-10-06,m16,花水湾小筑温泉民宿,花水湾镇,温泉民宿,国庆,17,100.0,98.5,1658,28186,飞猪,1658,0
2026-10-06,m16,花水湾小筑温泉民宿,花水湾镇,温泉民宿,国庆,17,100.0,98.5,1658,28186,途家,1683,0
2026-10-07,m16,花水湾小筑温泉民宿,花水湾镇,温泉民宿,国庆,16,94.1,80.9,1711,27376,携程,1724,4
2026-10-07,m16,花水湾小筑温泉民宿,花水湾镇,温泉民宿,国庆,16,94.1,80.9,1711,27376,美团,1665,3
2026-10-07,m16,花水湾小筑温泉民宿,花水湾镇,温泉民宿,国庆,16,94.1,80.9,1711,27376,飞猪,1698,3
2026-10-07,m16,花水湾小筑温泉民宿,花水湾镇,温泉民宿,国庆,16,94.1,80.9,1711,27376,途家,1755,3
2026-10-08,m16,花水湾小筑温泉民宿,花水湾镇,温泉民宿,国庆,16,94.1,89.7,1678,26848,携程,1673,2
2026-10-08,m16,花水湾小筑温泉民宿,花水湾镇,温泉民宿,国庆,16,94.1,89.7,1678,26848,美团,1634,2
2026-10-08,m16,花水湾小筑温泉民宿,花水湾镇,温泉民宿,国庆,16,94.1,89.7,1678,26848,飞猪,1676,2
2026-10-08,m16,花水湾小筑温泉民宿,花水湾镇,温泉民宿,国庆,16,94.1,89.7,1678,26848,途家,1730,1
2026-10-09,m16,花水湾小筑温泉民宿,花水湾镇,温泉民宿,工作日,9,52.9,45.6,765,6885,携程,772,9
2026-10-09,m16,花水湾小筑温泉民宿,花水湾镇,温泉民宿,工作日,9,52.9,45.6,765,6885,美团,743,10
2026-10-09,m16,花水湾小筑温泉民宿,花水湾镇,温泉民宿,工作日,9,52.9,45.6,765,6885,飞猪,764,9
2026-10-09,m16,花水湾小筑温泉民宿,花水湾镇,温泉民宿,工作日,9,52.9,45.6,765,6885,途家,780,9
2026-10-10,m16,花水湾小筑温泉民宿,花水湾镇,温泉民宿,周末,17,100.0,88.2,1089,18513,携程,1089,2
2026-10-10,m16,花水湾小筑温泉民宿,花水湾镇,温泉民宿,周末,17,100.0,88.2,1089,18513,美团,1064,2
2026-10-10,m16,花水湾小筑温泉民宿,花水湾镇,温泉民宿,周末,17,100.0,88.2,1089,18513,飞猪,1078,2
2026-10-10,m16,花水湾小筑温泉民宿,花水湾镇,温泉民宿,周末,17,100.0,88.2,1089,18513,途家,1124,2
2026-10-11,m16,花水湾小筑温泉民宿,花水湾镇,温泉民宿,周末,16,94.1,92.6,1046,16736,携程,1057,1
2026-10-11,m16,花水湾小筑温泉民宿,花水湾镇,温泉民宿,周末,16,94.1,92.6,1046,16736,美团,1015,2
2026-10-11,m16,花水湾小筑温泉民宿,花水湾镇,温泉民宿,周末,16,94.1,92.6,1046,16736,飞猪,1042,1
2026-10-11,m16,花水湾小筑温泉民宿,花水湾镇,温泉民宿,周末,16,94.1,92.6,1046,16736,途家,1068,1
2026-10-12,m16,花水湾小筑温泉民宿,花水湾镇,温泉民宿,工作日,13,76.5,69.1,784,10192,携程,794,6
2026-10-12,m16,花水湾小筑温泉民宿,花水湾镇,温泉民宿,工作日,13,76.5,69.1,784,10192,美团,760,5
2026-10-12,m16,花水湾小筑温泉民宿,花水湾镇,温泉民宿,工作日,13,76.5,69.1,784,10192,飞猪,780,5
2026-10-12,m16,花水湾小筑温泉民宿,花水湾镇,温泉民宿,工作日,13,76.5,69.1,784,10192,途家,801,5
2026-10-13,m16,花水湾小筑温泉民宿,花水湾镇,温泉民宿,工作日,11,64.7,57.4,754,8294,携程,756,7
2026-10-13,m16,花水湾小筑温泉民宿,花水湾镇,温泉民宿,工作日,11,64.7,57.4,754,8294,美团,744,7
2026-10-13,m16,花水湾小筑温泉民宿,花水湾镇,温泉民宿,工作日,11,64.7,57.4,754,8294,飞猪,749,8
2026-10-13,m16,花水湾小筑温泉民宿,花水湾镇,温泉民宿,工作日,11,64.7,57.4,754,8294,途家,768,7
2026-10-14,m16,花水湾小筑温泉民宿,花水湾镇,温泉民宿,工作日,10,58.8,55.9,737,7370,携程,735,7
2026-10-14,m16,花水湾小筑温泉民宿,花水湾镇,温泉民宿,工作日,10,58.8,55.9,737,7370,美团,721,8
2026-10-14,m16,花水湾小筑温泉民宿,花水湾镇,温泉民宿,工作日,10,58.8,55.9,737,7370,飞猪,729,8
2026-10-14,m16,花水湾小筑温泉民宿,花水湾镇,温泉民宿,工作日,10,58.8,55.9,737,7370,途家,762,7
2026-10-15,m16,花水湾小筑温泉民宿,花水湾镇,温泉民宿,工作日,14,82.4,80.9,804,11256,携程,807,3
2026-10-15,m16,花水湾小筑温泉民宿,花水湾镇,温泉民宿,工作日,14,82.4,80.9,804,11256,美团,785,4
2026-10-15,m16,花水湾小筑温泉民宿,花水湾镇,温泉民宿,工作日,14,82.4,80.9,804,11256,飞猪,799,3
2026-10-15,m16,花水湾小筑温泉民宿,花水湾镇,温泉民宿,工作日,14,82.4,80.9,804,11256,途家,824,3
2026-10-16,m16,花水湾小筑温泉民宿,花水湾镇,温泉民宿,工作日,11,64.7,57.4,769,8459,携程,773,7
2026-10-16,m16,花水湾小筑温泉民宿,花水湾镇,温泉民宿,工作日,11,64.7,57.4,769,8459,美团,747,8
2026-10-16,m16,花水湾小筑温泉民宿,花水湾镇,温泉民宿,工作日,11,64.7,57.4,769,8459,飞猪,764,7
2026-10-16,m16,花水湾小筑温泉民宿,花水湾镇,温泉民宿,工作日,11,64.7,57.4,769,8459,途家,792,7
2026-10-17,m16,花水湾小筑温泉民宿,花水湾镇,温泉民宿,周末,16,94.1,86.8,1088,17408,携程,1093,2
2026-10-17,m16,花水湾小筑温泉民宿,花水湾镇,温泉民宿,周末,16,94.1,86.8,1088,17408,美团,1051,2
2026-10-17,m16,花水湾小筑温泉民宿,花水湾镇,温泉民宿,周末,16,94.1,86.8,1088,17408,飞猪,1083,3
2026-10-17,m16,花水湾小筑温泉民宿,花水湾镇,温泉民宿,周末,16,94.1,86.8,1088,17408,途家,1123,2
2026-10-18,m16,花水湾小筑温泉民宿,花水湾镇,温泉民宿,周末,15,88.2,86.8,1038,15570,携程,1046,2
2026-10-18,m16,花水湾小筑温泉民宿,花水湾镇,温泉民宿,周末,15,88.2,86.8,1038,15570,美团,1013,3
2026-10-18,m16,花水湾小筑温泉民宿,花水湾镇,温泉民宿,周末,15,88.2,86.8,1038,15570,飞猪,1037,2
2026-10-18,m16,花水湾小筑温泉民宿,花水湾镇,温泉民宿,周末,15,88.2,86.8,1038,15570,途家,1057,2
2026-10-19,m16,花水湾小筑温泉民宿,花水湾镇,温泉民宿,工作日,12,70.6,64.7,748,8976,携程,748,6
2026-10-19,m16,花水湾小筑温泉民宿,花水湾镇,温泉民宿,工作日,12,70.6,64.7,748,8976,美团,733,6
2026-10-19,m16,花水湾小筑温泉民宿,花水湾镇,温泉民宿,工作日,12,70.6,64.7,748,8976,飞猪,739,6
2026-10-19,m16,花水湾小筑温泉民宿,花水湾镇,温泉民宿,工作日,12,70.6,64.7,748,8976,途家,770,6
2026-10-20,m16,花水湾小筑温泉民宿,花水湾镇,温泉民宿,工作日,11,64.7,61.8,769,8459,携程,768,7
2026-10-20,m16,花水湾小筑温泉民宿,花水湾镇,温泉民宿,工作日,11,64.7,61.8,769,8459,美团,752,6
2026-10-20,m16,花水湾小筑温泉民宿,花水湾镇,温泉民宿,工作日,11,64.7,61.8,769,8459,飞猪,768,7
2026-10-20,m16,花水湾小筑温泉民宿,花水湾镇,温泉民宿,工作日,11,64.7,61.8,769,8459,途家,787,6
2026-10-21,m16,花水湾小筑温泉民宿,花水湾镇,温泉民宿,工作日,9,52.9,45.6,759,6831,携程,766,9
2026-10-21,m16,花水湾小筑温泉民宿,花水湾镇,温泉民宿,工作日,9,52.9,45.6,759,6831,美团,740,10
2026-10-21,m16,花水湾小筑温泉民宿,花水湾镇,温泉民宿,工作日,9,52.9,45.6,759,6831,飞猪,755,9
2026-10-21,m16,花水湾小筑温泉民宿,花水湾镇,温泉民宿,工作日,9,52.9,45.6,759,6831,途家,774,9
2026-10-22,m16,花水湾小筑温泉民宿,花水湾镇,温泉民宿,工作日,12,70.6,69.1,771,9252,携程,775,5
2026-10-22,m16,花水湾小筑温泉民宿,花水湾镇,温泉民宿,工作日,12,70.6,69.1,771,9252,美团,753,6
2026-10-22,m16,花水湾小筑温泉民宿,花水湾镇,温泉民宿,工作日,12,70.6,69.1,771,9252,飞猪,764,5
2026-10-22,m16,花水湾小筑温泉民宿,花水湾镇,温泉民宿,工作日,12,70.6,69.1,771,9252,途家,790,5
2026-10-23,m16,花水湾小筑温泉民宿,花水湾镇,温泉民宿,工作日,10,58.8,54.4,754,7540,携程,756,8
2026-10-23,m16,花水湾小筑温泉民宿,花水湾镇,温泉民宿,工作日,10,58.8,54.4,754,7540,美团,741,8
2026-10-23,m16,花水湾小筑温泉民宿,花水湾镇,温泉民宿,工作日,10,58.8,54.4,754,7540,飞猪,750,8
2026-10-23,m16,花水湾小筑温泉民宿,花水湾镇,温泉民宿,工作日,10,58.8,54.4,754,7540,途家,767,7
2026-10-24,m16,花水湾小筑温泉民宿,花水湾镇,温泉民宿,周末,17,100.0,92.6,1090,18530,携程,1085,1
2026-10-24,m16,花水湾小筑温泉民宿,花水湾镇,温泉民宿,周末,17,100.0,92.6,1090,18530,美团,1068,2
2026-10-24,m16,花水湾小筑温泉民宿,花水湾镇,温泉民宿,周末,17,100.0,92.6,1090,18530,飞猪,1088,1
2026-10-24,m16,花水湾小筑温泉民宿,花水湾镇,温泉民宿,周末,17,100.0,92.6,1090,18530,途家,1120,1
2026-10-25,m16,花水湾小筑温泉民宿,花水湾镇,温泉民宿,周末,16,94.1,92.6,1067,17072,携程,1070,1
2026-10-25,m16,花水湾小筑温泉民宿,花水湾镇,温泉民宿,周末,16,94.1,92.6,1067,17072,美团,1038,2
2026-10-25,m16,花水湾小筑温泉民宿,花水湾镇,温泉民宿,周末,16,94.1,92.6,1067,17072,飞猪,1076,1
2026-10-25,m16,花水湾小筑温泉民宿,花水湾镇,温泉民宿,周末,16,94.1,92.6,1067,17072,途家,1082,1
2026-10-26,m16,花水湾小筑温泉民宿,花水湾镇,温泉民宿,工作日,12,70.6,69.1,786,9432,携程,793,5
2026-10-26,m16,花水湾小筑温泉民宿,花水湾镇,温泉民宿,工作日,12,70.6,69.1,786,9432,美团,767,5
2026-10-26,m16,花水湾小筑温泉民宿,花水湾镇,温泉民宿,工作日,12,70.6,69.1,786,9432,飞猪,779,6
2026-10-26,m16,花水湾小筑温泉民宿,花水湾镇,温泉民宿,工作日,12,70.6,69.1,786,9432,途家,805,5
2026-10-27,m16,花水湾小筑温泉民宿,花水湾镇,温泉民宿,工作日,9,52.9,44.1,748,6732,携程,747,10
2026-10-27,m16,花水湾小筑温泉民宿,花水湾镇,温泉民宿,工作日,9,52.9,44.1,748,6732,美团,732,10
2026-10-27,m16,花水湾小筑温泉民宿,花水湾镇,温泉民宿,工作日,9,52.9,44.1,748,6732,飞猪,744,9
2026-10-27,m16,花水湾小筑温泉民宿,花水湾镇,温泉民宿,工作日,9,52.9,44.1,748,6732,途家,768,9
2026-10-28,m16,花水湾小筑温泉民宿,花水湾镇,温泉民宿,工作日,12,70.6,63.2,765,9180,携程,768,6
2026-10-28,m16,花水湾小筑温泉民宿,花水湾镇,温泉民宿,工作日,12,70.6,63.2,765,9180,美团,751,7
2026-10-28,m16,花水湾小筑温泉民宿,花水湾镇,温泉民宿,工作日,12,70.6,63.2,765,9180,飞猪,757,6
2026-10-28,m16,花水湾小筑温泉民宿,花水湾镇,温泉民宿,工作日,12,70.6,63.2,765,9180,途家,785,6
2026-10-29,m16,花水湾小筑温泉民宿,花水湾镇,温泉民宿,工作日,14,82.4,69.1,783,10962,携程,788,5
2026-10-29,m16,花水湾小筑温泉民宿,花水湾镇,温泉民宿,工作日,14,82.4,69.1,783,10962,美团,763,6
2026-10-29,m16,花水湾小筑温泉民宿,花水湾镇,温泉民宿,工作日,14,82.4,69.1,783,10962,飞猪,781,5
2026-10-29,m16,花水湾小筑温泉民宿,花水湾镇,温泉民宿,工作日,14,82.4,69.1,783,10962,途家,799,5
2026-10-30,m16,花水湾小筑温泉民宿,花水湾镇,温泉民宿,工作日,12,70.6,63.2,764,9168,携程,759,6
2026-10-30,m16,花水湾小筑温泉民宿,花水湾镇,温泉民宿,工作日,12,70.6,63.2,764,9168,美团,744,7
2026-10-30,m16,花水湾小筑温泉民宿,花水湾镇,温泉民宿,工作日,12,70.6,63.2,764,9168,飞猪,763,6
2026-10-30,m16,花水湾小筑温泉民宿,花水湾镇,温泉民宿,工作日,12,70.6,63.2,764,9168,途家,788,6
2026-10-31,m16,花水湾小筑温泉民宿,花水湾镇,温泉民宿,周末,17,100.0,100.0,1096,18632,携程,1109,0
2026-10-31,m16,花水湾小筑温泉民宿,花水湾镇,温泉民宿,周末,17,100.0,100.0,1096,18632,美团,1059,0
2026-10-31,m16,花水湾小筑温泉民宿,花水湾镇,温泉民宿,周末,17,100.0,100.0,1096,18632,飞猪,1090,0
2026-10-31,m16,花水湾小筑温泉民宿,花水湾镇,温泉民宿,周末,17,100.0,100.0,1096,18632,途家,1125,0
2026-10-01,m17,花水湾山泉农家乐,花水湾镇,农家乐,国庆,15,88.2,88.2,608,9120,去哪儿,603,2
2026-10-01,m17,花水湾山泉农家乐,花水湾镇,农家乐,国庆,15,88.2,88.2,608,9120,途家,613,2
2026-10-02,m17,花水湾山泉农家乐,花水湾镇,农家乐,国庆,17,100.0,88.2,603,10251,去哪儿,588,2
2026-10-02,m17,花水湾山泉农家乐,花水湾镇,农家乐,国庆,17,100.0,88.2,603,10251,途家,617,2
2026-10-03,m17,花水湾山泉农家乐,花水湾镇,农家乐,国庆,17,100.0,100.0,605,10285,去哪儿,591,0
2026-10-03,m17,花水湾山泉农家乐,花水湾镇,农家乐,国庆,17,100.0,100.0,605,10285,途家,619,0
2026-10-04,m17,花水湾山泉农家乐,花水湾镇,农家乐,国庆,17,100.0,94.1,642,10914,去哪儿,632,1
2026-10-04,m17,花水湾山泉农家乐,花水湾镇,农家乐,国庆,17,100.0,94.1,642,10914,途家,651,1
2026-10-05,m17,花水湾山泉农家乐,花水湾镇,农家乐,国庆,14,82.4,82.4,619,8666,去哪儿,605,3
2026-10-05,m17,花水湾山泉农家乐,花水湾镇,农家乐,国庆,14,82.4,82.4,619,8666,途家,633,3
2026-10-06,m17,花水湾山泉农家乐,花水湾镇,农家乐,国庆,17,100.0,88.2,592,10064,去哪儿,580,2
2026-10-06,m17,花水湾山泉农家乐,花水湾镇,农家乐,国庆,17,100.0,88.2,592,10064,途家,604,2
2026-10-07,m17,花水湾山泉农家乐,花水湾镇,农家乐,国庆,16,94.1,94.1,591,9456,去哪儿,581,1
2026-10-07,m17,花水湾山泉农家乐,花水湾镇,农家乐,国庆,16,94.1,94.1,591,9456,途家,601,1
2026-10-08,m17,花水湾山泉农家乐,花水湾镇,农家乐,国庆,17,100.0,100.0,595,10115,去哪儿,584,0
2026-10-08,m17,花水湾山泉农家乐,花水湾镇,农家乐,国庆,17,100.0,100.0,595,10115,途家,606,0
2026-10-09,m17,花水湾山泉农家乐,花水湾镇,农家乐,工作日,11,64.7,52.9,281,3091,去哪儿,277,8
2026-10-09,m17,花水湾山泉农家乐,花水湾镇,农家乐,工作日,11,64.7,52.9,281,3091,途家,284,8
2026-10-10,m17,花水湾山泉农家乐,花水湾镇,农家乐,周末,17,100.0,82.4,390,6630,去哪儿,385,3
2026-10-10,m17,花水湾山泉农家乐,花水湾镇,农家乐,周末,17,100.0,82.4,390,6630,途家,395,3
2026-10-11,m17,花水湾山泉农家乐,花水湾镇,农家乐,周末,16,94.1,82.4,388,6208,去哪儿,381,3
2026-10-11,m17,花水湾山泉农家乐,花水湾镇,农家乐,周末,16,94.1,82.4,388,6208,途家,395,3
2026-10-12,m17,花水湾山泉农家乐,花水湾镇,农家乐,工作日,9,52.9,47.1,275,2475,去哪儿,271,9
2026-10-12,m17,花水湾山泉农家乐,花水湾镇,农家乐,工作日,9,52.9,47.1,275,2475,途家,279,9
2026-10-13,m17,花水湾山泉农家乐,花水湾镇,农家乐,工作日,11,64.7,64.7,286,3146,去哪儿,278,6
2026-10-13,m17,花水湾山泉农家乐,花水湾镇,农家乐,工作日,11,64.7,64.7,286,3146,途家,294,6
2026-10-14,m17,花水湾山泉农家乐,花水湾镇,农家乐,工作日,9,52.9,52.9,275,2475,去哪儿,269,8
2026-10-14,m17,花水湾山泉农家乐,花水湾镇,农家乐,工作日,9,52.9,52.9,275,2475,途家,280,8
2026-10-15,m17,花水湾山泉农家乐,花水湾镇,农家乐,工作日,11,64.7,58.8,285,3135,去哪儿,280,7
2026-10-15,m17,花水湾山泉农家乐,花水湾镇,农家乐,工作日,11,64.7,58.8,285,3135,途家,289,7
2026-10-16,m17,花水湾山泉农家乐,花水湾镇,农家乐,工作日,10,58.8,52.9,279,2790,去哪儿,273,8
2026-10-16,m17,花水湾山泉农家乐,花水湾镇,农家乐,工作日,10,58.8,52.9,279,2790,途家,285,8
2026-10-17,m17,花水湾山泉农家乐,花水湾镇,农家乐,周末,17,100.0,100.0,405,6885,去哪儿,397,0
2026-10-17,m17,花水湾山泉农家乐,花水湾镇,农家乐,周末,17,100.0,100.0,405,6885,途家,412,0
2026-10-18,m17,花水湾山泉农家乐,花水湾镇,农家乐,周末,15,88.2,88.2,404,6060,去哪儿,397,2
2026-10-18,m17,花水湾山泉农家乐,花水湾镇,农家乐,周末,15,88.2,88.2,404,6060,途家,410,2
2026-10-19,m17,花水湾山泉农家乐,花水湾镇,农家乐,工作日,10,58.8,58.8,307,3070,去哪儿,300,7
2026-10-19,m17,花水湾山泉农家乐,花水湾镇,农家乐,工作日,10,58.8,58.8,307,3070,途家,314,7
2026-10-20,m17,花水湾山泉农家乐,花水湾镇,农家乐,工作日,10,58.8,58.8,296,2960,去哪儿,291,7
2026-10-20,m17,花水湾山泉农家乐,花水湾镇,农家乐,工作日,10,58.8,58.8,296,2960,途家,301,7
2026-10-21,m17,花水湾山泉农家乐,花水湾镇,农家乐,工作日,8,47.1,47.1,272,2176,去哪儿,267,9
2026-10-21,m17,花水湾山泉农家乐,花水湾镇,农家乐,工作日,8,47.1,47.1,272,2176,途家,277,9
2026-10-22,m17,花水湾山泉农家乐,花水湾镇,农家乐,工作日,8,47.1,47.1,289,2312,去哪儿,282,9
2026-10-22,m17,花水湾山泉农家乐,花水湾镇,农家乐,工作日,8,47.1,47.1,289,2312,途家,296,9
2026-10-23,m17,花水湾山泉农家乐,花水湾镇,农家乐,工作日,8,47.1,41.2,284,2272,去哪儿,279,10
2026-10-23,m17,花水湾山泉农家乐,花水湾镇,农家乐,工作日,8,47.1,41.2,284,2272,途家,289,10
2026-10-24,m17,花水湾山泉农家乐,花水湾镇,农家乐,周末,16,94.1,94.1,393,6288,去哪儿,386,1
2026-10-24,m17,花水湾山泉农家乐,花水湾镇,农家乐,周末,16,94.1,94.1,393,6288,途家,400,1
2026-10-25,m17,花水湾山泉农家乐,花水湾镇,农家乐,周末,17,100.0,94.1,383,6511,去哪儿,376,1
2026-10-25,m17,花水湾山泉农家乐,花水湾镇,农家乐,周末,17,100.0,94.1,383,6511,途家,389,1
2026-10-26,m17,花水湾山泉农家乐,花水湾镇,农家乐,工作日,10,58.8,58.8,292,2920,去哪儿,286,7
2026-10-26,m17,花水湾山泉农家乐,花水湾镇,农家乐,工作日,10,58.8,58.8,292,2920,途家,297,7
2026-10-27,m17,花水湾山泉农家乐,花水湾镇,农家乐,工作日,10,58.8,58.8,287,2870,去哪儿,281,7
2026-10-27,m17,花水湾山泉农家乐,花水湾镇,农家乐,工作日,10,58.8,58.8,287,2870,途家,293,7
2026-10-28,m17,花水湾山泉农家乐,花水湾镇,农家乐,工作日,13,76.5,76.5,306,3978,去哪儿,301,4
2026-10-28,m17,花水湾山泉农家乐,花水湾镇,农家乐,工作日,13,76.5,76.5,306,3978,途家,311,4
2026-10-29,m17,花水湾山泉农家乐,花水湾镇,农家乐,工作日,10,58.8,52.9,274,2740,去哪儿,270,8
2026-10-29,m17,花水湾山泉农家乐,花水湾镇,农家乐,工作日,10,58.8,52.9,274,2740,途家,277,8
2026-10-30,m17,花水湾山泉农家乐,花水湾镇,农家乐,工作日,12,70.6,58.8,280,3360,去哪儿,275,7
2026-10-30,m17,花水湾山泉农家乐,花水湾镇,农家乐,工作日,12,70.6,58.8,280,3360,途家,285,7
2026-10-31,m17,花水湾山泉农家乐,花水湾镇,农家乐,周末,13,76.5,76.5,388,5044,去哪儿,380,4
2026-10-31,m17,花水湾山泉农家乐,花水湾镇,农家乐,周末,13,76.5,76.5,388,5044,途家,395,4
2026-10-01,m18,花水湾李家农家乐,花水湾镇,农家乐,国庆,14,100.0,100.0,475,6650,携程,475,0
2026-10-02,m18,花水湾李家农家乐,花水湾镇,农家乐,国庆,13,92.9,92.9,486,6318,携程,486,1
2026-10-03,m18,花水湾李家农家乐,花水湾镇,农家乐,国庆,12,85.7,78.6,463,5556,携程,463,3
2026-10-04,m18,花水湾李家农家乐,花水湾镇,农家乐,国庆,14,100.0,92.9,452,6328,携程,452,1
2026-10-05,m18,花水湾李家农家乐,花水湾镇,农家乐,国庆,14,100.0,100.0,498,6972,携程,498,0
2026-10-06,m18,花水湾李家农家乐,花水湾镇,农家乐,国庆,13,92.9,92.9,461,5993,携程,461,1
2026-10-07,m18,花水湾李家农家乐,花水湾镇,农家乐,国庆,12,85.7,85.7,449,5388,携程,449,2
2026-10-08,m18,花水湾李家农家乐,花水湾镇,农家乐,国庆,13,92.9,71.4,442,5746,携程,442,4
2026-10-09,m18,花水湾李家农家乐,花水湾镇,农家乐,工作日,10,71.4,64.3,234,2340,携程,234,5
2026-10-10,m18,花水湾李家农家乐,花水湾镇,农家乐,周末,10,71.4,71.4,300,3000,携程,300,4
2026-10-11,m18,花水湾李家农家乐,花水湾镇,农家乐,周末,11,78.6,71.4,306,3366,携程,306,4
2026-10-12,m18,花水湾李家农家乐,花水湾镇,农家乐,工作日,6,42.9,35.7,214,1284,携程,214,9
2026-10-13,m18,花水湾李家农家乐,花水湾镇,农家乐,工作日,10,71.4,71.4,228,2280,携程,228,4
2026-10-14,m18,花水湾李家农家乐,花水湾镇,农家乐,工作日,7,50.0,42.9,212,1484,携程,212,8
2026-10-15,m18,花水湾李家农家乐,花水湾镇,农家乐,工作日,9,64.3,64.3,223,2007,携程,223,5
2026-10-16,m18,花水湾李家农家乐,花水湾镇,农家乐,工作日,6,42.9,35.7,212,1272,携程,212,9
2026-10-17,m18,花水湾李家农家乐,花水湾镇,农家乐,周末,11,78.6,64.3,293,3223,携程,293,5
2026-10-18,m18,花水湾李家农家乐,花水湾镇,农家乐,周末,12,85.7,85.7,297,3564,携程,297,2
2026-10-19,m18,花水湾李家农家乐,花水湾镇,农家乐,工作日,10,71.4,57.1,227,2270,携程,227,6
2026-10-20,m18,花水湾李家农家乐,花水湾镇,农家乐,工作日,10,71.4,57.1,225,2250,携程,225,6
2026-10-21,m18,花水湾李家农家乐,花水湾镇,农家乐,工作日,8,57.1,57.1,221,1768,携程,221,6
2026-10-22,m18,花水湾李家农家乐,花水湾镇,农家乐,工作日,10,71.4,57.1,216,2160,携程,216,6
2026-10-23,m18,花水湾李家农家乐,花水湾镇,农家乐,工作日,7,50.0,42.9,227,1589,携程,227,8
2026-10-24,m18,花水湾李家农家乐,花水湾镇,农家乐,周末,13,92.9,85.7,301,3913,携程,301,2
2026-10-25,m18,花水湾李家农家乐,花水湾镇,农家乐,周末,11,78.6,71.4,300,3300,携程,300,4
2026-10-26,m18,花水湾李家农家乐,花水湾镇,农家乐,工作日,9,64.3,57.1,217,1953,携程,217,6
2026-10-27,m18,花水湾李家农家乐,花水湾镇,农家乐,工作日,7,50.0,50.0,211,1477,携程,211,7
2026-10-28,m18,花水湾李家农家乐,花水湾镇,农家乐,工作日,10,71.4,64.3,221,2210,携程,221,5
2026-10-29,m18,花水湾李家农家乐,花水湾镇,农家乐,工作日,11,78.6,78.6,231,2541,携程,231,3
2026-10-30,m18,花水湾李家农家乐,花水湾镇,农家乐,工作日,10,71.4,71.4,218,2180,携程,218,4
2026-10-31,m18,花水湾李家农家乐,花水湾镇,农家乐,周末,11,78.6,78.6,294,3234,携程,294,3
2026-10-01,m19,花水湾竹林农家乐,花水湾镇,农家乐,国庆,17,94.4,88.9,538,9146,携程,538,2
2026-10-02,m19,花水湾竹林农家乐,花水湾镇,农家乐,国庆,15,83.3,77.8,523,7845,携程,523,4
2026-10-03,m19,花水湾竹林农家乐,花水湾镇,农家乐,国庆,18,100.0,100.0,546,9828,携程,546,0
2026-10-04,m19,花水湾竹林农家乐,花水湾镇,农家乐,国庆,17,94.4,83.3,537,9129,携程,537,3
2026-10-05,m19,花水湾竹林农家乐,花水湾镇,农家乐,国庆,16,88.9,83.3,529,8464,携程,529,3
2026-10-06,m19,花水湾竹林农家乐,花水湾镇,农家乐,国庆,16,88.9,77.8,515,8240,携程,515,4
2026-10-07,m19,花水湾竹林农家乐,花水湾镇,农家乐,国庆,15,83.3,72.2,510,7650,携程,510,5
2026-10-08,m19,花水湾竹林农家乐,花水湾镇,农家乐,国庆,15,83.3,77.8,505,7575,携程,505,4
2026-10-09,m19,花水湾竹林农家乐,花水湾镇,农家乐,工作日,12,66.7,55.6,244,2928,携程,244,8
2026-10-10,m19,花水湾竹林农家乐,花水湾镇,农家乐,周末,13,72.2,66.7,339,4407,携程,339,6
2026-10-11,m19,花水湾竹林农家乐,花水湾镇,农家乐,周末,17,94.4,88.9,347,5899,携程,347,2
2026-10-12,m19,花水湾竹林农家乐,花水湾镇,农家乐,工作日,10,55.6,55.6,247,2470,携程,247,8
2026-10-13,m19,花水湾竹林农家乐,花水湾镇,农家乐,工作日,9,50.0,44.4,248,2232,携程,248,10
2026-10-14,m19,花水湾竹林农家乐,花水湾镇,农家乐,工作日,6,33.3,27.8,238,1428,携程,238,13
2026-10-15,m19,花水湾竹林农家乐,花水湾镇,农家乐,工作日,8,44.4,44.4,249,1992,携程,249,10
2026-10-16,m19,花水湾竹林农家乐,花水湾镇,农家乐,工作日,13,72.2,66.7,254,3302,携程,254,6
2026-10-17,m19,花水湾竹林农家乐,花水湾镇,农家乐,周末,14,77.8,72.2,332,4648,携程,332,5
2026-10-18,m19,花水湾竹林农家乐,花水湾镇,农家乐,周末,13,72.2,72.2,345,4485,携程,345,5
2026-10-19,m19,花水湾竹林农家乐,花水湾镇,农家乐,工作日,7,38.9,38.9,244,1708,携程,244,11
2026-10-20,m19,花水湾竹林农家乐,花水湾镇,农家乐,工作日,12,66.7,66.7,251,3012,携程,251,6
2026-10-21,m19,花水湾竹林农家乐,花水湾镇,农家乐,工作日,14,77.8,66.7,254,3556,携程,254,6
2026-10-22,m19,花水湾竹林农家乐,花水湾镇,农家乐,工作日,11,61.1,61.1,258,2838,携程,258,7
2026-10-23,m19,花水湾竹林农家乐,花水湾镇,农家乐,工作日,10,55.6,50.0,250,2500,携程,250,9
2026-10-24,m19,花水湾竹林农家乐,花水湾镇,农家乐,周末,14,77.8,77.8,317,4438,携程,317,4
2026-10-25,m19,花水湾竹林农家乐,花水湾镇,农家乐,周末,11,61.1,50.0,334,3674,携程,334,9
2026-10-26,m19,花水湾竹林农家乐,花水湾镇,农家乐,工作日,9,50.0,44.4,237,2133,携程,237,10
2026-10-27,m19,花水湾竹林农家乐,花水湾镇,农家乐,工作日,9,50.0,44.4,238,2142,携程,238,10
2026-10-28,m19,花水湾竹林农家乐,花水湾镇,农家乐,工作日,13,72.2,72.2,262,3406,携程,262,5
2026-10-29,m19,花水湾竹林农家乐,花水湾镇,农家乐,工作日,10,55.6,50.0,239,2390,携程,239,9
2026-10-30,m19,花水湾竹林农家乐,花水湾镇,农家乐,工作日,8,44.4,44.4,238,1904,携程,238,10
2026-10-31,m19,花水湾竹林农家乐,花水湾镇,农家乐,周末,14,77.8,72.2,339,4746,携程,339,5
2026-10-01,m20,花水湾罗马假日温泉大酒店,花水湾镇,酒店,国庆,146,91.3,89.8,2014,294044,美团,1994,16
2026-10-01,m20,花水湾罗马假日温泉大酒店,花水湾镇,酒店,国庆,146,91.3,89.8,2014,294044,飞猪,2044,16
2026-10-01,m20,花水湾罗马假日温泉大酒店,花水湾镇,酒店,国庆,146,91.3,89.8,2014,294044,去哪儿,2000,16
2026-10-01,m20,花水湾罗马假日温泉大酒店,花水湾镇,酒店,国庆,146,91.3,89.8,2014,294044,同程,2018,17
2026-10-02,m20,花水湾罗马假日温泉大酒店,花水湾镇,酒店,国庆,159,99.4,94.4,2070,329130,美团,2038,9
2026-10-02,m20,花水湾罗马假日温泉大酒店,花水湾镇,酒店,国庆,159,99.4,94.4,2070,329130,飞猪,2097,9
2026-10-02,m20,花水湾罗马假日温泉大酒店,花水湾镇,酒店,国庆,159,99.4,94.4,2070,329130,去哪儿,2097,9
2026-10-02,m20,花水湾罗马假日温泉大酒店,花水湾镇,酒店,国庆,159,99.4,94.4,2070,329130,同程,2049,9
2026-10-03,m20,花水湾罗马假日温泉大酒店,花水湾镇,酒店,国庆,154,96.3,86.6,2052,316008,美团,2024,22
2026-10-03,m20,花水湾罗马假日温泉大酒店,花水湾镇,酒店,国庆,154,96.3,86.6,2052,316008,飞猪,2084,21
2026-10-03,m20,花水湾罗马假日温泉大酒店,花水湾镇,酒店,国庆,154,96.3,86.6,2052,316008,去哪儿,2058,21
2026-10-03,m20,花水湾罗马假日温泉大酒店,花水湾镇,酒店,国庆,154,96.3,86.6,2052,316008,同程,2041,22
2026-10-04,m20,花水湾罗马假日温泉大酒店,花水湾镇,酒店,国庆,151,94.4,88.4,2025,305775,美团,2010,18
2026-10-04,m20,花水湾罗马假日温泉大酒店,花水湾镇,酒店,国庆,151,94.4,88.4,2025,305775,飞猪,2052,19
2026-10-04,m20,花水湾罗马假日温泉大酒店,花水湾镇,酒店,国庆,151,94.4,88.4,2025,305775,去哪儿,2017,18
2026-10-04,m20,花水湾罗马假日温泉大酒店,花水湾镇,酒店,国庆,151,94.4,88.4,2025,305775,同程,2021,19
2026-10-05,m20,花水湾罗马假日温泉大酒店,花水湾镇,酒店,国庆,151,94.4,85.9,2010,303510,美团,1985,22
2026-10-05,m20,花水湾罗马假日温泉大酒店,花水湾镇,酒店,国庆,151,94.4,85.9,2010,303510,飞猪,2028,23
2026-10-05,m20,花水湾罗马假日温泉大酒店,花水湾镇,酒店,国庆,151,94.4,85.9,2010,303510,去哪儿,2018,22
2026-10-05,m20,花水湾罗马假日温泉大酒店,花水湾镇,酒店,国庆,151,94.4,85.9,2010,303510,同程,2008,23
2026-10-06,m20,花水湾罗马假日温泉大酒店,花水湾镇,酒店,国庆,143,89.4,84.2,1987,284141,美团,1968,26
2026-10-06,m20,花水湾罗马假日温泉大酒店,花水湾镇,酒店,国庆,143,89.4,84.2,1987,284141,飞猪,2019,25
2026-10-06,m20,花水湾罗马假日温泉大酒店,花水湾镇,酒店,国庆,143,89.4,84.2,1987,284141,去哪儿,1985,25
2026-10-06,m20,花水湾罗马假日温泉大酒店,花水湾镇,酒店,国庆,143,89.4,84.2,1987,284141,同程,1974,25
2026-10-07,m20,花水湾罗马假日温泉大酒店,花水湾镇,酒店,国庆,147,91.9,86.7,2003,294441,美团,1979,21
2026-10-07,m20,花水湾罗马假日温泉大酒店,花水湾镇,酒店,国庆,147,91.9,86.7,2003,294441,飞猪,2021,21
2026-10-07,m20,花水湾罗马假日温泉大酒店,花水湾镇,酒店,国庆,147,91.9,86.7,2003,294441,去哪儿,2013,21
2026-10-07,m20,花水湾罗马假日温泉大酒店,花水湾镇,酒店,国庆,147,91.9,86.7,2003,294441,同程,1997,22
2026-10-08,m20,花水湾罗马假日温泉大酒店,花水湾镇,酒店,国庆,153,95.6,91.6,2040,312120,美团,2022,14
2026-10-08,m20,花水湾罗马假日温泉大酒店,花水湾镇,酒店,国庆,153,95.6,91.6,2040,312120,飞猪,2067,13
2026-10-08,m20,花水湾罗马假日温泉大酒店,花水湾镇,酒店,国庆,153,95.6,91.6,2040,312120,去哪儿,2044,13
2026-10-08,m20,花水湾罗马假日温泉大酒店,花水湾镇,酒店,国庆,153,95.6,91.6,2040,312120,同程,2025,14
2026-10-09,m20,花水湾罗马假日温泉大酒店,花水湾镇,酒店,工作日,113,70.6,68.4,974,110062,美团,961,50
2026-10-09,m20,花水湾罗马假日温泉大酒店,花水湾镇,酒店,工作日,113,70.6,68.4,974,110062,飞猪,988,51
2026-10-09,m20,花水湾罗马假日温泉大酒店,花水湾镇,酒店,工作日,113,70.6,68.4,974,110062,去哪儿,974,50
2026-10-09,m20,花水湾罗马假日温泉大酒店,花水湾镇,酒店,工作日,113,70.6,68.4,974,110062,同程,972,51
2026-10-10,m20,花水湾罗马假日温泉大酒店,花水湾镇,酒店,周末,139,86.9,81.6,1293,179727,美团,1280,30
2026-10-10,m20,花水湾罗马假日温泉大酒店,花水湾镇,酒店,周末,139,86.9,81.6,1293,179727,飞猪,1304,29
2026-10-10,m20,花水湾罗马假日温泉大酒店,花水湾镇,酒店,周末,139,86.9,81.6,1293,179727,去哪儿,1302,29
2026-10-10,m20,花水湾罗马假日温泉大酒店,花水湾镇,酒店,周末,139,86.9,81.6,1293,179727,同程,1284,30
2026-10-11,m20,花水湾罗马假日温泉大酒店,花水湾镇,酒店,周末,147,91.9,84.2,1334,196098,美团,1320,25
2026-10-11,m20,花水湾罗马假日温泉大酒店,花水湾镇,酒店,周末,147,91.9,84.2,1334,196098,飞猪,1340,26
2026-10-11,m20,花水湾罗马假日温泉大酒店,花水湾镇,酒店,周末,147,91.9,84.2,1334,196098,去哪儿,1340,25
2026-10-11,m20,花水湾罗马假日温泉大酒店,花水湾镇,酒店,周末,147,91.9,84.2,1334,196098,同程,1334,25
2026-10-12,m20,花水湾罗马假日温泉大酒店,花水湾镇,酒店,工作日,102,63.7,61.6,976,99552,美团,959,62
2026-10-12,m20,花水湾罗马假日温泉大酒店,花水湾镇,酒店,工作日,102,63.7,61.6,976,99552,飞猪,980,61
2026-10-12,m20,花水湾罗马假日温泉大酒店,花水湾镇,酒店,工作日,102,63.7,61.6,976,99552,去哪儿,980,61
2026-10-12,m20,花水湾罗马假日温泉大酒店,花水湾镇,酒店,工作日,102,63.7,61.6,976,99552,同程,984,62
2026-10-13,m20,花水湾罗马假日温泉大酒店,花水湾镇,酒店,工作日,113,70.6,66.1,979,110627,美团,968,54
2026-10-13,m20,花水湾罗马假日温泉大酒店,花水湾镇,酒店,工作日,113,70.6,66.1,979,110627,飞猪,988,54
2026-10-13,m20,花水湾罗马假日温泉大酒店,花水湾镇,酒店,工作日,113,70.6,66.1,979,110627,去哪儿,980,54
2026-10-13,m20,花水湾罗马假日温泉大酒店,花水湾镇,酒店,工作日,113,70.6,66.1,979,110627,同程,979,55
2026-10-14,m20,花水湾罗马假日温泉大酒店,花水湾镇,酒店,工作日,112,70.0,65.3,978,109536,美团,966,56
2026-10-14,m20,花水湾罗马假日温泉大酒店,花水湾镇,酒店,工作日,112,70.0,65.3,978,109536,飞猪,993,55
2026-10-14,m20,花水湾罗马假日温泉大酒店,花水湾镇,酒店,工作日,112,70.0,65.3,978,109536,去哪儿,982,55
2026-10-14,m20,花水湾罗马假日温泉大酒店,花水湾镇,酒店,工作日,112,70.0,65.3,978,109536,同程,972,56
2026-10-15,m20,花水湾罗马假日温泉大酒店,花水湾镇,酒店,工作日,118,73.8,70.9,982,115876,美团,969,46
2026-10-15,m20,花水湾罗马假日温泉大酒店,花水湾镇,酒店,工作日,118,73.8,70.9,982,115876,飞猪,988,47
2026-10-15,m20,花水湾罗马假日温泉大酒店,花水湾镇,酒店,工作日,118,73.8,70.9,982,115876,去哪儿,992,46
2026-10-15,m20,花水湾罗马假日温泉大酒店,花水湾镇,酒店,工作日,118,73.8,70.9,982,115876,同程,979,47
2026-10-16,m20,花水湾罗马假日温泉大酒店,花水湾镇,酒店,工作日,107,66.9,63.0,962,102934,美团,962,60
2026-10-16,m20,花水湾罗马假日温泉大酒店,花水湾镇,酒店,工作日,107,66.9,63.0,962,102934,飞猪,967,59
2026-10-16,m20,花水湾罗马假日温泉大酒店,花水湾镇,酒店,工作日,107,66.9,63.0,962,102934,去哪儿,955,59
2026-10-16,m20,花水湾罗马假日温泉大酒店,花水湾镇,酒店,工作日,107,66.9,63.0,962,102934,同程,965,59
2026-10-17,m20,花水湾罗马假日温泉大酒店,花水湾镇,酒店,周末,138,86.3,83.4,1322,182436,美团,1314,26
2026-10-17,m20,花水湾罗马假日温泉大酒店,花水湾镇,酒店,周末,138,86.3,83.4,1322,182436,飞猪,1341,27
2026-10-17,m20,花水湾罗马假日温泉大酒店,花水湾镇,酒店,周末,138,86.3,83.4,1322,182436,去哪儿,1315,26
2026-10-17,m20,花水湾罗马假日温泉大酒店,花水湾镇,酒店,周末,138,86.3,83.4,1322,182436,同程,1318,27
2026-10-18,m20,花水湾罗马假日温泉大酒店,花水湾镇,酒店,周末,141,88.1,83.6,1313,185133,美团,1291,26
2026-10-18,m20,花水湾罗马假日温泉大酒店,花水湾镇,酒店,周末,141,88.1,83.6,1313,185133,飞猪,1322,26
2026-10-18,m20,花水湾罗马假日温泉大酒店,花水湾镇,酒店,周末,141,88.1,83.6,1313,185133,去哪儿,1316,26
2026-10-18,m20,花水湾罗马假日温泉大酒店,花水湾镇,酒店,周末,141,88.1,83.6,1313,185133,同程,1321,27
2026-10-19,m20,花水湾罗马假日温泉大酒店,花水湾镇,酒店,工作日,113,70.6,66.4,968,109384,美团,965,54
2026-10-19,m20,花水湾罗马假日温泉大酒店,花水湾镇,酒店,工作日,113,70.6,66.4,968,109384,飞猪,976,54
2026-10-19,m20,花水湾罗马假日温泉大酒店,花水湾镇,酒店,工作日,113,70.6,66.4,968,109384,去哪儿,971,53
2026-10-19,m20,花水湾罗马假日温泉大酒店,花水湾镇,酒店,工作日,113,70.6,66.4,968,109384,同程,960,54
2026-10-20,m20,花水湾罗马假日温泉大酒店,花水湾镇,酒店,工作日,107,66.9,63.1,969,103683,美团,952,59
2026-10-20,m20,花水湾罗马假日温泉大酒店,花水湾镇,酒店,工作日,107,66.9,63.1,969,103683,飞猪,981,59
2026-10-20,m20,花水湾罗马假日温泉大酒店,花水湾镇,酒店,工作日,107,66.9,63.1,969,103683,去哪儿,973,59
2026-10-20,m20,花水湾罗马假日温泉大酒店,花水湾镇,酒店,工作日,107,66.9,63.1,969,103683,同程,969,59
2026-10-21,m20,花水湾罗马假日温泉大酒店,花水湾镇,酒店,工作日,106,66.3,63.6,972,103032,美团,957,58
2026-10-21,m20,花水湾罗马假日温泉大酒店,花水湾镇,酒店,工作日,106,66.3,63.6,972,103032,飞猪,988,59
2026-10-21,m20,花水湾罗马假日温泉大酒店,花水湾镇,酒店,工作日,106,66.3,63.6,972,103032,去哪儿,971,58
2026-10-21,m20,花水湾罗马假日温泉大酒店,花水湾镇,酒店,工作日,106,66.3,63.6,972,103032,同程,970,58
2026-10-22,m20,花水湾罗马假日温泉大酒店,花水湾镇,酒店,工作日,111,69.4,68.0,978,108558,美团,965,51
2026-10-22,m20,花水湾罗马假日温泉大酒店,花水湾镇,酒店,工作日,111,69.4,68.0,978,108558,飞猪,993,51
2026-10-22,m20,花水湾罗马假日温泉大酒店,花水湾镇,酒店,工作日,111,69.4,68.0,978,108558,去哪儿,972,51
2026-10-22,m20,花水湾罗马假日温泉大酒店,花水湾镇,酒店,工作日,111,69.4,68.0,978,108558,同程,982,52
2026-10-23,m20,花水湾罗马假日温泉大酒店,花水湾镇,酒店,工作日,118,73.8,71.1,978,115404,美团,966,46
2026-10-23,m20,花水湾罗马假日温泉大酒店,花水湾镇,酒店,工作日,118,73.8,71.1,978,115404,飞猪,990,46
2026-10-23,m20,花水湾罗马假日温泉大酒店,花水湾镇,酒店,工作日,118,73.8,71.1,978,115404,去哪儿,975,46
2026-10-23,m20,花水湾罗马假日温泉大酒店,花水湾镇,酒店,工作日,118,73.8,71.1,978,115404,同程,981,47
2026-10-24,m20,花水湾罗马假日温泉大酒店,花水湾镇,酒店,周末,144,90.0,84.8,1295,186480,美团,1282,24
2026-10-24,m20,花水湾罗马假日温泉大酒店,花水湾镇,酒店,周末,144,90.0,84.8,1295,186480,飞猪,1310,24
2026-10-24,m20,花水湾罗马假日温泉大酒店,花水湾镇,酒店,周末,144,90.0,84.8,1295,186480,去哪儿,1300,24
2026-10-24,m20,花水湾罗马假日温泉大酒店,花水湾镇,酒店,周末,144,90.0,84.8,1295,186480,同程,1289,25
2026-10-25,m20,花水湾罗马假日温泉大酒店,花水湾镇,酒店,周末,141,88.1,83.4,1303,183723,美团,1286,27
2026-10-25,m20,花水湾罗马假日温泉大酒店,花水湾镇,酒店,周末,141,88.1,83.4,1303,183723,飞猪,1327,26
2026-10-25,m20,花水湾罗马假日温泉大酒店,花水湾镇,酒店,周末,141,88.1,83.4,1303,183723,去哪儿,1287,26
2026-10-25,m20,花水湾罗马假日温泉大酒店,花水湾镇,酒店,周末,141,88.1,83.4,1303,183723,同程,1311,27
2026-10-26,m20,花水湾罗马假日温泉大酒店,花水湾镇,酒店,工作日,100,62.5,60.5,950,95000,美团,938,64
2026-10-26,m20,花水湾罗马假日温泉大酒店,花水湾镇,酒店,工作日,100,62.5,60.5,950,95000,飞猪,958,63
2026-10-26,m20,花水湾罗马假日温泉大酒店,花水湾镇,酒店,工作日,100,62.5,60.5,950,95000,去哪儿,951,63
2026-10-26,m20,花水湾罗马假日温泉大酒店,花水湾镇,酒店,工作日,100,62.5,60.5,950,95000,同程,951,63
2026-10-27,m20,花水湾罗马假日温泉大酒店,花水湾镇,酒店,工作日,113,70.6,65.5,978,110514,美团,962,55
2026-10-27,m20,花水湾罗马假日温泉大酒店,花水湾镇,酒店,工作日,113,70.6,65.5,978,110514,飞猪,980,55
2026-10-27,m20,花水湾罗马假日温泉大酒店,花水湾镇,酒店,工作日,113,70.6,65.5,978,110514,去哪儿,984,55
2026-10-27,m20,花水湾罗马假日温泉大酒店,花水湾镇,酒店,工作日,113,70.6,65.5,978,110514,同程,984,56
2026-10-28,m20,花水湾罗马假日温泉大酒店,花水湾镇,酒店,工作日,115,71.9,66.1,956,109940,美团,941,54
2026-10-28,m20,花水湾罗马假日温泉大酒店,花水湾镇,酒店,工作日,115,71.9,66.1,956,109940,飞猪,967,54
2026-10-28,m20,花水湾罗马假日温泉大酒店,花水湾镇,酒店,工作日,115,71.9,66.1,956,109940,去哪儿,962,54
2026-10-28,m20,花水湾罗马假日温泉大酒店,花水湾镇,酒店,工作日,115,71.9,66.1,956,109940,同程,954,55
2026-10-29,m20,花水湾罗马假日温泉大酒店,花水湾镇,酒店,工作日,94,58.8,54.7,954,89676,美团,950,73
2026-10-29,m20,花水湾罗马假日温泉大酒店,花水湾镇,酒店,工作日,94,58.8,54.7,954,89676,飞猪,967,73
2026-10-29,m20,花水湾罗马假日温泉大酒店,花水湾镇,酒店,工作日,94,58.8,54.7,954,89676,去哪儿,954,72
2026-10-29,m20,花水湾罗马假日温泉大酒店,花水湾镇,酒店,工作日,94,58.8,54.7,954,89676,同程,945,72
2026-10-30,m20,花水湾罗马假日温泉大酒店,花水湾镇,酒店,工作日,106,66.3,64.8,989,104834,美团,975,56
2026-10-30,m20,花水湾罗马假日温泉大酒店,花水湾镇,酒店,工作日,106,66.3,64.8,989,104834,飞猪,1004,57
2026-10-30,m20,花水湾罗马假日温泉大酒店,花水湾镇,酒店,工作日,106,66.3,64.8,989,104834,去哪儿,994,56
2026-10-30,m20,花水湾罗马假日温泉大酒店,花水湾镇,酒店,工作日,106,66.3,64.8,989,104834,同程,981,56
2026-10-31,m20,花水湾罗马假日温泉大酒店,花水湾镇,酒店,周末,140,87.5,84.8,1307,182980,美团,1287,24
2026-10-31,m20,花水湾罗马假日温泉大酒店,花水湾镇,酒店,周末,140,87.5,84.8,1307,182980,飞猪,1315,24
2026-10-31,m20,花水湾罗马假日温泉大酒店,花水湾镇,酒店,周末,140,87.5,84.8,1307,182980,去哪儿,1315,24
2026-10-31,m20,花水湾罗马假日温泉大酒店,花水湾镇,酒店,周末,140,87.5,84.8,1307,182980,同程,1310,25
2026-10-01,m21,花水湾竹里温泉民宿,花水湾镇,温泉民宿,国庆,16,94.1,85.3,1153,18448,美团,1127,3
2026-10-01,m21,花水湾竹里温泉民宿,花水湾镇,温泉民宿,国庆,16,94.1,85.3,1153,18448,途家,1178,2
2026-10-02,m21,花水湾竹里温泉民宿,花水湾镇,温泉民宿,国庆,17,100.0,100.0,1234,20978,美团,1202,0
2026-10-02,m21,花水湾竹里温泉民宿,花水湾镇,温泉民宿,国庆,17,100.0,100.0,1234,20978,途家,1266,0
2026-10-03,m21,花水湾竹里温泉民宿,花水湾镇,温泉民宿,国庆,17,100.0,100.0,1217,20689,美团,1185,0
2026-10-03,m21,花水湾竹里温泉民宿,花水湾镇,温泉民宿,国庆,17,100.0,100.0,1217,20689,途家,1248,0
2026-10-04,m21,花水湾竹里温泉民宿,花水湾镇,温泉民宿,国庆,16,94.1,91.2,1210,19360,美团,1183,2
2026-10-04,m21,花水湾竹里温泉民宿,花水湾镇,温泉民宿,国庆,16,94.1,91.2,1210,19360,途家,1237,1
2026-10-05,m21,花水湾竹里温泉民宿,花水湾镇,温泉民宿,国庆,16,94.1,88.2,1183,18928,美团,1146,2
2026-10-05,m21,花水湾竹里温泉民宿,花水湾镇,温泉民宿,国庆,16,94.1,88.2,1183,18928,途家,1219,2
2026-10-06,m21,花水湾竹里温泉民宿,花水湾镇,温泉民宿,国庆,17,100.0,97.1,1169,19873,美团,1142,1
2026-10-06,m21,花水湾竹里温泉民宿,花水湾镇,温泉民宿,国庆,17,100.0,97.1,1169,19873,途家,1195,0
2026-10-07,m21,花水湾竹里温泉民宿,花水湾镇,温泉民宿,国庆,17,100.0,94.1,1168,19856,美团,1140,1
2026-10-07,m21,花水湾竹里温泉民宿,花水湾镇,温泉民宿,国庆,17,100.0,94.1,1168,19856,途家,1195,1
2026-10-08,m21,花水湾竹里温泉民宿,花水湾镇,温泉民宿,国庆,13,76.5,73.5,1171,15223,美团,1136,5
2026-10-08,m21,花水湾竹里温泉民宿,花水湾镇,温泉民宿,国庆,13,76.5,73.5,1171,15223,途家,1205,4
2026-10-09,m21,花水湾竹里温泉民宿,花水湾镇,温泉民宿,工作日,11,64.7,64.7,569,6259,美团,554,6
2026-10-09,m21,花水湾竹里温泉民宿,花水湾镇,温泉民宿,工作日,11,64.7,64.7,569,6259,途家,583,6
2026-10-10,m21,花水湾竹里温泉民宿,花水湾镇,温泉民宿,周末,16,94.1,94.1,767,12272,美团,746,1
2026-10-10,m21,花水湾竹里温泉民宿,花水湾镇,温泉民宿,周末,16,94.1,94.1,767,12272,途家,787,1
2026-10-11,m21,花水湾竹里温泉民宿,花水湾镇,温泉民宿,周末,17,100.0,91.2,776,13192,美团,748,2
2026-10-11,m21,花水湾竹里温泉民宿,花水湾镇,温泉民宿,周末,17,100.0,91.2,776,13192,途家,803,1
2026-10-12,m21,花水湾竹里温泉民宿,花水湾镇,温泉民宿,工作日,10,58.8,47.1,548,5480,美团,533,9
2026-10-12,m21,花水湾竹里温泉民宿,花水湾镇,温泉民宿,工作日,10,58.8,47.1,548,5480,途家,563,9
2026-10-13,m21,花水湾竹里温泉民宿,花水湾镇,温泉民宿,工作日,12,70.6,67.6,554,6648,美团,539,6
2026-10-13,m21,花水湾竹里温泉民宿,花水湾镇,温泉民宿,工作日,12,70.6,67.6,554,6648,途家,568,5
2026-10-14,m21,花水湾竹里温泉民宿,花水湾镇,温泉民宿,工作日,11,64.7,55.9,563,6193,美团,546,8
2026-10-14,m21,花水湾竹里温泉民宿,花水湾镇,温泉民宿,工作日,11,64.7,55.9,563,6193,途家,579,7
2026-10-15,m21,花水湾竹里温泉民宿,花水湾镇,温泉民宿,工作日,10,58.8,58.8,566,5660,美团,552,7
2026-10-15,m21,花水湾竹里温泉民宿,花水湾镇,温泉民宿,工作日,10,58.8,58.8,566,5660,途家,579,7
2026-10-16,m21,花水湾竹里温泉民宿,花水湾镇,温泉民宿,工作日,11,64.7,61.8,569,6259,美团,555,7
2026-10-16,m21,花水湾竹里温泉民宿,花水湾镇,温泉民宿,工作日,11,64.7,61.8,569,6259,途家,583,6
2026-10-17,m21,花水湾竹里温泉民宿,花水湾镇,温泉民宿,周末,15,88.2,76.5,764,11460,美团,748,4
2026-10-17,m21,花水湾竹里温泉民宿,花水湾镇,温泉民宿,周末,15,88.2,76.5,764,11460,途家,779,4
2026-10-18,m21,花水湾竹里温泉民宿,花水湾镇,温泉民宿,周末,17,100.0,91.2,779,13243,美团,768,2
2026-10-18,m21,花水湾竹里温泉民宿,花水湾镇,温泉民宿,周末,17,100.0,91.2,779,13243,途家,789,1
2026-10-19,m21,花水湾竹里温泉民宿,花水湾镇,温泉民宿,工作日,8,47.1,35.3,518,4144,美团,505,11
2026-10-19,m21,花水湾竹里温泉民宿,花水湾镇,温泉民宿,工作日,8,47.1,35.3,518,4144,途家,530,11
2026-10-20,m21,花水湾竹里温泉民宿,花水湾镇,温泉民宿,工作日,13,76.5,73.5,579,7527,美团,564,5
2026-10-20,m21,花水湾竹里温泉民宿,花水湾镇,温泉民宿,工作日,13,76.5,73.5,579,7527,途家,594,4
2026-10-21,m21,花水湾竹里温泉民宿,花水湾镇,温泉民宿,工作日,9,52.9,50.0,539,4851,美团,524,9
2026-10-21,m21,花水湾竹里温泉民宿,花水湾镇,温泉民宿,工作日,9,52.9,50.0,539,4851,途家,554,8
2026-10-22,m21,花水湾竹里温泉民宿,花水湾镇,温泉民宿,工作日,14,82.4,82.4,602,8428,美团,592,3
2026-10-22,m21,花水湾竹里温泉民宿,花水湾镇,温泉民宿,工作日,14,82.4,82.4,602,8428,途家,612,3
2026-10-23,m21,花水湾竹里温泉民宿,花水湾镇,温泉民宿,工作日,14,82.4,73.5,590,8260,美团,576,5
2026-10-23,m21,花水湾竹里温泉民宿,花水湾镇,温泉民宿,工作日,14,82.4,73.5,590,8260,途家,603,4
2026-10-24,m21,花水湾竹里温泉民宿,花水湾镇,温泉民宿,周末,16,94.1,94.1,776,12416,美团,753,1
2026-10-24,m21,花水湾竹里温泉民宿,花水湾镇,温泉民宿,周末,16,94.1,94.1,776,12416,途家,799,1
2026-10-25,m21,花水湾竹里温泉民宿,花水湾镇,温泉民宿,周末,16,94.1,91.2,785,12560,美团,767,2
2026-10-25,m21,花水湾竹里温泉民宿,花水湾镇,温泉民宿,周末,16,94.1,91.2,785,12560,途家,803,1
2026-10-26,m21,花水湾竹里温泉民宿,花水湾镇,温泉民宿,工作日,9,52.9,50.0,563,5067,美团,549,9
2026-10-26,m21,花水湾竹里温泉民宿,花水湾镇,温泉民宿,工作日,9,52.9,50.0,563,5067,途家,576,8
2026-10-27,m21,花水湾竹里温泉民宿,花水湾镇,温泉民宿,工作日,12,70.6,58.8,547,6564,美团,535,7
2026-10-27,m21,花水湾竹里温泉民宿,花水湾镇,温泉民宿,工作日,12,70.6,58.8,547,6564,途家,558,7
2026-10-28,m21,花水湾竹里温泉民宿,花水湾镇,温泉民宿,工作日,13,76.5,67.6,570,7410,美团,560,6
2026-10-28,m21,花水湾竹里温泉民宿,花水湾镇,温泉民宿,工作日,13,76.5,67.6,570,7410,途家,579,5
2026-10-29,m21,花水湾竹里温泉民宿,花水湾镇,温泉民宿,工作日,12,70.6,70.6,597,7164,美团,581,5
2026-10-29,m21,花水湾竹里温泉民宿,花水湾镇,温泉民宿,工作日,12,70.6,70.6,597,7164,途家,612,5
2026-10-30,m21,花水湾竹里温泉民宿,花水湾镇,温泉民宿,工作日,12,70.6,61.8,556,6672,美团,542,7
2026-10-30,m21,花水湾竹里温泉民宿,花水湾镇,温泉民宿,工作日,12,70.6,61.8,556,6672,途家,569,6
2026-10-31,m21,花水湾竹里温泉民宿,花水湾镇,温泉民宿,周末,15,88.2,88.2,748,11220,美团,726,2
2026-10-31,m21,花水湾竹里温泉民宿,花水湾镇,温泉民宿,周末,15,88.2,88.2,748,11220,途家,769,2
2026-10-01,m22,花水湾逸景温泉民宿,花水湾镇,温泉民宿,国庆,17,100.0,97.1,729,12393,去哪儿,729,0
2026-10-01,m22,花水湾逸景温泉民宿,花水湾镇,温泉民宿,国庆,17,100.0,97.1,729,12393,同程,729,1
2026-10-02,m22,花水湾逸景温泉民宿,花水湾镇,温泉民宿,国庆,17,100.0,82.4,700,11900,去哪儿,704,3
2026-10-02,m22,花水湾逸景温泉民宿,花水湾镇,温泉民宿,国庆,17,100.0,82.4,700,11900,同程,696,3
2026-10-03,m22,花水湾逸景温泉民宿,花水湾镇,温泉民宿,国庆,17,100.0,97.1,719,12223,去哪儿,720,0
2026-10-03,m22,花水湾逸景温泉民宿,花水湾镇,温泉民宿,国庆,17,100.0,97.1,719,12223,同程,718,1
2026-10-04,m22,花水湾逸景温泉民宿,花水湾镇,温泉民宿,国庆,17,100.0,94.1,688,11696,去哪儿,681,1
2026-10-04,m22,花水湾逸景温泉民宿,花水湾镇,温泉民宿,国庆,17,100.0,94.1,688,11696,同程,695,1
2026-10-05,m22,花水湾逸景温泉民宿,花水湾镇,温泉民宿,国庆,16,94.1,91.2,687,10992,去哪儿,691,1
2026-10-05,m22,花水湾逸景温泉民宿,花水湾镇,温泉民宿,国庆,16,94.1,91.2,687,10992,同程,683,2
2026-10-06,m22,花水湾逸景温泉民宿,花水湾镇,温泉民宿,国庆,17,100.0,100.0,712,12104,去哪儿,708,0
2026-10-06,m22,花水湾逸景温泉民宿,花水湾镇,温泉民宿,国庆,17,100.0,100.0,712,12104,同程,715,0
2026-10-07,m22,花水湾逸景温泉民宿,花水湾镇,温泉民宿,国庆,16,94.1,85.3,689,11024,去哪儿,691,2
2026-10-07,m22,花水湾逸景温泉民宿,花水湾镇,温泉民宿,国庆,16,94.1,85.3,689,11024,同程,687,3
2026-10-08,m22,花水湾逸景温泉民宿,花水湾镇,温泉民宿,国庆,15,88.2,85.3,668,10020,去哪儿,672,2
2026-10-08,m22,花水湾逸景温泉民宿,花水湾镇,温泉民宿,国庆,15,88.2,85.3,668,10020,同程,664,3
2026-10-09,m22,花水湾逸景温泉民宿,花水湾镇,温泉民宿,工作日,13,76.5,73.5,348,4524,去哪儿,347,4
2026-10-09,m22,花水湾逸景温泉民宿,花水湾镇,温泉民宿,工作日,13,76.5,73.5,348,4524,同程,348,5
2026-10-10,m22,花水湾逸景温泉民宿,花水湾镇,温泉民宿,周末,14,82.4,73.5,455,6370,去哪儿,456,4
2026-10-10,m22,花水湾逸景温泉民宿,花水湾镇,温泉民宿,周末,14,82.4,73.5,455,6370,同程,454,5
2026-10-11,m22,花水湾逸景温泉民宿,花水湾镇,温泉民宿,周末,16,94.1,91.2,454,7264,去哪儿,456,1
2026-10-11,m22,花水湾逸景温泉民宿,花水湾镇,温泉民宿,周末,16,94.1,91.2,454,7264,同程,451,2
2026-10-12,m22,花水湾逸景温泉民宿,花水湾镇,温泉民宿,工作日,11,64.7,64.7,338,3718,去哪儿,337,6
2026-10-12,m22,花水湾逸景温泉民宿,花水湾镇,温泉民宿,工作日,11,64.7,64.7,338,3718,同程,338,6
2026-10-13,m22,花水湾逸景温泉民宿,花水湾镇,温泉民宿,工作日,12,70.6,67.6,335,4020,去哪儿,334,5
2026-10-13,m22,花水湾逸景温泉民宿,花水湾镇,温泉民宿,工作日,12,70.6,67.6,335,4020,同程,335,6
2026-10-14,m22,花水湾逸景温泉民宿,花水湾镇,温泉民宿,工作日,12,70.6,67.6,332,3984,去哪儿,332,5
2026-10-14,m22,花水湾逸景温泉民宿,花水湾镇,温泉民宿,工作日,12,70.6,67.6,332,3984,同程,332,6
2026-10-15,m22,花水湾逸景温泉民宿,花水湾镇,温泉民宿,工作日,14,82.4,64.7,336,4704,去哪儿,334,6
2026-10-15,m22,花水湾逸景温泉民宿,花水湾镇,温泉民宿,工作日,14,82.4,64.7,336,4704,同程,338,6
2026-10-16,m22,花水湾逸景温泉民宿,花水湾镇,温泉民宿,工作日,13,76.5,70.6,334,4342,去哪儿,331,5
2026-10-16,m22,花水湾逸景温泉民宿,花水湾镇,温泉民宿,工作日,13,76.5,70.6,334,4342,同程,337,5
2026-10-17,m22,花水湾逸景温泉民宿,花水湾镇,温泉民宿,周末,15,88.2,85.3,487,7305,去哪儿,485,2
2026-10-17,m22,花水湾逸景温泉民宿,花水湾镇,温泉民宿,周末,15,88.2,85.3,487,7305,同程,489,3
2026-10-18,m22,花水湾逸景温泉民宿,花水湾镇,温泉民宿,周末,15,88.2,88.2,460,6900,去哪儿,461,2
2026-10-18,m22,花水湾逸景温泉民宿,花水湾镇,温泉民宿,周末,15,88.2,88.2,460,6900,同程,459,2
2026-10-19,m22,花水湾逸景温泉民宿,花水湾镇,温泉民宿,工作日,13,76.5,70.6,344,4472,去哪儿,345,5
2026-10-19,m22,花水湾逸景温泉民宿,花水湾镇,温泉民宿,工作日,13,76.5,70.6,344,4472,同程,342,5
2026-10-20,m22,花水湾逸景温泉民宿,花水湾镇,温泉民宿,工作日,14,82.4,79.4,355,4970,去哪儿,355,3
2026-10-20,m22,花水湾逸景温泉民宿,花水湾镇,温泉民宿,工作日,14,82.4,79.4,355,4970,同程,355,4
2026-10-21,m22,花水湾逸景温泉民宿,花水湾镇,温泉民宿,工作日,11,64.7,55.9,337,3707,去哪儿,337,7
2026-10-21,m22,花水湾逸景温泉民宿,花水湾镇,温泉民宿,工作日,11,64.7,55.9,337,3707,同程,337,8
2026-10-22,m22,花水湾逸景温泉民宿,花水湾镇,温泉民宿,工作日,13,76.5,76.5,366,4758,去哪儿,364,4
2026-10-22,m22,花水湾逸景温泉民宿,花水湾镇,温泉民宿,工作日,13,76.5,76.5,366,4758,同程,368,4
2026-10-23,m22,花水湾逸景温泉民宿,花水湾镇,温泉民宿,工作日,13,76.5,70.6,339,4407,去哪儿,339,5
2026-10-23,m22,花水湾逸景温泉民宿,花水湾镇,温泉民宿,工作日,13,76.5,70.6,339,4407,同程,338,5
2026-10-24,m22,花水湾逸景温泉民宿,花水湾镇,温泉民宿,周末,15,88.2,85.3,450,6750,去哪儿,450,2
2026-10-24,m22,花水湾逸景温泉民宿,花水湾镇,温泉民宿,周末,15,88.2,85.3,450,6750,同程,450,3
2026-10-25,m22,花水湾逸景温泉民宿,花水湾镇,温泉民宿,周末,14,82.4,76.5,454,6356,去哪儿,452,4
2026-10-25,m22,花水湾逸景温泉民宿,花水湾镇,温泉民宿,周末,14,82.4,76.5,454,6356,同程,455,4
2026-10-26,m22,花水湾逸景温泉民宿,花水湾镇,温泉民宿,工作日,13,76.5,76.5,348,4524,去哪儿,348,4
2026-10-26,m22,花水湾逸景温泉民宿,花水湾镇,温泉民宿,工作日,13,76.5,76.5,348,4524,同程,347,4
2026-10-27,m22,花水湾逸景温泉民宿,花水湾镇,温泉民宿,工作日,8,47.1,35.3,313,2504,去哪儿,313,11
2026-10-27,m22,花水湾逸景温泉民宿,花水湾镇,温泉民宿,工作日,8,47.1,35.3,313,2504,同程,313,11
2026-10-28,m22,花水湾逸景温泉民宿,花水湾镇,温泉民宿,工作日,10,58.8,50.0,336,3360,去哪儿,336,8
2026-10-28,m22,花水湾逸景温泉民宿,花水湾镇,温泉民宿,工作日,10,58.8,50.0,336,3360,同程,336,9
2026-10-29,m22,花水湾逸景温泉民宿,花水湾镇,温泉民宿,工作日,12,70.6,61.8,338,4056,去哪儿,339,6
2026-10-29,m22,花水湾逸景温泉民宿,花水湾镇,温泉民宿,工作日,12,70.6,61.8,338,4056,同程,336,7
2026-10-30,m22,花水湾逸景温泉民宿,花水湾镇,温泉民宿,工作日,10,58.8,58.8,333,3330,去哪儿,332,7
2026-10-30,m22,花水湾逸景温泉民宿,花水湾镇,温泉民宿,工作日,10,58.8,58.8,333,3330,同程,333,7
2026-10-31,m22,花水湾逸景温泉民宿,花水湾镇,温泉民宿,周末,16,94.1,79.4,478,7648,去哪儿,477,3
2026-10-31,m22,花水湾逸景温泉民宿,花水湾镇,温泉民宿,周末,16,94.1,79.4,478,7648,同程,478,4
2026-10-01,m23,花水湾青瓦客栈,花水湾镇,客栈,国庆,36,94.7,92.1,1000,36000,携程,1016,3
2026-10-01,m23,花水湾青瓦客栈,花水湾镇,客栈,国庆,36,94.7,92.1,1000,36000,美团,984,3
2026-10-02,m23,花水湾青瓦客栈,花水湾镇,客栈,国庆,35,92.1,85.5,997,34895,携程,1011,5
2026-10-02,m23,花水湾青瓦客栈,花水湾镇,客栈,国庆,35,92.1,85.5,997,34895,美团,982,6
2026-10-03,m23,花水湾青瓦客栈,花水湾镇,客栈,国庆,37,97.4,89.5,975,36075,携程,987,4
2026-10-03,m23,花水湾青瓦客栈,花水湾镇,客栈,国庆,37,97.4,89.5,975,36075,美团,963,4
2026-10-04,m23,花水湾青瓦客栈,花水湾镇,客栈,国庆,36,94.7,93.4,1000,36000,携程,1014,2
2026-10-04,m23,花水湾青瓦客栈,花水湾镇,客栈,国庆,36,94.7,93.4,1000,36000,美团,986,3
2026-10-05,m23,花水湾青瓦客栈,花水湾镇,客栈,国庆,37,97.4,92.1,1017,37629,携程,1037,3
2026-10-05,m23,花水湾青瓦客栈,花水湾镇,客栈,国庆,37,97.4,92.1,1017,37629,美团,996,3
2026-10-06,m23,花水湾青瓦客栈,花水湾镇,客栈,国庆,38,100.0,92.1,996,37848,携程,1010,3
2026-10-06,m23,花水湾青瓦客栈,花水湾镇,客栈,国庆,38,100.0,92.1,996,37848,美团,982,3
2026-10-07,m23,花水湾青瓦客栈,花水湾镇,客栈,国庆,35,92.1,88.2,1000,35000,携程,1016,5
2026-10-07,m23,花水湾青瓦客栈,花水湾镇,客栈,国庆,35,92.1,88.2,1000,35000,美团,983,4
2026-10-08,m23,花水湾青瓦客栈,花水湾镇,客栈,国庆,35,92.1,78.9,995,34825,携程,1007,8
2026-10-08,m23,花水湾青瓦客栈,花水湾镇,客栈,国庆,35,92.1,78.9,995,34825,美团,983,8
2026-10-09,m23,花水湾青瓦客栈,花水湾镇,客栈,工作日,21,55.3,52.6,467,9807,携程,474,18
2026-10-09,m23,花水湾青瓦客栈,花水湾镇,客栈,工作日,21,55.3,52.6,467,9807,美团,460,18
2026-10-10,m23,花水湾青瓦客栈,花水湾镇,客栈,周末,36,94.7,85.5,655,23580,携程,666,5
2026-10-10,m23,花水湾青瓦客栈,花水湾镇,客栈,周末,36,94.7,85.5,655,23580,美团,644,6
2026-10-11,m23,花水湾青瓦客栈,花水湾镇,客栈,周末,34,89.5,84.2,633,21522,携程,643,6
2026-10-11,m23,花水湾青瓦客栈,花水湾镇,客栈,周末,34,89.5,84.2,633,21522,美团,622,6
2026-10-12,m23,花水湾青瓦客栈,花水湾镇,客栈,工作日,25,65.8,55.3,471,11775,携程,478,17
2026-10-12,m23,花水湾青瓦客栈,花水湾镇,客栈,工作日,25,65.8,55.3,471,11775,美团,463,17
2026-10-13,m23,花水湾青瓦客栈,花水湾镇,客栈,工作日,27,71.1,69.7,487,13149,携程,493,11
2026-10-13,m23,花水湾青瓦客栈,花水湾镇,客栈,工作日,27,71.1,69.7,487,13149,美团,480,12
2026-10-14,m23,花水湾青瓦客栈,花水湾镇,客栈,工作日,26,68.4,60.5,483,12558,携程,489,15
2026-10-14,m23,花水湾青瓦客栈,花水湾镇,客栈,工作日,26,68.4,60.5,483,12558,美团,476,15
2026-10-15,m23,花水湾青瓦客栈,花水湾镇,客栈,工作日,26,68.4,67.1,481,12506,携程,489,13
2026-10-15,m23,花水湾青瓦客栈,花水湾镇,客栈,工作日,26,68.4,67.1,481,12506,美团,473,12
2026-10-16,m23,花水湾青瓦客栈,花水湾镇,客栈,工作日,24,63.2,56.6,473,11352,携程,477,16
2026-10-16,m23,花水湾青瓦客栈,花水湾镇,客栈,工作日,24,63.2,56.6,473,11352,美团,469,17
2026-10-17,m23,花水湾青瓦客栈,花水湾镇,客栈,周末,36,94.7,86.8,661,23796,携程,671,5
2026-10-17,m23,花水湾青瓦客栈,花水湾镇,客栈,周末,36,94.7,86.8,661,23796,美团,651,5
2026-10-18,m23,花水湾青瓦客栈,花水湾镇,客栈,周末,37,97.4,94.7,669,24753,携程,678,2
2026-10-18,m23,花水湾青瓦客栈,花水湾镇,客栈,周末,37,97.4,94.7,669,24753,美团,660,2
2026-10-19,m23,花水湾青瓦客栈,花水湾镇,客栈,工作日,26,68.4,67.1,480,12480,携程,488,12
2026-10-19,m23,花水湾青瓦客栈,花水湾镇,客栈,工作日,26,68.4,67.1,480,12480,美团,472,13
2026-10-20,m23,花水湾青瓦客栈,花水湾镇,客栈,工作日,24,63.2,55.3,464,11136,携程,469,17
2026-10-20,m23,花水湾青瓦客栈,花水湾镇,客栈,工作日,24,63.2,55.3,464,11136,美团,458,17
2026-10-21,m23,花水湾青瓦客栈,花水湾镇,客栈,工作日,23,60.5,50.0,463,10649,携程,469,19
2026-10-21,m23,花水湾青瓦客栈,花水湾镇,客栈,工作日,23,60.5,50.0,463,10649,美团,457,19
2026-10-22,m23,花水湾青瓦客栈,花水湾镇,客栈,工作日,21,55.3,44.7,454,9534,携程,465,21
2026-10-22,m23,花水湾青瓦客栈,花水湾镇,客栈,工作日,21,55.3,44.7,454,9534,美团,442,21
2026-10-23,m23,花水湾青瓦客栈,花水湾镇,客栈,工作日,30,78.9,77.6,488,14640,携程,495,8
2026-10-23,m23,花水湾青瓦客栈,花水湾镇,客栈,工作日,30,78.9,77.6,488,14640,美团,481,9
2026-10-24,m23,花水湾青瓦客栈,花水湾镇,客栈,周末,34,89.5,88.2,653,22202,携程,662,5
2026-10-24,m23,花水湾青瓦客栈,花水湾镇,客栈,周末,34,89.5,88.2,653,22202,美团,644,4
2026-10-25,m23,花水湾青瓦客栈,花水湾镇,客栈,周末,37,97.4,94.7,683,25271,携程,692,2
2026-10-25,m23,花水湾青瓦客栈,花水湾镇,客栈,周末,37,97.4,94.7,683,25271,美团,673,2
2026-10-26,m23,花水湾青瓦客栈,花水湾镇,客栈,工作日,25,65.8,57.9,483,12075,携程,490,16
2026-10-26,m23,花水湾青瓦客栈,花水湾镇,客栈,工作日,25,65.8,57.9,483,12075,美团,476,16
2026-10-27,m23,花水湾青瓦客栈,花水湾镇,客栈,工作日,26,68.4,59.2,477,12402,携程,483,15
2026-10-27,m23,花水湾青瓦客栈,花水湾镇,客栈,工作日,26,68.4,59.2,477,12402,美团,470,16
2026-10-28,m23,花水湾青瓦客栈,花水湾镇,客栈,工作日,23,60.5,57.9,467,10741,携程,471,16
2026-10-28,m23,花水湾青瓦客栈,花水湾镇,客栈,工作日,23,60.5,57.9,467,10741,美团,462,16
2026-10-29,m23,花水湾青瓦客栈,花水湾镇,客栈,工作日,29,76.3,69.7,493,14297,携程,501,11
2026-10-29,m23,花水湾青瓦客栈,花水湾镇,客栈,工作日,29,76.3,69.7,493,14297,美团,485,12
2026-10-30,m23,花水湾青瓦客栈,花水湾镇,客栈,工作日,25,65.8,61.8,467,11675,携程,474,15
2026-10-30,m23,花水湾青瓦客栈,花水湾镇,客栈,工作日,25,65.8,61.8,467,11675,美团,460,14
2026-10-31,m23,花水湾青瓦客栈,花水湾镇,客栈,周末,38,100.0,96.1,653,24814,携程,666,1
2026-10-31,m23,花水湾青瓦客栈,花水湾镇,客栈,周末,38,100.0,96.1,653,24814,美团,639,2
2026-10-01,m24,花水湾罗马假日温泉酒店,花水湾镇,酒店,国庆,146,94.8,91.6,1719,250974,携程,1735,13
2026-10-01,m24,花水湾罗马假日温泉酒店,花水湾镇,酒店,国庆,146,94.8,91.6,1719,250974,美团,1693,13
2026-10-01,m24,花水湾罗马假日温泉酒店,花水湾镇,酒店,国庆,146,94.8,91.6,1719,250974,去哪儿,1685,13
2026-10-01,m24,花水湾罗马假日温泉酒店,花水湾镇,酒店,国庆,146,94.8,91.6,1719,250974,途家,1762,13
2026-10-02,m24,花水湾罗马假日温泉酒店,花水湾镇,酒店,国庆,147,95.5,88.8,1730,254310,携程,1751,17
2026-10-02,m24,花水湾罗马假日温泉酒店,花水湾镇,酒店,国庆,147,95.5,88.8,1730,254310,美团,1685,18
2026-10-02,m24,花水湾罗马假日温泉酒店,花水湾镇,酒店,国庆,147,95.5,88.8,1730,254310,去哪儿,1713,17
2026-10-02,m24,花水湾罗马假日温泉酒店,花水湾镇,酒店,国庆,147,95.5,88.8,1730,254310,途家,1770,17
2026-10-03,m24,花水湾罗马假日温泉酒店,花水湾镇,酒店,国庆,145,94.2,86.9,1723,249835,携程,1738,20
2026-10-03,m24,花水湾罗马假日温泉酒店,花水湾镇,酒店,国庆,145,94.2,86.9,1723,249835,美团,1704,21
2026-10-03,m24,花水湾罗马假日温泉酒店,花水湾镇,酒店,国庆,145,94.2,86.9,1723,249835,去哪儿,1692,20
2026-10-03,m24,花水湾罗马假日温泉酒店,花水湾镇,酒店,国庆,145,94.2,86.9,1723,249835,途家,1759,20
2026-10-04,m24,花水湾罗马假日温泉酒店,花水湾镇,酒店,国庆,146,94.8,86.9,1721,251266,携程,1729,21
2026-10-04,m24,花水湾罗马假日温泉酒店,花水湾镇,酒店,国庆,146,94.8,86.9,1721,251266,美团,1685,20
2026-10-04,m24,花水湾罗马假日温泉酒店,花水湾镇,酒店,国庆,146,94.8,86.9,1721,251266,去哪儿,1691,20
2026-10-04,m24,花水湾罗马假日温泉酒店,花水湾镇,酒店,国庆,146,94.8,86.9,1721,251266,途家,1779,20
2026-10-05,m24,花水湾罗马假日温泉酒店,花水湾镇,酒店,国庆,146,94.8,90.1,1713,250098,携程,1725,15
2026-10-05,m24,花水湾罗马假日温泉酒店,花水湾镇,酒店,国庆,146,94.8,90.1,1713,250098,美团,1685,16
2026-10-05,m24,花水湾罗马假日温泉酒店,花水湾镇,酒店,国庆,146,94.8,90.1,1713,250098,去哪儿,1678,15
2026-10-05,m24,花水湾罗马假日温泉酒店,花水湾镇,酒店,国庆,146,94.8,90.1,1713,250098,途家,1763,15
2026-10-06,m24,花水湾罗马假日温泉酒店,花水湾镇,酒店,国庆,144,93.5,89.0,1719,247536,携程,1726,17
2026-10-06,m24,花水湾罗马假日温泉酒店,花水湾镇,酒店,国庆,144,93.5,89.0,1719,247536,美团,1668,17
2026-10-06,m24,花水湾罗马假日温泉酒店,花水湾镇,酒店,国庆,144,93.5,89.0,1719,247536,去哪儿,1714,17
2026-10-06,m24,花水湾罗马假日温泉酒店,花水湾镇,酒店,国庆,144,93.5,89.0,1719,247536,途家,1768,17
2026-10-07,m24,花水湾罗马假日温泉酒店,花水湾镇,酒店,国庆,145,94.2,90.7,1704,247080,携程,1723,14
2026-10-07,m24,花水湾罗马假日温泉酒店,花水湾镇,酒店,国庆,145,94.2,90.7,1704,247080,美团,1664,15
2026-10-07,m24,花水湾罗马假日温泉酒店,花水湾镇,酒店,国庆,145,94.2,90.7,1704,247080,去哪儿,1676,14
2026-10-07,m24,花水湾罗马假日温泉酒店,花水湾镇,酒店,国庆,145,94.2,90.7,1704,247080,途家,1751,14
2026-10-08,m24,花水湾罗马假日温泉酒店,花水湾镇,酒店,国庆,140,90.9,87.0,1713,239820,携程,1711,20
2026-10-08,m24,花水湾罗马假日温泉酒店,花水湾镇,酒店,国庆,140,90.9,87.0,1713,239820,美团,1688,20
2026-10-08,m24,花水湾罗马假日温泉酒店,花水湾镇,酒店,国庆,140,90.9,87.0,1713,239820,去哪儿,1699,20
2026-10-08,m24,花水湾罗马假日温泉酒店,花水湾镇,酒店,国庆,140,90.9,87.0,1713,239820,途家,1752,20
2026-10-09,m24,花水湾罗马假日温泉酒店,花水湾镇,酒店,工作日,100,64.9,62.3,838,83800,携程,847,58
2026-10-09,m24,花水湾罗马假日温泉酒店,花水湾镇,酒店,工作日,100,64.9,62.3,838,83800,美团,821,58
2026-10-09,m24,花水湾罗马假日温泉酒店,花水湾镇,酒店,工作日,100,64.9,62.3,838,83800,去哪儿,823,58
2026-10-09,m24,花水湾罗马假日温泉酒店,花水湾镇,酒店,工作日,100,64.9,62.3,838,83800,途家,861,58
2026-10-10,m24,花水湾罗马假日温泉酒店,花水湾镇,酒店,周末,144,93.5,89.4,1122,161568,携程,1120,17
2026-10-10,m24,花水湾罗马假日温泉酒店,花水湾镇,酒店,周末,144,93.5,89.4,1122,161568,美团,1104,16
2026-10-10,m24,花水湾罗马假日温泉酒店,花水湾镇,酒店,周末,144,93.5,89.4,1122,161568,去哪儿,1107,16
2026-10-10,m24,花水湾罗马假日温泉酒店,花水湾镇,酒店,周末,144,93.5,89.4,1122,161568,途家,1157,16
2026-10-11,m24,花水湾罗马假日温泉酒店,花水湾镇,酒店,周末,135,87.7,81.7,1110,149850,携程,1123,28
2026-10-11,m24,花水湾罗马假日温泉酒店,花水湾镇,酒店,周末,135,87.7,81.7,1110,149850,美团,1095,29
2026-10-11,m24,花水湾罗马假日温泉酒店,花水湾镇,酒店,周末,135,87.7,81.7,1110,149850,去哪儿,1081,28
2026-10-11,m24,花水湾罗马假日温泉酒店,花水湾镇,酒店,周末,135,87.7,81.7,1110,149850,途家,1142,28
2026-10-12,m24,花水湾罗马假日温泉酒店,花水湾镇,酒店,工作日,111,72.1,68.0,835,92685,携程,837,49
2026-10-12,m24,花水湾罗马假日温泉酒店,花水湾镇,酒店,工作日,111,72.1,68.0,835,92685,美团,813,50
2026-10-12,m24,花水湾罗马假日温泉酒店,花水湾镇,酒店,工作日,111,72.1,68.0,835,92685,去哪儿,824,49
2026-10-12,m24,花水湾罗马假日温泉酒店,花水湾镇,酒店,工作日,111,72.1,68.0,835,92685,途家,864,49
2026-10-13,m24,花水湾罗马假日温泉酒店,花水湾镇,酒店,工作日,107,69.5,66.1,836,89452,携程,838,53
2026-10-13,m24,花水湾罗马假日温泉酒店,花水湾镇,酒店,工作日,107,69.5,66.1,836,89452,美团,819,52
2026-10-13,m24,花水湾罗马假日温泉酒店,花水湾镇,酒店,工作日,107,69.5,66.1,836,89452,去哪儿,826,52
2026-10-13,m24,花水湾罗马假日温泉酒店,花水湾镇,酒店,工作日,107,69.5,66.1,836,89452,途家,859,52
2026-10-14,m24,花水湾罗马假日温泉酒店,花水湾镇,酒店,工作日,105,68.2,64.9,831,87255,携程,841,54
2026-10-14,m24,花水湾罗马假日温泉酒店,花水湾镇,酒店,工作日,105,68.2,64.9,831,87255,美团,804,54
2026-10-14,m24,花水湾罗马假日温泉酒店,花水湾镇,酒店,工作日,105,68.2,64.9,831,87255,去哪儿,823,54
2026-10-14,m24,花水湾罗马假日温泉酒店,花水湾镇,酒店,工作日,105,68.2,64.9,831,87255,途家,855,54
2026-10-15,m24,花水湾罗马假日温泉酒店,花水湾镇,酒店,工作日,115,74.7,71.4,846,97290,携程,850,44
2026-10-15,m24,花水湾罗马假日温泉酒店,花水湾镇,酒店,工作日,115,74.7,71.4,846,97290,美团,827,44
2026-10-15,m24,花水湾罗马假日温泉酒店,花水湾镇,酒店,工作日,115,74.7,71.4,846,97290,去哪儿,834,44
2026-10-15,m24,花水湾罗马假日温泉酒店,花水湾镇,酒店,工作日,115,74.7,71.4,846,97290,途家,872,44
2026-10-16,m24,花水湾罗马假日温泉酒店,花水湾镇,酒店,工作日,103,66.9,65.4,824,84872,携程,825,54
2026-10-16,m24,花水湾罗马假日温泉酒店,花水湾镇,酒店,工作日,103,66.9,65.4,824,84872,美团,807,53
2026-10-16,m24,花水湾罗马假日温泉酒店,花水湾镇,酒店,工作日,103,66.9,65.4,824,84872,去哪儿,817,53
2026-10-16,m24,花水湾罗马假日温泉酒店,花水湾镇,酒店,工作日,103,66.9,65.4,824,84872,途家,847,53
2026-10-17,m24,花水湾罗马假日温泉酒店,花水湾镇,酒店,周末,129,83.8,78.4,1098,141642,携程,1108,33
2026-10-17,m24,花水湾罗马假日温泉酒店,花水湾镇,酒店,周末,129,83.8,78.4,1098,141642,美团,1073,34
2026-10-17,m24,花水湾罗马假日温泉酒店,花水湾镇,酒店,周末,129,83.8,78.4,1098,141642,去哪儿,1082,33
2026-10-17,m24,花水湾罗马假日温泉酒店,花水湾镇,酒店,周末,129,83.8,78.4,1098,141642,途家,1130,33
2026-10-18,m24,花水湾罗马假日温泉酒店,花水湾镇,酒店,周末,134,87.0,82.8,1103,147802,携程,1116,27
2026-10-18,m24,花水湾罗马假日温泉酒店,花水湾镇,酒店,周末,134,87.0,82.8,1103,147802,美团,1079,27
2026-10-18,m24,花水湾罗马假日温泉酒店,花水湾镇,酒店,周末,134,87.0,82.8,1103,147802,去哪儿,1092,26
2026-10-18,m24,花水湾罗马假日温泉酒店,花水湾镇,酒店,周末,134,87.0,82.8,1103,147802,途家,1123,26
2026-10-19,m24,花水湾罗马假日温泉酒店,花水湾镇,酒店,工作日,116,75.3,72.7,827,95932,携程,835,42
2026-10-19,m24,花水湾罗马假日温泉酒店,花水湾镇,酒店,工作日,116,75.3,72.7,827,95932,美团,807,42
2026-10-19,m24,花水湾罗马假日温泉酒店,花水湾镇,酒店,工作日,116,75.3,72.7,827,95932,去哪儿,814,42
2026-10-19,m24,花水湾罗马假日温泉酒店,花水湾镇,酒店,工作日,116,75.3,72.7,827,95932,途家,851,42
2026-10-20,m24,花水湾罗马假日温泉酒店,花水湾镇,酒店,工作日,119,77.3,73.1,838,99722,携程,844,42
2026-10-20,m24,花水湾罗马假日温泉酒店,花水湾镇,酒店,工作日,119,77.3,73.1,838,99722,美团,817,42
2026-10-20,m24,花水湾罗马假日温泉酒店,花水湾镇,酒店,工作日,119,77.3,73.1,838,99722,去哪儿,830,41
2026-10-20,m24,花水湾罗马假日温泉酒店,花水湾镇,酒店,工作日,119,77.3,73.1,838,99722,途家,860,41
2026-10-21,m24,花水湾罗马假日温泉酒店,花水湾镇,酒店,工作日,105,68.2,63.0,830,87150,携程,837,57
2026-10-21,m24,花水湾罗马假日温泉酒店,花水湾镇,酒店,工作日,105,68.2,63.0,830,87150,美团,811,57
2026-10-21,m24,花水湾罗马假日温泉酒店,花水湾镇,酒店,工作日,105,68.2,63.0,830,87150,去哪儿,824,57
2026-10-21,m24,花水湾罗马假日温泉酒店,花水湾镇,酒店,工作日,105,68.2,63.0,830,87150,途家,846,57
2026-10-22,m24,花水湾罗马假日温泉酒店,花水湾镇,酒店,工作日,115,74.7,68.7,824,94760,携程,828,48
2026-10-22,m24,花水湾罗马假日温泉酒店,花水湾镇,酒店,工作日,115,74.7,68.7,824,94760,美团,811,49
2026-10-22,m24,花水湾罗马假日温泉酒店,花水湾镇,酒店,工作日,115,74.7,68.7,824,94760,去哪儿,813,48
2026-10-22,m24,花水湾罗马假日温泉酒店,花水湾镇,酒店,工作日,115,74.7,68.7,824,94760,途家,843,48
2026-10-23,m24,花水湾罗马假日温泉酒店,花水湾镇,酒店,工作日,108,70.1,64.9,826,89208,携程,835,54
2026-10-23,m24,花水湾罗马假日温泉酒店,花水湾镇,酒店,工作日,108,70.1,64.9,826,89208,美团,812,54
2026-10-23,m24,花水湾罗马假日温泉酒店,花水湾镇,酒店,工作日,108,70.1,64.9,826,89208,去哪儿,810,54
2026-10-23,m24,花水湾罗马假日温泉酒店,花水湾镇,酒店,工作日,108,70.1,64.9,826,89208,途家,847,54
2026-10-24,m24,花水湾罗马假日温泉酒店,花水湾镇,酒店,周末,133,86.4,83.8,1113,148029,携程,1111,25
2026-10-24,m24,花水湾罗马假日温泉酒店,花水湾镇,酒店,周末,133,86.4,83.8,1113,148029,美团,1079,25
2026-10-24,m24,花水湾罗马假日温泉酒店,花水湾镇,酒店,周末,133,86.4,83.8,1113,148029,去哪儿,1101,25
2026-10-24,m24,花水湾罗马假日温泉酒店,花水湾镇,酒店,周末,133,86.4,83.8,1113,148029,途家,1162,25
2026-10-25,m24,花水湾罗马假日温泉酒店,花水湾镇,酒店,周末,135,87.7,81.0,1111,149985,携程,1129,29
2026-10-25,m24,花水湾罗马假日温泉酒店,花水湾镇,酒店,周末,135,87.7,81.0,1111,149985,美团,1077,30
2026-10-25,m24,花水湾罗马假日温泉酒店,花水湾镇,酒店,周末,135,87.7,81.0,1111,149985,去哪儿,1095,29
2026-10-25,m24,花水湾罗马假日温泉酒店,花水湾镇,酒店,周末,135,87.7,81.0,1111,149985,途家,1142,29
2026-10-26,m24,花水湾罗马假日温泉酒店,花水湾镇,酒店,工作日,104,67.5,62.3,820,85280,携程,822,58
2026-10-26,m24,花水湾罗马假日温泉酒店,花水湾镇,酒店,工作日,104,67.5,62.3,820,85280,美团,809,58
2026-10-26,m24,花水湾罗马假日温泉酒店,花水湾镇,酒店,工作日,104,67.5,62.3,820,85280,去哪儿,801,58
2026-10-26,m24,花水湾罗马假日温泉酒店,花水湾镇,酒店,工作日,104,67.5,62.3,820,85280,途家,848,58
2026-10-27,m24,花水湾罗马假日温泉酒店,花水湾镇,酒店,工作日,119,77.3,73.7,838,99722,携程,846,41
2026-10-27,m24,花水湾罗马假日温泉酒店,花水湾镇,酒店,工作日,119,77.3,73.7,838,99722,美团,813,41
2026-10-27,m24,花水湾罗马假日温泉酒店,花水湾镇,酒店,工作日,119,77.3,73.7,838,99722,去哪儿,832,40
2026-10-27,m24,花水湾罗马假日温泉酒店,花水湾镇,酒店,工作日,119,77.3,73.7,838,99722,途家,860,40
2026-10-28,m24,花水湾罗马假日温泉酒店,花水湾镇,酒店,工作日,117,76.0,72.7,842,98514,携程,860,42
2026-10-28,m24,花水湾罗马假日温泉酒店,花水湾镇,酒店,工作日,117,76.0,72.7,842,98514,美团,817,42
2026-10-28,m24,花水湾罗马假日温泉酒店,花水湾镇,酒店,工作日,117,76.0,72.7,842,98514,去哪儿,825,42
2026-10-28,m24,花水湾罗马假日温泉酒店,花水湾镇,酒店,工作日,117,76.0,72.7,842,98514,途家,866,42
2026-10-29,m24,花水湾罗马假日温泉酒店,花水湾镇,酒店,工作日,109,70.8,64.3,822,89598,携程,821,55
2026-10-29,m24,花水湾罗马假日温泉酒店,花水湾镇,酒店,工作日,109,70.8,64.3,822,89598,美团,805,55
2026-10-29,m24,花水湾罗马假日温泉酒店,花水湾镇,酒店,工作日,109,70.8,64.3,822,89598,去哪儿,811,55
2026-10-29,m24,花水湾罗马假日温泉酒店,花水湾镇,酒店,工作日,109,70.8,64.3,822,89598,途家,849,55
2026-10-30,m24,花水湾罗马假日温泉酒店,花水湾镇,酒店,工作日,116,75.3,70.8,842,97672,携程,849,45
2026-10-30,m24,花水湾罗马假日温泉酒店,花水湾镇,酒店,工作日,116,75.3,70.8,842,97672,美团,827,45
2026-10-30,m24,花水湾罗马假日温泉酒店,花水湾镇,酒店,工作日,116,75.3,70.8,842,97672,去哪儿,832,45
2026-10-30,m24,花水湾罗马假日温泉酒店,花水湾镇,酒店,工作日,116,75.3,70.8,842,97672,途家,858,45
2026-10-31,m24,花水湾罗马假日温泉酒店,花水湾镇,酒店,周末,139,90.3,85.6,1110,154290,携程,1111,22
2026-10-31,m24,花水湾罗马假日温泉酒店,花水湾镇,酒店,周末,139,90.3,85.6,1110,154290,美团,1091,23
2026-10-31,m24,花水湾罗马假日温泉酒店,花水湾镇,酒店,周末,139,90.3,85.6,1110,154290,去哪儿,1096,22
2026-10-31,m24,花水湾罗马假日温泉酒店,花水湾镇,酒店,周末,139,90.3,85.6,1110,154290,途家,1142,22
2026-10-01,m25,花水湾溪边客栈,花水湾镇,客栈,国庆,44,91.7,79.9,890,39160,飞猪,897,10
2026-10-01,m25,花水湾溪边客栈,花水湾镇,客栈,国庆,44,91.7,79.9,890,39160,去哪儿,883,9
2026-10-01,m25,花水湾溪边客栈,花水湾镇,客栈,国庆,44,91.7,79.9,890,39160,同程,889,10
2026-10-02,m25,花水湾溪边客栈,花水湾镇,客栈,国庆,43,89.6,89.6,933,40119,飞猪,938,5
2026-10-02,m25,花水湾溪边客栈,花水湾镇,客栈,国庆,43,89.6,89.6,933,40119,去哪儿,936,5
2026-10-02,m25,花水湾溪边客栈,花水湾镇,客栈,国庆,43,89.6,89.6,933,40119,同程,926,5
2026-10-03,m25,花水湾溪边客栈,花水湾镇,客栈,国庆,44,91.7,88.2,923,40612,飞猪,927,6
2026-10-03,m25,花水湾溪边客栈,花水湾镇,客栈,国庆,44,91.7,88.2,923,40612,去哪儿,917,5
2026-10-03,m25,花水湾溪边客栈,花水湾镇,客栈,国庆,44,91.7,88.2,923,40612,同程,924,6
2026-10-04,m25,花水湾溪边客栈,花水湾镇,客栈,国庆,45,93.8,92.4,917,41265,飞猪,923,4
2026-10-04,m25,花水湾溪边客栈,花水湾镇,客栈,国庆,45,93.8,92.4,917,41265,去哪儿,915,3
2026-10-04,m25,花水湾溪边客栈,花水湾镇,客栈,国庆,45,93.8,92.4,917,41265,同程,914,4
2026-10-05,m25,花水湾溪边客栈,花水湾镇,客栈,国庆,45,93.8,88.9,902,40590,飞猪,907,5
2026-10-05,m25,花水湾溪边客栈,花水湾镇,客栈,国庆,45,93.8,88.9,902,40590,去哪儿,894,5
2026-10-05,m25,花水湾溪边客栈,花水湾镇,客栈,国庆,45,93.8,88.9,902,40590,同程,905,6
2026-10-06,m25,花水湾溪边客栈,花水湾镇,客栈,国庆,47,97.9,88.9,907,42629,飞猪,908,6
2026-10-06,m25,花水湾溪边客栈,花水湾镇,客栈,国庆,47,97.9,88.9,907,42629,去哪儿,906,5
2026-10-06,m25,花水湾溪边客栈,花水湾镇,客栈,国庆,47,97.9,88.9,907,42629,同程,906,5
2026-10-07,m25,花水湾溪边客栈,花水湾镇,客栈,国庆,44,91.7,82.6,895,39380,飞猪,904,9
2026-10-07,m25,花水湾溪边客栈,花水湾镇,客栈,国庆,44,91.7,82.6,895,39380,去哪儿,895,8
2026-10-07,m25,花水湾溪边客栈,花水湾镇,客栈,国庆,44,91.7,82.6,895,39380,同程,886,8
2026-10-08,m25,花水湾溪边客栈,花水湾镇,客栈,国庆,46,95.8,86.8,910,41860,飞猪,917,7
2026-10-08,m25,花水湾溪边客栈,花水湾镇,客栈,国庆,46,95.8,86.8,910,41860,去哪儿,898,6
2026-10-08,m25,花水湾溪边客栈,花水湾镇,客栈,国庆,46,95.8,86.8,910,41860,同程,914,6
2026-10-09,m25,花水湾溪边客栈,花水湾镇,客栈,工作日,37,77.1,74.3,446,16502,飞猪,449,13
2026-10-09,m25,花水湾溪边客栈,花水湾镇,客栈,工作日,37,77.1,74.3,446,16502,去哪儿,442,12
2026-10-09,m25,花水湾溪边客栈,花水湾镇,客栈,工作日,37,77.1,74.3,446,16502,同程,446,12
2026-10-10,m25,花水湾溪边客栈,花水湾镇,客栈,周末,48,100.0,95.1,591,28368,飞猪,591,2
2026-10-10,m25,花水湾溪边客栈,花水湾镇,客栈,周末,48,100.0,95.1,591,28368,去哪儿,594,2
2026-10-10,m25,花水湾溪边客栈,花水湾镇,客栈,周末,48,100.0,95.1,591,28368,同程,587,3
2026-10-11,m25,花水湾溪边客栈,花水湾镇,客栈,周末,46,95.8,93.8,603,27738,飞猪,611,3
2026-10-11,m25,花水湾溪边客栈,花水湾镇,客栈,周末,46,95.8,93.8,603,27738,去哪儿,597,3
2026-10-11,m25,花水湾溪边客栈,花水湾镇,客栈,周末,46,95.8,93.8,603,27738,同程,600,3
2026-10-12,m25,花水湾溪边客栈,花水湾镇,客栈,工作日,27,56.3,54.2,417,11259,飞猪,419,22
2026-10-12,m25,花水湾溪边客栈,花水湾镇,客栈,工作日,27,56.3,54.2,417,11259,去哪儿,414,22
2026-10-12,m25,花水湾溪边客栈,花水湾镇,客栈,工作日,27,56.3,54.2,417,11259,同程,418,22
2026-10-13,m25,花水湾溪边客栈,花水湾镇,客栈,工作日,32,66.7,63.9,428,13696,飞猪,434,17
2026-10-13,m25,花水湾溪边客栈,花水湾镇,客栈,工作日,32,66.7,63.9,428,13696,去哪儿,427,17
2026-10-13,m25,花水湾溪边客栈,花水湾镇,客栈,工作日,32,66.7,63.9,428,13696,同程,424,18
2026-10-14,m25,花水湾溪边客栈,花水湾镇,客栈,工作日,34,70.8,68.8,442,15028,飞猪,443,15
2026-10-14,m25,花水湾溪边客栈,花水湾镇,客栈,工作日,34,70.8,68.8,442,15028,去哪儿,444,15
2026-10-14,m25,花水湾溪边客栈,花水湾镇,客栈,工作日,34,70.8,68.8,442,15028,同程,440,15
2026-10-15,m25,花水湾溪边客栈,花水湾镇,客栈,工作日,26,54.2,46.5,418,10868,飞猪,418,26
2026-10-15,m25,花水湾溪边客栈,花水湾镇,客栈,工作日,26,54.2,46.5,418,10868,去哪儿,416,25
2026-10-15,m25,花水湾溪边客栈,花水湾镇,客栈,工作日,26,54.2,46.5,418,10868,同程,419,26
2026-10-16,m25,花水湾溪边客栈,花水湾镇,客栈,工作日,23,47.9,43.1,419,9637,飞猪,422,27
2026-10-16,m25,花水湾溪边客栈,花水湾镇,客栈,工作日,23,47.9,43.1,419,9637,去哪儿,418,27
2026-10-16,m25,花水湾溪边客栈,花水湾镇,客栈,工作日,23,47.9,43.1,419,9637,同程,418,28
2026-10-17,m25,花水湾溪边客栈,花水湾镇,客栈,周末,43,89.6,84.7,599,25757,飞猪,607,7
2026-10-17,m25,花水湾溪边客栈,花水湾镇,客栈,周末,43,89.6,84.7,599,25757,去哪儿,596,7
2026-10-17,m25,花水湾溪边客栈,花水湾镇,客栈,周末,43,89.6,84.7,599,25757,同程,594,8
2026-10-18,m25,花水湾溪边客栈,花水湾镇,客栈,周末,46,95.8,92.4,618,28428,飞猪,619,4
2026-10-18,m25,花水湾溪边客栈,花水湾镇,客栈,周末,46,95.8,92.4,618,28428,去哪儿,619,3
2026-10-18,m25,花水湾溪边客栈,花水湾镇,客栈,周末,46,95.8,92.4,618,28428,同程,617,4
2026-10-19,m25,花水湾溪边客栈,花水湾镇,客栈,工作日,32,66.7,63.2,427,13664,飞猪,432,18
2026-10-19,m25,花水湾溪边客栈,花水湾镇,客栈,工作日,32,66.7,63.2,427,13664,去哪儿,428,17
2026-10-19,m25,花水湾溪边客栈,花水湾镇,客栈,工作日,32,66.7,63.2,427,13664,同程,422,18
2026-10-20,m25,花水湾溪边客栈,花水湾镇,客栈,工作日,32,66.7,56.9,431,13792,飞猪,435,21
2026-10-20,m25,花水湾溪边客栈,花水湾镇,客栈,工作日,32,66.7,56.9,431,13792,去哪儿,426,20
2026-10-20,m25,花水湾溪边客栈,花水湾镇,客栈,工作日,32,66.7,56.9,431,13792,同程,432,21
2026-10-21,m25,花水湾溪边客栈,花水湾镇,客栈,工作日,23,47.9,47.9,420,9660,飞猪,423,25
2026-10-21,m25,花水湾溪边客栈,花水湾镇,客栈,工作日,23,47.9,47.9,420,9660,去哪儿,421,25
2026-10-21,m25,花水湾溪边客栈,花水湾镇,客栈,工作日,23,47.9,47.9,420,9660,同程,417,25
2026-10-22,m25,花水湾溪边客栈,花水湾镇,客栈,工作日,34,70.8,70.8,437,14858,飞猪,443,14
2026-10-22,m25,花水湾溪边客栈,花水湾镇,客栈,工作日,34,70.8,70.8,437,14858,去哪儿,435,14
2026-10-22,m25,花水湾溪边客栈,花水湾镇,客栈,工作日,34,70.8,70.8,437,14858,同程,433,14
2026-10-23,m25,花水湾溪边客栈,花水湾镇,客栈,工作日,29,60.4,59.7,420,12180,飞猪,422,19
2026-10-23,m25,花水湾溪边客栈,花水湾镇,客栈,工作日,29,60.4,59.7,420,12180,去哪儿,419,19
2026-10-23,m25,花水湾溪边客栈,花水湾镇,客栈,工作日,29,60.4,59.7,420,12180,同程,419,20
2026-10-24,m25,花水湾溪边客栈,花水湾镇,客栈,周末,47,97.9,94.4,595,27965,飞猪,598,3
2026-10-24,m25,花水湾溪边客栈,花水湾镇,客栈,周末,47,97.9,94.4,595,27965,去哪儿,594,2
2026-10-24,m25,花水湾溪边客栈,花水湾镇,客栈,周末,47,97.9,94.4,595,27965,同程,593,3
2026-10-25,m25,花水湾溪边客栈,花水湾镇,客栈,周末,43,89.6,86.8,602,25886,飞猪,606,6
2026-10-25,m25,花水湾溪边客栈,花水湾镇,客栈,周末,43,89.6,86.8,602,25886,去哪儿,594,6
2026-10-25,m25,花水湾溪边客栈,花水湾镇,客栈,周末,43,89.6,86.8,602,25886,同程,605,7
2026-10-26,m25,花水湾溪边客栈,花水湾镇,客栈,工作日,30,62.5,61.8,435,13050,飞猪,440,18
2026-10-26,m25,花水湾溪边客栈,花水湾镇,客栈,工作日,30,62.5,61.8,435,13050,去哪儿,431,18
2026-10-26,m25,花水湾溪边客栈,花水湾镇,客栈,工作日,30,62.5,61.8,435,13050,同程,434,19
2026-10-27,m25,花水湾溪边客栈,花水湾镇,客栈,工作日,29,60.4,59.7,430,12470,飞猪,433,20
2026-10-27,m25,花水湾溪边客栈,花水湾镇,客栈,工作日,29,60.4,59.7,430,12470,去哪儿,429,19
2026-10-27,m25,花水湾溪边客栈,花水湾镇,客栈,工作日,29,60.4,59.7,430,12470,同程,428,19
2026-10-28,m25,花水湾溪边客栈,花水湾镇,客栈,工作日,38,79.2,70.1,437,16606,飞猪,440,15
2026-10-28,m25,花水湾溪边客栈,花水湾镇,客栈,工作日,38,79.2,70.1,437,16606,去哪儿,434,14
2026-10-28,m25,花水湾溪边客栈,花水湾镇,客栈,工作日,38,79.2,70.1,437,16606,同程,436,14
2026-10-29,m25,花水湾溪边客栈,花水湾镇,客栈,工作日,30,62.5,62.5,427,12810,飞猪,430,18
2026-10-29,m25,花水湾溪边客栈,花水湾镇,客栈,工作日,30,62.5,62.5,427,12810,去哪儿,425,18
2026-10-29,m25,花水湾溪边客栈,花水湾镇,客栈,工作日,30,62.5,62.5,427,12810,同程,426,18
2026-10-30,m25,花水湾溪边客栈,花水湾镇,客栈,工作日,33,68.8,66.7,438,14454,飞猪,444,16
2026-10-30,m25,花水湾溪边客栈,花水湾镇,客栈,工作日,33,68.8,66.7,438,14454,去哪儿,435,16
2026-10-30,m25,花水湾溪边客栈,花水湾镇,客栈,工作日,33,68.8,66.7,438,14454,同程,434,16
2026-10-31,m25,花水湾溪边客栈,花水湾镇,客栈,周末,44,91.7,82.6,578,25432,飞猪,584,8
2026-10-31,m25,花水湾溪边客栈,花水湾镇,客栈,周末,44,91.7,82.6,578,25432,去哪儿,574,8
2026-10-31,m25,花水湾溪边客栈,花水湾镇,客栈,周末,44,91.7,82.6,578,25432,同程,575,9
