日期,商家ID,商家名称,乡镇,类型,日期类型,真实入住率%,反推入住率%,日均价,日营业额,平台,平台日均价,平台20:00剩余
2026-10-01,m1,花水湾巴登国际温泉度假酒店,花水湾镇,酒店,国庆,94.3,86.7,2162,250792,美团,2116,17
2026-10-01,m1,花水湾巴登国际温泉度假酒店,花水湾镇,酒店,国庆,94.3,86.7,2162,250792,去哪儿,2132,16
2026-10-01,m1,花水湾巴登国际温泉度假酒店,花水湾镇,酒店,国庆,94.3,86.7,2162,250792,途家,2238,16
2026-10-02,m1,花水湾巴登国际温泉度假酒店,花水湾镇,酒店,国庆,95.1,90.2,2127,248859,美团,2083,12
2026-10-02,m1,花水湾巴登国际温泉度假酒店,花水湾镇,酒店,国庆,95.1,90.2,2127,248859,去哪儿,2098,12
2026-10-02,m1,花水湾巴登国际温泉度假酒店,花水湾镇,酒店,国庆,95.1,90.2,2127,248859,途家,2201,12
2026-10-03,m1,花水湾巴登国际温泉度假酒店,花水湾镇,酒店,国庆,91.9,85.4,2096,236848,美团,2056,18
2026-10-03,m1,花水湾巴登国际温泉度假酒店,花水湾镇,酒店,国庆,91.9,85.4,2096,236848,去哪儿,2088,18
2026-10-03,m1,花水湾巴登国际温泉度假酒店,花水湾镇,酒店,国庆,91.9,85.4,2096,236848,途家,2145,18
2026-10-04,m1,花水湾巴登国际温泉度假酒店,花水湾镇,酒店,国庆,93.5,88.3,2150,247250,美团,2103,15
2026-10-04,m1,花水湾巴登国际温泉度假酒店,花水湾镇,酒店,国庆,93.5,88.3,2150,247250,去哪儿,2123,14
2026-10-04,m1,花水湾巴登国际温泉度假酒店,花水湾镇,酒店,国庆,93.5,88.3,2150,247250,途家,2224,14
2026-10-05,m1,花水湾巴登国际温泉度假酒店,花水湾镇,酒店,国庆,95.1,91.6,2165,253305,美团,2120,11
2026-10-05,m1,花水湾巴登国际温泉度假酒店,花水湾镇,酒店,国庆,95.1,91.6,2165,253305,去哪儿,2131,10
2026-10-05,m1,花水湾巴登国际温泉度假酒店,花水湾镇,酒店,国庆,95.1,91.6,2165,253305,途家,2243,10
2026-10-06,m1,花水湾巴登国际温泉度假酒店,花水湾镇,酒店,国庆,90.2,87.8,2087,231657,美团,2039,15
2026-10-06,m1,花水湾巴登国际温泉度假酒店,花水湾镇,酒店,国庆,90.2,87.8,2087,231657,去哪儿,2072,15
2026-10-06,m1,花水湾巴登国际温泉度假酒店,花水湾镇,酒店,国庆,90.2,87.8,2087,231657,途家,2151,15
2026-10-07,m1,花水湾巴登国际温泉度假酒店,花水湾镇,酒店,国庆,91.1,88.3,2135,239120,美团,2086,15
2026-10-07,m1,花水湾巴登国际温泉度假酒店,花水湾镇,酒店,国庆,91.1,88.3,2135,239120,去哪儿,2106,14
2026-10-07,m1,花水湾巴登国际温泉度假酒店,花水湾镇,酒店,国庆,91.1,88.3,2135,239120,途家,2213,14
2026-10-08,m1,花水湾巴登国际温泉度假酒店,花水湾镇,酒店,国庆,93.5,90.2,2122,244030,美团,2088,12
2026-10-08,m1,花水湾巴登国际温泉度假酒店,花水湾镇,酒店,国庆,93.5,90.2,2122,244030,去哪儿,2110,12
2026-10-08,m1,花水湾巴登国际温泉度假酒店,花水湾镇,酒店,国庆,93.5,90.2,2122,244030,途家,2168,12
2026-10-09,m1,花水湾巴登国际温泉度假酒店,花水湾镇,酒店,工作日,69.9,66.4,1021,87806,美团,998,42
2026-10-09,m1,花水湾巴登国际温泉度假酒店,花水湾镇,酒店,工作日,69.9,66.4,1021,87806,去哪儿,1008,41
2026-10-09,m1,花水湾巴登国际温泉度假酒店,花水湾镇,酒店,工作日,69.9,66.4,1021,87806,途家,1056,41
2026-10-10,m1,花水湾巴登国际温泉度假酒店,花水湾镇,酒店,周末,81.3,78.0,1374,137400,美团,1352,27
2026-10-10,m1,花水湾巴登国际温泉度假酒店,花水湾镇,酒店,周末,81.3,78.0,1374,137400,去哪儿,1359,27
2026-10-10,m1,花水湾巴登国际温泉度假酒店,花水湾镇,酒店,周末,81.3,78.0,1374,137400,途家,1412,27
2026-10-11,m1,花水湾巴登国际温泉度假酒店,花水湾镇,酒店,周末,91.1,86.2,1366,152992,美团,1353,17
2026-10-11,m1,花水湾巴登国际温泉度假酒店,花水湾镇,酒店,周末,91.1,86.2,1366,152992,去哪儿,1339,17
2026-10-11,m1,花水湾巴登国际温泉度假酒店,花水湾镇,酒店,周末,91.1,86.2,1366,152992,途家,1405,17
2026-10-12,m1,花水湾巴登国际温泉度假酒店,花水湾镇,酒店,工作日,61.0,54.2,993,74475,美团,970,57
2026-10-12,m1,花水湾巴登国际温泉度假酒店,花水湾镇,酒店,工作日,61.0,54.2,993,74475,去哪儿,989,56
2026-10-12,m1,花水湾巴登国际温泉度假酒店,花水湾镇,酒店,工作日,61.0,54.2,993,74475,途家,1021,56
2026-10-13,m1,花水湾巴登国际温泉度假酒店,花水湾镇,酒店,工作日,59.3,56.9,1003,73219,美团,982,53
2026-10-13,m1,花水湾巴登国际温泉度假酒店,花水湾镇,酒店,工作日,59.3,56.9,1003,73219,去哪儿,988,53
2026-10-13,m1,花水湾巴登国际温泉度假酒店,花水湾镇,酒店,工作日,59.3,56.9,1003,73219,途家,1040,53
2026-10-14,m1,花水湾巴登国际温泉度假酒店,花水湾镇,酒店,工作日,63.4,59.3,1024,79872,美团,1007,50
2026-10-14,m1,花水湾巴登国际温泉度假酒店,花水湾镇,酒店,工作日,63.4,59.3,1024,79872,去哪儿,1011,50
2026-10-14,m1,花水湾巴登国际温泉度假酒店,花水湾镇,酒店,工作日,63.4,59.3,1024,79872,途家,1053,50
2026-10-15,m1,花水湾巴登国际温泉度假酒店,花水湾镇,酒店,工作日,56.9,54.2,1009,70630,美团,995,57
2026-10-15,m1,花水湾巴登国际温泉度假酒店,花水湾镇,酒店,工作日,56.9,54.2,1009,70630,去哪儿,998,56
2026-10-15,m1,花水湾巴登国际温泉度假酒店,花水湾镇,酒店,工作日,56.9,54.2,1009,70630,途家,1034,56
2026-10-16,m1,花水湾巴登国际温泉度假酒店,花水湾镇,酒店,工作日,64.2,61.0,1001,79079,美团,981,48
2026-10-16,m1,花水湾巴登国际温泉度假酒店,花水湾镇,酒店,工作日,64.2,61.0,1001,79079,去哪儿,995,48
2026-10-16,m1,花水湾巴登国际温泉度假酒店,花水湾镇,酒店,工作日,64.2,61.0,1001,79079,途家,1028,48
2026-10-17,m1,花水湾巴登国际温泉度假酒店,花水湾镇,酒店,周末,87.8,85.4,1371,148068,美团,1342,18
2026-10-17,m1,花水湾巴登国际温泉度假酒店,花水湾镇,酒店,周末,87.8,85.4,1371,148068,去哪儿,1357,18
2026-10-17,m1,花水湾巴登国际温泉度假酒店,花水湾镇,酒店,周末,87.8,85.4,1371,148068,途家,1415,18
2026-10-18,m1,花水湾巴登国际温泉度假酒店,花水湾镇,酒店,周末,88.6,85.4,1389,151401,美团,1354,18
2026-10-18,m1,花水湾巴登国际温泉度假酒店,花水湾镇,酒店,周末,88.6,85.4,1389,151401,去哪儿,1384,18
2026-10-18,m1,花水湾巴登国际温泉度假酒店,花水湾镇,酒店,周末,88.6,85.4,1389,151401,途家,1428,18
2026-10-19,m1,花水湾巴登国际温泉度假酒店,花水湾镇,酒店,工作日,71.5,68.8,1021,89848,美团,1002,39
2026-10-19,m1,花水湾巴登国际温泉度假酒店,花水湾镇,酒店,工作日,71.5,68.8,1021,89848,去哪儿,1007,38
2026-10-19,m1,花水湾巴登国际温泉度假酒店,花水湾镇,酒店,工作日,71.5,68.8,1021,89848,途家,1053,38
2026-10-20,m1,花水湾巴登国际温泉度假酒店,花水湾镇,酒店,工作日,69.9,63.1,1024,88064,美团,1005,46
2026-10-20,m1,花水湾巴登国际温泉度假酒店,花水湾镇,酒店,工作日,69.9,63.1,1024,88064,去哪儿,1013,45
2026-10-20,m1,花水湾巴登国际温泉度假酒店,花水湾镇,酒店,工作日,69.9,63.1,1024,88064,途家,1054,45
2026-10-21,m1,花水湾巴登国际温泉度假酒店,花水湾镇,酒店,工作日,76.4,72.4,1032,97008,美团,1017,34
2026-10-21,m1,花水湾巴登国际温泉度假酒店,花水湾镇,酒店,工作日,76.4,72.4,1032,97008,去哪儿,1017,34
2026-10-21,m1,花水湾巴登国际温泉度假酒店,花水湾镇,酒店,工作日,76.4,72.4,1032,97008,途家,1063,34
2026-10-22,m1,花水湾巴登国际温泉度假酒店,花水湾镇,酒店,工作日,71.5,68.0,1031,90728,美团,1003,40
2026-10-22,m1,花水湾巴登国际温泉度假酒店,花水湾镇,酒店,工作日,71.5,68.0,1031,90728,去哪儿,1022,39
2026-10-22,m1,花水湾巴登国际温泉度假酒店,花水湾镇,酒店,工作日,71.5,68.0,1031,90728,途家,1069,39
2026-10-23,m1,花水湾巴登国际温泉度假酒店,花水湾镇,酒店,工作日,74.8,72.4,1026,94392,美团,1009,34
2026-10-23,m1,花水湾巴登国际温泉度假酒店,花水湾镇,酒店,工作日,74.8,72.4,1026,94392,去哪儿,1012,34
2026-10-23,m1,花水湾巴登国际温泉度假酒店,花水湾镇,酒店,工作日,74.8,72.4,1026,94392,途家,1058,34
2026-10-24,m1,花水湾巴登国际温泉度假酒店,花水湾镇,酒店,周末,91.1,86.7,1373,153776,美团,1353,17
2026-10-24,m1,花水湾巴登国际温泉度假酒店,花水湾镇,酒店,周末,91.1,86.7,1373,153776,去哪儿,1347,16
2026-10-24,m1,花水湾巴登国际温泉度假酒店,花水湾镇,酒店,周末,91.1,86.7,1373,153776,途家,1420,16
2026-10-25,m1,花水湾巴登国际温泉度假酒店,花水湾镇,酒店,周末,82.1,75.3,1356,136956,美团,1328,31
2026-10-25,m1,花水湾巴登国际温泉度假酒店,花水湾镇,酒店,周末,82.1,75.3,1356,136956,去哪儿,1342,30
2026-10-25,m1,花水湾巴登国际温泉度假酒店,花水湾镇,酒店,周末,82.1,75.3,1356,136956,途家,1397,30
2026-10-26,m1,花水湾巴登国际温泉度假酒店,花水湾镇,酒店,工作日,61.0,59.3,1014,76050,美团,1001,50
2026-10-26,m1,花水湾巴登国际温泉度假酒店,花水湾镇,酒店,工作日,61.0,59.3,1014,76050,去哪儿,999,50
2026-10-26,m1,花水湾巴登国际温泉度假酒店,花水湾镇,酒店,工作日,61.0,59.3,1014,76050,途家,1043,50
2026-10-27,m1,花水湾巴登国际温泉度假酒店,花水湾镇,酒店,工作日,65.9,64.8,1024,82944,美团,1004,44
2026-10-27,m1,花水湾巴登国际温泉度假酒店,花水湾镇,酒店,工作日,65.9,64.8,1024,82944,去哪儿,1014,43
2026-10-27,m1,花水湾巴登国际温泉度假酒店,花水湾镇,酒店,工作日,65.9,64.8,1024,82944,途家,1053,43
2026-10-28,m1,花水湾巴登国际温泉度假酒店,花水湾镇,酒店,工作日,61.8,56.6,993,75468,美团,962,54
2026-10-28,m1,花水湾巴登国际温泉度假酒店,花水湾镇,酒店,工作日,61.8,56.6,993,75468,去哪儿,992,53
2026-10-28,m1,花水湾巴登国际温泉度假酒店,花水湾镇,酒店,工作日,61.8,56.6,993,75468,途家,1026,53
2026-10-29,m1,花水湾巴登国际温泉度假酒店,花水湾镇,酒店,工作日,73.2,68.8,1029,92610,美团,1018,39
2026-10-29,m1,花水湾巴登国际温泉度假酒店,花水湾镇,酒店,工作日,73.2,68.8,1029,92610,去哪儿,1019,38
2026-10-29,m1,花水湾巴登国际温泉度假酒店,花水湾镇,酒店,工作日,73.2,68.8,1029,92610,途家,1051,38
2026-10-30,m1,花水湾巴登国际温泉度假酒店,花水湾镇,酒店,工作日,74.0,67.2,1026,93366,美团,997,41
2026-10-30,m1,花水湾巴登国际温泉度假酒店,花水湾镇,酒店,工作日,74.0,67.2,1026,93366,去哪儿,1014,40
2026-10-30,m1,花水湾巴登国际温泉度假酒店,花水湾镇,酒店,工作日,74.0,67.2,1026,93366,途家,1066,40
2026-10-31,m1,花水湾巴登国际温泉度假酒店,花水湾镇,酒店,周末,92.7,86.2,1364,155496,美团,1331,17
2026-10-31,m1,花水湾巴登国际温泉度假酒店,花水湾镇,酒店,周末,92.7,86.2,1364,155496,去哪儿,1343,17
2026-10-31,m1,花水湾巴登国际温泉度假酒店,花水湾镇,酒店,周末,92.7,86.2,1364,155496,途家,1417,17
2026-10-01,m2,花水湾半山温泉民宿,花水湾镇,温泉民宿,国庆,100.0,92.6,1345,22865,携程,1372,2
2026-10-01,m2,花水湾半山温泉民宿,花水湾镇,温泉民宿,国庆,100.0,92.6,1345,22865,美团,1328,1
2026-10-01,m2,花水湾半山温泉民宿,花水湾镇,温泉民宿,国庆,100.0,92.6,1345,22865,去哪儿,1333,1
2026-10-01,m2,花水湾半山温泉民宿,花水湾镇,温泉民宿,国庆,100.0,92.6,1345,22865,同程,1347,1
2026-10-02,m2,花水湾半山温泉民宿,花水湾镇,温泉民宿,国庆,100.0,97.1,1296,22032,携程,1317,1
2026-10-02,m2,花水湾半山温泉民宿,花水湾镇,温泉民宿,国庆,100.0,97.1,1296,22032,美团,1282,1
2026-10-02,m2,花水湾半山温泉民宿,花水湾镇,温泉民宿,国庆,100.0,97.1,1296,22032,去哪儿,1298,0
2026-10-02,m2,花水湾半山温泉民宿,花水湾镇,温泉民宿,国庆,100.0,97.1,1296,22032,同程,1287,0
2026-10-03,m2,花水湾半山温泉民宿,花水湾镇,温泉民宿,国庆,88.2,75.0,1282,19230,携程,1289,4
2026-10-03,m2,花水湾半山温泉民宿,花水湾镇,温泉民宿,国庆,88.2,75.0,1282,19230,美团,1275,5
2026-10-03,m2,花水湾半山温泉民宿,花水湾镇,温泉民宿,国庆,88.2,75.0,1282,19230,去哪儿,1281,4
2026-10-03,m2,花水湾半山温泉民宿,花水湾镇,温泉民宿,国庆,88.2,75.0,1282,19230,同程,1281,4
2026-10-04,m2,花水湾半山温泉民宿,花水湾镇,温泉民宿,国庆,100.0,85.3,1292,21964,携程,1320,3
2026-10-04,m2,花水湾半山温泉民宿,花水湾镇,温泉民宿,国庆,100.0,85.3,1292,21964,美团,1272,3
2026-10-04,m2,花水湾半山温泉民宿,花水湾镇,温泉民宿,国庆,100.0,85.3,1292,21964,去哪儿,1290,2
2026-10-04,m2,花水湾半山温泉民宿,花水湾镇,温泉民宿,国庆,100.0,85.3,1292,21964,同程,1285,2
2026-10-05,m2,花水湾半山温泉民宿,花水湾镇,温泉民宿,国庆,94.1,86.8,1278,20448,携程,1306,2
2026-10-05,m2,花水湾半山温泉民宿,花水湾镇,温泉民宿,国庆,94.1,86.8,1278,20448,美团,1258,3
2026-10-05,m2,花水湾半山温泉民宿,花水湾镇,温泉民宿,国庆,94.1,86.8,1278,20448,去哪儿,1277,2
2026-10-05,m2,花水湾半山温泉民宿,花水湾镇,温泉民宿,国庆,94.1,86.8,1278,20448,同程,1271,2
2026-10-06,m2,花水湾半山温泉民宿,花水湾镇,温泉民宿,国庆,94.1,77.9,1277,20432,携程,1293,4
2026-10-06,m2,花水湾半山温泉民宿,花水湾镇,温泉民宿,国庆,94.1,77.9,1277,20432,美团,1263,4
2026-10-06,m2,花水湾半山温泉民宿,花水湾镇,温泉民宿,国庆,94.1,77.9,1277,20432,去哪儿,1273,3
2026-10-06,m2,花水湾半山温泉民宿,花水湾镇,温泉民宿,国庆,94.1,77.9,1277,20432,同程,1280,4
2026-10-07,m2,花水湾半山温泉民宿,花水湾镇,温泉民宿,国庆,88.2,85.3,1286,19290,携程,1301,3
2026-10-07,m2,花水湾半山温泉民宿,花水湾镇,温泉民宿,国庆,88.2,85.3,1286,19290,美团,1266,2
2026-10-07,m2,花水湾半山温泉民宿,花水湾镇,温泉民宿,国庆,88.2,85.3,1286,19290,去哪儿,1293,2
2026-10-07,m2,花水湾半山温泉民宿,花水湾镇,温泉民宿,国庆,88.2,85.3,1286,19290,同程,1283,3
2026-10-08,m2,花水湾半山温泉民宿,花水湾镇,温泉民宿,国庆,94.1,92.6,1365,21840,携程,1398,2
2026-10-08,m2,花水湾半山温泉民宿,花水湾镇,温泉民宿,国庆,94.1,92.6,1365,21840,美团,1352,1
2026-10-08,m2,花水湾半山温泉民宿,花水湾镇,温泉民宿,国庆,94.1,92.6,1365,21840,去哪儿,1356,1
2026-10-08,m2,花水湾半山温泉民宿,花水湾镇,温泉民宿,国庆,94.1,92.6,1365,21840,同程,1353,1
2026-10-09,m2,花水湾半山温泉民宿,花水湾镇,温泉民宿,工作日,52.9,51.5,595,5355,携程,605,8
2026-10-09,m2,花水湾半山温泉民宿,花水湾镇,温泉民宿,工作日,52.9,51.5,595,5355,美团,587,8
2026-10-09,m2,花水湾半山温泉民宿,花水湾镇,温泉民宿,工作日,52.9,51.5,595,5355,去哪儿,595,8
2026-10-09,m2,花水湾半山温泉民宿,花水湾镇,温泉民宿,工作日,52.9,51.5,595,5355,同程,592,9
2026-10-10,m2,花水湾半山温泉民宿,花水湾镇,温泉民宿,周末,88.2,80.9,874,13110,携程,895,3
2026-10-10,m2,花水湾半山温泉民宿,花水湾镇,温泉民宿,周末,88.2,80.9,874,13110,美团,857,4
2026-10-10,m2,花水湾半山温泉民宿,花水湾镇,温泉民宿,周末,88.2,80.9,874,13110,去哪儿,872,3
2026-10-10,m2,花水湾半山温泉民宿,花水湾镇,温泉民宿,周末,88.2,80.9,874,13110,同程,870,3
2026-10-11,m2,花水湾半山温泉民宿,花水湾镇,温泉民宿,周末,100.0,97.1,845,14365,携程,858,1
2026-10-11,m2,花水湾半山温泉民宿,花水湾镇,温泉民宿,周末,100.0,97.1,845,14365,美团,843,1
2026-10-11,m2,花水湾半山温泉民宿,花水湾镇,温泉民宿,周末,100.0,97.1,845,14365,去哪儿,836,0
2026-10-11,m2,花水湾半山温泉民宿,花水湾镇,温泉民宿,周末,100.0,97.1,845,14365,同程,842,0
2026-10-12,m2,花水湾半山温泉民宿,花水湾镇,温泉民宿,工作日,76.5,67.6,651,8463,携程,663,6
2026-10-12,m2,花水湾半山温泉民宿,花水湾镇,温泉民宿,工作日,76.5,67.6,651,8463,美团,643,5
2026-10-12,m2,花水湾半山温泉民宿,花水湾镇,温泉民宿,工作日,76.5,67.6,651,8463,去哪儿,646,5
2026-10-12,m2,花水湾半山温泉民宿,花水湾镇,温泉民宿,工作日,76.5,67.6,651,8463,同程,650,6
2026-10-13,m2,花水湾半山温泉民宿,花水湾镇,温泉民宿,工作日,70.6,60.3,610,7320,携程,621,7
2026-10-13,m2,花水湾半山温泉民宿,花水湾镇,温泉民宿,工作日,70.6,60.3,610,7320,美团,604,7
2026-10-13,m2,花水湾半山温泉民宿,花水湾镇,温泉民宿,工作日,70.6,60.3,610,7320,去哪儿,602,6
2026-10-13,m2,花水湾半山温泉民宿,花水湾镇,温泉民宿,工作日,70.6,60.3,610,7320,同程,611,7
2026-10-14,m2,花水湾半山温泉民宿,花水湾镇,温泉民宿,工作日,76.5,69.1,639,8307,携程,650,5
2026-10-14,m2,花水湾半山温泉民宿,花水湾镇,温泉民宿,工作日,76.5,69.1,639,8307,美团,630,6
2026-10-14,m2,花水湾半山温泉民宿,花水湾镇,温泉民宿,工作日,76.5,69.1,639,8307,去哪儿,641,5
2026-10-14,m2,花水湾半山温泉民宿,花水湾镇,温泉民宿,工作日,76.5,69.1,639,8307,同程,634,5
2026-10-15,m2,花水湾半山温泉民宿,花水湾镇,温泉民宿,工作日,88.2,85.3,681,10215,携程,688,3
2026-10-15,m2,花水湾半山温泉民宿,花水湾镇,温泉民宿,工作日,88.2,85.3,681,10215,美团,671,2
2026-10-15,m2,花水湾半山温泉民宿,花水湾镇,温泉民宿,工作日,88.2,85.3,681,10215,去哪儿,683,2
2026-10-15,m2,花水湾半山温泉民宿,花水湾镇,温泉民宿,工作日,88.2,85.3,681,10215,同程,681,3
2026-10-16,m2,花水湾半山温泉民宿,花水湾镇,温泉民宿,工作日,64.7,50.0,615,6765,携程,624,8
2026-10-16,m2,花水湾半山温泉民宿,花水湾镇,温泉民宿,工作日,64.7,50.0,615,6765,美团,608,9
2026-10-16,m2,花水湾半山温泉民宿,花水湾镇,温泉民宿,工作日,64.7,50.0,615,6765,去哪儿,616,8
2026-10-16,m2,花水湾半山温泉民宿,花水湾镇,温泉民宿,工作日,64.7,50.0,615,6765,同程,613,9
2026-10-17,m2,花水湾半山温泉民宿,花水湾镇,温泉民宿,周末,94.1,94.1,852,13632,携程,865,1
2026-10-17,m2,花水湾半山温泉民宿,花水湾镇,温泉民宿,周末,94.1,94.1,852,13632,美团,837,1
2026-10-17,m2,花水湾半山温泉民宿,花水湾镇,温泉民宿,周末,94.1,94.1,852,13632,去哪儿,857,1
2026-10-17,m2,花水湾半山温泉民宿,花水湾镇,温泉民宿,周末,94.1,94.1,852,13632,同程,847,1
2026-10-18,m2,花水湾半山温泉民宿,花水湾镇,温泉民宿,周末,94.1,89.7,832,13312,携程,843,2
2026-10-18,m2,花水湾半山温泉民宿,花水湾镇,温泉民宿,周末,94.1,89.7,832,13312,美团,829,2
2026-10-18,m2,花水湾半山温泉民宿,花水湾镇,温泉民宿,周末,94.1,89.7,832,13312,去哪儿,824,1
2026-10-18,m2,花水湾半山温泉民宿,花水湾镇,温泉民宿,周末,94.1,89.7,832,13312,同程,830,2
2026-10-19,m2,花水湾半山温泉民宿,花水湾镇,温泉民宿,工作日,64.7,57.4,612,6732,携程,624,7
2026-10-19,m2,花水湾半山温泉民宿,花水湾镇,温泉民宿,工作日,64.7,57.4,612,6732,美团,607,7
2026-10-19,m2,花水湾半山温泉民宿,花水湾镇,温泉民宿,工作日,64.7,57.4,612,6732,去哪儿,612,7
2026-10-19,m2,花水湾半山温泉民宿,花水湾镇,温泉民宿,工作日,64.7,57.4,612,6732,同程,606,8
2026-10-20,m2,花水湾半山温泉民宿,花水湾镇,温泉民宿,工作日,76.5,67.6,648,8424,携程,656,6
2026-10-20,m2,花水湾半山温泉民宿,花水湾镇,温泉民宿,工作日,76.5,67.6,648,8424,美团,642,5
2026-10-20,m2,花水湾半山温泉民宿,花水湾镇,温泉民宿,工作日,76.5,67.6,648,8424,去哪儿,643,5
2026-10-20,m2,花水湾半山温泉民宿,花水湾镇,温泉民宿,工作日,76.5,67.6,648,8424,同程,650,6
2026-10-21,m2,花水湾半山温泉民宿,花水湾镇,温泉民宿,工作日,70.6,67.6,615,7380,携程,624,6
2026-10-21,m2,花水湾半山温泉民宿,花水湾镇,温泉民宿,工作日,70.6,67.6,615,7380,美团,606,6
2026-10-21,m2,花水湾半山温泉民宿,花水湾镇,温泉民宿,工作日,70.6,67.6,615,7380,去哪儿,618,5
2026-10-21,m2,花水湾半山温泉民宿,花水湾镇,温泉民宿,工作日,70.6,67.6,615,7380,同程,612,5
2026-10-22,m2,花水湾半山温泉民宿,花水湾镇,温泉民宿,工作日,70.6,70.6,645,7740,携程,656,5
2026-10-22,m2,花水湾半山温泉民宿,花水湾镇,温泉民宿,工作日,70.6,70.6,645,7740,美团,641,5
2026-10-22,m2,花水湾半山温泉民宿,花水湾镇,温泉民宿,工作日,70.6,70.6,645,7740,去哪儿,641,5
2026-10-22,m2,花水湾半山温泉民宿,花水湾镇,温泉民宿,工作日,70.6,70.6,645,7740,同程,642,5
2026-10-23,m2,花水湾半山温泉民宿,花水湾镇,温泉民宿,工作日,41.2,33.8,584,4088,携程,598,11
2026-10-23,m2,花水湾半山温泉民宿,花水湾镇,温泉民宿,工作日,41.2,33.8,584,4088,美团,577,12
2026-10-23,m2,花水湾半山温泉民宿,花水湾镇,温泉民宿,工作日,41.2,33.8,584,4088,去哪儿,581,11
2026-10-23,m2,花水湾半山温泉民宿,花水湾镇,温泉民宿,工作日,41.2,33.8,584,4088,同程,579,11
2026-10-24,m2,花水湾半山温泉民宿,花水湾镇,温泉民宿,周末,76.5,69.1,806,10478,携程,819,5
2026-10-24,m2,花水湾半山温泉民宿,花水湾镇,温泉民宿,周末,76.5,69.1,806,10478,美团,796,5
2026-10-24,m2,花水湾半山温泉民宿,花水湾镇,温泉民宿,周末,76.5,69.1,806,10478,去哪儿,803,5
2026-10-24,m2,花水湾半山温泉民宿,花水湾镇,温泉民宿,周末,76.5,69.1,806,10478,同程,805,6
2026-10-25,m2,花水湾半山温泉民宿,花水湾镇,温泉民宿,周末,94.1,89.7,870,13920,携程,882,2
2026-10-25,m2,花水湾半山温泉民宿,花水湾镇,温泉民宿,周末,94.1,89.7,870,13920,美团,861,2
2026-10-25,m2,花水湾半山温泉民宿,花水湾镇,温泉民宿,周末,94.1,89.7,870,13920,去哪儿,867,1
2026-10-25,m2,花水湾半山温泉民宿,花水湾镇,温泉民宿,周末,94.1,89.7,870,13920,同程,868,2
2026-10-26,m2,花水湾半山温泉民宿,花水湾镇,温泉民宿,工作日,52.9,50.0,604,5436,携程,616,9
2026-10-26,m2,花水湾半山温泉民宿,花水湾镇,温泉民宿,工作日,52.9,50.0,604,5436,美团,595,8
2026-10-26,m2,花水湾半山温泉民宿,花水湾镇,温泉民宿,工作日,52.9,50.0,604,5436,去哪儿,606,8
2026-10-26,m2,花水湾半山温泉民宿,花水湾镇,温泉民宿,工作日,52.9,50.0,604,5436,同程,598,9
2026-10-27,m2,花水湾半山温泉民宿,花水湾镇,温泉民宿,工作日,76.5,75.0,649,8437,携程,661,4
2026-10-27,m2,花水湾半山温泉民宿,花水湾镇,温泉民宿,工作日,76.5,75.0,649,8437,美团,645,5
2026-10-27,m2,花水湾半山温泉民宿,花水湾镇,温泉民宿,工作日,76.5,75.0,649,8437,去哪儿,642,4
2026-10-27,m2,花水湾半山温泉民宿,花水湾镇,温泉民宿,工作日,76.5,75.0,649,8437,同程,649,4
2026-10-28,m2,花水湾半山温泉民宿,花水湾镇,温泉民宿,工作日,52.9,50.0,612,5508,携程,620,8
2026-10-28,m2,花水湾半山温泉民宿,花水湾镇,温泉民宿,工作日,52.9,50.0,612,5508,美团,600,9
2026-10-28,m2,花水湾半山温泉民宿,花水湾镇,温泉民宿,工作日,52.9,50.0,612,5508,去哪儿,618,8
2026-10-28,m2,花水湾半山温泉民宿,花水湾镇,温泉民宿,工作日,52.9,50.0,612,5508,同程,611,9
2026-10-29,m2,花水湾半山温泉民宿,花水湾镇,温泉民宿,工作日,64.7,58.8,613,6743,携程,624,7
2026-10-29,m2,花水湾半山温泉民宿,花水湾镇,温泉民宿,工作日,64.7,58.8,613,6743,美团,607,7
2026-10-29,m2,花水湾半山温泉民宿,花水湾镇,温泉民宿,工作日,64.7,58.8,613,6743,去哪儿,608,7
2026-10-29,m2,花水湾半山温泉民宿,花水湾镇,温泉民宿,工作日,64.7,58.8,613,6743,同程,612,7
2026-10-30,m2,花水湾半山温泉民宿,花水湾镇,温泉民宿,工作日,58.8,45.6,586,5860,携程,596,9
2026-10-30,m2,花水湾半山温泉民宿,花水湾镇,温泉民宿,工作日,58.8,45.6,586,5860,美团,581,10
2026-10-30,m2,花水湾半山温泉民宿,花水湾镇,温泉民宿,工作日,58.8,45.6,586,5860,去哪儿,583,9
2026-10-30,m2,花水湾半山温泉民宿,花水湾镇,温泉民宿,工作日,58.8,45.6,586,5860,同程,584,9
2026-10-31,m2,花水湾半山温泉民宿,花水湾镇,温泉民宿,周末,64.7,58.8,820,9020,携程,831,7
2026-10-31,m2,花水湾半山温泉民宿,花水湾镇,温泉民宿,周末,64.7,58.8,820,9020,美团,818,7
2026-10-31,m2,花水湾半山温泉民宿,花水湾镇,温泉民宿,周末,64.7,58.8,820,9020,去哪儿,816,7
2026-10-31,m2,花水湾半山温泉民宿,花水湾镇,温泉民宿,周末,64.7,58.8,820,9020,同程,814,7
2026-10-01,m3,花水湾溪边客栈,花水湾镇,客栈,国庆,91.2,86.8,402,12462,携程,408,5
2026-10-01,m3,花水湾溪边客栈,花水湾镇,客栈,国庆,91.2,86.8,402,12462,美团,395,5
2026-10-01,m3,花水湾溪边客栈,花水湾镇,客栈,国庆,91.2,86.8,402,12462,飞猪,404,4
2026-10-01,m3,花水湾溪边客栈,花水湾镇,客栈,国庆,91.2,86.8,402,12462,去哪儿,400,4
2026-10-02,m3,花水湾溪边客栈,花水湾镇,客栈,国庆,97.1,93.4,404,13332,携程,411,2
2026-10-02,m3,花水湾溪边客栈,花水湾镇,客栈,国庆,97.1,93.4,404,13332,美团,399,3
2026-10-02,m3,花水湾溪边客栈,花水湾镇,客栈,国庆,97.1,93.4,404,13332,飞猪,406,2
2026-10-02,m3,花水湾溪边客栈,花水湾镇,客栈,国庆,97.1,93.4,404,13332,去哪儿,400,2
2026-10-03,m3,花水湾溪边客栈,花水湾镇,客栈,国庆,94.1,87.5,422,13504,携程,428,4
2026-10-03,m3,花水湾溪边客栈,花水湾镇,客栈,国庆,94.1,87.5,422,13504,美团,414,5
2026-10-03,m3,花水湾溪边客栈,花水湾镇,客栈,国庆,94.1,87.5,422,13504,飞猪,426,4
2026-10-03,m3,花水湾溪边客栈,花水湾镇,客栈,国庆,94.1,87.5,422,13504,去哪儿,420,4
2026-10-04,m3,花水湾溪边客栈,花水湾镇,客栈,国庆,97.1,90.4,408,13464,携程,414,3
2026-10-04,m3,花水湾溪边客栈,花水湾镇,客栈,国庆,97.1,90.4,408,13464,美团,400,4
2026-10-04,m3,花水湾溪边客栈,花水湾镇,客栈,国庆,97.1,90.4,408,13464,飞猪,410,3
2026-10-04,m3,花水湾溪边客栈,花水湾镇,客栈,国庆,97.1,90.4,408,13464,去哪儿,406,3
2026-10-05,m3,花水湾溪边客栈,花水湾镇,客栈,国庆,94.1,90.4,430,13760,携程,435,4
2026-10-05,m3,花水湾溪边客栈,花水湾镇,客栈,国庆,94.1,90.4,430,13760,美团,423,3
2026-10-05,m3,花水湾溪边客栈,花水湾镇,客栈,国庆,94.1,90.4,430,13760,飞猪,435,3
2026-10-05,m3,花水湾溪边客栈,花水湾镇,客栈,国庆,94.1,90.4,430,13760,去哪儿,426,3
2026-10-06,m3,花水湾溪边客栈,花水湾镇,客栈,国庆,97.1,93.4,415,13695,携程,422,2
2026-10-06,m3,花水湾溪边客栈,花水湾镇,客栈,国庆,97.1,93.4,415,13695,美团,407,3
2026-10-06,m3,花水湾溪边客栈,花水湾镇,客栈,国庆,97.1,93.4,415,13695,飞猪,418,2
2026-10-06,m3,花水湾溪边客栈,花水湾镇,客栈,国庆,97.1,93.4,415,13695,去哪儿,411,2
2026-10-07,m3,花水湾溪边客栈,花水湾镇,客栈,国庆,88.2,79.4,397,11910,携程,401,7
2026-10-07,m3,花水湾溪边客栈,花水湾镇,客栈,国庆,88.2,79.4,397,11910,美团,392,7
2026-10-07,m3,花水湾溪边客栈,花水湾镇,客栈,国庆,88.2,79.4,397,11910,飞猪,402,7
2026-10-07,m3,花水湾溪边客栈,花水湾镇,客栈,国庆,88.2,79.4,397,11910,去哪儿,393,7
2026-10-08,m3,花水湾溪边客栈,花水湾镇,客栈,国庆,91.2,84.6,436,13516,携程,446,5
2026-10-08,m3,花水湾溪边客栈,花水湾镇,客栈,国庆,91.2,84.6,436,13516,美团,425,6
2026-10-08,m3,花水湾溪边客栈,花水湾镇,客栈,国庆,91.2,84.6,436,13516,飞猪,437,5
2026-10-08,m3,花水湾溪边客栈,花水湾镇,客栈,国庆,91.2,84.6,436,13516,去哪儿,434,5
2026-10-09,m3,花水湾溪边客栈,花水湾镇,客栈,工作日,61.8,50.0,191,4011,携程,194,17
2026-10-09,m3,花水湾溪边客栈,花水湾镇,客栈,工作日,61.8,50.0,191,4011,美团,189,17
2026-10-09,m3,花水湾溪边客栈,花水湾镇,客栈,工作日,61.8,50.0,191,4011,飞猪,189,17
2026-10-09,m3,花水湾溪边客栈,花水湾镇,客栈,工作日,61.8,50.0,191,4011,去哪儿,190,17
2026-10-10,m3,花水湾溪边客栈,花水湾镇,客栈,周末,94.1,90.4,273,8736,携程,277,4
2026-10-10,m3,花水湾溪边客栈,花水湾镇,客栈,周末,94.1,90.4,273,8736,美团,270,3
2026-10-10,m3,花水湾溪边客栈,花水湾镇,客栈,周末,94.1,90.4,273,8736,飞猪,274,3
2026-10-10,m3,花水湾溪边客栈,花水湾镇,客栈,周末,94.1,90.4,273,8736,去哪儿,270,3
2026-10-11,m3,花水湾溪边客栈,花水湾镇,客栈,周末,91.2,86.8,283,8773,携程,288,5
2026-10-11,m3,花水湾溪边客栈,花水湾镇,客栈,周末,91.2,86.8,283,8773,美团,279,5
2026-10-11,m3,花水湾溪边客栈,花水湾镇,客栈,周末,91.2,86.8,283,8773,飞猪,284,4
2026-10-11,m3,花水湾溪边客栈,花水湾镇,客栈,周末,91.2,86.8,283,8773,去哪儿,281,4
2026-10-12,m3,花水湾溪边客栈,花水湾镇,客栈,工作日,67.6,67.6,203,4669,携程,206,11
2026-10-12,m3,花水湾溪边客栈,花水湾镇,客栈,工作日,67.6,67.6,203,4669,美团,199,11
2026-10-12,m3,花水湾溪边客栈,花水湾镇,客栈,工作日,67.6,67.6,203,4669,飞猪,204,11
2026-10-12,m3,花水湾溪边客栈,花水湾镇,客栈,工作日,67.6,67.6,203,4669,去哪儿,202,11
2026-10-13,m3,花水湾溪边客栈,花水湾镇,客栈,工作日,55.9,55.1,197,3743,携程,201,15
2026-10-13,m3,花水湾溪边客栈,花水湾镇,客栈,工作日,55.9,55.1,197,3743,美团,193,15
2026-10-13,m3,花水湾溪边客栈,花水湾镇,客栈,工作日,55.9,55.1,197,3743,飞猪,197,16
2026-10-13,m3,花水湾溪边客栈,花水湾镇,客栈,工作日,55.9,55.1,197,3743,去哪儿,196,15
2026-10-14,m3,花水湾溪边客栈,花水湾镇,客栈,工作日,55.9,50.7,195,3705,携程,196,17
2026-10-14,m3,花水湾溪边客栈,花水湾镇,客栈,工作日,55.9,50.7,195,3705,美团,194,17
2026-10-14,m3,花水湾溪边客栈,花水湾镇,客栈,工作日,55.9,50.7,195,3705,飞猪,196,17
2026-10-14,m3,花水湾溪边客栈,花水湾镇,客栈,工作日,55.9,50.7,195,3705,去哪儿,195,16
2026-10-15,m3,花水湾溪边客栈,花水湾镇,客栈,工作日,47.1,47.1,192,3072,携程,195,18
2026-10-15,m3,花水湾溪边客栈,花水湾镇,客栈,工作日,47.1,47.1,192,3072,美团,187,18
2026-10-15,m3,花水湾溪边客栈,花水湾镇,客栈,工作日,47.1,47.1,192,3072,飞猪,194,18
2026-10-15,m3,花水湾溪边客栈,花水湾镇,客栈,工作日,47.1,47.1,192,3072,去哪儿,192,18
2026-10-16,m3,花水湾溪边客栈,花水湾镇,客栈,工作日,44.1,40.4,190,2850,携程,193,20
2026-10-16,m3,花水湾溪边客栈,花水湾镇,客栈,工作日,44.1,40.4,190,2850,美团,188,20
2026-10-16,m3,花水湾溪边客栈,花水湾镇,客栈,工作日,44.1,40.4,190,2850,飞猪,191,21
2026-10-16,m3,花水湾溪边客栈,花水湾镇,客栈,工作日,44.1,40.4,190,2850,去哪儿,187,20
2026-10-17,m3,花水湾溪边客栈,花水湾镇,客栈,周末,97.1,90.4,276,9108,携程,278,3
2026-10-17,m3,花水湾溪边客栈,花水湾镇,客栈,周末,97.1,90.4,276,9108,美团,274,3
2026-10-17,m3,花水湾溪边客栈,花水湾镇,客栈,周末,97.1,90.4,276,9108,飞猪,277,4
2026-10-17,m3,花水湾溪边客栈,花水湾镇,客栈,周末,97.1,90.4,276,9108,去哪儿,274,3
2026-10-18,m3,花水湾溪边客栈,花水湾镇,客栈,周末,94.1,94.1,276,8832,携程,279,2
2026-10-18,m3,花水湾溪边客栈,花水湾镇,客栈,周末,94.1,94.1,276,8832,美团,274,2
2026-10-18,m3,花水湾溪边客栈,花水湾镇,客栈,周末,94.1,94.1,276,8832,飞猪,277,2
2026-10-18,m3,花水湾溪边客栈,花水湾镇,客栈,周末,94.1,94.1,276,8832,去哪儿,274,2
2026-10-19,m3,花水湾溪边客栈,花水湾镇,客栈,工作日,61.8,60.3,207,4347,携程,208,14
2026-10-19,m3,花水湾溪边客栈,花水湾镇,客栈,工作日,61.8,60.3,207,4347,美团,203,14
2026-10-19,m3,花水湾溪边客栈,花水湾镇,客栈,工作日,61.8,60.3,207,4347,飞猪,207,13
2026-10-19,m3,花水湾溪边客栈,花水湾镇,客栈,工作日,61.8,60.3,207,4347,去哪儿,208,13
2026-10-20,m3,花水湾溪边客栈,花水湾镇,客栈,工作日,61.8,58.1,195,4095,携程,199,15
2026-10-20,m3,花水湾溪边客栈,花水湾镇,客栈,工作日,61.8,58.1,195,4095,美团,191,14
2026-10-20,m3,花水湾溪边客栈,花水湾镇,客栈,工作日,61.8,58.1,195,4095,飞猪,196,14
2026-10-20,m3,花水湾溪边客栈,花水湾镇,客栈,工作日,61.8,58.1,195,4095,去哪儿,193,14
2026-10-21,m3,花水湾溪边客栈,花水湾镇,客栈,工作日,55.9,52.9,191,3629,携程,194,16
2026-10-21,m3,花水湾溪边客栈,花水湾镇,客栈,工作日,55.9,52.9,191,3629,美团,188,16
2026-10-21,m3,花水湾溪边客栈,花水湾镇,客栈,工作日,55.9,52.9,191,3629,飞猪,193,16
2026-10-21,m3,花水湾溪边客栈,花水湾镇,客栈,工作日,55.9,52.9,191,3629,去哪儿,190,16
2026-10-22,m3,花水湾溪边客栈,花水湾镇,客栈,工作日,50.0,46.3,190,3230,携程,193,18
2026-10-22,m3,花水湾溪边客栈,花水湾镇,客栈,工作日,50.0,46.3,190,3230,美团,187,19
2026-10-22,m3,花水湾溪边客栈,花水湾镇,客栈,工作日,50.0,46.3,190,3230,飞猪,190,18
2026-10-22,m3,花水湾溪边客栈,花水湾镇,客栈,工作日,50.0,46.3,190,3230,去哪儿,190,18
2026-10-23,m3,花水湾溪边客栈,花水湾镇,客栈,工作日,55.9,54.4,200,3800,携程,204,16
2026-10-23,m3,花水湾溪边客栈,花水湾镇,客栈,工作日,55.9,54.4,200,3800,美团,195,16
2026-10-23,m3,花水湾溪边客栈,花水湾镇,客栈,工作日,55.9,54.4,200,3800,飞猪,201,15
2026-10-23,m3,花水湾溪边客栈,花水湾镇,客栈,工作日,55.9,54.4,200,3800,去哪儿,199,15
2026-10-24,m3,花水湾溪边客栈,花水湾镇,客栈,周末,91.2,86.8,261,8091,携程,265,5
2026-10-24,m3,花水湾溪边客栈,花水湾镇,客栈,周末,91.2,86.8,261,8091,美团,258,5
2026-10-24,m3,花水湾溪边客栈,花水湾镇,客栈,周末,91.2,86.8,261,8091,飞猪,260,4
2026-10-24,m3,花水湾溪边客栈,花水湾镇,客栈,周末,91.2,86.8,261,8091,去哪儿,261,4
2026-10-25,m3,花水湾溪边客栈,花水湾镇,客栈,周末,97.1,84.6,271,8943,携程,277,5
2026-10-25,m3,花水湾溪边客栈,花水湾镇,客栈,周末,97.1,84.6,271,8943,美团,264,5
2026-10-25,m3,花水湾溪边客栈,花水湾镇,客栈,周末,97.1,84.6,271,8943,飞猪,272,6
2026-10-25,m3,花水湾溪边客栈,花水湾镇,客栈,周末,97.1,84.6,271,8943,去哪儿,269,5
2026-10-26,m3,花水湾溪边客栈,花水湾镇,客栈,工作日,52.9,50.7,197,3546,携程,200,17
2026-10-26,m3,花水湾溪边客栈,花水湾镇,客栈,工作日,52.9,50.7,197,3546,美团,193,17
2026-10-26,m3,花水湾溪边客栈,花水湾镇,客栈,工作日,52.9,50.7,197,3546,飞猪,197,17
2026-10-26,m3,花水湾溪边客栈,花水湾镇,客栈,工作日,52.9,50.7,197,3546,去哪儿,197,16
2026-10-27,m3,花水湾溪边客栈,花水湾镇,客栈,工作日,64.7,56.6,201,4422,携程,204,15
2026-10-27,m3,花水湾溪边客栈,花水湾镇,客栈,工作日,64.7,56.6,201,4422,美团,198,15
2026-10-27,m3,花水湾溪边客栈,花水湾镇,客栈,工作日,64.7,56.6,201,4422,飞猪,203,15
2026-10-27,m3,花水湾溪边客栈,花水湾镇,客栈,工作日,64.7,56.6,201,4422,去哪儿,200,14
2026-10-28,m3,花水湾溪边客栈,花水湾镇,客栈,工作日,61.8,61.0,202,4242,携程,205,13
2026-10-28,m3,花水湾溪边客栈,花水湾镇,客栈,工作日,61.8,61.0,202,4242,美团,199,13
2026-10-28,m3,花水湾溪边客栈,花水湾镇,客栈,工作日,61.8,61.0,202,4242,飞猪,204,14
2026-10-28,m3,花水湾溪边客栈,花水湾镇,客栈,工作日,61.8,61.0,202,4242,去哪儿,200,13
2026-10-29,m3,花水湾溪边客栈,花水湾镇,客栈,工作日,41.2,34.6,188,2632,携程,190,22
2026-10-29,m3,花水湾溪边客栈,花水湾镇,客栈,工作日,41.2,34.6,188,2632,美团,184,23
2026-10-29,m3,花水湾溪边客栈,花水湾镇,客栈,工作日,41.2,34.6,188,2632,飞猪,190,22
2026-10-29,m3,花水湾溪边客栈,花水湾镇,客栈,工作日,41.2,34.6,188,2632,去哪儿,189,22
2026-10-30,m3,花水湾溪边客栈,花水湾镇,客栈,工作日,52.9,52.9,192,3456,携程,194,16
2026-10-30,m3,花水湾溪边客栈,花水湾镇,客栈,工作日,52.9,52.9,192,3456,美团,190,16
2026-10-30,m3,花水湾溪边客栈,花水湾镇,客栈,工作日,52.9,52.9,192,3456,飞猪,192,16
2026-10-30,m3,花水湾溪边客栈,花水湾镇,客栈,工作日,52.9,52.9,192,3456,去哪儿,193,16
2026-10-31,m3,花水湾溪边客栈,花水湾镇,客栈,周末,97.1,93.4,269,8877,携程,272,2
2026-10-31,m3,花水湾溪边客栈,花水湾镇,客栈,周末,97.1,93.4,269,8877,美团,264,2
2026-10-31,m3,花水湾溪边客栈,花水湾镇,客栈,周末,97.1,93.4,269,8877,飞猪,269,3
2026-10-31,m3,花水湾溪边客栈,花水湾镇,客栈,周末,97.1,93.4,269,8877,去哪儿,269,2
2026-10-01,m4,花水湾雅舍温泉民宿,花水湾镇,温泉民宿,国庆,89.5,82.5,777,13209,美团,772,4
2026-10-01,m4,花水湾雅舍温泉民宿,花水湾镇,温泉民宿,国庆,89.5,82.5,777,13209,飞猪,778,3
2026-10-01,m4,花水湾雅舍温泉民宿,花水湾镇,温泉民宿,国庆,89.5,82.5,777,13209,去哪儿,780,3
2026-10-02,m4,花水湾雅舍温泉民宿,花水湾镇,温泉民宿,国庆,94.7,82.5,813,14634,美团,806,4
2026-10-02,m4,花水湾雅舍温泉民宿,花水湾镇,温泉民宿,国庆,94.7,82.5,813,14634,飞猪,817,3
2026-10-02,m4,花水湾雅舍温泉民宿,花水湾镇,温泉民宿,国庆,94.7,82.5,813,14634,去哪儿,817,3
2026-10-03,m4,花水湾雅舍温泉民宿,花水湾镇,温泉民宿,国庆,100.0,98.2,824,15656,美团,815,1
2026-10-03,m4,花水湾雅舍温泉民宿,花水湾镇,温泉民宿,国庆,100.0,98.2,824,15656,飞猪,837,0
2026-10-03,m4,花水湾雅舍温泉民宿,花水湾镇,温泉民宿,国庆,100.0,98.2,824,15656,去哪儿,820,0
2026-10-04,m4,花水湾雅舍温泉民宿,花水湾镇,温泉民宿,国庆,100.0,87.7,819,15561,美团,809,3
2026-10-04,m4,花水湾雅舍温泉民宿,花水湾镇,温泉民宿,国庆,100.0,87.7,819,15561,飞猪,825,2
2026-10-04,m4,花水湾雅舍温泉民宿,花水湾镇,温泉民宿,国庆,100.0,87.7,819,15561,去哪儿,824,2
2026-10-05,m4,花水湾雅舍温泉民宿,花水湾镇,温泉民宿,国庆,100.0,93.0,810,15390,美团,801,2
2026-10-05,m4,花水湾雅舍温泉民宿,花水湾镇,温泉民宿,国庆,100.0,93.0,810,15390,飞猪,819,1
2026-10-05,m4,花水湾雅舍温泉民宿,花水湾镇,温泉民宿,国庆,100.0,93.0,810,15390,去哪儿,809,1
2026-10-06,m4,花水湾雅舍温泉民宿,花水湾镇,温泉民宿,国庆,100.0,86.0,818,15542,美团,804,3
2026-10-06,m4,花水湾雅舍温泉民宿,花水湾镇,温泉民宿,国庆,100.0,86.0,818,15542,飞猪,826,3
2026-10-06,m4,花水湾雅舍温泉民宿,花水湾镇,温泉民宿,国庆,100.0,86.0,818,15542,去哪儿,824,2
2026-10-07,m4,花水湾雅舍温泉民宿,花水湾镇,温泉民宿,国庆,94.7,87.7,813,14634,美团,807,3
2026-10-07,m4,花水湾雅舍温泉民宿,花水湾镇,温泉民宿,国庆,94.7,87.7,813,14634,飞猪,816,2
2026-10-07,m4,花水湾雅舍温泉民宿,花水湾镇,温泉民宿,国庆,94.7,87.7,813,14634,去哪儿,817,2
2026-10-08,m4,花水湾雅舍温泉民宿,花水湾镇,温泉民宿,国庆,100.0,93.0,788,14972,美团,778,2
2026-10-08,m4,花水湾雅舍温泉民宿,花水湾镇,温泉民宿,国庆,100.0,93.0,788,14972,飞猪,802,1
2026-10-08,m4,花水湾雅舍温泉民宿,花水湾镇,温泉民宿,国庆,100.0,93.0,788,14972,去哪儿,784,1
2026-10-09,m4,花水湾雅舍温泉民宿,花水湾镇,温泉民宿,工作日,68.4,61.4,393,5109,美团,388,8
2026-10-09,m4,花水湾雅舍温泉民宿,花水湾镇,温泉民宿,工作日,68.4,61.4,393,5109,飞猪,399,7
2026-10-09,m4,花水湾雅舍温泉民宿,花水湾镇,温泉民宿,工作日,68.4,61.4,393,5109,去哪儿,393,7
2026-10-10,m4,花水湾雅舍温泉民宿,花水湾镇,温泉民宿,周末,94.7,77.2,520,9360,美团,517,4
2026-10-10,m4,花水湾雅舍温泉民宿,花水湾镇,温泉民宿,周末,94.7,77.2,520,9360,飞猪,524,5
2026-10-10,m4,花水湾雅舍温泉民宿,花水湾镇,温泉民宿,周末,94.7,77.2,520,9360,去哪儿,520,4
2026-10-11,m4,花水湾雅舍温泉民宿,花水湾镇,温泉民宿,周末,100.0,96.5,534,10146,美团,524,1
2026-10-11,m4,花水湾雅舍温泉民宿,花水湾镇,温泉民宿,周末,100.0,96.5,534,10146,飞猪,540,1
2026-10-11,m4,花水湾雅舍温泉民宿,花水湾镇,温泉民宿,周末,100.0,96.5,534,10146,去哪儿,537,0
2026-10-12,m4,花水湾雅舍温泉民宿,花水湾镇,温泉民宿,工作日,68.4,57.9,375,4875,美团,370,8
2026-10-12,m4,花水湾雅舍温泉民宿,花水湾镇,温泉民宿,工作日,68.4,57.9,375,4875,飞猪,380,8
2026-10-12,m4,花水湾雅舍温泉民宿,花水湾镇,温泉民宿,工作日,68.4,57.9,375,4875,去哪儿,375,8
2026-10-13,m4,花水湾雅舍温泉民宿,花水湾镇,温泉民宿,工作日,52.6,52.6,383,3830,美团,378,9
2026-10-13,m4,花水湾雅舍温泉民宿,花水湾镇,温泉民宿,工作日,52.6,52.6,383,3830,飞猪,385,9
2026-10-13,m4,花水湾雅舍温泉民宿,花水湾镇,温泉民宿,工作日,52.6,52.6,383,3830,去哪儿,385,9
2026-10-14,m4,花水湾雅舍温泉民宿,花水湾镇,温泉民宿,工作日,73.7,73.7,408,5712,美团,406,5
2026-10-14,m4,花水湾雅舍温泉民宿,花水湾镇,温泉民宿,工作日,73.7,73.7,408,5712,飞猪,409,5
2026-10-14,m4,花水湾雅舍温泉民宿,花水湾镇,温泉民宿,工作日,73.7,73.7,408,5712,去哪儿,410,5
2026-10-15,m4,花水湾雅舍温泉民宿,花水湾镇,温泉民宿,工作日,52.6,42.1,366,3660,美团,361,11
2026-10-15,m4,花水湾雅舍温泉民宿,花水湾镇,温泉民宿,工作日,52.6,42.1,366,3660,飞猪,371,11
2026-10-15,m4,花水湾雅舍温泉民宿,花水湾镇,温泉民宿,工作日,52.6,42.1,366,3660,去哪儿,366,11
2026-10-16,m4,花水湾雅舍温泉民宿,花水湾镇,温泉民宿,工作日,68.4,56.1,383,4979,美团,379,9
2026-10-16,m4,花水湾雅舍温泉民宿,花水湾镇,温泉民宿,工作日,68.4,56.1,383,4979,飞猪,386,8
2026-10-16,m4,花水湾雅舍温泉民宿,花水湾镇,温泉民宿,工作日,68.4,56.1,383,4979,去哪儿,383,8
2026-10-17,m4,花水湾雅舍温泉民宿,花水湾镇,温泉民宿,周末,100.0,93.0,554,10526,美团,550,2
2026-10-17,m4,花水湾雅舍温泉民宿,花水湾镇,温泉民宿,周末,100.0,93.0,554,10526,飞猪,561,1
2026-10-17,m4,花水湾雅舍温泉民宿,花水湾镇,温泉民宿,周末,100.0,93.0,554,10526,去哪儿,552,1
2026-10-18,m4,花水湾雅舍温泉民宿,花水湾镇,温泉民宿,周末,89.5,77.2,510,8670,美团,504,5
2026-10-18,m4,花水湾雅舍温泉民宿,花水湾镇,温泉民宿,周末,89.5,77.2,510,8670,飞猪,518,4
2026-10-18,m4,花水湾雅舍温泉民宿,花水湾镇,温泉民宿,周末,89.5,77.2,510,8670,去哪儿,507,4
2026-10-19,m4,花水湾雅舍温泉民宿,花水湾镇,温泉民宿,工作日,52.6,40.4,368,3680,美团,366,11
2026-10-19,m4,花水湾雅舍温泉民宿,花水湾镇,温泉民宿,工作日,52.6,40.4,368,3680,飞猪,370,12
2026-10-19,m4,花水湾雅舍温泉民宿,花水湾镇,温泉民宿,工作日,52.6,40.4,368,3680,去哪儿,367,11
2026-10-20,m4,花水湾雅舍温泉民宿,花水湾镇,温泉民宿,工作日,47.4,38.6,365,3285,美团,361,12
2026-10-20,m4,花水湾雅舍温泉民宿,花水湾镇,温泉民宿,工作日,47.4,38.6,365,3285,飞猪,370,12
2026-10-20,m4,花水湾雅舍温泉民宿,花水湾镇,温泉民宿,工作日,47.4,38.6,365,3285,去哪儿,363,11
2026-10-21,m4,花水湾雅舍温泉民宿,花水湾镇,温泉民宿,工作日,89.5,87.7,419,7123,美团,416,2
2026-10-21,m4,花水湾雅舍温泉民宿,花水湾镇,温泉民宿,工作日,89.5,87.7,419,7123,飞猪,420,3
2026-10-21,m4,花水湾雅舍温泉民宿,花水湾镇,温泉民宿,工作日,89.5,87.7,419,7123,去哪儿,421,2
2026-10-22,m4,花水湾雅舍温泉民宿,花水湾镇,温泉民宿,工作日,73.7,68.4,409,5726,美团,406,6
2026-10-22,m4,花水湾雅舍温泉民宿,花水湾镇,温泉民宿,工作日,73.7,68.4,409,5726,飞猪,414,6
2026-10-22,m4,花水湾雅舍温泉民宿,花水湾镇,温泉民宿,工作日,73.7,68.4,409,5726,去哪儿,406,6
2026-10-23,m4,花水湾雅舍温泉民宿,花水湾镇,温泉民宿,工作日,68.4,63.2,394,5122,美团,391,7
2026-10-23,m4,花水湾雅舍温泉民宿,花水湾镇,温泉民宿,工作日,68.4,63.2,394,5122,飞猪,398,7
2026-10-23,m4,花水湾雅舍温泉民宿,花水湾镇,温泉民宿,工作日,68.4,63.2,394,5122,去哪儿,393,7
2026-10-24,m4,花水湾雅舍温泉民宿,花水湾镇,温泉民宿,周末,100.0,98.2,552,10488,美团,546,1
2026-10-24,m4,花水湾雅舍温泉民宿,花水湾镇,温泉民宿,周末,100.0,98.2,552,10488,飞猪,558,0
2026-10-24,m4,花水湾雅舍温泉民宿,花水湾镇,温泉民宿,周末,100.0,98.2,552,10488,去哪儿,553,0
2026-10-25,m4,花水湾雅舍温泉民宿,花水湾镇,温泉民宿,周末,100.0,100.0,555,10545,美团,557,0
2026-10-25,m4,花水湾雅舍温泉民宿,花水湾镇,温泉民宿,周末,100.0,100.0,555,10545,飞猪,556,0
2026-10-25,m4,花水湾雅舍温泉民宿,花水湾镇,温泉民宿,周末,100.0,100.0,555,10545,去哪儿,551,0
2026-10-26,m4,花水湾雅舍温泉民宿,花水湾镇,温泉民宿,工作日,52.6,45.6,382,3820,美团,379,11
2026-10-26,m4,花水湾雅舍温泉民宿,花水湾镇,温泉民宿,工作日,52.6,45.6,382,3820,飞猪,385,10
2026-10-26,m4,花水湾雅舍温泉民宿,花水湾镇,温泉民宿,工作日,52.6,45.6,382,3820,去哪儿,382,10
2026-10-27,m4,花水湾雅舍温泉民宿,花水湾镇,温泉民宿,工作日,73.7,73.7,407,5698,美团,403,5
2026-10-27,m4,花水湾雅舍温泉民宿,花水湾镇,温泉民宿,工作日,73.7,73.7,407,5698,飞猪,408,5
2026-10-27,m4,花水湾雅舍温泉民宿,花水湾镇,温泉民宿,工作日,73.7,73.7,407,5698,去哪儿,411,5
2026-10-28,m4,花水湾雅舍温泉民宿,花水湾镇,温泉民宿,工作日,47.4,47.4,372,3348,美团,370,10
2026-10-28,m4,花水湾雅舍温泉民宿,花水湾镇,温泉民宿,工作日,47.4,47.4,372,3348,飞猪,376,10
2026-10-28,m4,花水湾雅舍温泉民宿,花水湾镇,温泉民宿,工作日,47.4,47.4,372,3348,去哪儿,370,10
2026-10-29,m4,花水湾雅舍温泉民宿,花水湾镇,温泉民宿,工作日,47.4,47.4,380,3420,美团,377,10
2026-10-29,m4,花水湾雅舍温泉民宿,花水湾镇,温泉民宿,工作日,47.4,47.4,380,3420,飞猪,385,10
2026-10-29,m4,花水湾雅舍温泉民宿,花水湾镇,温泉民宿,工作日,47.4,47.4,380,3420,去哪儿,379,10
2026-10-30,m4,花水湾雅舍温泉民宿,花水湾镇,温泉民宿,工作日,68.4,63.2,391,5083,美团,386,7
2026-10-30,m4,花水湾雅舍温泉民宿,花水湾镇,温泉民宿,工作日,68.4,63.2,391,5083,飞猪,393,7
2026-10-30,m4,花水湾雅舍温泉民宿,花水湾镇,温泉民宿,工作日,68.4,63.2,391,5083,去哪儿,394,7
2026-10-31,m4,花水湾雅舍温泉民宿,花水湾镇,温泉民宿,周末,100.0,91.2,521,9899,美团,514,2
2026-10-31,m4,花水湾雅舍温泉民宿,花水湾镇,温泉民宿,周末,100.0,91.2,521,9899,飞猪,528,2
2026-10-31,m4,花水湾雅舍温泉民宿,花水湾镇,温泉民宿,周末,100.0,91.2,521,9899,去哪儿,521,1
2026-10-01,m5,花水湾圣索亚温泉大酒店,花水湾镇,酒店,国庆,93.0,88.4,2219,323974,携程,2221,18
2026-10-01,m5,花水湾圣索亚温泉大酒店,花水湾镇,酒店,国庆,93.0,88.4,2219,323974,美团,2199,18
2026-10-01,m5,花水湾圣索亚温泉大酒店,花水湾镇,酒店,国庆,93.0,88.4,2219,323974,飞猪,2230,18
2026-10-01,m5,花水湾圣索亚温泉大酒店,花水湾镇,酒店,国庆,93.0,88.4,2219,323974,去哪儿,2216,18
2026-10-01,m5,花水湾圣索亚温泉大酒店,花水湾镇,酒店,国庆,93.0,88.4,2219,323974,同程,2227,19
2026-10-02,m5,花水湾圣索亚温泉大酒店,花水湾镇,酒店,国庆,92.4,89.6,2231,323495,携程,2273,16
2026-10-02,m5,花水湾圣索亚温泉大酒店,花水湾镇,酒店,国庆,92.4,89.6,2231,323495,美团,2193,17
2026-10-02,m5,花水湾圣索亚温泉大酒店,花水湾镇,酒店,国庆,92.4,89.6,2231,323495,飞猪,2240,16
2026-10-02,m5,花水湾圣索亚温泉大酒店,花水湾镇,酒店,国庆,92.4,89.6,2231,323495,去哪儿,2222,16
2026-10-02,m5,花水湾圣索亚温泉大酒店,花水湾镇,酒店,国庆,92.4,89.6,2231,323495,同程,2225,17
2026-10-03,m5,花水湾圣索亚温泉大酒店,花水湾镇,酒店,国庆,96.2,87.6,2232,337032,携程,2268,19
2026-10-03,m5,花水湾圣索亚温泉大酒店,花水湾镇,酒店,国庆,96.2,87.6,2232,337032,美团,2212,20
2026-10-03,m5,花水湾圣索亚温泉大酒店,花水湾镇,酒店,国庆,96.2,87.6,2232,337032,飞猪,2244,19
2026-10-03,m5,花水湾圣索亚温泉大酒店,花水湾镇,酒店,国庆,96.2,87.6,2232,337032,去哪儿,2212,19
2026-10-03,m5,花水湾圣索亚温泉大酒店,花水湾镇,酒店,国庆,96.2,87.6,2232,337032,同程,2225,20
2026-10-04,m5,花水湾圣索亚温泉大酒店,花水湾镇,酒店,国庆,96.8,94.9,2271,345192,携程,2305,8
2026-10-04,m5,花水湾圣索亚温泉大酒店,花水湾镇,酒店,国庆,96.8,94.9,2271,345192,美团,2256,8
2026-10-04,m5,花水湾圣索亚温泉大酒店,花水湾镇,酒店,国庆,96.8,94.9,2271,345192,飞猪,2286,8
2026-10-04,m5,花水湾圣索亚温泉大酒店,花水湾镇,酒店,国庆,96.8,94.9,2271,345192,去哪儿,2265,8
2026-10-04,m5,花水湾圣索亚温泉大酒店,花水湾镇,酒店,国庆,96.8,94.9,2271,345192,同程,2241,8
2026-10-05,m5,花水湾圣索亚温泉大酒店,花水湾镇,酒店,国庆,93.6,88.9,2257,331779,携程,2284,17
2026-10-05,m5,花水湾圣索亚温泉大酒店,花水湾镇,酒店,国庆,93.6,88.9,2257,331779,美团,2244,18
2026-10-05,m5,花水湾圣索亚温泉大酒店,花水湾镇,酒店,国庆,93.6,88.9,2257,331779,飞猪,2271,17
2026-10-05,m5,花水湾圣索亚温泉大酒店,花水湾镇,酒店,国庆,93.6,88.9,2257,331779,去哪儿,2234,17
2026-10-05,m5,花水湾圣索亚温泉大酒店,花水湾镇,酒店,国庆,93.6,88.9,2257,331779,同程,2252,18
2026-10-06,m5,花水湾圣索亚温泉大酒店,花水湾镇,酒店,国庆,98.1,92.9,2215,341110,携程,2245,11
2026-10-06,m5,花水湾圣索亚温泉大酒店,花水湾镇,酒店,国庆,98.1,92.9,2215,341110,美团,2202,11
2026-10-06,m5,花水湾圣索亚温泉大酒店,花水湾镇,酒店,国庆,98.1,92.9,2215,341110,飞猪,2216,11
2026-10-06,m5,花水湾圣索亚温泉大酒店,花水湾镇,酒店,国庆,98.1,92.9,2215,341110,去哪儿,2198,11
2026-10-06,m5,花水湾圣索亚温泉大酒店,花水湾镇,酒店,国庆,98.1,92.9,2215,341110,同程,2215,12
2026-10-07,m5,花水湾圣索亚温泉大酒店,花水湾镇,酒店,国庆,89.8,82.0,2204,310764,携程,2220,29
2026-10-07,m5,花水湾圣索亚温泉大酒店,花水湾镇,酒店,国庆,89.8,82.0,2204,310764,美团,2157,28
2026-10-07,m5,花水湾圣索亚温泉大酒店,花水湾镇,酒店,国庆,89.8,82.0,2204,310764,飞猪,2226,28
2026-10-07,m5,花水湾圣索亚温泉大酒店,花水湾镇,酒店,国庆,89.8,82.0,2204,310764,去哪儿,2200,28
2026-10-07,m5,花水湾圣索亚温泉大酒店,花水湾镇,酒店,国庆,89.8,82.0,2204,310764,同程,2215,28
2026-10-08,m5,花水湾圣索亚温泉大酒店,花水湾镇,酒店,国庆,94.9,92.6,2255,335995,携程,2291,12
2026-10-08,m5,花水湾圣索亚温泉大酒店,花水湾镇,酒店,国庆,94.9,92.6,2255,335995,美团,2245,12
2026-10-08,m5,花水湾圣索亚温泉大酒店,花水湾镇,酒店,国庆,94.9,92.6,2255,335995,飞猪,2259,12
2026-10-08,m5,花水湾圣索亚温泉大酒店,花水湾镇,酒店,国庆,94.9,92.6,2255,335995,去哪儿,2248,11
2026-10-08,m5,花水湾圣索亚温泉大酒店,花水湾镇,酒店,国庆,94.9,92.6,2255,335995,同程,2232,11
2026-10-09,m5,花水湾圣索亚温泉大酒店,花水湾镇,酒店,工作日,59.9,57.2,1048,98512,携程,1072,67
2026-10-09,m5,花水湾圣索亚温泉大酒店,花水湾镇,酒店,工作日,59.9,57.2,1048,98512,美团,1030,67
2026-10-09,m5,花水湾圣索亚温泉大酒店,花水湾镇,酒店,工作日,59.9,57.2,1048,98512,飞猪,1057,67
2026-10-09,m5,花水湾圣索亚温泉大酒店,花水湾镇,酒店,工作日,59.9,57.2,1048,98512,去哪儿,1042,67
2026-10-09,m5,花水湾圣索亚温泉大酒店,花水湾镇,酒店,工作日,59.9,57.2,1048,98512,同程,1038,68
2026-10-10,m5,花水湾圣索亚温泉大酒店,花水湾镇,酒店,周末,97.5,95.4,1466,224298,携程,1486,7
2026-10-10,m5,花水湾圣索亚温泉大酒店,花水湾镇,酒店,周末,97.5,95.4,1466,224298,美团,1443,7
2026-10-10,m5,花水湾圣索亚温泉大酒店,花水湾镇,酒店,周末,97.5,95.4,1466,224298,飞猪,1488,7
2026-10-10,m5,花水湾圣索亚温泉大酒店,花水湾镇,酒店,周末,97.5,95.4,1466,224298,去哪儿,1460,7
2026-10-10,m5,花水湾圣索亚温泉大酒店,花水湾镇,酒店,周末,97.5,95.4,1466,224298,同程,1452,8
2026-10-11,m5,花水湾圣索亚温泉大酒店,花水湾镇,酒店,周末,98.7,93.4,1444,223820,携程,1466,10
2026-10-11,m5,花水湾圣索亚温泉大酒店,花水湾镇,酒店,周末,98.7,93.4,1444,223820,美团,1427,10
2026-10-11,m5,花水湾圣索亚温泉大酒店,花水湾镇,酒店,周末,98.7,93.4,1444,223820,飞猪,1451,11
2026-10-11,m5,花水湾圣索亚温泉大酒店,花水湾镇,酒店,周末,98.7,93.4,1444,223820,去哪儿,1441,10
2026-10-11,m5,花水湾圣索亚温泉大酒店,花水湾镇,酒店,周末,98.7,93.4,1444,223820,同程,1433,11
2026-10-12,m5,花水湾圣索亚温泉大酒店,花水湾镇,酒店,工作日,58.0,56.1,1037,94367,携程,1061,69
2026-10-12,m5,花水湾圣索亚温泉大酒店,花水湾镇,酒店,工作日,58.0,56.1,1037,94367,美团,1018,69
2026-10-12,m5,花水湾圣索亚温泉大酒店,花水湾镇,酒店,工作日,58.0,56.1,1037,94367,飞猪,1043,69
2026-10-12,m5,花水湾圣索亚温泉大酒店,花水湾镇,酒店,工作日,58.0,56.1,1037,94367,去哪儿,1032,69
2026-10-12,m5,花水湾圣索亚温泉大酒店,花水湾镇,酒店,工作日,58.0,56.1,1037,94367,同程,1030,69
2026-10-13,m5,花水湾圣索亚温泉大酒店,花水湾镇,酒店,工作日,65.6,63.4,1057,108871,携程,1083,58
2026-10-13,m5,花水湾圣索亚温泉大酒店,花水湾镇,酒店,工作日,65.6,63.4,1057,108871,美团,1035,58
2026-10-13,m5,花水湾圣索亚温泉大酒店,花水湾镇,酒店,工作日,65.6,63.4,1057,108871,飞猪,1061,57
2026-10-13,m5,花水湾圣索亚温泉大酒店,花水湾镇,酒店,工作日,65.6,63.4,1057,108871,去哪儿,1056,57
2026-10-13,m5,花水湾圣索亚温泉大酒店,花水湾镇,酒店,工作日,65.6,63.4,1057,108871,同程,1051,57
2026-10-14,m5,花水湾圣索亚温泉大酒店,花水湾镇,酒店,工作日,62.4,59.0,1046,102508,携程,1071,65
2026-10-14,m5,花水湾圣索亚温泉大酒店,花水湾镇,酒店,工作日,62.4,59.0,1046,102508,美团,1029,64
2026-10-14,m5,花水湾圣索亚温泉大酒店,花水湾镇,酒店,工作日,62.4,59.0,1046,102508,飞猪,1048,64
2026-10-14,m5,花水湾圣索亚温泉大酒店,花水湾镇,酒店,工作日,62.4,59.0,1046,102508,去哪儿,1044,64
2026-10-14,m5,花水湾圣索亚温泉大酒店,花水湾镇,酒店,工作日,62.4,59.0,1046,102508,同程,1040,65
2026-10-15,m5,花水湾圣索亚温泉大酒店,花水湾镇,酒店,工作日,54.8,50.2,1042,89612,携程,1069,78
2026-10-15,m5,花水湾圣索亚温泉大酒店,花水湾镇,酒店,工作日,54.8,50.2,1042,89612,美团,1030,79
2026-10-15,m5,花水湾圣索亚温泉大酒店,花水湾镇,酒店,工作日,54.8,50.2,1042,89612,飞猪,1049,78
2026-10-15,m5,花水湾圣索亚温泉大酒店,花水湾镇,酒店,工作日,54.8,50.2,1042,89612,去哪儿,1032,78
2026-10-15,m5,花水湾圣索亚温泉大酒店,花水湾镇,酒店,工作日,54.8,50.2,1042,89612,同程,1031,78
2026-10-16,m5,花水湾圣索亚温泉大酒店,花水湾镇,酒店,工作日,51.0,47.0,1028,82240,携程,1039,83
2026-10-16,m5,花水湾圣索亚温泉大酒店,花水湾镇,酒店,工作日,51.0,47.0,1028,82240,美团,1012,84
2026-10-16,m5,花水湾圣索亚温泉大酒店,花水湾镇,酒店,工作日,51.0,47.0,1028,82240,飞猪,1039,83
2026-10-16,m5,花水湾圣索亚温泉大酒店,花水湾镇,酒店,工作日,51.0,47.0,1028,82240,去哪儿,1030,83
2026-10-16,m5,花水湾圣索亚温泉大酒店,花水湾镇,酒店,工作日,51.0,47.0,1028,82240,同程,1018,83
2026-10-17,m5,花水湾圣索亚温泉大酒店,花水湾镇,酒店,周末,94.9,91.3,1454,216646,携程,1466,13
2026-10-17,m5,花水湾圣索亚温泉大酒店,花水湾镇,酒店,周末,94.9,91.3,1454,216646,美团,1426,14
2026-10-17,m5,花水湾圣索亚温泉大酒店,花水湾镇,酒店,周末,94.9,91.3,1454,216646,飞猪,1470,14
2026-10-17,m5,花水湾圣索亚温泉大酒店,花水湾镇,酒店,周末,94.9,91.3,1454,216646,去哪儿,1450,13
2026-10-17,m5,花水湾圣索亚温泉大酒店,花水湾镇,酒店,周末,94.9,91.3,1454,216646,同程,1458,14
2026-10-18,m5,花水湾圣索亚温泉大酒店,花水湾镇,酒店,周末,96.2,93.4,1466,221366,携程,1499,11
2026-10-18,m5,花水湾圣索亚温泉大酒店,花水湾镇,酒店,周末,96.2,93.4,1466,221366,美团,1446,11
2026-10-18,m5,花水湾圣索亚温泉大酒店,花水湾镇,酒店,周末,96.2,93.4,1466,221366,飞猪,1474,10
2026-10-18,m5,花水湾圣索亚温泉大酒店,花水湾镇,酒店,周末,96.2,93.4,1466,221366,去哪儿,1447,10
2026-10-18,m5,花水湾圣索亚温泉大酒店,花水湾镇,酒店,周末,96.2,93.4,1466,221366,同程,1463,10
2026-10-19,m5,花水湾圣索亚温泉大酒店,花水湾镇,酒店,工作日,51.0,46.4,1035,82800,携程,1051,85
2026-10-19,m5,花水湾圣索亚温泉大酒店,花水湾镇,酒店,工作日,51.0,46.4,1035,82800,美团,1023,84
2026-10-19,m5,花水湾圣索亚温泉大酒店,花水湾镇,酒店,工作日,51.0,46.4,1035,82800,飞猪,1045,84
2026-10-19,m5,花水湾圣索亚温泉大酒店,花水湾镇,酒店,工作日,51.0,46.4,1035,82800,去哪儿,1029,84
2026-10-19,m5,花水湾圣索亚温泉大酒店,花水湾镇,酒店,工作日,51.0,46.4,1035,82800,同程,1027,84
2026-10-20,m5,花水湾圣索亚温泉大酒店,花水湾镇,酒店,工作日,61.1,57.2,1049,100704,携程,1063,67
2026-10-20,m5,花水湾圣索亚温泉大酒店,花水湾镇,酒店,工作日,61.1,57.2,1049,100704,美团,1032,67
2026-10-20,m5,花水湾圣索亚温泉大酒店,花水湾镇,酒店,工作日,61.1,57.2,1049,100704,飞猪,1052,67
2026-10-20,m5,花水湾圣索亚温泉大酒店,花水湾镇,酒店,工作日,61.1,57.2,1049,100704,去哪儿,1045,67
2026-10-20,m5,花水湾圣索亚温泉大酒店,花水湾镇,酒店,工作日,61.1,57.2,1049,100704,同程,1053,68
2026-10-21,m5,花水湾圣索亚温泉大酒店,花水湾镇,酒店,工作日,56.7,51.5,1040,92560,携程,1062,76
2026-10-21,m5,花水湾圣索亚温泉大酒店,花水湾镇,酒店,工作日,56.7,51.5,1040,92560,美团,1028,76
2026-10-21,m5,花水湾圣索亚温泉大酒店,花水湾镇,酒店,工作日,56.7,51.5,1040,92560,飞猪,1047,77
2026-10-21,m5,花水湾圣索亚温泉大酒店,花水湾镇,酒店,工作日,56.7,51.5,1040,92560,去哪儿,1029,76
2026-10-21,m5,花水湾圣索亚温泉大酒店,花水湾镇,酒店,工作日,56.7,51.5,1040,92560,同程,1033,76
2026-10-22,m5,花水湾圣索亚温泉大酒店,花水湾镇,酒店,工作日,55.4,51.5,1035,90045,携程,1046,76
2026-10-22,m5,花水湾圣索亚温泉大酒店,花水湾镇,酒店,工作日,55.4,51.5,1035,90045,美团,1019,76
2026-10-22,m5,花水湾圣索亚温泉大酒店,花水湾镇,酒店,工作日,55.4,51.5,1035,90045,飞猪,1050,76
2026-10-22,m5,花水湾圣索亚温泉大酒店,花水湾镇,酒店,工作日,55.4,51.5,1035,90045,去哪儿,1024,76
2026-10-22,m5,花水湾圣索亚温泉大酒店,花水湾镇,酒店,工作日,55.4,51.5,1035,90045,同程,1036,77
2026-10-23,m5,花水湾圣索亚温泉大酒店,花水湾镇,酒店,工作日,53.5,50.7,1053,88452,携程,1063,77
2026-10-23,m5,花水湾圣索亚温泉大酒店,花水湾镇,酒店,工作日,53.5,50.7,1053,88452,美团,1039,77
2026-10-23,m5,花水湾圣索亚温泉大酒店,花水湾镇,酒店,工作日,53.5,50.7,1053,88452,飞猪,1059,78
2026-10-23,m5,花水湾圣索亚温泉大酒店,花水湾镇,酒店,工作日,53.5,50.7,1053,88452,去哪儿,1059,77
2026-10-23,m5,花水湾圣索亚温泉大酒店,花水湾镇,酒店,工作日,53.5,50.7,1053,88452,同程,1046,78
2026-10-24,m5,花水湾圣索亚温泉大酒店,花水湾镇,酒店,周末,95.5,91.5,1468,220200,携程,1482,13
2026-10-24,m5,花水湾圣索亚温泉大酒店,花水湾镇,酒店,周末,95.5,91.5,1468,220200,美团,1447,14
2026-10-24,m5,花水湾圣索亚温泉大酒店,花水湾镇,酒店,周末,95.5,91.5,1468,220200,飞猪,1469,13
2026-10-24,m5,花水湾圣索亚温泉大酒店,花水湾镇,酒店,周末,95.5,91.5,1468,220200,去哪儿,1481,13
2026-10-24,m5,花水湾圣索亚温泉大酒店,花水湾镇,酒店,周末,95.5,91.5,1468,220200,同程,1459,14
2026-10-25,m5,花水湾圣索亚温泉大酒店,花水湾镇,酒店,周末,95.5,90.2,1455,218250,携程,1471,16
2026-10-25,m5,花水湾圣索亚温泉大酒店,花水湾镇,酒店,周末,95.5,90.2,1455,218250,美团,1426,16
2026-10-25,m5,花水湾圣索亚温泉大酒店,花水湾镇,酒店,周末,95.5,90.2,1455,218250,飞猪,1474,15
2026-10-25,m5,花水湾圣索亚温泉大酒店,花水湾镇,酒店,周末,95.5,90.2,1455,218250,去哪儿,1444,15
2026-10-25,m5,花水湾圣索亚温泉大酒店,花水湾镇,酒店,周末,95.5,90.2,1455,218250,同程,1462,15
2026-10-26,m5,花水湾圣索亚温泉大酒店,花水湾镇,酒店,工作日,61.8,59.0,1051,101947,携程,1064,64
2026-10-26,m5,花水湾圣索亚温泉大酒店,花水湾镇,酒店,工作日,61.8,59.0,1051,101947,美团,1033,64
2026-10-26,m5,花水湾圣索亚温泉大酒店,花水湾镇,酒店,工作日,61.8,59.0,1051,101947,飞猪,1060,65
2026-10-26,m5,花水湾圣索亚温泉大酒店,花水湾镇,酒店,工作日,61.8,59.0,1051,101947,去哪儿,1057,64
2026-10-26,m5,花水湾圣索亚温泉大酒店,花水湾镇,酒店,工作日,61.8,59.0,1051,101947,同程,1041,65
2026-10-27,m5,花水湾圣索亚温泉大酒店,花水湾镇,酒店,工作日,58.0,54.5,1050,95550,携程,1065,71
2026-10-27,m5,花水湾圣索亚温泉大酒店,花水湾镇,酒店,工作日,58.0,54.5,1050,95550,美团,1043,72
2026-10-27,m5,花水湾圣索亚温泉大酒店,花水湾镇,酒店,工作日,58.0,54.5,1050,95550,飞猪,1053,72
2026-10-27,m5,花水湾圣索亚温泉大酒店,花水湾镇,酒店,工作日,58.0,54.5,1050,95550,去哪儿,1049,71
2026-10-27,m5,花水湾圣索亚温泉大酒店,花水湾镇,酒店,工作日,58.0,54.5,1050,95550,同程,1040,71
2026-10-28,m5,花水湾圣索亚温泉大酒店,花水湾镇,酒店,工作日,59.2,55.9,1059,98487,携程,1074,69
2026-10-28,m5,花水湾圣索亚温泉大酒店,花水湾镇,酒店,工作日,59.2,55.9,1059,98487,美团,1044,69
2026-10-28,m5,花水湾圣索亚温泉大酒店,花水湾镇,酒店,工作日,59.2,55.9,1059,98487,飞猪,1060,69
2026-10-28,m5,花水湾圣索亚温泉大酒店,花水湾镇,酒店,工作日,59.2,55.9,1059,98487,去哪儿,1056,69
2026-10-28,m5,花水湾圣索亚温泉大酒店,花水湾镇,酒店,工作日,59.2,55.9,1059,98487,同程,1059,70
2026-10-29,m5,花水湾圣索亚温泉大酒店,花水湾镇,酒店,工作日,63.1,60.8,1043,103257,携程,1055,62
2026-10-29,m5,花水湾圣索亚温泉大酒店,花水湾镇,酒店,工作日,63.1,60.8,1043,103257,美团,1043,62
2026-10-29,m5,花水湾圣索亚温泉大酒店,花水湾镇,酒店,工作日,63.1,60.8,1043,103257,飞猪,1053,62
2026-10-29,m5,花水湾圣索亚温泉大酒店,花水湾镇,酒店,工作日,63.1,60.8,1043,103257,去哪儿,1035,61
2026-10-29,m5,花水湾圣索亚温泉大酒店,花水湾镇,酒店,工作日,63.1,60.8,1043,103257,同程,1028,61
2026-10-30,m5,花水湾圣索亚温泉大酒店,花水湾镇,酒店,工作日,56.1,53.5,1039,91432,携程,1054,73
2026-10-30,m5,花水湾圣索亚温泉大酒店,花水湾镇,酒店,工作日,56.1,53.5,1039,91432,美团,1018,73
2026-10-30,m5,花水湾圣索亚温泉大酒店,花水湾镇,酒店,工作日,56.1,53.5,1039,91432,飞猪,1047,73
2026-10-30,m5,花水湾圣索亚温泉大酒店,花水湾镇,酒店,工作日,56.1,53.5,1039,91432,去哪儿,1033,73
2026-10-30,m5,花水湾圣索亚温泉大酒店,花水湾镇,酒店,工作日,56.1,53.5,1039,91432,同程,1043,73
2026-10-31,m5,花水湾圣索亚温泉大酒店,花水湾镇,酒店,周末,96.2,88.4,1464,221064,携程,1498,18
2026-10-31,m5,花水湾圣索亚温泉大酒店,花水湾镇,酒店,周末,96.2,88.4,1464,221064,美团,1447,18
2026-10-31,m5,花水湾圣索亚温泉大酒店,花水湾镇,酒店,周末,96.2,88.4,1464,221064,飞猪,1471,18
2026-10-31,m5,花水湾圣索亚温泉大酒店,花水湾镇,酒店,周末,96.2,88.4,1464,221064,去哪儿,1454,18
2026-10-31,m5,花水湾圣索亚温泉大酒店,花水湾镇,酒店,周末,96.2,88.4,1464,221064,同程,1449,19
2026-10-01,m6,花水湾果园农家乐,花水湾镇,农家乐,国庆,100.0,77.8,649,5841,途家,649,2
2026-10-02,m6,花水湾果园农家乐,花水湾镇,农家乐,国庆,100.0,88.9,640,5760,途家,640,1
2026-10-03,m6,花水湾果园农家乐,花水湾镇,农家乐,国庆,88.9,88.9,696,5568,途家,696,1
2026-10-04,m6,花水湾果园农家乐,花水湾镇,农家乐,国庆,100.0,88.9,683,6147,途家,683,1
2026-10-05,m6,花水湾果园农家乐,花水湾镇,农家乐,国庆,88.9,77.8,604,4832,途家,604,2
2026-10-06,m6,花水湾果园农家乐,花水湾镇,农家乐,国庆,100.0,88.9,711,6399,途家,711,1
2026-10-07,m6,花水湾果园农家乐,花水湾镇,农家乐,国庆,77.8,77.8,647,4529,途家,647,2
2026-10-08,m6,花水湾果园农家乐,花水湾镇,农家乐,国庆,100.0,88.9,667,6003,途家,667,1
2026-10-09,m6,花水湾果园农家乐,花水湾镇,农家乐,工作日,77.8,77.8,318,2226,途家,318,2
2026-10-10,m6,花水湾果园农家乐,花水湾镇,农家乐,周末,77.8,77.8,440,3080,途家,440,2
2026-10-11,m6,花水湾果园农家乐,花水湾镇,农家乐,周末,88.9,88.9,426,3408,途家,426,1
2026-10-12,m6,花水湾果园农家乐,花水湾镇,农家乐,工作日,44.4,33.3,290,1160,途家,290,6
2026-10-13,m6,花水湾果园农家乐,花水湾镇,农家乐,工作日,33.3,22.2,286,858,途家,286,7
2026-10-14,m6,花水湾果园农家乐,花水湾镇,农家乐,工作日,33.3,33.3,299,897,途家,299,6
2026-10-15,m6,花水湾果园农家乐,花水湾镇,农家乐,工作日,55.6,55.6,302,1510,途家,302,4
2026-10-16,m6,花水湾果园农家乐,花水湾镇,农家乐,工作日,55.6,55.6,317,1585,途家,317,4
2026-10-17,m6,花水湾果园农家乐,花水湾镇,农家乐,周末,77.8,66.7,406,2842,途家,406,3
2026-10-18,m6,花水湾果园农家乐,花水湾镇,农家乐,周末,100.0,88.9,432,3888,途家,432,1
2026-10-19,m6,花水湾果园农家乐,花水湾镇,农家乐,工作日,77.8,77.8,314,2198,途家,314,2
2026-10-20,m6,花水湾果园农家乐,花水湾镇,农家乐,工作日,55.6,55.6,299,1495,途家,299,4
2026-10-21,m6,花水湾果园农家乐,花水湾镇,农家乐,工作日,55.6,55.6,310,1550,途家,310,4
2026-10-22,m6,花水湾果园农家乐,花水湾镇,农家乐,工作日,66.7,66.7,303,1818,途家,303,3
2026-10-23,m6,花水湾果园农家乐,花水湾镇,农家乐,工作日,66.7,66.7,319,1914,途家,319,3
2026-10-24,m6,花水湾果园农家乐,花水湾镇,农家乐,周末,88.9,88.9,423,3384,途家,423,1
2026-10-25,m6,花水湾果园农家乐,花水湾镇,农家乐,周末,44.4,44.4,393,1572,途家,393,5
2026-10-26,m6,花水湾果园农家乐,花水湾镇,农家乐,工作日,22.2,22.2,293,586,途家,293,7
2026-10-27,m6,花水湾果园农家乐,花水湾镇,农家乐,工作日,33.3,33.3,290,870,途家,290,6
2026-10-28,m6,花水湾果园农家乐,花水湾镇,农家乐,工作日,55.6,55.6,321,1605,途家,321,4
2026-10-29,m6,花水湾果园农家乐,花水湾镇,农家乐,工作日,66.7,66.7,303,1818,途家,303,3
2026-10-30,m6,花水湾果园农家乐,花水湾镇,农家乐,工作日,55.6,55.6,315,1575,途家,315,4
2026-10-31,m6,花水湾果园农家乐,花水湾镇,农家乐,周末,100.0,100.0,438,3942,途家,438,0
2026-10-01,m7,花水湾逸景温泉民宿,花水湾镇,温泉民宿,国庆,100.0,100.0,997,17946,去哪儿,977,0
2026-10-01,m7,花水湾逸景温泉民宿,花水湾镇,温泉民宿,国庆,100.0,100.0,997,17946,途家,1016,0
2026-10-02,m7,花水湾逸景温泉民宿,花水湾镇,温泉民宿,国庆,100.0,100.0,996,17928,去哪儿,975,0
2026-10-02,m7,花水湾逸景温泉民宿,花水湾镇,温泉民宿,国庆,100.0,100.0,996,17928,途家,1016,0
2026-10-03,m7,花水湾逸景温泉民宿,花水湾镇,温泉民宿,国庆,94.4,83.3,930,15810,去哪儿,912,3
2026-10-03,m7,花水湾逸景温泉民宿,花水湾镇,温泉民宿,国庆,94.4,83.3,930,15810,途家,948,3
2026-10-04,m7,花水湾逸景温泉民宿,花水湾镇,温泉民宿,国庆,100.0,100.0,1035,18630,去哪儿,1017,0
2026-10-04,m7,花水湾逸景温泉民宿,花水湾镇,温泉民宿,国庆,100.0,100.0,1035,18630,途家,1052,0
2026-10-05,m7,花水湾逸景温泉民宿,花水湾镇,温泉民宿,国庆,100.0,94.4,964,17352,去哪儿,950,1
2026-10-05,m7,花水湾逸景温泉民宿,花水湾镇,温泉民宿,国庆,100.0,94.4,964,17352,途家,978,1
2026-10-06,m7,花水湾逸景温泉民宿,花水湾镇,温泉民宿,国庆,94.4,83.3,980,16660,去哪儿,957,3
2026-10-06,m7,花水湾逸景温泉民宿,花水湾镇,温泉民宿,国庆,94.4,83.3,980,16660,途家,1003,3
2026-10-07,m7,花水湾逸景温泉民宿,花水湾镇,温泉民宿,国庆,100.0,100.0,963,17334,去哪儿,945,0
2026-10-07,m7,花水湾逸景温泉民宿,花水湾镇,温泉民宿,国庆,100.0,100.0,963,17334,途家,980,0
2026-10-08,m7,花水湾逸景温泉民宿,花水湾镇,温泉民宿,国庆,100.0,83.3,953,17154,去哪儿,934,3
2026-10-08,m7,花水湾逸景温泉民宿,花水湾镇,温泉民宿,国庆,100.0,83.3,953,17154,途家,971,3
2026-10-09,m7,花水湾逸景温泉民宿,花水湾镇,温泉民宿,工作日,72.2,66.7,469,6097,去哪儿,459,6
2026-10-09,m7,花水湾逸景温泉民宿,花水湾镇,温泉民宿,工作日,72.2,66.7,469,6097,途家,478,6
2026-10-10,m7,花水湾逸景温泉民宿,花水湾镇,温泉民宿,周末,100.0,100.0,645,11610,去哪儿,631,0
2026-10-10,m7,花水湾逸景温泉民宿,花水湾镇,温泉民宿,周末,100.0,100.0,645,11610,途家,659,0
2026-10-11,m7,花水湾逸景温泉民宿,花水湾镇,温泉民宿,周末,94.4,88.9,640,10880,去哪儿,629,2
2026-10-11,m7,花水湾逸景温泉民宿,花水湾镇,温泉民宿,周末,94.4,88.9,640,10880,途家,650,2
2026-10-12,m7,花水湾逸景温泉民宿,花水湾镇,温泉民宿,工作日,61.1,61.1,459,5049,去哪儿,450,7
2026-10-12,m7,花水湾逸景温泉民宿,花水湾镇,温泉民宿,工作日,61.1,61.1,459,5049,途家,467,7
2026-10-13,m7,花水湾逸景温泉民宿,花水湾镇,温泉民宿,工作日,61.1,61.1,452,4972,去哪儿,443,7
2026-10-13,m7,花水湾逸景温泉民宿,花水湾镇,温泉民宿,工作日,61.1,61.1,452,4972,途家,460,7
2026-10-14,m7,花水湾逸景温泉民宿,花水湾镇,温泉民宿,工作日,61.1,61.1,463,5093,去哪儿,452,7
2026-10-14,m7,花水湾逸景温泉民宿,花水湾镇,温泉民宿,工作日,61.1,61.1,463,5093,途家,474,7
2026-10-15,m7,花水湾逸景温泉民宿,花水湾镇,温泉民宿,工作日,55.6,55.6,460,4600,去哪儿,449,8
2026-10-15,m7,花水湾逸景温泉民宿,花水湾镇,温泉民宿,工作日,55.6,55.6,460,4600,途家,471,8
2026-10-16,m7,花水湾逸景温泉民宿,花水湾镇,温泉民宿,工作日,61.1,61.1,467,5137,去哪儿,457,7
2026-10-16,m7,花水湾逸景温泉民宿,花水湾镇,温泉民宿,工作日,61.1,61.1,467,5137,途家,477,7
2026-10-17,m7,花水湾逸景温泉民宿,花水湾镇,温泉民宿,周末,72.2,66.7,600,7800,去哪儿,589,6
2026-10-17,m7,花水湾逸景温泉民宿,花水湾镇,温泉民宿,周末,72.2,66.7,600,7800,途家,611,6
2026-10-18,m7,花水湾逸景温泉民宿,花水湾镇,温泉民宿,周末,94.4,94.4,633,10761,去哪儿,624,1
2026-10-18,m7,花水湾逸景温泉民宿,花水湾镇,温泉民宿,周末,94.4,94.4,633,10761,途家,642,1
2026-10-19,m7,花水湾逸景温泉民宿,花水湾镇,温泉民宿,工作日,72.2,66.7,457,5941,去哪儿,448,6
2026-10-19,m7,花水湾逸景温泉民宿,花水湾镇,温泉民宿,工作日,72.2,66.7,457,5941,途家,465,6
2026-10-20,m7,花水湾逸景温泉民宿,花水湾镇,温泉民宿,工作日,66.7,61.1,455,5460,去哪儿,445,7
2026-10-20,m7,花水湾逸景温泉民宿,花水湾镇,温泉民宿,工作日,66.7,61.1,455,5460,途家,464,7
2026-10-21,m7,花水湾逸景温泉民宿,花水湾镇,温泉民宿,工作日,55.6,55.6,446,4460,去哪儿,432,8
2026-10-21,m7,花水湾逸景温泉民宿,花水湾镇,温泉民宿,工作日,55.6,55.6,446,4460,途家,460,8
2026-10-22,m7,花水湾逸景温泉民宿,花水湾镇,温泉民宿,工作日,55.6,50.0,464,4640,去哪儿,454,9
2026-10-22,m7,花水湾逸景温泉民宿,花水湾镇,温泉民宿,工作日,55.6,50.0,464,4640,途家,474,9
2026-10-23,m7,花水湾逸景温泉民宿,花水湾镇,温泉民宿,工作日,50.0,44.4,436,3924,去哪儿,427,10
2026-10-23,m7,花水湾逸景温泉民宿,花水湾镇,温泉民宿,工作日,50.0,44.4,436,3924,途家,445,10
2026-10-24,m7,花水湾逸景温泉民宿,花水湾镇,温泉民宿,周末,77.8,72.2,635,8890,去哪儿,625,5
2026-10-24,m7,花水湾逸景温泉民宿,花水湾镇,温泉民宿,周末,77.8,72.2,635,8890,途家,644,5
2026-10-25,m7,花水湾逸景温泉民宿,花水湾镇,温泉民宿,周末,100.0,72.2,598,10764,去哪儿,586,5
2026-10-25,m7,花水湾逸景温泉民宿,花水湾镇,温泉民宿,周末,100.0,72.2,598,10764,途家,609,5
2026-10-26,m7,花水湾逸景温泉民宿,花水湾镇,温泉民宿,工作日,83.3,83.3,478,7170,去哪儿,470,3
2026-10-26,m7,花水湾逸景温泉民宿,花水湾镇,温泉民宿,工作日,83.3,83.3,478,7170,途家,485,3
2026-10-27,m7,花水湾逸景温泉民宿,花水湾镇,温泉民宿,工作日,66.7,66.7,469,5628,去哪儿,457,6
2026-10-27,m7,花水湾逸景温泉民宿,花水湾镇,温泉民宿,工作日,66.7,66.7,469,5628,途家,481,6
2026-10-28,m7,花水湾逸景温泉民宿,花水湾镇,温泉民宿,工作日,88.9,83.3,483,7728,去哪儿,473,3
2026-10-28,m7,花水湾逸景温泉民宿,花水湾镇,温泉民宿,工作日,88.9,83.3,483,7728,途家,493,3
2026-10-29,m7,花水湾逸景温泉民宿,花水湾镇,温泉民宿,工作日,83.3,77.8,460,6900,去哪儿,452,4
2026-10-29,m7,花水湾逸景温泉民宿,花水湾镇,温泉民宿,工作日,83.3,77.8,460,6900,途家,468,4
2026-10-30,m7,花水湾逸景温泉民宿,花水湾镇,温泉民宿,工作日,66.7,61.1,452,5424,去哪儿,442,7
2026-10-30,m7,花水湾逸景温泉民宿,花水湾镇,温泉民宿,工作日,66.7,61.1,452,5424,途家,461,7
2026-10-31,m7,花水湾逸景温泉民宿,花水湾镇,温泉民宿,周末,100.0,88.9,608,10944,去哪儿,592,2
2026-10-31,m7,花水湾逸景温泉民宿,花水湾镇,温泉民宿,周末,100.0,88.9,608,10944,途家,623,2
2026-10-01,m8,花水湾老街客栈,花水湾镇,客栈,国庆,93.3,90.0,813,22764,同程,803,3
2026-10-01,m8,花水湾老街客栈,花水湾镇,客栈,国庆,93.3,90.0,813,22764,途家,823,3
2026-10-02,m8,花水湾老街客栈,花水湾镇,客栈,国庆,93.3,76.7,808,22624,同程,795,7
2026-10-02,m8,花水湾老街客栈,花水湾镇,客栈,国庆,93.3,76.7,808,22624,途家,821,7
2026-10-03,m8,花水湾老街客栈,花水湾镇,客栈,国庆,100.0,93.3,821,24630,同程,806,2
2026-10-03,m8,花水湾老街客栈,花水湾镇,客栈,国庆,100.0,93.3,821,24630,途家,836,2
2026-10-04,m8,花水湾老街客栈,花水湾镇,客栈,国庆,93.3,85.0,823,23044,同程,803,5
2026-10-04,m8,花水湾老街客栈,花水湾镇,客栈,国庆,93.3,85.0,823,23044,途家,842,4
2026-10-05,m8,花水湾老街客栈,花水湾镇,客栈,国庆,100.0,95.0,818,24540,同程,804,2
2026-10-05,m8,花水湾老街客栈,花水湾镇,客栈,国庆,100.0,95.0,818,24540,途家,832,1
2026-10-06,m8,花水湾老街客栈,花水湾镇,客栈,国庆,100.0,91.7,836,25080,同程,821,3
2026-10-06,m8,花水湾老街客栈,花水湾镇,客栈,国庆,100.0,91.7,836,25080,途家,851,2
2026-10-07,m8,花水湾老街客栈,花水湾镇,客栈,国庆,93.3,81.7,806,22568,同程,790,6
2026-10-07,m8,花水湾老街客栈,花水湾镇,客栈,国庆,93.3,81.7,806,22568,途家,821,5
2026-10-08,m8,花水湾老街客栈,花水湾镇,客栈,国庆,100.0,85.0,837,25110,同程,820,5
2026-10-08,m8,花水湾老街客栈,花水湾镇,客栈,国庆,100.0,85.0,837,25110,途家,853,4
2026-10-09,m8,花水湾老街客栈,花水湾镇,客栈,工作日,56.7,53.3,374,6358,同程,369,14
2026-10-09,m8,花水湾老街客栈,花水湾镇,客栈,工作日,56.7,53.3,374,6358,途家,378,14
2026-10-10,m8,花水湾老街客栈,花水湾镇,客栈,周末,96.7,93.3,538,15602,同程,528,2
2026-10-10,m8,花水湾老街客栈,花水湾镇,客栈,周末,96.7,93.3,538,15602,途家,547,2
2026-10-11,m8,花水湾老街客栈,花水湾镇,客栈,周末,96.7,93.3,545,15805,同程,534,2
2026-10-11,m8,花水湾老街客栈,花水湾镇,客栈,周末,96.7,93.3,545,15805,途家,556,2
2026-10-12,m8,花水湾老街客栈,花水湾镇,客栈,工作日,63.3,61.7,402,7638,同程,395,12
2026-10-12,m8,花水湾老街客栈,花水湾镇,客栈,工作日,63.3,61.7,402,7638,途家,409,11
2026-10-13,m8,花水湾老街客栈,花水湾镇,客栈,工作日,63.3,63.3,396,7524,同程,389,11
2026-10-13,m8,花水湾老街客栈,花水湾镇,客栈,工作日,63.3,63.3,396,7524,途家,402,11
2026-10-14,m8,花水湾老街客栈,花水湾镇,客栈,工作日,56.7,53.3,384,6528,同程,375,14
2026-10-14,m8,花水湾老街客栈,花水湾镇,客栈,工作日,56.7,53.3,384,6528,途家,393,14
2026-10-15,m8,花水湾老街客栈,花水湾镇,客栈,工作日,50.0,46.7,377,5655,同程,368,16
2026-10-15,m8,花水湾老街客栈,花水湾镇,客栈,工作日,50.0,46.7,377,5655,途家,385,16
2026-10-16,m8,花水湾老街客栈,花水湾镇,客栈,工作日,56.7,48.3,383,6511,同程,371,16
2026-10-16,m8,花水湾老街客栈,花水湾镇,客栈,工作日,56.7,48.3,383,6511,途家,394,15
2026-10-17,m8,花水湾老街客栈,花水湾镇,客栈,周末,100.0,98.3,546,16380,同程,532,1
2026-10-17,m8,花水湾老街客栈,花水湾镇,客栈,周末,100.0,98.3,546,16380,途家,560,0
2026-10-18,m8,花水湾老街客栈,花水湾镇,客栈,周末,86.7,81.7,539,14014,同程,530,6
2026-10-18,m8,花水湾老街客栈,花水湾镇,客栈,周末,86.7,81.7,539,14014,途家,547,5
2026-10-19,m8,花水湾老街客栈,花水湾镇,客栈,工作日,70.0,70.0,398,8358,同程,389,9
2026-10-19,m8,花水湾老街客栈,花水湾镇,客栈,工作日,70.0,70.0,398,8358,途家,406,9
2026-10-20,m8,花水湾老街客栈,花水湾镇,客栈,工作日,66.7,65.0,401,8020,同程,394,11
2026-10-20,m8,花水湾老街客栈,花水湾镇,客栈,工作日,66.7,65.0,401,8020,途家,407,10
2026-10-21,m8,花水湾老街客栈,花水湾镇,客栈,工作日,66.7,66.7,391,7820,同程,384,10
2026-10-21,m8,花水湾老街客栈,花水湾镇,客栈,工作日,66.7,66.7,391,7820,途家,398,10
2026-10-22,m8,花水湾老街客栈,花水湾镇,客栈,工作日,70.0,55.0,390,8190,同程,384,14
2026-10-22,m8,花水湾老街客栈,花水湾镇,客栈,工作日,70.0,55.0,390,8190,途家,395,13
2026-10-23,m8,花水湾老街客栈,花水湾镇,客栈,工作日,70.0,68.3,399,8379,同程,392,10
2026-10-23,m8,花水湾老街客栈,花水湾镇,客栈,工作日,70.0,68.3,399,8379,途家,406,9
2026-10-24,m8,花水湾老街客栈,花水湾镇,客栈,周末,93.3,91.7,537,15036,同程,527,3
2026-10-24,m8,花水湾老街客栈,花水湾镇,客栈,周末,93.3,91.7,537,15036,途家,547,2
2026-10-25,m8,花水湾老街客栈,花水湾镇,客栈,周末,86.7,86.7,544,14144,同程,530,4
2026-10-25,m8,花水湾老街客栈,花水湾镇,客栈,周末,86.7,86.7,544,14144,途家,558,4
2026-10-26,m8,花水湾老街客栈,花水湾镇,客栈,工作日,53.3,53.3,399,6384,同程,390,14
2026-10-26,m8,花水湾老街客栈,花水湾镇,客栈,工作日,53.3,53.3,399,6384,途家,407,14
2026-10-27,m8,花水湾老街客栈,花水湾镇,客栈,工作日,60.0,58.3,391,7038,同程,382,13
2026-10-27,m8,花水湾老街客栈,花水湾镇,客栈,工作日,60.0,58.3,391,7038,途家,400,12
2026-10-28,m8,花水湾老街客栈,花水湾镇,客栈,工作日,60.0,55.0,378,6804,同程,370,14
2026-10-28,m8,花水湾老街客栈,花水湾镇,客栈,工作日,60.0,55.0,378,6804,途家,385,13
2026-10-29,m8,花水湾老街客栈,花水湾镇,客栈,工作日,50.0,48.3,380,5700,同程,374,16
2026-10-29,m8,花水湾老街客栈,花水湾镇,客栈,工作日,50.0,48.3,380,5700,途家,385,15
2026-10-30,m8,花水湾老街客栈,花水湾镇,客栈,工作日,63.3,48.3,391,7429,同程,383,16
2026-10-30,m8,花水湾老街客栈,花水湾镇,客栈,工作日,63.3,48.3,391,7429,途家,398,15
2026-10-31,m8,花水湾老街客栈,花水湾镇,客栈,周末,86.7,83.3,519,13494,同程,508,5
2026-10-31,m8,花水湾老街客栈,花水湾镇,客栈,周末,86.7,83.3,519,13494,途家,529,5
2026-10-01,m9,花水湾石桥客栈,花水湾镇,客栈,国庆,100.0,100.0,1140,22800,携程,1153,0
2026-10-01,m9,花水湾石桥客栈,花水湾镇,客栈,国庆,100.0,100.0,1140,22800,飞猪,1127,0
2026-10-02,m9,花水湾石桥客栈,花水湾镇,客栈,国庆,95.0,95.0,1194,22686,携程,1193,1
2026-10-02,m9,花水湾石桥客栈,花水湾镇,客栈,国庆,95.0,95.0,1194,22686,飞猪,1194,1
2026-10-03,m9,花水湾石桥客栈,花水湾镇,客栈,国庆,95.0,87.5,1164,22116,携程,1177,2
2026-10-03,m9,花水湾石桥客栈,花水湾镇,客栈,国庆,95.0,87.5,1164,22116,飞猪,1150,3
2026-10-04,m9,花水湾石桥客栈,花水湾镇,客栈,国庆,100.0,100.0,1199,23980,携程,1215,0
2026-10-04,m9,花水湾石桥客栈,花水湾镇,客栈,国庆,100.0,100.0,1199,23980,飞猪,1183,0
2026-10-05,m9,花水湾石桥客栈,花水湾镇,客栈,国庆,95.0,77.5,1158,22002,携程,1169,5
2026-10-05,m9,花水湾石桥客栈,花水湾镇,客栈,国庆,95.0,77.5,1158,22002,飞猪,1147,4
2026-10-06,m9,花水湾石桥客栈,花水湾镇,客栈,国庆,95.0,72.5,1115,21185,携程,1133,5
2026-10-06,m9,花水湾石桥客栈,花水湾镇,客栈,国庆,95.0,72.5,1115,21185,飞猪,1097,6
2026-10-07,m9,花水湾石桥客栈,花水湾镇,客栈,国庆,90.0,85.0,1133,20394,携程,1141,3
2026-10-07,m9,花水湾石桥客栈,花水湾镇,客栈,国庆,90.0,85.0,1133,20394,飞猪,1124,3
2026-10-08,m9,花水湾石桥客栈,花水湾镇,客栈,国庆,100.0,92.5,1153,23060,携程,1158,2
2026-10-08,m9,花水湾石桥客栈,花水湾镇,客栈,国庆,100.0,92.5,1153,23060,飞猪,1147,1
2026-10-09,m9,花水湾石桥客栈,花水湾镇,客栈,工作日,60.0,60.0,537,6444,携程,540,8
2026-10-09,m9,花水湾石桥客栈,花水湾镇,客栈,工作日,60.0,60.0,537,6444,飞猪,533,8
2026-10-10,m9,花水湾石桥客栈,花水湾镇,客栈,周末,100.0,97.5,783,15660,携程,781,1
2026-10-10,m9,花水湾石桥客栈,花水湾镇,客栈,周末,100.0,97.5,783,15660,飞猪,784,0
2026-10-11,m9,花水湾石桥客栈,花水湾镇,客栈,周末,100.0,100.0,744,14880,携程,743,0
2026-10-11,m9,花水湾石桥客栈,花水湾镇,客栈,周末,100.0,100.0,744,14880,飞猪,744,0
2026-10-12,m9,花水湾石桥客栈,花水湾镇,客栈,工作日,70.0,67.5,539,7546,携程,543,6
2026-10-12,m9,花水湾石桥客栈,花水湾镇,客栈,工作日,70.0,67.5,539,7546,飞猪,535,7
2026-10-13,m9,花水湾石桥客栈,花水湾镇,客栈,工作日,70.0,70.0,551,7714,携程,551,6
2026-10-13,m9,花水湾石桥客栈,花水湾镇,客栈,工作日,70.0,70.0,551,7714,飞猪,550,6
2026-10-14,m9,花水湾石桥客栈,花水湾镇,客栈,工作日,55.0,55.0,528,5808,携程,534,9
2026-10-14,m9,花水湾石桥客栈,花水湾镇,客栈,工作日,55.0,55.0,528,5808,飞猪,522,9
2026-10-15,m9,花水湾石桥客栈,花水湾镇,客栈,工作日,65.0,65.0,566,7358,携程,572,7
2026-10-15,m9,花水湾石桥客栈,花水湾镇,客栈,工作日,65.0,65.0,566,7358,飞猪,560,7
2026-10-16,m9,花水湾石桥客栈,花水湾镇,客栈,工作日,80.0,75.0,540,8640,携程,545,5
2026-10-16,m9,花水湾石桥客栈,花水湾镇,客栈,工作日,80.0,75.0,540,8640,飞猪,535,5
2026-10-17,m9,花水湾石桥客栈,花水湾镇,客栈,周末,95.0,90.0,761,14459,携程,768,2
2026-10-17,m9,花水湾石桥客栈,花水湾镇,客栈,周末,95.0,90.0,761,14459,飞猪,753,2
2026-10-18,m9,花水湾石桥客栈,花水湾镇,客栈,周末,85.0,85.0,692,11764,携程,692,3
2026-10-18,m9,花水湾石桥客栈,花水湾镇,客栈,周末,85.0,85.0,692,11764,飞猪,691,3
2026-10-19,m9,花水湾石桥客栈,花水湾镇,客栈,工作日,65.0,62.5,557,7241,携程,560,8
2026-10-19,m9,花水湾石桥客栈,花水湾镇,客栈,工作日,65.0,62.5,557,7241,飞猪,554,7
2026-10-20,m9,花水湾石桥客栈,花水湾镇,客栈,工作日,65.0,60.0,541,7033,携程,543,8
2026-10-20,m9,花水湾石桥客栈,花水湾镇,客栈,工作日,65.0,60.0,541,7033,飞猪,539,8
2026-10-21,m9,花水湾石桥客栈,花水湾镇,客栈,工作日,70.0,67.5,569,7966,携程,570,7
2026-10-21,m9,花水湾石桥客栈,花水湾镇,客栈,工作日,70.0,67.5,569,7966,飞猪,567,6
2026-10-22,m9,花水湾石桥客栈,花水湾镇,客栈,工作日,50.0,40.0,529,5290,携程,530,12
2026-10-22,m9,花水湾石桥客栈,花水湾镇,客栈,工作日,50.0,40.0,529,5290,飞猪,527,12
2026-10-23,m9,花水湾石桥客栈,花水湾镇,客栈,工作日,50.0,42.5,532,5320,携程,531,11
2026-10-23,m9,花水湾石桥客栈,花水湾镇,客栈,工作日,50.0,42.5,532,5320,飞猪,532,12
2026-10-24,m9,花水湾石桥客栈,花水湾镇,客栈,周末,85.0,85.0,720,12240,携程,724,3
2026-10-24,m9,花水湾石桥客栈,花水湾镇,客栈,周末,85.0,85.0,720,12240,飞猪,715,3
2026-10-25,m9,花水湾石桥客栈,花水湾镇,客栈,周末,95.0,75.0,753,14307,携程,750,5
2026-10-25,m9,花水湾石桥客栈,花水湾镇,客栈,周末,95.0,75.0,753,14307,飞猪,755,5
2026-10-26,m9,花水湾石桥客栈,花水湾镇,客栈,工作日,60.0,60.0,537,6444,携程,542,8
2026-10-26,m9,花水湾石桥客栈,花水湾镇,客栈,工作日,60.0,60.0,537,6444,飞猪,532,8
2026-10-27,m9,花水湾石桥客栈,花水湾镇,客栈,工作日,55.0,42.5,503,5533,携程,506,11
2026-10-27,m9,花水湾石桥客栈,花水湾镇,客栈,工作日,55.0,42.5,503,5533,飞猪,500,12
2026-10-28,m9,花水湾石桥客栈,花水湾镇,客栈,工作日,55.0,50.0,548,6028,携程,552,10
2026-10-28,m9,花水湾石桥客栈,花水湾镇,客栈,工作日,55.0,50.0,548,6028,飞猪,543,10
2026-10-29,m9,花水湾石桥客栈,花水湾镇,客栈,工作日,45.0,32.5,519,4671,携程,520,13
2026-10-29,m9,花水湾石桥客栈,花水湾镇,客栈,工作日,45.0,32.5,519,4671,飞猪,517,14
2026-10-30,m9,花水湾石桥客栈,花水湾镇,客栈,工作日,60.0,60.0,539,6468,携程,546,8
2026-10-30,m9,花水湾石桥客栈,花水湾镇,客栈,工作日,60.0,60.0,539,6468,飞猪,531,8
2026-10-31,m9,花水湾石桥客栈,花水湾镇,客栈,周末,95.0,90.0,742,14098,携程,751,2
2026-10-31,m9,花水湾石桥客栈,花水湾镇,客栈,周末,95.0,90.0,742,14098,飞猪,732,2
2026-10-01,m10,花水湾山房温泉民宿,花水湾镇,温泉民宿,国庆,94.7,89.5,1567,28206,飞猪,1548,2
2026-10-01,m10,花水湾山房温泉民宿,花水湾镇,温泉民宿,国庆,94.7,89.5,1567,28206,途家,1586,2
2026-10-02,m10,花水湾山房温泉民宿,花水湾镇,温泉民宿,国庆,84.2,81.6,1468,23488,飞猪,1450,4
2026-10-02,m10,花水湾山房温泉民宿,花水湾镇,温泉民宿,国庆,84.2,81.6,1468,23488,途家,1485,3
2026-10-03,m10,花水湾山房温泉民宿,花水湾镇,温泉民宿,国庆,94.7,94.7,1641,29538,飞猪,1621,1
2026-10-03,m10,花水湾山房温泉民宿,花水湾镇,温泉民宿,国庆,94.7,94.7,1641,29538,途家,1661,1
2026-10-04,m10,花水湾山房温泉民宿,花水湾镇,温泉民宿,国庆,94.7,89.5,1571,28278,飞猪,1554,2
2026-10-04,m10,花水湾山房温泉民宿,花水湾镇,温泉民宿,国庆,94.7,89.5,1571,28278,途家,1588,2
2026-10-05,m10,花水湾山房温泉民宿,花水湾镇,温泉民宿,国庆,84.2,84.2,1557,24912,飞猪,1531,3
2026-10-05,m10,花水湾山房温泉民宿,花水湾镇,温泉民宿,国庆,84.2,84.2,1557,24912,途家,1582,3
2026-10-06,m10,花水湾山房温泉民宿,花水湾镇,温泉民宿,国庆,94.7,92.1,1545,27810,飞猪,1527,2
2026-10-06,m10,花水湾山房温泉民宿,花水湾镇,温泉民宿,国庆,94.7,92.1,1545,27810,途家,1563,1
2026-10-07,m10,花水湾山房温泉民宿,花水湾镇,温泉民宿,国庆,94.7,86.8,1523,27414,飞猪,1507,3
2026-10-07,m10,花水湾山房温泉民宿,花水湾镇,温泉民宿,国庆,94.7,86.8,1523,27414,途家,1538,2
2026-10-08,m10,花水湾山房温泉民宿,花水湾镇,温泉民宿,国庆,100.0,100.0,1589,30191,飞猪,1558,0
2026-10-08,m10,花水湾山房温泉民宿,花水湾镇,温泉民宿,国庆,100.0,100.0,1589,30191,途家,1619,0
2026-10-09,m10,花水湾山房温泉民宿,花水湾镇,温泉民宿,工作日,73.7,63.2,734,10276,飞猪,730,7
2026-10-09,m10,花水湾山房温泉民宿,花水湾镇,温泉民宿,工作日,73.7,63.2,734,10276,途家,738,7
2026-10-10,m10,花水湾山房温泉民宿,花水湾镇,温泉民宿,周末,94.7,89.5,1012,18216,飞猪,1006,2
2026-10-10,m10,花水湾山房温泉民宿,花水湾镇,温泉民宿,周末,94.7,89.5,1012,18216,途家,1017,2
2026-10-11,m10,花水湾山房温泉民宿,花水湾镇,温泉民宿,周末,100.0,100.0,1029,19551,飞猪,1008,0
2026-10-11,m10,花水湾山房温泉民宿,花水湾镇,温泉民宿,周末,100.0,100.0,1029,19551,途家,1049,0
2026-10-12,m10,花水湾山房温泉民宿,花水湾镇,温泉民宿,工作日,68.4,60.5,734,9542,飞猪,724,8
2026-10-12,m10,花水湾山房温泉民宿,花水湾镇,温泉民宿,工作日,68.4,60.5,734,9542,途家,744,7
2026-10-13,m10,花水湾山房温泉民宿,花水湾镇,温泉民宿,工作日,47.4,44.7,732,6588,飞猪,727,11
2026-10-13,m10,花水湾山房温泉民宿,花水湾镇,温泉民宿,工作日,47.4,44.7,732,6588,途家,737,10
2026-10-14,m10,花水湾山房温泉民宿,花水湾镇,温泉民宿,工作日,52.6,52.6,710,7100,飞猪,701,9
2026-10-14,m10,花水湾山房温泉民宿,花水湾镇,温泉民宿,工作日,52.6,52.6,710,7100,途家,719,9
2026-10-15,m10,花水湾山房温泉民宿,花水湾镇,温泉民宿,工作日,68.4,68.4,727,9451,飞猪,716,6
2026-10-15,m10,花水湾山房温泉民宿,花水湾镇,温泉民宿,工作日,68.4,68.4,727,9451,途家,738,6
2026-10-16,m10,花水湾山房温泉民宿,花水湾镇,温泉民宿,工作日,57.9,57.9,738,8118,飞猪,729,8
2026-10-16,m10,花水湾山房温泉民宿,花水湾镇,温泉民宿,工作日,57.9,57.9,738,8118,途家,746,8
2026-10-17,m10,花水湾山房温泉民宿,花水湾镇,温泉民宿,周末,100.0,100.0,1028,19532,飞猪,1009,0
2026-10-17,m10,花水湾山房温泉民宿,花水湾镇,温泉民宿,周末,100.0,100.0,1028,19532,途家,1047,0
2026-10-18,m10,花水湾山房温泉民宿,花水湾镇,温泉民宿,周末,94.7,78.9,964,17352,飞猪,949,4
2026-10-18,m10,花水湾山房温泉民宿,花水湾镇,温泉民宿,周末,94.7,78.9,964,17352,途家,978,4
2026-10-19,m10,花水湾山房温泉民宿,花水湾镇,温泉民宿,工作日,73.7,73.7,755,10570,飞猪,741,5
2026-10-19,m10,花水湾山房温泉民宿,花水湾镇,温泉民宿,工作日,73.7,73.7,755,10570,途家,768,5
2026-10-20,m10,花水湾山房温泉民宿,花水湾镇,温泉民宿,工作日,68.4,68.4,747,9711,飞猪,733,6
2026-10-20,m10,花水湾山房温泉民宿,花水湾镇,温泉民宿,工作日,68.4,68.4,747,9711,途家,761,6
2026-10-21,m10,花水湾山房温泉民宿,花水湾镇,温泉民宿,工作日,68.4,68.4,752,9776,飞猪,743,6
2026-10-21,m10,花水湾山房温泉民宿,花水湾镇,温泉民宿,工作日,68.4,68.4,752,9776,途家,761,6
2026-10-22,m10,花水湾山房温泉民宿,花水湾镇,温泉民宿,工作日,52.6,47.4,709,7090,飞猪,696,10
2026-10-22,m10,花水湾山房温泉民宿,花水湾镇,温泉民宿,工作日,52.6,47.4,709,7090,途家,721,10
2026-10-23,m10,花水湾山房温泉民宿,花水湾镇,温泉民宿,工作日,68.4,68.4,734,9542,飞猪,720,6
2026-10-23,m10,花水湾山房温泉民宿,花水湾镇,温泉民宿,工作日,68.4,68.4,734,9542,途家,747,6
2026-10-24,m10,花水湾山房温泉民宿,花水湾镇,温泉民宿,周末,94.7,89.5,1072,19296,飞猪,1056,2
2026-10-24,m10,花水湾山房温泉民宿,花水湾镇,温泉民宿,周末,94.7,89.5,1072,19296,途家,1087,2
2026-10-25,m10,花水湾山房温泉民宿,花水湾镇,温泉民宿,周末,94.7,84.2,952,17136,飞猪,945,3
2026-10-25,m10,花水湾山房温泉民宿,花水湾镇,温泉民宿,周末,94.7,84.2,952,17136,途家,959,3
2026-10-26,m10,花水湾山房温泉民宿,花水湾镇,温泉民宿,工作日,73.7,65.8,778,10892,飞猪,768,7
2026-10-26,m10,花水湾山房温泉民宿,花水湾镇,温泉民宿,工作日,73.7,65.8,778,10892,途家,787,6
2026-10-27,m10,花水湾山房温泉民宿,花水湾镇,温泉民宿,工作日,84.2,78.9,776,12416,飞猪,758,4
2026-10-27,m10,花水湾山房温泉民宿,花水湾镇,温泉民宿,工作日,84.2,78.9,776,12416,途家,794,4
2026-10-28,m10,花水湾山房温泉民宿,花水湾镇,温泉民宿,工作日,68.4,68.4,768,9984,飞猪,754,6
2026-10-28,m10,花水湾山房温泉民宿,花水湾镇,温泉民宿,工作日,68.4,68.4,768,9984,途家,781,6
2026-10-29,m10,花水湾山房温泉民宿,花水湾镇,温泉民宿,工作日,78.9,73.7,719,10785,飞猪,709,5
2026-10-29,m10,花水湾山房温泉民宿,花水湾镇,温泉民宿,工作日,78.9,73.7,719,10785,途家,728,5
2026-10-30,m10,花水湾山房温泉民宿,花水湾镇,温泉民宿,工作日,84.2,76.3,755,12080,飞猪,744,5
2026-10-30,m10,花水湾山房温泉民宿,花水湾镇,温泉民宿,工作日,84.2,76.3,755,12080,途家,765,4
2026-10-31,m10,花水湾山房温泉民宿,花水湾镇,温泉民宿,周末,94.7,89.5,1006,18108,飞猪,995,2
2026-10-31,m10,花水湾山房温泉民宿,花水湾镇,温泉民宿,周末,94.7,89.5,1006,18108,途家,1016,2
2026-10-01,m11,花水湾中铁温泉酒店,花水湾镇,酒店,国庆,95.6,91.6,2198,384650,携程,2219,15
2026-10-01,m11,花水湾中铁温泉酒店,花水湾镇,酒店,国庆,95.6,91.6,2198,384650,去哪儿,2188,15
2026-10-01,m11,花水湾中铁温泉酒店,花水湾镇,酒店,国庆,95.6,91.6,2198,384650,同程,2188,16
2026-10-02,m11,花水湾中铁温泉酒店,花水湾镇,酒店,国庆,95.6,91.1,2219,388325,携程,2242,16
2026-10-02,m11,花水湾中铁温泉酒店,花水湾镇,酒店,国庆,95.6,91.1,2219,388325,去哪儿,2226,16
2026-10-02,m11,花水湾中铁温泉酒店,花水湾镇,酒店,国庆,95.6,91.1,2219,388325,同程,2190,17
2026-10-03,m11,花水湾中铁温泉酒店,花水湾镇,酒店,国庆,91.8,86.7,2191,368088,携程,2224,24
2026-10-03,m11,花水湾中铁温泉酒店,花水湾镇,酒店,国庆,91.8,86.7,2191,368088,去哪儿,2177,24
2026-10-03,m11,花水湾中铁温泉酒店,花水湾镇,酒店,国庆,91.8,86.7,2191,368088,同程,2171,25
2026-10-04,m11,花水湾中铁温泉酒店,花水湾镇,酒店,国庆,94.5,87.8,2215,383195,携程,2235,22
2026-10-04,m11,花水湾中铁温泉酒店,花水湾镇,酒店,国庆,94.5,87.8,2215,383195,去哪儿,2199,22
2026-10-04,m11,花水湾中铁温泉酒店,花水湾镇,酒店,国庆,94.5,87.8,2215,383195,同程,2212,23
2026-10-05,m11,花水湾中铁温泉酒店,花水湾镇,酒店,国庆,94.5,90.5,2214,383022,携程,2233,18
2026-10-05,m11,花水湾中铁温泉酒店,花水湾镇,酒店,国庆,94.5,90.5,2214,383022,去哪儿,2205,17
2026-10-05,m11,花水湾中铁温泉酒店,花水湾镇,酒店,国庆,94.5,90.5,2214,383022,同程,2203,17
2026-10-06,m11,花水湾中铁温泉酒店,花水湾镇,酒店,国庆,92.9,88.9,2191,372470,携程,2235,21
2026-10-06,m11,花水湾中铁温泉酒店,花水湾镇,酒店,国庆,92.9,88.9,2191,372470,去哪儿,2176,20
2026-10-06,m11,花水湾中铁温泉酒店,花水湾镇,酒店,国庆,92.9,88.9,2191,372470,同程,2163,20
2026-10-07,m11,花水湾中铁温泉酒店,花水湾镇,酒店,国庆,94.0,92.2,2224,382528,携程,2246,14
2026-10-07,m11,花水湾中铁温泉酒店,花水湾镇,酒店,国庆,94.0,92.2,2224,382528,去哪儿,2200,14
2026-10-07,m11,花水湾中铁温泉酒店,花水湾镇,酒店,国庆,94.0,92.2,2224,382528,同程,2226,15
2026-10-08,m11,花水湾中铁温泉酒店,花水湾镇,酒店,国庆,95.1,91.3,2242,390108,携程,2267,16
2026-10-08,m11,花水湾中铁温泉酒店,花水湾镇,酒店,国庆,95.1,91.3,2242,390108,去哪儿,2227,16
2026-10-08,m11,花水湾中铁温泉酒店,花水湾镇,酒店,国庆,95.1,91.3,2242,390108,同程,2231,16
2026-10-09,m11,花水湾中铁温泉酒店,花水湾镇,酒店,工作日,56.8,53.0,1034,107536,携程,1042,86
2026-10-09,m11,花水湾中铁温泉酒店,花水湾镇,酒店,工作日,56.8,53.0,1034,107536,去哪儿,1025,86
2026-10-09,m11,花水湾中铁温泉酒店,花水湾镇,酒店,工作日,56.8,53.0,1034,107536,同程,1036,86
2026-10-10,m11,花水湾中铁温泉酒店,花水湾镇,酒店,周末,95.6,92.2,1447,253225,携程,1467,15
2026-10-10,m11,花水湾中铁温泉酒店,花水湾镇,酒店,周末,95.6,92.2,1447,253225,去哪儿,1430,14
2026-10-10,m11,花水湾中铁温泉酒店,花水湾镇,酒店,周末,95.6,92.2,1447,253225,同程,1444,14
2026-10-11,m11,花水湾中铁温泉酒店,花水湾镇,酒店,周末,91.8,87.8,1433,240744,携程,1447,22
2026-10-11,m11,花水湾中铁温泉酒店,花水湾镇,酒店,周末,91.8,87.8,1433,240744,去哪儿,1441,22
2026-10-11,m11,花水湾中铁温泉酒店,花水湾镇,酒店,周末,91.8,87.8,1433,240744,同程,1412,23
2026-10-12,m11,花水湾中铁温泉酒店,花水湾镇,酒店,工作日,60.7,56.8,1053,116883,携程,1063,79
2026-10-12,m11,花水湾中铁温泉酒店,花水湾镇,酒店,工作日,60.7,56.8,1053,116883,去哪儿,1051,79
2026-10-12,m11,花水湾中铁温泉酒店,花水湾镇,酒店,工作日,60.7,56.8,1053,116883,同程,1045,79
2026-10-13,m11,花水湾中铁温泉酒店,花水湾镇,酒店,工作日,61.2,56.5,1023,114576,携程,1041,80
2026-10-13,m11,花水湾中铁温泉酒店,花水湾镇,酒店,工作日,61.2,56.5,1023,114576,去哪儿,1012,79
2026-10-13,m11,花水湾中铁温泉酒店,花水湾镇,酒店,工作日,61.2,56.5,1023,114576,同程,1017,80
2026-10-14,m11,花水湾中铁温泉酒店,花水湾镇,酒店,工作日,61.2,56.8,1034,115808,携程,1042,79
2026-10-14,m11,花水湾中铁温泉酒店,花水湾镇,酒店,工作日,61.2,56.8,1034,115808,去哪儿,1030,79
2026-10-14,m11,花水湾中铁温泉酒店,花水湾镇,酒店,工作日,61.2,56.8,1034,115808,同程,1030,79
2026-10-15,m11,花水湾中铁温泉酒店,花水湾镇,酒店,工作日,53.0,49.5,1031,100007,携程,1053,92
2026-10-15,m11,花水湾中铁温泉酒店,花水湾镇,酒店,工作日,53.0,49.5,1031,100007,去哪儿,1019,92
2026-10-15,m11,花水湾中铁温泉酒店,花水湾镇,酒店,工作日,53.0,49.5,1031,100007,同程,1022,93
2026-10-16,m11,花水湾中铁温泉酒店,花水湾镇,酒店,工作日,59.6,56.3,1037,113033,携程,1052,80
2026-10-16,m11,花水湾中铁温泉酒店,花水湾镇,酒店,工作日,59.6,56.3,1037,113033,去哪儿,1025,80
2026-10-16,m11,花水湾中铁温泉酒店,花水湾镇,酒店,工作日,59.6,56.3,1037,113033,同程,1034,80
2026-10-17,m11,花水湾中铁温泉酒店,花水湾镇,酒店,周末,90.2,84.7,1414,233310,携程,1425,28
2026-10-17,m11,花水湾中铁温泉酒店,花水湾镇,酒店,周末,90.2,84.7,1414,233310,去哪儿,1396,28
2026-10-17,m11,花水湾中铁温泉酒店,花水湾镇,酒店,周末,90.2,84.7,1414,233310,同程,1421,28
2026-10-18,m11,花水湾中铁温泉酒店,花水湾镇,酒店,周末,94.0,91.3,1431,246132,携程,1456,16
2026-10-18,m11,花水湾中铁温泉酒店,花水湾镇,酒店,周末,94.0,91.3,1431,246132,去哪儿,1424,16
2026-10-18,m11,花水湾中铁温泉酒店,花水湾镇,酒店,周末,94.0,91.3,1431,246132,同程,1412,16
2026-10-19,m11,花水湾中铁温泉酒店,花水湾镇,酒店,工作日,59.0,56.3,1038,112104,携程,1057,80
2026-10-19,m11,花水湾中铁温泉酒店,花水湾镇,酒店,工作日,59.0,56.3,1038,112104,去哪儿,1031,80
2026-10-19,m11,花水湾中铁温泉酒店,花水湾镇,酒店,工作日,59.0,56.3,1038,112104,同程,1026,80
2026-10-20,m11,花水湾中铁温泉酒店,花水湾镇,酒店,工作日,63.9,60.1,1042,121914,携程,1053,73
2026-10-20,m11,花水湾中铁温泉酒店,花水湾镇,酒店,工作日,63.9,60.1,1042,121914,去哪儿,1038,73
2026-10-20,m11,花水湾中铁温泉酒店,花水湾镇,酒店,工作日,63.9,60.1,1042,121914,同程,1035,73
2026-10-21,m11,花水湾中铁温泉酒店,花水湾镇,酒店,工作日,63.9,62.1,1051,122967,携程,1072,69
2026-10-21,m11,花水湾中铁温泉酒店,花水湾镇,酒店,工作日,63.9,62.1,1051,122967,去哪儿,1038,69
2026-10-21,m11,花水湾中铁温泉酒店,花水湾镇,酒店,工作日,63.9,62.1,1051,122967,同程,1043,70
2026-10-22,m11,花水湾中铁温泉酒店,花水湾镇,酒店,工作日,59.0,55.6,1030,111240,携程,1051,81
2026-10-22,m11,花水湾中铁温泉酒店,花水湾镇,酒店,工作日,59.0,55.6,1030,111240,去哪儿,1018,81
2026-10-22,m11,花水湾中铁温泉酒店,花水湾镇,酒店,工作日,59.0,55.6,1030,111240,同程,1021,82
2026-10-23,m11,花水湾中铁温泉酒店,花水湾镇,酒店,工作日,63.4,61.6,1032,119712,携程,1048,70
2026-10-23,m11,花水湾中铁温泉酒店,花水湾镇,酒店,工作日,63.4,61.6,1032,119712,去哪儿,1024,70
2026-10-23,m11,花水湾中铁温泉酒店,花水湾镇,酒店,工作日,63.4,61.6,1032,119712,同程,1024,71
2026-10-24,m11,花水湾中铁温泉酒店,花水湾镇,酒店,周末,89.1,84.2,1418,231134,携程,1437,29
2026-10-24,m11,花水湾中铁温泉酒店,花水湾镇,酒店,周末,89.1,84.2,1418,231134,去哪儿,1412,29
2026-10-24,m11,花水湾中铁温泉酒店,花水湾镇,酒店,周末,89.1,84.2,1418,231134,同程,1404,29
2026-10-25,m11,花水湾中铁温泉酒店,花水湾镇,酒店,周末,90.2,87.2,1420,234300,携程,1439,24
2026-10-25,m11,花水湾中铁温泉酒店,花水湾镇,酒店,周末,90.2,87.2,1420,234300,去哪儿,1408,23
2026-10-25,m11,花水湾中铁温泉酒店,花水湾镇,酒店,周末,90.2,87.2,1420,234300,同程,1412,23
2026-10-26,m11,花水湾中铁温泉酒店,花水湾镇,酒店,工作日,57.9,57.7,1036,109816,携程,1047,77
2026-10-26,m11,花水湾中铁温泉酒店,花水湾镇,酒店,工作日,57.9,57.7,1036,109816,去哪儿,1032,77
2026-10-26,m11,花水湾中铁温泉酒店,花水湾镇,酒店,工作日,57.9,57.7,1036,109816,同程,1030,78
2026-10-27,m11,花水湾中铁温泉酒店,花水湾镇,酒店,工作日,61.7,59.9,1045,118085,携程,1058,74
2026-10-27,m11,花水湾中铁温泉酒店,花水湾镇,酒店,工作日,61.7,59.9,1045,118085,去哪儿,1040,73
2026-10-27,m11,花水湾中铁温泉酒店,花水湾镇,酒店,工作日,61.7,59.9,1045,118085,同程,1038,73
2026-10-28,m11,花水湾中铁温泉酒店,花水湾镇,酒店,工作日,59.0,57.6,1034,111672,携程,1044,78
2026-10-28,m11,花水湾中铁温泉酒店,花水湾镇,酒店,工作日,59.0,57.6,1034,111672,去哪儿,1024,77
2026-10-28,m11,花水湾中铁温泉酒店,花水湾镇,酒店,工作日,59.0,57.6,1034,111672,同程,1033,78
2026-10-29,m11,花水湾中铁温泉酒店,花水湾镇,酒店,工作日,66.1,63.2,1044,126324,携程,1054,67
2026-10-29,m11,花水湾中铁温泉酒店,花水湾镇,酒店,工作日,66.1,63.2,1044,126324,去哪儿,1041,67
2026-10-29,m11,花水湾中铁温泉酒店,花水湾镇,酒店,工作日,66.1,63.2,1044,126324,同程,1038,68
2026-10-30,m11,花水湾中铁温泉酒店,花水湾镇,酒店,工作日,61.7,58.3,1035,116955,携程,1052,76
2026-10-30,m11,花水湾中铁温泉酒店,花水湾镇,酒店,工作日,61.7,58.3,1035,116955,去哪儿,1029,76
2026-10-30,m11,花水湾中铁温泉酒店,花水湾镇,酒店,工作日,61.7,58.3,1035,116955,同程,1025,77
2026-10-31,m11,花水湾中铁温泉酒店,花水湾镇,酒店,周末,91.8,89.1,1431,240408,携程,1456,20
2026-10-31,m11,花水湾中铁温泉酒店,花水湾镇,酒店,周末,91.8,89.1,1431,240408,去哪儿,1424,20
2026-10-31,m11,花水湾中铁温泉酒店,花水湾镇,酒店,周末,91.8,89.1,1431,240408,同程,1413,20
2026-10-01,m12,花水湾山房温泉民宿,花水湾镇,温泉民宿,国庆,92.0,92.0,1187,27301,飞猪,1205,2
2026-10-01,m12,花水湾山房温泉民宿,花水湾镇,温泉民宿,国庆,92.0,92.0,1187,27301,去哪儿,1180,2
2026-10-01,m12,花水湾山房温泉民宿,花水湾镇,温泉民宿,国庆,92.0,92.0,1187,27301,同程,1175,2
2026-10-02,m12,花水湾山房温泉民宿,花水湾镇,温泉民宿,国庆,96.0,92.0,1218,29232,飞猪,1233,2
2026-10-02,m12,花水湾山房温泉民宿,花水湾镇,温泉民宿,国庆,96.0,92.0,1218,29232,去哪儿,1216,2
2026-10-02,m12,花水湾山房温泉民宿,花水湾镇,温泉民宿,国庆,96.0,92.0,1218,29232,同程,1205,2
2026-10-03,m12,花水湾山房温泉民宿,花水湾镇,温泉民宿,国庆,96.0,88.0,1242,29808,飞猪,1262,3
2026-10-03,m12,花水湾山房温泉民宿,花水湾镇,温泉民宿,国庆,96.0,88.0,1242,29808,去哪儿,1233,3
2026-10-03,m12,花水湾山房温泉民宿,花水湾镇,温泉民宿,国庆,96.0,88.0,1242,29808,同程,1231,3
2026-10-04,m12,花水湾山房温泉民宿,花水湾镇,温泉民宿,国庆,88.0,85.3,1187,26114,飞猪,1196,4
2026-10-04,m12,花水湾山房温泉民宿,花水湾镇,温泉民宿,国庆,88.0,85.3,1187,26114,去哪儿,1181,3
2026-10-04,m12,花水湾山房温泉民宿,花水湾镇,温泉民宿,国庆,88.0,85.3,1187,26114,同程,1185,4
2026-10-05,m12,花水湾山房温泉民宿,花水湾镇,温泉民宿,国庆,88.0,82.7,1152,25344,飞猪,1157,5
2026-10-05,m12,花水湾山房温泉民宿,花水湾镇,温泉民宿,国庆,88.0,82.7,1152,25344,去哪儿,1143,4
2026-10-05,m12,花水湾山房温泉民宿,花水湾镇,温泉民宿,国庆,88.0,82.7,1152,25344,同程,1156,4
2026-10-06,m12,花水湾山房温泉民宿,花水湾镇,温泉民宿,国庆,92.0,90.7,1200,27600,飞猪,1212,2
2026-10-06,m12,花水湾山房温泉民宿,花水湾镇,温泉民宿,国庆,92.0,90.7,1200,27600,去哪儿,1187,2
2026-10-06,m12,花水湾山房温泉民宿,花水湾镇,温泉民宿,国庆,92.0,90.7,1200,27600,同程,1200,3
2026-10-07,m12,花水湾山房温泉民宿,花水湾镇,温泉民宿,国庆,100.0,85.3,1145,28625,飞猪,1151,4
2026-10-07,m12,花水湾山房温泉民宿,花水湾镇,温泉民宿,国庆,100.0,85.3,1145,28625,去哪儿,1138,3
2026-10-07,m12,花水湾山房温泉民宿,花水湾镇,温泉民宿,国庆,100.0,85.3,1145,28625,同程,1146,4
2026-10-08,m12,花水湾山房温泉民宿,花水湾镇,温泉民宿,国庆,96.0,92.0,1193,28632,飞猪,1206,2
2026-10-08,m12,花水湾山房温泉民宿,花水湾镇,温泉民宿,国庆,96.0,92.0,1193,28632,去哪儿,1194,2
2026-10-08,m12,花水湾山房温泉民宿,花水湾镇,温泉民宿,国庆,96.0,92.0,1193,28632,同程,1178,2
2026-10-09,m12,花水湾山房温泉民宿,花水湾镇,温泉民宿,工作日,68.0,64.0,565,9605,飞猪,568,9
2026-10-09,m12,花水湾山房温泉民宿,花水湾镇,温泉民宿,工作日,68.0,64.0,565,9605,去哪儿,568,9
2026-10-09,m12,花水湾山房温泉民宿,花水湾镇,温泉民宿,工作日,68.0,64.0,565,9605,同程,558,9
2026-10-10,m12,花水湾山房温泉民宿,花水湾镇,温泉民宿,周末,96.0,94.7,768,18432,飞猪,773,1
2026-10-10,m12,花水湾山房温泉民宿,花水湾镇,温泉民宿,周末,96.0,94.7,768,18432,去哪儿,761,1
2026-10-10,m12,花水湾山房温泉民宿,花水湾镇,温泉民宿,周末,96.0,94.7,768,18432,同程,771,2
2026-10-11,m12,花水湾山房温泉民宿,花水湾镇,温泉民宿,周末,92.0,78.7,743,17089,飞猪,752,5
2026-10-11,m12,花水湾山房温泉民宿,花水湾镇,温泉民宿,周末,92.0,78.7,743,17089,去哪儿,741,5
2026-10-11,m12,花水湾山房温泉民宿,花水湾镇,温泉民宿,周末,92.0,78.7,743,17089,同程,735,6
2026-10-12,m12,花水湾山房温泉民宿,花水湾镇,温泉民宿,工作日,64.0,58.7,561,8976,飞猪,559,11
2026-10-12,m12,花水湾山房温泉民宿,花水湾镇,温泉民宿,工作日,64.0,58.7,561,8976,去哪儿,559,10
2026-10-12,m12,花水湾山房温泉民宿,花水湾镇,温泉民宿,工作日,64.0,58.7,561,8976,同程,565,10
2026-10-13,m12,花水湾山房温泉民宿,花水湾镇,温泉民宿,工作日,72.0,58.7,560,10080,飞猪,564,10
2026-10-13,m12,花水湾山房温泉民宿,花水湾镇,温泉民宿,工作日,72.0,58.7,560,10080,去哪儿,558,10
2026-10-13,m12,花水湾山房温泉民宿,花水湾镇,温泉民宿,工作日,72.0,58.7,560,10080,同程,557,11
2026-10-14,m12,花水湾山房温泉民宿,花水湾镇,温泉民宿,工作日,80.0,69.3,590,11800,飞猪,588,8
2026-10-14,m12,花水湾山房温泉民宿,花水湾镇,温泉民宿,工作日,80.0,69.3,590,11800,去哪儿,590,7
2026-10-14,m12,花水湾山房温泉民宿,花水湾镇,温泉民宿,工作日,80.0,69.3,590,11800,同程,592,8
2026-10-15,m12,花水湾山房温泉民宿,花水湾镇,温泉民宿,工作日,72.0,70.7,561,10098,飞猪,563,7
2026-10-15,m12,花水湾山房温泉民宿,花水湾镇,温泉民宿,工作日,72.0,70.7,561,10098,去哪儿,562,7
2026-10-15,m12,花水湾山房温泉民宿,花水湾镇,温泉民宿,工作日,72.0,70.7,561,10098,同程,558,8
2026-10-16,m12,花水湾山房温泉民宿,花水湾镇,温泉民宿,工作日,72.0,70.7,562,10116,飞猪,566,8
2026-10-16,m12,花水湾山房温泉民宿,花水湾镇,温泉民宿,工作日,72.0,70.7,562,10116,去哪儿,558,7
2026-10-16,m12,花水湾山房温泉民宿,花水湾镇,温泉民宿,工作日,72.0,70.7,562,10116,同程,561,7
2026-10-17,m12,花水湾山房温泉民宿,花水湾镇,温泉民宿,周末,84.0,76.0,737,15477,飞猪,745,6
2026-10-17,m12,花水湾山房温泉民宿,花水湾镇,温泉民宿,周末,84.0,76.0,737,15477,去哪儿,731,6
2026-10-17,m12,花水湾山房温泉民宿,花水湾镇,温泉民宿,周末,84.0,76.0,737,15477,同程,736,6
2026-10-18,m12,花水湾山房温泉民宿,花水湾镇,温泉民宿,周末,80.0,70.7,751,15020,飞猪,760,7
2026-10-18,m12,花水湾山房温泉民宿,花水湾镇,温泉民宿,周末,80.0,70.7,751,15020,去哪儿,741,7
2026-10-18,m12,花水湾山房温泉民宿,花水湾镇,温泉民宿,周末,80.0,70.7,751,15020,同程,752,8
2026-10-19,m12,花水湾山房温泉民宿,花水湾镇,温泉民宿,工作日,68.0,66.7,582,9894,飞猪,584,8
2026-10-19,m12,花水湾山房温泉民宿,花水湾镇,温泉民宿,工作日,68.0,66.7,582,9894,去哪儿,585,8
2026-10-19,m12,花水湾山房温泉民宿,花水湾镇,温泉民宿,工作日,68.0,66.7,582,9894,同程,576,9
2026-10-20,m12,花水湾山房温泉民宿,花水湾镇,温泉民宿,工作日,72.0,66.7,572,10296,飞猪,575,8
2026-10-20,m12,花水湾山房温泉民宿,花水湾镇,温泉民宿,工作日,72.0,66.7,572,10296,去哪儿,569,8
2026-10-20,m12,花水湾山房温泉民宿,花水湾镇,温泉民宿,工作日,72.0,66.7,572,10296,同程,572,9
2026-10-21,m12,花水湾山房温泉民宿,花水湾镇,温泉民宿,工作日,60.0,56.0,552,8280,飞猪,553,11
2026-10-21,m12,花水湾山房温泉民宿,花水湾镇,温泉民宿,工作日,60.0,56.0,552,8280,去哪儿,552,11
2026-10-21,m12,花水湾山房温泉民宿,花水湾镇,温泉民宿,工作日,60.0,56.0,552,8280,同程,552,11
2026-10-22,m12,花水湾山房温泉民宿,花水湾镇,温泉民宿,工作日,60.0,60.0,560,8400,飞猪,569,10
2026-10-22,m12,花水湾山房温泉民宿,花水湾镇,温泉民宿,工作日,60.0,60.0,560,8400,去哪儿,553,10
2026-10-22,m12,花水湾山房温泉民宿,花水湾镇,温泉民宿,工作日,60.0,60.0,560,8400,同程,558,10
2026-10-23,m12,花水湾山房温泉民宿,花水湾镇,温泉民宿,工作日,68.0,62.7,558,9486,飞猪,566,10
2026-10-23,m12,花水湾山房温泉民宿,花水湾镇,温泉民宿,工作日,68.0,62.7,558,9486,去哪儿,554,9
2026-10-23,m12,花水湾山房温泉民宿,花水湾镇,温泉民宿,工作日,68.0,62.7,558,9486,同程,555,9
2026-10-24,m12,花水湾山房温泉民宿,花水湾镇,温泉民宿,周末,92.0,88.0,773,17779,飞猪,770,3
2026-10-24,m12,花水湾山房温泉民宿,花水湾镇,温泉民宿,周末,92.0,88.0,773,17779,去哪儿,775,3
2026-10-24,m12,花水湾山房温泉民宿,花水湾镇,温泉民宿,周末,92.0,88.0,773,17779,同程,775,3
2026-10-25,m12,花水湾山房温泉民宿,花水湾镇,温泉民宿,周末,96.0,86.7,770,18480,飞猪,772,3
2026-10-25,m12,花水湾山房温泉民宿,花水湾镇,温泉民宿,周末,96.0,86.7,770,18480,去哪儿,767,3
2026-10-25,m12,花水湾山房温泉民宿,花水湾镇,温泉民宿,周末,96.0,86.7,770,18480,同程,771,4
2026-10-26,m12,花水湾山房温泉民宿,花水湾镇,温泉民宿,工作日,68.0,64.0,569,9673,飞猪,575,9
2026-10-26,m12,花水湾山房温泉民宿,花水湾镇,温泉民宿,工作日,68.0,64.0,569,9673,去哪儿,565,9
2026-10-26,m12,花水湾山房温泉民宿,花水湾镇,温泉民宿,工作日,68.0,64.0,569,9673,同程,566,9
2026-10-27,m12,花水湾山房温泉民宿,花水湾镇,温泉民宿,工作日,56.0,52.0,552,7728,飞猪,556,12
2026-10-27,m12,花水湾山房温泉民宿,花水湾镇,温泉民宿,工作日,56.0,52.0,552,7728,去哪儿,551,12
2026-10-27,m12,花水湾山房温泉民宿,花水湾镇,温泉民宿,工作日,56.0,52.0,552,7728,同程,550,12
2026-10-28,m12,花水湾山房温泉民宿,花水湾镇,温泉民宿,工作日,64.0,56.0,543,8688,飞猪,545,11
2026-10-28,m12,花水湾山房温泉民宿,花水湾镇,温泉民宿,工作日,64.0,56.0,543,8688,去哪儿,543,11
2026-10-28,m12,花水湾山房温泉民宿,花水湾镇,温泉民宿,工作日,64.0,56.0,543,8688,同程,540,11
2026-10-29,m12,花水湾山房温泉民宿,花水湾镇,温泉民宿,工作日,68.0,68.0,572,9724,飞猪,578,8
2026-10-29,m12,花水湾山房温泉民宿,花水湾镇,温泉民宿,工作日,68.0,68.0,572,9724,去哪儿,569,8
2026-10-29,m12,花水湾山房温泉民宿,花水湾镇,温泉民宿,工作日,68.0,68.0,572,9724,同程,568,8
2026-10-30,m12,花水湾山房温泉民宿,花水湾镇,温泉民宿,工作日,60.0,60.0,549,8235,飞猪,553,10
2026-10-30,m12,花水湾山房温泉民宿,花水湾镇,温泉民宿,工作日,60.0,60.0,549,8235,去哪儿,547,10
2026-10-30,m12,花水湾山房温泉民宿,花水湾镇,温泉民宿,工作日,60.0,60.0,549,8235,同程,547,10
2026-10-31,m12,花水湾山房温泉民宿,花水湾镇,温泉民宿,周末,92.0,85.3,785,18055,飞猪,789,4
2026-10-31,m12,花水湾山房温泉民宿,花水湾镇,温泉民宿,周末,92.0,85.3,785,18055,去哪儿,780,3
2026-10-31,m12,花水湾山房温泉民宿,花水湾镇,温泉民宿,周末,92.0,85.3,785,18055,同程,786,4
2026-10-01,m13,花水湾云中漫步温泉民宿,花水湾镇,温泉民宿,国庆,85.7,78.6,1447,17364,美团,1435,3
2026-10-01,m13,花水湾云中漫步温泉民宿,花水湾镇,温泉民宿,国庆,85.7,78.6,1447,17364,飞猪,1460,3
2026-10-01,m13,花水湾云中漫步温泉民宿,花水湾镇,温泉民宿,国庆,85.7,78.6,1447,17364,同程,1446,3
2026-10-02,m13,花水湾云中漫步温泉民宿,花水湾镇,温泉民宿,国庆,92.9,88.1,1577,20501,美团,1568,2
2026-10-02,m13,花水湾云中漫步温泉民宿,花水湾镇,温泉民宿,国庆,92.9,88.1,1577,20501,飞猪,1599,2
2026-10-02,m13,花水湾云中漫步温泉民宿,花水湾镇,温泉民宿,国庆,92.9,88.1,1577,20501,同程,1565,1
2026-10-03,m13,花水湾云中漫步温泉民宿,花水湾镇,温泉民宿,国庆,92.9,81.0,1520,19760,美团,1515,3
2026-10-03,m13,花水湾云中漫步温泉民宿,花水湾镇,温泉民宿,国庆,92.9,81.0,1520,19760,飞猪,1536,2
2026-10-03,m13,花水湾云中漫步温泉民宿,花水湾镇,温泉民宿,国庆,92.9,81.0,1520,19760,同程,1510,3
2026-10-04,m13,花水湾云中漫步温泉民宿,花水湾镇,温泉民宿,国庆,92.9,88.1,1487,19331,美团,1479,1
2026-10-04,m13,花水湾云中漫步温泉民宿,花水湾镇,温泉民宿,国庆,92.9,88.1,1487,19331,飞猪,1493,2
2026-10-04,m13,花水湾云中漫步温泉民宿,花水湾镇,温泉民宿,国庆,92.9,88.1,1487,19331,同程,1489,2
2026-10-05,m13,花水湾云中漫步温泉民宿,花水湾镇,温泉民宿,国庆,100.0,88.1,1522,21308,美团,1522,2
2026-10-05,m13,花水湾云中漫步温泉民宿,花水湾镇,温泉民宿,国庆,100.0,88.1,1522,21308,飞猪,1524,1
2026-10-05,m13,花水湾云中漫步温泉民宿,花水湾镇,温泉民宿,国庆,100.0,88.1,1522,21308,同程,1519,2
2026-10-06,m13,花水湾云中漫步温泉民宿,花水湾镇,温泉民宿,国庆,100.0,88.1,1545,21630,美团,1536,2
2026-10-06,m13,花水湾云中漫步温泉民宿,花水湾镇,温泉民宿,国庆,100.0,88.1,1545,21630,飞猪,1559,1
2026-10-06,m13,花水湾云中漫步温泉民宿,花水湾镇,温泉民宿,国庆,100.0,88.1,1545,21630,同程,1540,2
2026-10-07,m13,花水湾云中漫步温泉民宿,花水湾镇,温泉民宿,国庆,85.7,83.3,1441,17292,美团,1430,3
2026-10-07,m13,花水湾云中漫步温泉民宿,花水湾镇,温泉民宿,国庆,85.7,83.3,1441,17292,飞猪,1457,2
2026-10-07,m13,花水湾云中漫步温泉民宿,花水湾镇,温泉民宿,国庆,85.7,83.3,1441,17292,同程,1436,2
2026-10-08,m13,花水湾云中漫步温泉民宿,花水湾镇,温泉民宿,国庆,100.0,83.3,1487,20818,美团,1481,3
2026-10-08,m13,花水湾云中漫步温泉民宿,花水湾镇,温泉民宿,国庆,100.0,83.3,1487,20818,飞猪,1501,2
2026-10-08,m13,花水湾云中漫步温泉民宿,花水湾镇,温泉民宿,国庆,100.0,83.3,1487,20818,同程,1479,2
2026-10-09,m13,花水湾云中漫步温泉民宿,花水湾镇,温泉民宿,工作日,78.6,76.2,770,8470,美团,766,3
2026-10-09,m13,花水湾云中漫步温泉民宿,花水湾镇,温泉民宿,工作日,78.6,76.2,770,8470,飞猪,777,3
2026-10-09,m13,花水湾云中漫步温泉民宿,花水湾镇,温泉民宿,工作日,78.6,76.2,770,8470,同程,768,4
2026-10-10,m13,花水湾云中漫步温泉民宿,花水湾镇,温泉民宿,周末,85.7,78.6,987,11844,美团,984,3
2026-10-10,m13,花水湾云中漫步温泉民宿,花水湾镇,温泉民宿,周末,85.7,78.6,987,11844,飞猪,997,3
2026-10-10,m13,花水湾云中漫步温泉民宿,花水湾镇,温泉民宿,周末,85.7,78.6,987,11844,同程,981,3
2026-10-11,m13,花水湾云中漫步温泉民宿,花水湾镇,温泉民宿,周末,100.0,83.3,938,13132,美团,927,2
2026-10-11,m13,花水湾云中漫步温泉民宿,花水湾镇,温泉民宿,周末,100.0,83.3,938,13132,飞猪,950,3
2026-10-11,m13,花水湾云中漫步温泉民宿,花水湾镇,温泉民宿,周末,100.0,83.3,938,13132,同程,936,2
2026-10-12,m13,花水湾云中漫步温泉民宿,花水湾镇,温泉民宿,工作日,57.1,47.6,702,5616,美团,699,7
2026-10-12,m13,花水湾云中漫步温泉民宿,花水湾镇,温泉民宿,工作日,57.1,47.6,702,5616,飞猪,709,7
2026-10-12,m13,花水湾云中漫步温泉民宿,花水湾镇,温泉民宿,工作日,57.1,47.6,702,5616,同程,699,8
2026-10-13,m13,花水湾云中漫步温泉民宿,花水湾镇,温泉民宿,工作日,71.4,66.7,738,7380,美团,726,4
2026-10-13,m13,花水湾云中漫步温泉民宿,花水湾镇,温泉民宿,工作日,71.4,66.7,738,7380,飞猪,747,5
2026-10-13,m13,花水湾云中漫步温泉民宿,花水湾镇,温泉民宿,工作日,71.4,66.7,738,7380,同程,740,5
2026-10-14,m13,花水湾云中漫步温泉民宿,花水湾镇,温泉民宿,工作日,57.1,54.8,684,5472,美团,675,6
2026-10-14,m13,花水湾云中漫步温泉民宿,花水湾镇,温泉民宿,工作日,57.1,54.8,684,5472,飞猪,693,7
2026-10-14,m13,花水湾云中漫步温泉民宿,花水湾镇,温泉民宿,工作日,57.1,54.8,684,5472,同程,684,6
2026-10-15,m13,花水湾云中漫步温泉民宿,花水湾镇,温泉民宿,工作日,57.1,54.8,696,5568,美团,691,7
2026-10-15,m13,花水湾云中漫步温泉民宿,花水湾镇,温泉民宿,工作日,57.1,54.8,696,5568,飞猪,702,6
2026-10-15,m13,花水湾云中漫步温泉民宿,花水湾镇,温泉民宿,工作日,57.1,54.8,696,5568,同程,696,6
2026-10-16,m13,花水湾云中漫步温泉民宿,花水湾镇,温泉民宿,工作日,50.0,47.6,726,5082,美团,719,8
2026-10-16,m13,花水湾云中漫步温泉民宿,花水湾镇,温泉民宿,工作日,50.0,47.6,726,5082,飞猪,730,7
2026-10-16,m13,花水湾云中漫步温泉民宿,花水湾镇,温泉民宿,工作日,50.0,47.6,726,5082,同程,728,7
2026-10-17,m13,花水湾云中漫步温泉民宿,花水湾镇,温泉民宿,周末,100.0,90.5,950,13300,美团,929,1
2026-10-17,m13,花水湾云中漫步温泉民宿,花水湾镇,温泉民宿,周末,100.0,90.5,950,13300,飞猪,964,2
2026-10-17,m13,花水湾云中漫步温泉民宿,花水湾镇,温泉民宿,周末,100.0,90.5,950,13300,同程,957,1
2026-10-18,m13,花水湾云中漫步温泉民宿,花水湾镇,温泉民宿,周末,92.9,71.4,931,12103,美团,916,4
2026-10-18,m13,花水湾云中漫步温泉民宿,花水湾镇,温泉民宿,周末,92.9,71.4,931,12103,飞猪,947,4
2026-10-18,m13,花水湾云中漫步温泉民宿,花水湾镇,温泉民宿,周末,92.9,71.4,931,12103,同程,929,4
2026-10-19,m13,花水湾云中漫步温泉民宿,花水湾镇,温泉民宿,工作日,71.4,71.4,734,7340,美团,728,4
2026-10-19,m13,花水湾云中漫步温泉民宿,花水湾镇,温泉民宿,工作日,71.4,71.4,734,7340,飞猪,742,4
2026-10-19,m13,花水湾云中漫步温泉民宿,花水湾镇,温泉民宿,工作日,71.4,71.4,734,7340,同程,733,4
2026-10-20,m13,花水湾云中漫步温泉民宿,花水湾镇,温泉民宿,工作日,71.4,59.5,727,7270,美团,723,6
2026-10-20,m13,花水湾云中漫步温泉民宿,花水湾镇,温泉民宿,工作日,71.4,59.5,727,7270,飞猪,733,5
2026-10-20,m13,花水湾云中漫步温泉民宿,花水湾镇,温泉民宿,工作日,71.4,59.5,727,7270,同程,726,6
2026-10-21,m13,花水湾云中漫步温泉民宿,花水湾镇,温泉民宿,工作日,64.3,52.4,711,6399,美团,706,7
2026-10-21,m13,花水湾云中漫步温泉民宿,花水湾镇,温泉民宿,工作日,64.3,52.4,711,6399,飞猪,714,7
2026-10-21,m13,花水湾云中漫步温泉民宿,花水湾镇,温泉民宿,工作日,64.3,52.4,711,6399,同程,713,6
2026-10-22,m13,花水湾云中漫步温泉民宿,花水湾镇,温泉民宿,工作日,64.3,61.9,722,6498,美团,710,6
2026-10-22,m13,花水湾云中漫步温泉民宿,花水湾镇,温泉民宿,工作日,64.3,61.9,722,6498,飞猪,732,5
2026-10-22,m13,花水湾云中漫步温泉民宿,花水湾镇,温泉民宿,工作日,64.3,61.9,722,6498,同程,725,5
2026-10-23,m13,花水湾云中漫步温泉民宿,花水湾镇,温泉民宿,工作日,85.7,83.3,758,9096,美团,751,2
2026-10-23,m13,花水湾云中漫步温泉民宿,花水湾镇,温泉民宿,工作日,85.7,83.3,758,9096,飞猪,768,2
2026-10-23,m13,花水湾云中漫步温泉民宿,花水湾镇,温泉民宿,工作日,85.7,83.3,758,9096,同程,755,3
2026-10-24,m13,花水湾云中漫步温泉民宿,花水湾镇,温泉民宿,周末,85.7,64.3,924,11088,美团,916,5
2026-10-24,m13,花水湾云中漫步温泉民宿,花水湾镇,温泉民宿,周末,85.7,64.3,924,11088,飞猪,924,5
2026-10-24,m13,花水湾云中漫步温泉民宿,花水湾镇,温泉民宿,周末,85.7,64.3,924,11088,同程,931,5
2026-10-25,m13,花水湾云中漫步温泉民宿,花水湾镇,温泉民宿,周末,92.9,81.0,992,12896,美团,973,3
2026-10-25,m13,花水湾云中漫步温泉民宿,花水湾镇,温泉民宿,周末,92.9,81.0,992,12896,飞猪,1017,2
2026-10-25,m13,花水湾云中漫步温泉民宿,花水湾镇,温泉民宿,周末,92.9,81.0,992,12896,同程,985,3
2026-10-26,m13,花水湾云中漫步温泉民宿,花水湾镇,温泉民宿,工作日,42.9,42.9,686,4116,美团,676,8
2026-10-26,m13,花水湾云中漫步温泉民宿,花水湾镇,温泉民宿,工作日,42.9,42.9,686,4116,飞猪,692,8
2026-10-26,m13,花水湾云中漫步温泉民宿,花水湾镇,温泉民宿,工作日,42.9,42.9,686,4116,同程,689,8
2026-10-27,m13,花水湾云中漫步温泉民宿,花水湾镇,温泉民宿,工作日,64.3,45.2,695,6255,美团,691,8
2026-10-27,m13,花水湾云中漫步温泉民宿,花水湾镇,温泉民宿,工作日,64.3,45.2,695,6255,飞猪,699,7
2026-10-27,m13,花水湾云中漫步温泉民宿,花水湾镇,温泉民宿,工作日,64.3,45.2,695,6255,同程,694,8
2026-10-28,m13,花水湾云中漫步温泉民宿,花水湾镇,温泉民宿,工作日,50.0,45.2,724,5068,美团,721,8
2026-10-28,m13,花水湾云中漫步温泉民宿,花水湾镇,温泉民宿,工作日,50.0,45.2,724,5068,飞猪,732,7
2026-10-28,m13,花水湾云中漫步温泉民宿,花水湾镇,温泉民宿,工作日,50.0,45.2,724,5068,同程,719,8
2026-10-29,m13,花水湾云中漫步温泉民宿,花水湾镇,温泉民宿,工作日,64.3,54.8,739,6651,美团,729,7
2026-10-29,m13,花水湾云中漫步温泉民宿,花水湾镇,温泉民宿,工作日,64.3,54.8,739,6651,飞猪,747,6
2026-10-29,m13,花水湾云中漫步温泉民宿,花水湾镇,温泉民宿,工作日,64.3,54.8,739,6651,同程,740,6
2026-10-30,m13,花水湾云中漫步温泉民宿,花水湾镇,温泉民宿,工作日,78.6,69.0,742,8162,美团,734,5
2026-10-30,m13,花水湾云中漫步温泉民宿,花水湾镇,温泉民宿,工作日,78.6,69.0,742,8162,飞猪,747,4
2026-10-30,m13,花水湾云中漫步温泉民宿,花水湾镇,温泉民宿,工作日,78.6,69.0,742,8162,同程,745,4
2026-10-31,m13,花水湾云中漫步温泉民宿,花水湾镇,温泉民宿,周末,85.7,81.0,991,11892,美团,982,3
2026-10-31,m13,花水湾云中漫步温泉民宿,花水湾镇,温泉民宿,周末,85.7,81.0,991,11892,飞猪,999,3
2026-10-31,m13,花水湾云中漫步温泉民宿,花水湾镇,温泉民宿,周末,85.7,81.0,991,11892,同程,991,2
2026-10-01,m14,花水湾圣索亚温泉酒店,花水湾镇,酒店,国庆,95.6,89.4,1176,102312,携程,1195,10
2026-10-01,m14,花水湾圣索亚温泉酒店,花水湾镇,酒店,国庆,95.6,89.4,1176,102312,美团,1155,10
2026-10-01,m14,花水湾圣索亚温泉酒店,花水湾镇,酒店,国庆,95.6,89.4,1176,102312,去哪儿,1179,9
2026-10-02,m14,花水湾圣索亚温泉酒店,花水湾镇,酒店,国庆,89.0,83.2,1145,92745,携程,1165,15
2026-10-02,m14,花水湾圣索亚温泉酒店,花水湾镇,酒店,国庆,89.0,83.2,1145,92745,美团,1129,16
2026-10-02,m14,花水湾圣索亚温泉酒店,花水湾镇,酒店,国庆,89.0,83.2,1145,92745,去哪儿,1142,15
2026-10-03,m14,花水湾圣索亚温泉酒店,花水湾镇,酒店,国庆,92.3,87.9,1144,96096,携程,1160,11
2026-10-03,m14,花水湾圣索亚温泉酒店,花水湾镇,酒店,国庆,92.3,87.9,1144,96096,美团,1130,11
2026-10-03,m14,花水湾圣索亚温泉酒店,花水湾镇,酒店,国庆,92.3,87.9,1144,96096,去哪儿,1141,11
2026-10-04,m14,花水湾圣索亚温泉酒店,花水湾镇,酒店,国庆,96.7,94.5,1147,100936,携程,1169,5
2026-10-04,m14,花水湾圣索亚温泉酒店,花水湾镇,酒店,国庆,96.7,94.5,1147,100936,美团,1131,5
2026-10-04,m14,花水湾圣索亚温泉酒店,花水湾镇,酒店,国庆,96.7,94.5,1147,100936,去哪儿,1140,5
2026-10-05,m14,花水湾圣索亚温泉酒店,花水湾镇,酒店,国庆,91.2,86.8,1149,95367,携程,1163,12
2026-10-05,m14,花水湾圣索亚温泉酒店,花水湾镇,酒店,国庆,91.2,86.8,1149,95367,美团,1139,12
2026-10-05,m14,花水湾圣索亚温泉酒店,花水湾镇,酒店,国庆,91.2,86.8,1149,95367,去哪儿,1145,12
2026-10-06,m14,花水湾圣索亚温泉酒店,花水湾镇,酒店,国庆,91.2,87.2,1150,95450,携程,1171,12
2026-10-06,m14,花水湾圣索亚温泉酒店,花水湾镇,酒店,国庆,91.2,87.2,1150,95450,美团,1139,12
2026-10-06,m14,花水湾圣索亚温泉酒店,花水湾镇,酒店,国庆,91.2,87.2,1150,95450,去哪儿,1141,11
2026-10-07,m14,花水湾圣索亚温泉酒店,花水湾镇,酒店,国庆,92.3,85.7,1159,97356,携程,1185,13
2026-10-07,m14,花水湾圣索亚温泉酒店,花水湾镇,酒店,国庆,92.3,85.7,1159,97356,美团,1139,13
2026-10-07,m14,花水湾圣索亚温泉酒店,花水湾镇,酒店,国庆,92.3,85.7,1159,97356,去哪儿,1152,13
2026-10-08,m14,花水湾圣索亚温泉酒店,花水湾镇,酒店,国庆,92.3,90.1,1162,97608,携程,1182,9
2026-10-08,m14,花水湾圣索亚温泉酒店,花水湾镇,酒店,国庆,92.3,90.1,1162,97608,美团,1153,9
2026-10-08,m14,花水湾圣索亚温泉酒店,花水湾镇,酒店,国庆,92.3,90.1,1162,97608,去哪儿,1152,9
2026-10-09,m14,花水湾圣索亚温泉酒店,花水湾镇,酒店,工作日,69.2,66.7,551,34713,携程,565,30
2026-10-09,m14,花水湾圣索亚温泉酒店,花水湾镇,酒店,工作日,69.2,66.7,551,34713,美团,542,31
2026-10-09,m14,花水湾圣索亚温泉酒店,花水湾镇,酒店,工作日,69.2,66.7,551,34713,去哪儿,547,30
2026-10-10,m14,花水湾圣索亚温泉酒店,花水湾镇,酒店,周末,84.6,81.0,740,56980,携程,749,17
2026-10-10,m14,花水湾圣索亚温泉酒店,花水湾镇,酒店,周末,84.6,81.0,740,56980,美团,729,18
2026-10-10,m14,花水湾圣索亚温泉酒店,花水湾镇,酒店,周末,84.6,81.0,740,56980,去哪儿,742,17
2026-10-11,m14,花水湾圣索亚温泉酒店,花水湾镇,酒店,周末,94.5,93.0,756,65016,携程,769,6
2026-10-11,m14,花水湾圣索亚温泉酒店,花水湾镇,酒店,周末,94.5,93.0,756,65016,美团,748,7
2026-10-11,m14,花水湾圣索亚温泉酒店,花水湾镇,酒店,周末,94.5,93.0,756,65016,去哪儿,752,6
2026-10-12,m14,花水湾圣索亚温泉酒店,花水湾镇,酒店,工作日,71.4,67.4,560,36400,携程,572,30
2026-10-12,m14,花水湾圣索亚温泉酒店,花水湾镇,酒店,工作日,71.4,67.4,560,36400,美团,554,30
2026-10-12,m14,花水湾圣索亚温泉酒店,花水湾镇,酒店,工作日,71.4,67.4,560,36400,去哪儿,555,29
2026-10-13,m14,花水湾圣索亚温泉酒店,花水湾镇,酒店,工作日,65.9,60.4,542,32520,携程,552,36
2026-10-13,m14,花水湾圣索亚温泉酒店,花水湾镇,酒店,工作日,65.9,60.4,542,32520,美团,535,36
2026-10-13,m14,花水湾圣索亚温泉酒店,花水湾镇,酒店,工作日,65.9,60.4,542,32520,去哪儿,538,36
2026-10-14,m14,花水湾圣索亚温泉酒店,花水湾镇,酒店,工作日,61.5,59.0,546,30576,携程,558,37
2026-10-14,m14,花水湾圣索亚温泉酒店,花水湾镇,酒店,工作日,61.5,59.0,546,30576,美团,537,38
2026-10-14,m14,花水湾圣索亚温泉酒店,花水湾镇,酒店,工作日,61.5,59.0,546,30576,去哪儿,544,37
2026-10-15,m14,花水湾圣索亚温泉酒店,花水湾镇,酒店,工作日,69.2,67.4,549,34587,携程,557,30
2026-10-15,m14,花水湾圣索亚温泉酒店,花水湾镇,酒店,工作日,69.2,67.4,549,34587,美团,537,30
2026-10-15,m14,花水湾圣索亚温泉酒店,花水湾镇,酒店,工作日,69.2,67.4,549,34587,去哪儿,553,29
2026-10-16,m14,花水湾圣索亚温泉酒店,花水湾镇,酒店,工作日,68.1,64.8,547,33914,携程,557,32
2026-10-16,m14,花水湾圣索亚温泉酒店,花水湾镇,酒店,工作日,68.1,64.8,547,33914,美团,540,32
2026-10-16,m14,花水湾圣索亚温泉酒店,花水湾镇,酒店,工作日,68.1,64.8,547,33914,去哪儿,545,32
2026-10-17,m14,花水湾圣索亚温泉酒店,花水湾镇,酒店,周末,87.9,83.5,750,60000,携程,766,15
2026-10-17,m14,花水湾圣索亚温泉酒店,花水湾镇,酒店,周末,87.9,83.5,750,60000,美团,737,15
2026-10-17,m14,花水湾圣索亚温泉酒店,花水湾镇,酒店,周末,87.9,83.5,750,60000,去哪儿,747,15
2026-10-18,m14,花水湾圣索亚温泉酒店,花水湾镇,酒店,周末,91.2,87.9,748,62084,携程,757,11
2026-10-18,m14,花水湾圣索亚温泉酒店,花水湾镇,酒店,周末,91.2,87.9,748,62084,美团,742,11
2026-10-18,m14,花水湾圣索亚温泉酒店,花水湾镇,酒店,周末,91.2,87.9,748,62084,去哪儿,744,11
2026-10-19,m14,花水湾圣索亚温泉酒店,花水湾镇,酒店,工作日,61.5,57.1,546,30576,携程,555,39
2026-10-19,m14,花水湾圣索亚温泉酒店,花水湾镇,酒店,工作日,61.5,57.1,546,30576,美团,538,39
2026-10-19,m14,花水湾圣索亚温泉酒店,花水湾镇,酒店,工作日,61.5,57.1,546,30576,去哪儿,545,39
2026-10-20,m14,花水湾圣索亚温泉酒店,花水湾镇,酒店,工作日,62.6,59.3,541,30837,携程,553,37
2026-10-20,m14,花水湾圣索亚温泉酒店,花水湾镇,酒店,工作日,62.6,59.3,541,30837,美团,531,37
2026-10-20,m14,花水湾圣索亚温泉酒店,花水湾镇,酒店,工作日,62.6,59.3,541,30837,去哪儿,539,37
2026-10-21,m14,花水湾圣索亚温泉酒店,花水湾镇,酒店,工作日,76.9,73.6,560,39200,携程,570,24
2026-10-21,m14,花水湾圣索亚温泉酒店,花水湾镇,酒店,工作日,76.9,73.6,560,39200,美团,552,24
2026-10-21,m14,花水湾圣索亚温泉酒店,花水湾镇,酒店,工作日,76.9,73.6,560,39200,去哪儿,557,24
2026-10-22,m14,花水湾圣索亚温泉酒店,花水湾镇,酒店,工作日,73.6,70.0,559,37453,携程,569,27
2026-10-22,m14,花水湾圣索亚温泉酒店,花水湾镇,酒店,工作日,73.6,70.0,559,37453,美团,552,28
2026-10-22,m14,花水湾圣索亚温泉酒店,花水湾镇,酒店,工作日,73.6,70.0,559,37453,去哪儿,555,27
2026-10-23,m14,花水湾圣索亚温泉酒店,花水湾镇,酒店,工作日,69.2,64.5,543,34209,携程,551,32
2026-10-23,m14,花水湾圣索亚温泉酒店,花水湾镇,酒店,工作日,69.2,64.5,543,34209,美团,535,33
2026-10-23,m14,花水湾圣索亚温泉酒店,花水湾镇,酒店,工作日,69.2,64.5,543,34209,去哪儿,542,32
2026-10-24,m14,花水湾圣索亚温泉酒店,花水湾镇,酒店,周末,92.3,87.9,739,62076,携程,755,11
2026-10-24,m14,花水湾圣索亚温泉酒店,花水湾镇,酒店,周末,92.3,87.9,739,62076,美团,729,11
2026-10-24,m14,花水湾圣索亚温泉酒店,花水湾镇,酒店,周末,92.3,87.9,739,62076,去哪儿,733,11
2026-10-25,m14,花水湾圣索亚温泉酒店,花水湾镇,酒店,周末,87.9,83.5,727,58160,携程,739,15
2026-10-25,m14,花水湾圣索亚温泉酒店,花水湾镇,酒店,周末,87.9,83.5,727,58160,美团,715,15
2026-10-25,m14,花水湾圣索亚温泉酒店,花水湾镇,酒店,周末,87.9,83.5,727,58160,去哪儿,727,15
2026-10-26,m14,花水湾圣索亚温泉酒店,花水湾镇,酒店,工作日,65.9,64.5,548,32880,携程,557,32
2026-10-26,m14,花水湾圣索亚温泉酒店,花水湾镇,酒店,工作日,65.9,64.5,548,32880,美团,540,33
2026-10-26,m14,花水湾圣索亚温泉酒店,花水湾镇,酒店,工作日,65.9,64.5,548,32880,去哪儿,548,32
2026-10-27,m14,花水湾圣索亚温泉酒店,花水湾镇,酒店,工作日,72.5,67.4,549,36234,携程,561,30
2026-10-27,m14,花水湾圣索亚温泉酒店,花水湾镇,酒店,工作日,72.5,67.4,549,36234,美团,545,30
2026-10-27,m14,花水湾圣索亚温泉酒店,花水湾镇,酒店,工作日,72.5,67.4,549,36234,去哪儿,542,29
2026-10-28,m14,花水湾圣索亚温泉酒店,花水湾镇,酒店,工作日,75.8,73.3,560,38640,携程,573,24
2026-10-28,m14,花水湾圣索亚温泉酒店,花水湾镇,酒店,工作日,75.8,73.3,560,38640,美团,549,25
2026-10-28,m14,花水湾圣索亚温泉酒店,花水湾镇,酒店,工作日,75.8,73.3,560,38640,去哪儿,558,24
2026-10-29,m14,花水湾圣索亚温泉酒店,花水湾镇,酒店,工作日,70.3,68.1,558,35712,携程,566,29
2026-10-29,m14,花水湾圣索亚温泉酒店,花水湾镇,酒店,工作日,70.3,68.1,558,35712,美团,549,29
2026-10-29,m14,花水湾圣索亚温泉酒店,花水湾镇,酒店,工作日,70.3,68.1,558,35712,去哪儿,558,29
2026-10-30,m14,花水湾圣索亚温泉酒店,花水湾镇,酒店,工作日,68.1,62.3,545,33790,携程,552,35
2026-10-30,m14,花水湾圣索亚温泉酒店,花水湾镇,酒店,工作日,68.1,62.3,545,33790,美团,538,34
2026-10-30,m14,花水湾圣索亚温泉酒店,花水湾镇,酒店,工作日,68.1,62.3,545,33790,去哪儿,546,34
2026-10-31,m14,花水湾圣索亚温泉酒店,花水湾镇,酒店,周末,90.1,84.2,724,59368,携程,737,14
2026-10-31,m14,花水湾圣索亚温泉酒店,花水湾镇,酒店,周末,90.1,84.2,724,59368,美团,713,15
2026-10-31,m14,花水湾圣索亚温泉酒店,花水湾镇,酒店,周末,90.1,84.2,724,59368,去哪儿,721,14
2026-10-01,m15,花水湾青瓦客栈,花水湾镇,客栈,国庆,100.0,94.8,749,32207,携程,749,3
2026-10-01,m15,花水湾青瓦客栈,花水湾镇,客栈,国庆,100.0,94.8,749,32207,飞猪,740,2
2026-10-01,m15,花水湾青瓦客栈,花水湾镇,客栈,国庆,100.0,94.8,749,32207,去哪儿,738,2
2026-10-01,m15,花水湾青瓦客栈,花水湾镇,客栈,国庆,100.0,94.8,749,32207,途家,769,2
2026-10-02,m15,花水湾青瓦客栈,花水湾镇,客栈,国庆,100.0,88.4,739,31777,携程,739,5
2026-10-02,m15,花水湾青瓦客栈,花水湾镇,客栈,国庆,100.0,88.4,739,31777,飞猪,735,5
2026-10-02,m15,花水湾青瓦客栈,花水湾镇,客栈,国庆,100.0,88.4,739,31777,去哪儿,728,5
2026-10-02,m15,花水湾青瓦客栈,花水湾镇,客栈,国庆,100.0,88.4,739,31777,途家,753,5
2026-10-03,m15,花水湾青瓦客栈,花水湾镇,客栈,国庆,88.4,86.0,762,28956,携程,769,6
2026-10-03,m15,花水湾青瓦客栈,花水湾镇,客栈,国庆,88.4,86.0,762,28956,飞猪,756,6
2026-10-03,m15,花水湾青瓦客栈,花水湾镇,客栈,国庆,88.4,86.0,762,28956,去哪儿,741,6
2026-10-03,m15,花水湾青瓦客栈,花水湾镇,客栈,国庆,88.4,86.0,762,28956,途家,781,6
2026-10-04,m15,花水湾青瓦客栈,花水湾镇,客栈,国庆,97.7,90.7,734,30828,携程,735,4
2026-10-04,m15,花水湾青瓦客栈,花水湾镇,客栈,国庆,97.7,90.7,734,30828,飞猪,732,4
2026-10-04,m15,花水湾青瓦客栈,花水湾镇,客栈,国庆,97.7,90.7,734,30828,去哪儿,715,4
2026-10-04,m15,花水湾青瓦客栈,花水湾镇,客栈,国庆,97.7,90.7,734,30828,途家,752,4
2026-10-05,m15,花水湾青瓦客栈,花水湾镇,客栈,国庆,95.3,93.0,736,30176,携程,737,3
2026-10-05,m15,花水湾青瓦客栈,花水湾镇,客栈,国庆,95.3,93.0,736,30176,飞猪,733,3
2026-10-05,m15,花水湾青瓦客栈,花水湾镇,客栈,国庆,95.3,93.0,736,30176,去哪儿,712,3
2026-10-05,m15,花水湾青瓦客栈,花水湾镇,客栈,国庆,95.3,93.0,736,30176,途家,762,3
2026-10-06,m15,花水湾青瓦客栈,花水湾镇,客栈,国庆,100.0,93.0,753,32379,携程,753,3
2026-10-06,m15,花水湾青瓦客栈,花水湾镇,客栈,国庆,100.0,93.0,753,32379,飞猪,745,3
2026-10-06,m15,花水湾青瓦客栈,花水湾镇,客栈,国庆,100.0,93.0,753,32379,去哪儿,742,3
2026-10-06,m15,花水湾青瓦客栈,花水湾镇,客栈,国庆,100.0,93.0,753,32379,途家,770,3
2026-10-07,m15,花水湾青瓦客栈,花水湾镇,客栈,国庆,95.3,95.3,746,30586,携程,744,2
2026-10-07,m15,花水湾青瓦客栈,花水湾镇,客栈,国庆,95.3,95.3,746,30586,飞猪,747,2
2026-10-07,m15,花水湾青瓦客栈,花水湾镇,客栈,国庆,95.3,95.3,746,30586,去哪儿,736,2
2026-10-07,m15,花水湾青瓦客栈,花水湾镇,客栈,国庆,95.3,95.3,746,30586,途家,758,2
2026-10-08,m15,花水湾青瓦客栈,花水湾镇,客栈,国庆,95.3,87.2,744,30504,携程,743,6
2026-10-08,m15,花水湾青瓦客栈,花水湾镇,客栈,国庆,95.3,87.2,744,30504,飞猪,734,6
2026-10-08,m15,花水湾青瓦客栈,花水湾镇,客栈,国庆,95.3,87.2,744,30504,去哪儿,731,5
2026-10-08,m15,花水湾青瓦客栈,花水湾镇,客栈,国庆,95.3,87.2,744,30504,途家,768,5
2026-10-09,m15,花水湾青瓦客栈,花水湾镇,客栈,工作日,69.8,68.6,357,10710,携程,358,14
2026-10-09,m15,花水湾青瓦客栈,花水湾镇,客栈,工作日,69.8,68.6,357,10710,飞猪,355,14
2026-10-09,m15,花水湾青瓦客栈,花水湾镇,客栈,工作日,69.8,68.6,357,10710,去哪儿,353,13
2026-10-09,m15,花水湾青瓦客栈,花水湾镇,客栈,工作日,69.8,68.6,357,10710,途家,361,13
2026-10-10,m15,花水湾青瓦客栈,花水湾镇,客栈,周末,97.7,92.4,476,19992,携程,476,3
2026-10-10,m15,花水湾青瓦客栈,花水湾镇,客栈,周末,97.7,92.4,476,19992,飞猪,477,4
2026-10-10,m15,花水湾青瓦客栈,花水湾镇,客栈,周末,97.7,92.4,476,19992,去哪儿,465,3
2026-10-10,m15,花水湾青瓦客栈,花水湾镇,客栈,周末,97.7,92.4,476,19992,途家,487,3
2026-10-11,m15,花水湾青瓦客栈,花水湾镇,客栈,周末,97.7,93.0,484,20328,携程,483,3
2026-10-11,m15,花水湾青瓦客栈,花水湾镇,客栈,周末,97.7,93.0,484,20328,飞猪,478,3
2026-10-11,m15,花水湾青瓦客栈,花水湾镇,客栈,周末,97.7,93.0,484,20328,去哪儿,476,3
2026-10-11,m15,花水湾青瓦客栈,花水湾镇,客栈,周末,97.7,93.0,484,20328,途家,498,3
2026-10-12,m15,花水湾青瓦客栈,花水湾镇,客栈,工作日,62.8,59.9,359,9693,携程,359,17
2026-10-12,m15,花水湾青瓦客栈,花水湾镇,客栈,工作日,62.8,59.9,359,9693,飞猪,357,18
2026-10-12,m15,花水湾青瓦客栈,花水湾镇,客栈,工作日,62.8,59.9,359,9693,去哪儿,354,17
2026-10-12,m15,花水湾青瓦客栈,花水湾镇,客栈,工作日,62.8,59.9,359,9693,途家,366,17
2026-10-13,m15,花水湾青瓦客栈,花水湾镇,客栈,工作日,48.8,39.0,339,7119,携程,341,26
2026-10-13,m15,花水湾青瓦客栈,花水湾镇,客栈,工作日,48.8,39.0,339,7119,飞猪,338,27
2026-10-13,m15,花水湾青瓦客栈,花水湾镇,客栈,工作日,48.8,39.0,339,7119,去哪儿,331,26
2026-10-13,m15,花水湾青瓦客栈,花水湾镇,客栈,工作日,48.8,39.0,339,7119,途家,344,26
2026-10-14,m15,花水湾青瓦客栈,花水湾镇,客栈,工作日,53.5,48.8,344,7912,携程,345,22
2026-10-14,m15,花水湾青瓦客栈,花水湾镇,客栈,工作日,53.5,48.8,344,7912,飞猪,341,22
2026-10-14,m15,花水湾青瓦客栈,花水湾镇,客栈,工作日,53.5,48.8,344,7912,去哪儿,340,22
2026-10-14,m15,花水湾青瓦客栈,花水湾镇,客栈,工作日,53.5,48.8,344,7912,途家,350,22
2026-10-15,m15,花水湾青瓦客栈,花水湾镇,客栈,工作日,55.8,55.8,347,8328,携程,347,19
2026-10-15,m15,花水湾青瓦客栈,花水湾镇,客栈,工作日,55.8,55.8,347,8328,飞猪,345,19
2026-10-15,m15,花水湾青瓦客栈,花水湾镇,客栈,工作日,55.8,55.8,347,8328,去哪儿,341,19
2026-10-15,m15,花水湾青瓦客栈,花水湾镇,客栈,工作日,55.8,55.8,347,8328,途家,356,19
2026-10-16,m15,花水湾青瓦客栈,花水湾镇,客栈,工作日,58.1,58.1,352,8800,携程,354,18
2026-10-16,m15,花水湾青瓦客栈,花水湾镇,客栈,工作日,58.1,58.1,352,8800,飞猪,349,18
2026-10-16,m15,花水湾青瓦客栈,花水湾镇,客栈,工作日,58.1,58.1,352,8800,去哪儿,346,18
2026-10-16,m15,花水湾青瓦客栈,花水湾镇,客栈,工作日,58.1,58.1,352,8800,途家,359,18
2026-10-17,m15,花水湾青瓦客栈,花水湾镇,客栈,周末,90.7,86.0,480,18720,携程,485,6
2026-10-17,m15,花水湾青瓦客栈,花水湾镇,客栈,周末,90.7,86.0,480,18720,飞猪,473,6
2026-10-17,m15,花水湾青瓦客栈,花水湾镇,客栈,周末,90.7,86.0,480,18720,去哪儿,468,6
2026-10-17,m15,花水湾青瓦客栈,花水湾镇,客栈,周末,90.7,86.0,480,18720,途家,495,6
2026-10-18,m15,花水湾青瓦客栈,花水湾镇,客栈,周末,90.7,85.5,470,18330,携程,468,6
2026-10-18,m15,花水湾青瓦客栈,花水湾镇,客栈,周末,90.7,85.5,470,18330,飞猪,463,7
2026-10-18,m15,花水湾青瓦客栈,花水湾镇,客栈,周末,90.7,85.5,470,18330,去哪儿,464,6
2026-10-18,m15,花水湾青瓦客栈,花水湾镇,客栈,周末,90.7,85.5,470,18330,途家,483,6
2026-10-19,m15,花水湾青瓦客栈,花水湾镇,客栈,工作日,62.8,60.5,360,9720,携程,364,17
2026-10-19,m15,花水湾青瓦客栈,花水湾镇,客栈,工作日,62.8,60.5,360,9720,飞猪,357,17
2026-10-19,m15,花水湾青瓦客栈,花水湾镇,客栈,工作日,62.8,60.5,360,9720,去哪儿,352,17
2026-10-19,m15,花水湾青瓦客栈,花水湾镇,客栈,工作日,62.8,60.5,360,9720,途家,366,17
2026-10-20,m15,花水湾青瓦客栈,花水湾镇,客栈,工作日,53.5,48.8,340,7820,携程,340,22
2026-10-20,m15,花水湾青瓦客栈,花水湾镇,客栈,工作日,53.5,48.8,340,7820,飞猪,337,22
2026-10-20,m15,花水湾青瓦客栈,花水湾镇,客栈,工作日,53.5,48.8,340,7820,去哪儿,333,22
2026-10-20,m15,花水湾青瓦客栈,花水湾镇,客栈,工作日,53.5,48.8,340,7820,途家,349,22
2026-10-21,m15,花水湾青瓦客栈,花水湾镇,客栈,工作日,62.8,55.8,343,9261,携程,343,19
2026-10-21,m15,花水湾青瓦客栈,花水湾镇,客栈,工作日,62.8,55.8,343,9261,飞猪,341,19
2026-10-21,m15,花水湾青瓦客栈,花水湾镇,客栈,工作日,62.8,55.8,343,9261,去哪儿,337,19
2026-10-21,m15,花水湾青瓦客栈,花水湾镇,客栈,工作日,62.8,55.8,343,9261,途家,350,19
2026-10-22,m15,花水湾青瓦客栈,花水湾镇,客栈,工作日,51.2,48.3,340,7480,携程,340,23
2026-10-22,m15,花水湾青瓦客栈,花水湾镇,客栈,工作日,51.2,48.3,340,7480,飞猪,339,22
2026-10-22,m15,花水湾青瓦客栈,花水湾镇,客栈,工作日,51.2,48.3,340,7480,去哪儿,331,22
2026-10-22,m15,花水湾青瓦客栈,花水湾镇,客栈,工作日,51.2,48.3,340,7480,途家,349,22
2026-10-23,m15,花水湾青瓦客栈,花水湾镇,客栈,工作日,55.8,52.9,344,8256,携程,345,20
2026-10-23,m15,花水湾青瓦客栈,花水湾镇,客栈,工作日,55.8,52.9,344,8256,飞猪,340,21
2026-10-23,m15,花水湾青瓦客栈,花水湾镇,客栈,工作日,55.8,52.9,344,8256,去哪儿,338,20
2026-10-23,m15,花水湾青瓦客栈,花水湾镇,客栈,工作日,55.8,52.9,344,8256,途家,352,20
2026-10-24,m15,花水湾青瓦客栈,花水湾镇,客栈,周末,93.0,86.0,466,18640,携程,467,6
2026-10-24,m15,花水湾青瓦客栈,花水湾镇,客栈,周末,93.0,86.0,466,18640,飞猪,461,6
2026-10-24,m15,花水湾青瓦客栈,花水湾镇,客栈,周末,93.0,86.0,466,18640,去哪儿,456,6
2026-10-24,m15,花水湾青瓦客栈,花水湾镇,客栈,周末,93.0,86.0,466,18640,途家,481,6
2026-10-25,m15,花水湾青瓦客栈,花水湾镇,客栈,周末,93.0,87.8,476,19040,携程,478,5
2026-10-25,m15,花水湾青瓦客栈,花水湾镇,客栈,周末,93.0,87.8,476,19040,飞猪,472,6
2026-10-25,m15,花水湾青瓦客栈,花水湾镇,客栈,周末,93.0,87.8,476,19040,去哪儿,468,5
2026-10-25,m15,花水湾青瓦客栈,花水湾镇,客栈,周末,93.0,87.8,476,19040,途家,487,5
2026-10-26,m15,花水湾青瓦客栈,花水湾镇,客栈,工作日,51.2,47.7,341,7502,携程,342,23
2026-10-26,m15,花水湾青瓦客栈,花水湾镇,客栈,工作日,51.2,47.7,341,7502,飞猪,340,23
2026-10-26,m15,花水湾青瓦客栈,花水湾镇,客栈,工作日,51.2,47.7,341,7502,去哪儿,333,22
2026-10-26,m15,花水湾青瓦客栈,花水湾镇,客栈,工作日,51.2,47.7,341,7502,途家,349,22
2026-10-27,m15,花水湾青瓦客栈,花水湾镇,客栈,工作日,67.4,64.5,359,10411,携程,356,16
2026-10-27,m15,花水湾青瓦客栈,花水湾镇,客栈,工作日,67.4,64.5,359,10411,飞猪,357,15
2026-10-27,m15,花水湾青瓦客栈,花水湾镇,客栈,工作日,67.4,64.5,359,10411,去哪儿,354,15
2026-10-27,m15,花水湾青瓦客栈,花水湾镇,客栈,工作日,67.4,64.5,359,10411,途家,368,15
2026-10-28,m15,花水湾青瓦客栈,花水湾镇,客栈,工作日,51.2,48.8,350,7700,携程,352,22
2026-10-28,m15,花水湾青瓦客栈,花水湾镇,客栈,工作日,51.2,48.8,350,7700,飞猪,349,22
2026-10-28,m15,花水湾青瓦客栈,花水湾镇,客栈,工作日,51.2,48.8,350,7700,去哪儿,341,22
2026-10-28,m15,花水湾青瓦客栈,花水湾镇,客栈,工作日,51.2,48.8,350,7700,途家,358,22
2026-10-29,m15,花水湾青瓦客栈,花水湾镇,客栈,工作日,72.1,67.4,354,10974,携程,355,14
2026-10-29,m15,花水湾青瓦客栈,花水湾镇,客栈,工作日,72.1,67.4,354,10974,飞猪,350,14
2026-10-29,m15,花水湾青瓦客栈,花水湾镇,客栈,工作日,72.1,67.4,354,10974,去哪儿,347,14
2026-10-29,m15,花水湾青瓦客栈,花水湾镇,客栈,工作日,72.1,67.4,354,10974,途家,363,14
2026-10-30,m15,花水湾青瓦客栈,花水湾镇,客栈,工作日,62.8,59.9,350,9450,携程,355,17
2026-10-30,m15,花水湾青瓦客栈,花水湾镇,客栈,工作日,62.8,59.9,350,9450,飞猪,346,18
2026-10-30,m15,花水湾青瓦客栈,花水湾镇,客栈,工作日,62.8,59.9,350,9450,去哪儿,342,17
2026-10-30,m15,花水湾青瓦客栈,花水湾镇,客栈,工作日,62.8,59.9,350,9450,途家,355,17
2026-10-31,m15,花水湾青瓦客栈,花水湾镇,客栈,周末,97.7,86.0,484,20328,携程,484,6
2026-10-31,m15,花水湾青瓦客栈,花水湾镇,客栈,周末,97.7,86.0,484,20328,飞猪,484,6
2026-10-31,m15,花水湾青瓦客栈,花水湾镇,客栈,周末,97.7,86.0,484,20328,去哪儿,476,6
2026-10-31,m15,花水湾青瓦客栈,花水湾镇,客栈,周末,97.7,86.0,484,20328,途家,493,6
2026-10-01,m16,花水湾小筑温泉民宿,花水湾镇,温泉民宿,国庆,94.1,86.8,1656,26496,携程,1657,3
2026-10-01,m16,花水湾小筑温泉民宿,花水湾镇,温泉民宿,国庆,94.1,86.8,1656,26496,美团,1611,2
2026-10-01,m16,花水湾小筑温泉民宿,花水湾镇,温泉民宿,国庆,94.1,86.8,1656,26496,飞猪,1655,2
2026-10-01,m16,花水湾小筑温泉民宿,花水湾镇,温泉民宿,国庆,94.1,86.8,1656,26496,途家,1700,2
2026-10-02,m16,花水湾小筑温泉民宿,花水湾镇,温泉民宿,国庆,94.1,80.9,1640,26240,携程,1634,3
2026-10-02,m16,花水湾小筑温泉民宿,花水湾镇,温泉民宿,国庆,94.1,80.9,1640,26240,美团,1600,4
2026-10-02,m16,花水湾小筑温泉民宿,花水湾镇,温泉民宿,国庆,94.1,80.9,1640,26240,飞猪,1643,3
2026-10-02,m16,花水湾小筑温泉民宿,花水湾镇,温泉民宿,国庆,94.1,80.9,1640,26240,途家,1684,3
2026-10-03,m16,花水湾小筑温泉民宿,花水湾镇,温泉民宿,国庆,88.2,86.8,1571,23565,携程,1582,2
2026-10-03,m16,花水湾小筑温泉民宿,花水湾镇,温泉民宿,国庆,88.2,86.8,1571,23565,美团,1540,3
2026-10-03,m16,花水湾小筑温泉民宿,花水湾镇,温泉民宿,国庆,88.2,86.8,1571,23565,飞猪,1555,2
2026-10-03,m16,花水湾小筑温泉民宿,花水湾镇,温泉民宿,国庆,88.2,86.8,1571,23565,途家,1605,2
2026-10-04,m16,花水湾小筑温泉民宿,花水湾镇,温泉民宿,国庆,88.2,80.9,1529,22935,携程,1539,3
2026-10-04,m16,花水湾小筑温泉民宿,花水湾镇,温泉民宿,国庆,88.2,80.9,1529,22935,美团,1491,4
2026-10-04,m16,花水湾小筑温泉民宿,花水湾镇,温泉民宿,国庆,88.2,80.9,1529,22935,飞猪,1520,3
2026-10-04,m16,花水湾小筑温泉民宿,花水湾镇,温泉民宿,国庆,88.2,80.9,1529,22935,途家,1567,3
2026-10-05,m16,花水湾小筑温泉民宿,花水湾镇,温泉民宿,国庆,100.0,91.2,1659,28203,携程,1662,2
2026-10-05,m16,花水湾小筑温泉民宿,花水湾镇,温泉民宿,国庆,100.0,91.2,1659,28203,美团,1610,2
2026-10-05,m16,花水湾小筑温泉民宿,花水湾镇,温泉民宿,国庆,100.0,91.2,1659,28203,飞猪,1669,1
2026-10-05,m16,花水湾小筑温泉民宿,花水湾镇,温泉民宿,国庆,100.0,91.2,1659,28203,途家,1696,1
2026-10-06,m16,花水湾小筑温泉民宿,花水湾镇,温泉民宿,国庆,100.0,92.6,1645,27965,携程,1651,1
2026-10-06,m16,花水湾小筑温泉民宿,花水湾镇,温泉民宿,国庆,100.0,92.6,1645,27965,美团,1597,2
2026-10-06,m16,花水湾小筑温泉民宿,花水湾镇,温泉民宿,国庆,100.0,92.6,1645,27965,飞猪,1632,1
2026-10-06,m16,花水湾小筑温泉民宿,花水湾镇,温泉民宿,国庆,100.0,92.6,1645,27965,途家,1699,1
2026-10-07,m16,花水湾小筑温泉民宿,花水湾镇,温泉民宿,国庆,100.0,92.6,1697,28849,携程,1701,1
2026-10-07,m16,花水湾小筑温泉民宿,花水湾镇,温泉民宿,国庆,100.0,92.6,1697,28849,美团,1652,2
2026-10-07,m16,花水湾小筑温泉民宿,花水湾镇,温泉民宿,国庆,100.0,92.6,1697,28849,飞猪,1694,1
2026-10-07,m16,花水湾小筑温泉民宿,花水湾镇,温泉民宿,国庆,100.0,92.6,1697,28849,途家,1741,1
2026-10-08,m16,花水湾小筑温泉民宿,花水湾镇,温泉民宿,国庆,100.0,80.9,1589,27013,携程,1598,3
2026-10-08,m16,花水湾小筑温泉民宿,花水湾镇,温泉民宿,国庆,100.0,80.9,1589,27013,美团,1533,4
2026-10-08,m16,花水湾小筑温泉民宿,花水湾镇,温泉民宿,国庆,100.0,80.9,1589,27013,飞猪,1593,3
2026-10-08,m16,花水湾小筑温泉民宿,花水湾镇,温泉民宿,国庆,100.0,80.9,1589,27013,途家,1630,3
2026-10-09,m16,花水湾小筑温泉民宿,花水湾镇,温泉民宿,工作日,70.6,69.1,796,9552,携程,798,5
2026-10-09,m16,花水湾小筑温泉民宿,花水湾镇,温泉民宿,工作日,70.6,69.1,796,9552,美团,780,6
2026-10-09,m16,花水湾小筑温泉民宿,花水湾镇,温泉民宿,工作日,70.6,69.1,796,9552,飞猪,792,5
2026-10-09,m16,花水湾小筑温泉民宿,花水湾镇,温泉民宿,工作日,70.6,69.1,796,9552,途家,812,5
2026-10-10,m16,花水湾小筑温泉民宿,花水湾镇,温泉民宿,周末,100.0,98.5,1055,17935,携程,1062,0
2026-10-10,m16,花水湾小筑温泉民宿,花水湾镇,温泉民宿,周末,100.0,98.5,1055,17935,美团,1028,1
2026-10-10,m16,花水湾小筑温泉民宿,花水湾镇,温泉民宿,周末,100.0,98.5,1055,17935,飞猪,1051,0
2026-10-10,m16,花水湾小筑温泉民宿,花水湾镇,温泉民宿,周末,100.0,98.5,1055,17935,途家,1078,0
2026-10-11,m16,花水湾小筑温泉民宿,花水湾镇,温泉民宿,周末,100.0,91.2,1041,17697,携程,1044,1
2026-10-11,m16,花水湾小筑温泉民宿,花水湾镇,温泉民宿,周末,100.0,91.2,1041,17697,美团,1025,2
2026-10-11,m16,花水湾小筑温泉民宿,花水湾镇,温泉民宿,周末,100.0,91.2,1041,17697,飞猪,1039,2
2026-10-11,m16,花水湾小筑温泉民宿,花水湾镇,温泉民宿,周末,100.0,91.2,1041,17697,途家,1056,1
2026-10-12,m16,花水湾小筑温泉民宿,花水湾镇,温泉民宿,工作日,52.9,38.2,725,6525,携程,727,11
2026-10-12,m16,花水湾小筑温泉民宿,花水湾镇,温泉民宿,工作日,52.9,38.2,725,6525,美团,704,10
2026-10-12,m16,花水湾小筑温泉民宿,花水湾镇,温泉民宿,工作日,52.9,38.2,725,6525,飞猪,721,11
2026-10-12,m16,花水湾小筑温泉民宿,花水湾镇,温泉民宿,工作日,52.9,38.2,725,6525,途家,747,10
2026-10-13,m16,花水湾小筑温泉民宿,花水湾镇,温泉民宿,工作日,82.4,76.5,798,11172,携程,807,4
2026-10-13,m16,花水湾小筑温泉民宿,花水湾镇,温泉民宿,工作日,82.4,76.5,798,11172,美团,775,4
2026-10-13,m16,花水湾小筑温泉民宿,花水湾镇,温泉民宿,工作日,82.4,76.5,798,11172,飞猪,796,4
2026-10-13,m16,花水湾小筑温泉民宿,花水湾镇,温泉民宿,工作日,82.4,76.5,798,11172,途家,815,4
2026-10-14,m16,花水湾小筑温泉民宿,花水湾镇,温泉民宿,工作日,82.4,80.9,804,11256,携程,806,3
2026-10-14,m16,花水湾小筑温泉民宿,花水湾镇,温泉民宿,工作日,82.4,80.9,804,11256,美团,785,4
2026-10-14,m16,花水湾小筑温泉民宿,花水湾镇,温泉民宿,工作日,82.4,80.9,804,11256,飞猪,799,3
2026-10-14,m16,花水湾小筑温泉民宿,花水湾镇,温泉民宿,工作日,82.4,80.9,804,11256,途家,826,3
2026-10-15,m16,花水湾小筑温泉民宿,花水湾镇,温泉民宿,工作日,52.9,52.9,745,6705,携程,743,8
2026-10-15,m16,花水湾小筑温泉民宿,花水湾镇,温泉民宿,工作日,52.9,52.9,745,6705,美团,728,8
2026-10-15,m16,花水湾小筑温泉民宿,花水湾镇,温泉民宿,工作日,52.9,52.9,745,6705,飞猪,742,8
2026-10-15,m16,花水湾小筑温泉民宿,花水湾镇,温泉民宿,工作日,52.9,52.9,745,6705,途家,765,8
2026-10-16,m16,花水湾小筑温泉民宿,花水湾镇,温泉民宿,工作日,52.9,51.5,748,6732,携程,758,8
2026-10-16,m16,花水湾小筑温泉民宿,花水湾镇,温泉民宿,工作日,52.9,51.5,748,6732,美团,731,9
2026-10-16,m16,花水湾小筑温泉民宿,花水湾镇,温泉民宿,工作日,52.9,51.5,748,6732,飞猪,740,8
2026-10-16,m16,花水湾小筑温泉民宿,花水湾镇,温泉民宿,工作日,52.9,51.5,748,6732,途家,764,8
2026-10-17,m16,花水湾小筑温泉民宿,花水湾镇,温泉民宿,周末,100.0,98.5,1091,18547,携程,1092,0
2026-10-17,m16,花水湾小筑温泉民宿,花水湾镇,温泉民宿,周末,100.0,98.5,1091,18547,美团,1068,1
2026-10-17,m16,花水湾小筑温泉民宿,花水湾镇,温泉民宿,周末,100.0,98.5,1091,18547,飞猪,1091,0
2026-10-17,m16,花水湾小筑温泉民宿,花水湾镇,温泉民宿,周末,100.0,98.5,1091,18547,途家,1113,0
2026-10-18,m16,花水湾小筑温泉民宿,花水湾镇,温泉民宿,周末,94.1,94.1,1021,16336,携程,1032,1
2026-10-18,m16,花水湾小筑温泉民宿,花水湾镇,温泉民宿,周末,94.1,94.1,1021,16336,美团,996,1
2026-10-18,m16,花水湾小筑温泉民宿,花水湾镇,温泉民宿,周末,94.1,94.1,1021,16336,飞猪,1008,1
2026-10-18,m16,花水湾小筑温泉民宿,花水湾镇,温泉民宿,周末,94.1,94.1,1021,16336,途家,1047,1
2026-10-19,m16,花水湾小筑温泉民宿,花水湾镇,温泉民宿,工作日,70.6,69.1,794,9528,携程,795,5
2026-10-19,m16,花水湾小筑温泉民宿,花水湾镇,温泉民宿,工作日,70.6,69.1,794,9528,美团,771,6
2026-10-19,m16,花水湾小筑温泉民宿,花水湾镇,温泉民宿,工作日,70.6,69.1,794,9528,飞猪,801,5
2026-10-19,m16,花水湾小筑温泉民宿,花水湾镇,温泉民宿,工作日,70.6,69.1,794,9528,途家,807,5
2026-10-20,m16,花水湾小筑温泉民宿,花水湾镇,温泉民宿,工作日,76.5,75.0,821,10673,携程,824,4
2026-10-20,m16,花水湾小筑温泉民宿,花水湾镇,温泉民宿,工作日,76.5,75.0,821,10673,美团,794,5
2026-10-20,m16,花水湾小筑温泉民宿,花水湾镇,温泉民宿,工作日,76.5,75.0,821,10673,飞猪,817,4
2026-10-20,m16,花水湾小筑温泉民宿,花水湾镇,温泉民宿,工作日,76.5,75.0,821,10673,途家,848,4
2026-10-21,m16,花水湾小筑温泉民宿,花水湾镇,温泉民宿,工作日,58.8,51.5,751,7510,携程,760,8
2026-10-21,m16,花水湾小筑温泉民宿,花水湾镇,温泉民宿,工作日,58.8,51.5,751,7510,美团,731,8
2026-10-21,m16,花水湾小筑温泉民宿,花水湾镇,温泉民宿,工作日,58.8,51.5,751,7510,飞猪,743,9
2026-10-21,m16,花水湾小筑温泉民宿,花水湾镇,温泉民宿,工作日,58.8,51.5,751,7510,途家,771,8
2026-10-22,m16,花水湾小筑温泉民宿,花水湾镇,温泉民宿,工作日,52.9,52.9,763,6867,携程,770,8
2026-10-22,m16,花水湾小筑温泉民宿,花水湾镇,温泉民宿,工作日,52.9,52.9,763,6867,美团,748,8
2026-10-22,m16,花水湾小筑温泉民宿,花水湾镇,温泉民宿,工作日,52.9,52.9,763,6867,飞猪,756,8
2026-10-22,m16,花水湾小筑温泉民宿,花水湾镇,温泉民宿,工作日,52.9,52.9,763,6867,途家,778,8
2026-10-23,m16,花水湾小筑温泉民宿,花水湾镇,温泉民宿,工作日,64.7,52.9,748,8228,携程,750,8
2026-10-23,m16,花水湾小筑温泉民宿,花水湾镇,温泉民宿,工作日,64.7,52.9,748,8228,美团,724,8
2026-10-23,m16,花水湾小筑温泉民宿,花水湾镇,温泉民宿,工作日,64.7,52.9,748,8228,飞猪,749,8
2026-10-23,m16,花水湾小筑温泉民宿,花水湾镇,温泉民宿,工作日,64.7,52.9,748,8228,途家,767,8
2026-10-24,m16,花水湾小筑温泉民宿,花水湾镇,温泉民宿,周末,88.2,76.5,1023,15345,携程,1025,4
2026-10-24,m16,花水湾小筑温泉民宿,花水湾镇,温泉民宿,周末,88.2,76.5,1023,15345,美团,993,4
2026-10-24,m16,花水湾小筑温泉民宿,花水湾镇,温泉民宿,周末,88.2,76.5,1023,15345,飞猪,1022,4
2026-10-24,m16,花水湾小筑温泉民宿,花水湾镇,温泉民宿,周末,88.2,76.5,1023,15345,途家,1053,4
2026-10-25,m16,花水湾小筑温泉民宿,花水湾镇,温泉民宿,周末,94.1,88.2,1045,16720,携程,1055,2
2026-10-25,m16,花水湾小筑温泉民宿,花水湾镇,温泉民宿,周末,94.1,88.2,1045,16720,美团,1015,2
2026-10-25,m16,花水湾小筑温泉民宿,花水湾镇,温泉民宿,周末,94.1,88.2,1045,16720,飞猪,1045,2
2026-10-25,m16,花水湾小筑温泉民宿,花水湾镇,温泉民宿,周末,94.1,88.2,1045,16720,途家,1064,2
2026-10-26,m16,花水湾小筑温泉民宿,花水湾镇,温泉民宿,工作日,70.6,69.1,769,9228,携程,781,5
2026-10-26,m16,花水湾小筑温泉民宿,花水湾镇,温泉民宿,工作日,70.6,69.1,769,9228,美团,754,6
2026-10-26,m16,花水湾小筑温泉民宿,花水湾镇,温泉民宿,工作日,70.6,69.1,769,9228,飞猪,756,5
2026-10-26,m16,花水湾小筑温泉民宿,花水湾镇,温泉民宿,工作日,70.6,69.1,769,9228,途家,783,5
2026-10-27,m16,花水湾小筑温泉民宿,花水湾镇,温泉民宿,工作日,58.8,57.4,781,7810,携程,791,7
2026-10-27,m16,花水湾小筑温泉民宿,花水湾镇,温泉民宿,工作日,58.8,57.4,781,7810,美团,764,7
2026-10-27,m16,花水湾小筑温泉民宿,花水湾镇,温泉民宿,工作日,58.8,57.4,781,7810,飞猪,769,8
2026-10-27,m16,花水湾小筑温泉民宿,花水湾镇,温泉民宿,工作日,58.8,57.4,781,7810,途家,799,7
2026-10-28,m16,花水湾小筑温泉民宿,花水湾镇,温泉民宿,工作日,76.5,63.2,763,9919,携程,768,6
2026-10-28,m16,花水湾小筑温泉民宿,花水湾镇,温泉民宿,工作日,76.5,63.2,763,9919,美团,749,7
2026-10-28,m16,花水湾小筑温泉民宿,花水湾镇,温泉民宿,工作日,76.5,63.2,763,9919,飞猪,755,6
2026-10-28,m16,花水湾小筑温泉民宿,花水湾镇,温泉民宿,工作日,76.5,63.2,763,9919,途家,780,6
2026-10-29,m16,花水湾小筑温泉民宿,花水湾镇,温泉民宿,工作日,70.6,70.6,792,9504,携程,799,5
2026-10-29,m16,花水湾小筑温泉民宿,花水湾镇,温泉民宿,工作日,70.6,70.6,792,9504,美团,769,5
2026-10-29,m16,花水湾小筑温泉民宿,花水湾镇,温泉民宿,工作日,70.6,70.6,792,9504,飞猪,793,5
2026-10-29,m16,花水湾小筑温泉民宿,花水湾镇,温泉民宿,工作日,70.6,70.6,792,9504,途家,808,5
2026-10-30,m16,花水湾小筑温泉民宿,花水湾镇,温泉民宿,工作日,70.6,58.8,758,9096,携程,766,7
2026-10-30,m16,花水湾小筑温泉民宿,花水湾镇,温泉民宿,工作日,70.6,58.8,758,9096,美团,741,7
2026-10-30,m16,花水湾小筑温泉民宿,花水湾镇,温泉民宿,工作日,70.6,58.8,758,9096,飞猪,750,7
2026-10-30,m16,花水湾小筑温泉民宿,花水湾镇,温泉民宿,工作日,70.6,58.8,758,9096,途家,774,7
2026-10-31,m16,花水湾小筑温泉民宿,花水湾镇,温泉民宿,周末,100.0,97.1,1142,19414,携程,1147,0
2026-10-31,m16,花水湾小筑温泉民宿,花水湾镇,温泉民宿,周末,100.0,97.1,1142,19414,美团,1112,1
2026-10-31,m16,花水湾小筑温泉民宿,花水湾镇,温泉民宿,周末,100.0,97.1,1142,19414,飞猪,1138,1
2026-10-31,m16,花水湾小筑温泉民宿,花水湾镇,温泉民宿,周末,100.0,97.1,1142,19414,途家,1170,0
2026-10-01,m17,花水湾山泉农家乐,花水湾镇,农家乐,国庆,94.1,94.1,636,10176,去哪儿,622,1
2026-10-01,m17,花水湾山泉农家乐,花水湾镇,农家乐,国庆,94.1,94.1,636,10176,途家,650,1
2026-10-02,m17,花水湾山泉农家乐,花水湾镇,农家乐,国庆,94.1,88.2,600,9600,去哪儿,591,2
2026-10-02,m17,花水湾山泉农家乐,花水湾镇,农家乐,国庆,94.1,88.2,600,9600,途家,609,2
2026-10-03,m17,花水湾山泉农家乐,花水湾镇,农家乐,国庆,100.0,100.0,609,10353,去哪儿,598,0
2026-10-03,m17,花水湾山泉农家乐,花水湾镇,农家乐,国庆,100.0,100.0,609,10353,途家,620,0
2026-10-04,m17,花水湾山泉农家乐,花水湾镇,农家乐,国庆,100.0,94.1,607,10319,去哪儿,597,1
2026-10-04,m17,花水湾山泉农家乐,花水湾镇,农家乐,国庆,100.0,94.1,607,10319,途家,617,1
2026-10-05,m17,花水湾山泉农家乐,花水湾镇,农家乐,国庆,94.1,94.1,629,10064,去哪儿,617,1
2026-10-05,m17,花水湾山泉农家乐,花水湾镇,农家乐,国庆,94.1,94.1,629,10064,途家,640,1
2026-10-06,m17,花水湾山泉农家乐,花水湾镇,农家乐,国庆,100.0,100.0,616,10472,去哪儿,602,0
2026-10-06,m17,花水湾山泉农家乐,花水湾镇,农家乐,国庆,100.0,100.0,616,10472,途家,629,0
2026-10-07,m17,花水湾山泉农家乐,花水湾镇,农家乐,国庆,94.1,88.2,620,9920,去哪儿,606,2
2026-10-07,m17,花水湾山泉农家乐,花水湾镇,农家乐,国庆,94.1,88.2,620,9920,途家,633,2
2026-10-08,m17,花水湾山泉农家乐,花水湾镇,农家乐,国庆,94.1,94.1,630,10080,去哪儿,620,1
2026-10-08,m17,花水湾山泉农家乐,花水湾镇,农家乐,国庆,94.1,94.1,630,10080,途家,639,1
2026-10-09,m17,花水湾山泉农家乐,花水湾镇,农家乐,工作日,52.9,47.1,270,2430,去哪儿,265,9
2026-10-09,m17,花水湾山泉农家乐,花水湾镇,农家乐,工作日,52.9,47.1,270,2430,途家,274,9
2026-10-10,m17,花水湾山泉农家乐,花水湾镇,农家乐,周末,82.4,82.4,396,5544,去哪儿,387,3
2026-10-10,m17,花水湾山泉农家乐,花水湾镇,农家乐,周末,82.4,82.4,396,5544,途家,405,3
2026-10-11,m17,花水湾山泉农家乐,花水湾镇,农家乐,周末,100.0,100.0,393,6681,去哪儿,384,0
2026-10-11,m17,花水湾山泉农家乐,花水湾镇,农家乐,周末,100.0,100.0,393,6681,途家,401,0
2026-10-12,m17,花水湾山泉农家乐,花水湾镇,农家乐,工作日,58.8,58.8,299,2990,去哪儿,292,7
2026-10-12,m17,花水湾山泉农家乐,花水湾镇,农家乐,工作日,58.8,58.8,299,2990,途家,306,7
2026-10-13,m17,花水湾山泉农家乐,花水湾镇,农家乐,工作日,58.8,52.9,281,2810,去哪儿,275,8
2026-10-13,m17,花水湾山泉农家乐,花水湾镇,农家乐,工作日,58.8,52.9,281,2810,途家,286,8
2026-10-14,m17,花水湾山泉农家乐,花水湾镇,农家乐,工作日,58.8,58.8,290,2900,去哪儿,283,7
2026-10-14,m17,花水湾山泉农家乐,花水湾镇,农家乐,工作日,58.8,58.8,290,2900,途家,296,7
2026-10-15,m17,花水湾山泉农家乐,花水湾镇,农家乐,工作日,52.9,52.9,283,2547,去哪儿,278,8
2026-10-15,m17,花水湾山泉农家乐,花水湾镇,农家乐,工作日,52.9,52.9,283,2547,途家,287,8
2026-10-16,m17,花水湾山泉农家乐,花水湾镇,农家乐,工作日,64.7,64.7,295,3245,去哪儿,290,6
2026-10-16,m17,花水湾山泉农家乐,花水湾镇,农家乐,工作日,64.7,64.7,295,3245,途家,300,6
2026-10-17,m17,花水湾山泉农家乐,花水湾镇,农家乐,周末,100.0,94.1,427,7259,去哪儿,416,1
2026-10-17,m17,花水湾山泉农家乐,花水湾镇,农家乐,周末,100.0,94.1,427,7259,途家,438,1
2026-10-18,m17,花水湾山泉农家乐,花水湾镇,农家乐,周末,94.1,88.2,410,6560,去哪儿,402,2
2026-10-18,m17,花水湾山泉农家乐,花水湾镇,农家乐,周末,94.1,88.2,410,6560,途家,418,2
2026-10-19,m17,花水湾山泉农家乐,花水湾镇,农家乐,工作日,47.1,47.1,281,2248,去哪儿,277,9
2026-10-19,m17,花水湾山泉农家乐,花水湾镇,农家乐,工作日,47.1,47.1,281,2248,途家,284,9
2026-10-20,m17,花水湾山泉农家乐,花水湾镇,农家乐,工作日,88.2,82.4,306,4590,去哪儿,301,3
2026-10-20,m17,花水湾山泉农家乐,花水湾镇,农家乐,工作日,88.2,82.4,306,4590,途家,311,3
2026-10-21,m17,花水湾山泉农家乐,花水湾镇,农家乐,工作日,64.7,64.7,281,3091,去哪儿,275,6
2026-10-21,m17,花水湾山泉农家乐,花水湾镇,农家乐,工作日,64.7,64.7,281,3091,途家,287,6
2026-10-22,m17,花水湾山泉农家乐,花水湾镇,农家乐,工作日,52.9,52.9,295,2655,去哪儿,289,8
2026-10-22,m17,花水湾山泉农家乐,花水湾镇,农家乐,工作日,52.9,52.9,295,2655,途家,301,8
2026-10-23,m17,花水湾山泉农家乐,花水湾镇,农家乐,工作日,70.6,70.6,291,3492,去哪儿,285,5
2026-10-23,m17,花水湾山泉农家乐,花水湾镇,农家乐,工作日,70.6,70.6,291,3492,途家,296,5
2026-10-24,m17,花水湾山泉农家乐,花水湾镇,农家乐,周末,82.4,76.5,391,5474,去哪儿,381,4
2026-10-24,m17,花水湾山泉农家乐,花水湾镇,农家乐,周末,82.4,76.5,391,5474,途家,400,4
2026-10-25,m17,花水湾山泉农家乐,花水湾镇,农家乐,周末,88.2,76.5,376,5640,去哪儿,369,4
2026-10-25,m17,花水湾山泉农家乐,花水湾镇,农家乐,周末,88.2,76.5,376,5640,途家,382,4
2026-10-26,m17,花水湾山泉农家乐,花水湾镇,农家乐,工作日,70.6,70.6,297,3564,去哪儿,291,5
2026-10-26,m17,花水湾山泉农家乐,花水湾镇,农家乐,工作日,70.6,70.6,297,3564,途家,302,5
2026-10-27,m17,花水湾山泉农家乐,花水湾镇,农家乐,工作日,64.7,64.7,303,3333,去哪儿,298,6
2026-10-27,m17,花水湾山泉农家乐,花水湾镇,农家乐,工作日,64.7,64.7,303,3333,途家,308,6
2026-10-28,m17,花水湾山泉农家乐,花水湾镇,农家乐,工作日,52.9,47.1,279,2511,去哪儿,276,9
2026-10-28,m17,花水湾山泉农家乐,花水湾镇,农家乐,工作日,52.9,47.1,279,2511,途家,282,9
2026-10-29,m17,花水湾山泉农家乐,花水湾镇,农家乐,工作日,35.3,29.4,277,1662,去哪儿,273,12
2026-10-29,m17,花水湾山泉农家乐,花水湾镇,农家乐,工作日,35.3,29.4,277,1662,途家,281,12
2026-10-30,m17,花水湾山泉农家乐,花水湾镇,农家乐,工作日,64.7,58.8,289,3179,去哪儿,283,7
2026-10-30,m17,花水湾山泉农家乐,花水湾镇,农家乐,工作日,64.7,58.8,289,3179,途家,295,7
2026-10-31,m17,花水湾山泉农家乐,花水湾镇,农家乐,周末,100.0,100.0,400,6800,去哪儿,393,0
2026-10-31,m17,花水湾山泉农家乐,花水湾镇,农家乐,周末,100.0,100.0,400,6800,途家,406,0
2026-10-01,m18,花水湾李家农家乐,花水湾镇,农家乐,国庆,100.0,100.0,471,6594,携程,471,0
2026-10-02,m18,花水湾李家农家乐,花水湾镇,农家乐,国庆,78.6,78.6,458,5038,携程,458,3
2026-10-03,m18,花水湾李家农家乐,花水湾镇,农家乐,国庆,92.9,78.6,470,6110,携程,470,3
2026-10-04,m18,花水湾李家农家乐,花水湾镇,农家乐,国庆,85.7,78.6,453,5436,携程,453,3
2026-10-05,m18,花水湾李家农家乐,花水湾镇,农家乐,国庆,100.0,100.0,487,6818,携程,487,0
2026-10-06,m18,花水湾李家农家乐,花水湾镇,农家乐,国庆,85.7,78.6,485,5820,携程,485,3
2026-10-07,m18,花水湾李家农家乐,花水湾镇,农家乐,国庆,100.0,92.9,467,6538,携程,467,1
2026-10-08,m18,花水湾李家农家乐,花水湾镇,农家乐,国庆,100.0,100.0,469,6566,携程,469,0
2026-10-09,m18,花水湾李家农家乐,花水湾镇,农家乐,工作日,57.1,50.0,213,1704,携程,213,7
2026-10-10,m18,花水湾李家农家乐,花水湾镇,农家乐,周末,78.6,64.3,292,3212,携程,292,5
2026-10-11,m18,花水湾李家农家乐,花水湾镇,农家乐,周末,85.7,57.1,290,3480,携程,290,6
2026-10-12,m18,花水湾李家农家乐,花水湾镇,农家乐,工作日,71.4,64.3,230,2300,携程,230,5
2026-10-13,m18,花水湾李家农家乐,花水湾镇,农家乐,工作日,35.7,35.7,214,1070,携程,214,9
2026-10-14,m18,花水湾李家农家乐,花水湾镇,农家乐,工作日,71.4,71.4,227,2270,携程,227,4
2026-10-15,m18,花水湾李家农家乐,花水湾镇,农家乐,工作日,71.4,64.3,221,2210,携程,221,5
2026-10-16,m18,花水湾李家农家乐,花水湾镇,农家乐,工作日,50.0,50.0,217,1519,携程,217,7
2026-10-17,m18,花水湾李家农家乐,花水湾镇,农家乐,周末,85.7,64.3,287,3444,携程,287,5
2026-10-18,m18,花水湾李家农家乐,花水湾镇,农家乐,周末,92.9,92.9,293,3809,携程,293,1
2026-10-19,m18,花水湾李家农家乐,花水湾镇,农家乐,工作日,42.9,35.7,218,1308,携程,218,9
2026-10-20,m18,花水湾李家农家乐,花水湾镇,农家乐,工作日,71.4,64.3,231,2310,携程,231,5
2026-10-21,m18,花水湾李家农家乐,花水湾镇,农家乐,工作日,57.1,50.0,217,1736,携程,217,7
2026-10-22,m18,花水湾李家农家乐,花水湾镇,农家乐,工作日,64.3,64.3,225,2025,携程,225,5
2026-10-23,m18,花水湾李家农家乐,花水湾镇,农家乐,工作日,78.6,71.4,225,2475,携程,225,4
2026-10-24,m18,花水湾李家农家乐,花水湾镇,农家乐,周末,78.6,71.4,281,3091,携程,281,4
2026-10-25,m18,花水湾李家农家乐,花水湾镇,农家乐,周末,92.9,92.9,307,3991,携程,307,1
2026-10-26,m18,花水湾李家农家乐,花水湾镇,农家乐,工作日,50.0,50.0,217,1519,携程,217,7
2026-10-27,m18,花水湾李家农家乐,花水湾镇,农家乐,工作日,64.3,50.0,210,1890,携程,210,7
2026-10-28,m18,花水湾李家农家乐,花水湾镇,农家乐,工作日,57.1,57.1,226,1808,携程,226,6
2026-10-29,m18,花水湾李家农家乐,花水湾镇,农家乐,工作日,57.1,57.1,222,1776,携程,222,6
2026-10-30,m18,花水湾李家农家乐,花水湾镇,农家乐,工作日,64.3,57.1,227,2043,携程,227,6
2026-10-31,m18,花水湾李家农家乐,花水湾镇,农家乐,周末,57.1,42.9,274,2192,携程,274,8
2026-10-01,m19,花水湾竹林农家乐,花水湾镇,农家乐,国庆,94.4,94.4,531,9027,携程,531,1
2026-10-02,m19,花水湾竹林农家乐,花水湾镇,农家乐,国庆,94.4,94.4,538,9146,携程,538,1
2026-10-03,m19,花水湾竹林农家乐,花水湾镇,农家乐,国庆,88.9,88.9,522,8352,携程,522,2
2026-10-04,m19,花水湾竹林农家乐,花水湾镇,农家乐,国庆,94.4,83.3,500,8500,携程,500,3
2026-10-05,m19,花水湾竹林农家乐,花水湾镇,农家乐,国庆,88.9,83.3,540,8640,携程,540,3
2026-10-06,m19,花水湾竹林农家乐,花水湾镇,农家乐,国庆,94.4,83.3,503,8551,携程,503,3
2026-10-07,m19,花水湾竹林农家乐,花水湾镇,农家乐,国庆,88.9,66.7,528,8448,携程,528,6
2026-10-08,m19,花水湾竹林农家乐,花水湾镇,农家乐,国庆,83.3,83.3,551,8265,携程,551,3
2026-10-09,m19,花水湾竹林农家乐,花水湾镇,农家乐,工作日,61.1,55.6,254,2794,携程,254,8
2026-10-10,m19,花水湾竹林农家乐,花水湾镇,农家乐,周末,83.3,83.3,335,5025,携程,335,3
2026-10-11,m19,花水湾竹林农家乐,花水湾镇,农家乐,周末,94.4,88.9,336,5712,携程,336,2
2026-10-12,m19,花水湾竹林农家乐,花水湾镇,农家乐,工作日,61.1,61.1,245,2695,携程,245,7
2026-10-13,m19,花水湾竹林农家乐,花水湾镇,农家乐,工作日,61.1,61.1,255,2805,携程,255,7
2026-10-14,m19,花水湾竹林农家乐,花水湾镇,农家乐,工作日,66.7,61.1,248,2976,携程,248,7
2026-10-15,m19,花水湾竹林农家乐,花水湾镇,农家乐,工作日,72.2,66.7,259,3367,携程,259,6
2026-10-16,m19,花水湾竹林农家乐,花水湾镇,农家乐,工作日,61.1,55.6,257,2827,携程,257,8
2026-10-17,m19,花水湾竹林农家乐,花水湾镇,农家乐,周末,83.3,77.8,346,5190,携程,346,4
2026-10-18,m19,花水湾竹林农家乐,花水湾镇,农家乐,周末,94.4,94.4,356,6052,携程,356,1
2026-10-19,m19,花水湾竹林农家乐,花水湾镇,农家乐,工作日,38.9,33.3,240,1680,携程,240,12
2026-10-20,m19,花水湾竹林农家乐,花水湾镇,农家乐,工作日,61.1,50.0,253,2783,携程,253,9
2026-10-21,m19,花水湾竹林农家乐,花水湾镇,农家乐,工作日,55.6,50.0,250,2500,携程,250,9
2026-10-22,m19,花水湾竹林农家乐,花水湾镇,农家乐,工作日,61.1,61.1,248,2728,携程,248,7
2026-10-23,m19,花水湾竹林农家乐,花水湾镇,农家乐,工作日,72.2,66.7,253,3289,携程,253,6
2026-10-24,m19,花水湾竹林农家乐,花水湾镇,农家乐,周末,77.8,77.8,335,4690,携程,335,4
2026-10-25,m19,花水湾竹林农家乐,花水湾镇,农家乐,周末,83.3,77.8,341,5115,携程,341,4
2026-10-26,m19,花水湾竹林农家乐,花水湾镇,农家乐,工作日,61.1,61.1,247,2717,携程,247,7
2026-10-27,m19,花水湾竹林农家乐,花水湾镇,农家乐,工作日,72.2,72.2,262,3406,携程,262,5
2026-10-28,m19,花水湾竹林农家乐,花水湾镇,农家乐,工作日,50.0,44.4,248,2232,携程,248,10
2026-10-29,m19,花水湾竹林农家乐,花水湾镇,农家乐,工作日,72.2,72.2,260,3380,携程,260,5
2026-10-30,m19,花水湾竹林农家乐,花水湾镇,农家乐,工作日,55.6,44.4,243,2430,携程,243,10
2026-10-31,m19,花水湾竹林农家乐,花水湾镇,农家乐,周末,88.9,66.7,336,5376,携程,336,6
2026-10-01,m20,花水湾罗马假日温泉大酒店,花水湾镇,酒店,国庆,93.8,88.6,2049,307350,美团,2036,19
2026-10-01,m20,花水湾罗马假日温泉大酒店,花水湾镇,酒店,国庆,93.8,88.6,2049,307350,飞猪,2076,18
2026-10-01,m20,花水湾罗马假日温泉大酒店,花水湾镇,酒店,国庆,93.8,88.6,2049,307350,去哪儿,2042,18
2026-10-01,m20,花水湾罗马假日温泉大酒店,花水湾镇,酒店,国庆,93.8,88.6,2049,307350,同程,2042,18
2026-10-02,m20,花水湾罗马假日温泉大酒店,花水湾镇,酒店,国庆,95.0,90.5,2032,308864,美团,2016,15
2026-10-02,m20,花水湾罗马假日温泉大酒店,花水湾镇,酒店,国庆,95.0,90.5,2032,308864,飞猪,2066,15
2026-10-02,m20,花水湾罗马假日温泉大酒店,花水湾镇,酒店,国庆,95.0,90.5,2032,308864,去哪儿,2025,15
2026-10-02,m20,花水湾罗马假日温泉大酒店,花水湾镇,酒店,国庆,95.0,90.5,2032,308864,同程,2020,16
2026-10-03,m20,花水湾罗马假日温泉大酒店,花水湾镇,酒店,国庆,88.8,82.3,2001,284142,美团,1979,29
2026-10-03,m20,花水湾罗马假日温泉大酒店,花水湾镇,酒店,国庆,88.8,82.3,2001,284142,飞猪,2025,28
2026-10-03,m20,花水湾罗马假日温泉大酒店,花水湾镇,酒店,国庆,88.8,82.3,2001,284142,去哪儿,1988,28
2026-10-03,m20,花水湾罗马假日温泉大酒店,花水湾镇,酒店,国庆,88.8,82.3,2001,284142,同程,2013,28
2026-10-04,m20,花水湾罗马假日温泉大酒店,花水湾镇,酒店,国庆,92.5,88.4,2013,297924,美团,1983,19
2026-10-04,m20,花水湾罗马假日温泉大酒店,花水湾镇,酒店,国庆,92.5,88.4,2013,297924,飞猪,2034,18
2026-10-04,m20,花水湾罗马假日温泉大酒店,花水湾镇,酒店,国庆,92.5,88.4,2013,297924,去哪儿,2025,18
2026-10-04,m20,花水湾罗马假日温泉大酒店,花水湾镇,酒店,国庆,92.5,88.4,2013,297924,同程,2011,19
2026-10-05,m20,花水湾罗马假日温泉大酒店,花水湾镇,酒店,国庆,95.6,90.9,2045,312885,美团,2035,15
2026-10-05,m20,花水湾罗马假日温泉大酒店,花水湾镇,酒店,国庆,95.6,90.9,2045,312885,飞猪,2048,14
2026-10-05,m20,花水湾罗马假日温泉大酒店,花水湾镇,酒店,国庆,95.6,90.9,2045,312885,去哪儿,2044,14
2026-10-05,m20,花水湾罗马假日温泉大酒店,花水湾镇,酒店,国庆,95.6,90.9,2045,312885,同程,2053,15
2026-10-06,m20,花水湾罗马假日温泉大酒店,花水湾镇,酒店,国庆,95.6,91.6,2025,309825,美团,2003,14
2026-10-06,m20,花水湾罗马假日温泉大酒店,花水湾镇,酒店,国庆,95.6,91.6,2025,309825,飞猪,2047,13
2026-10-06,m20,花水湾罗马假日温泉大酒店,花水湾镇,酒店,国庆,95.6,91.6,2025,309825,去哪儿,2021,13
2026-10-06,m20,花水湾罗马假日温泉大酒店,花水湾镇,酒店,国庆,95.6,91.6,2025,309825,同程,2027,14
2026-10-07,m20,花水湾罗马假日温泉大酒店,花水湾镇,酒店,国庆,92.5,87.3,2022,299256,美团,2025,20
2026-10-07,m20,花水湾罗马假日温泉大酒店,花水湾镇,酒店,国庆,92.5,87.3,2022,299256,飞猪,2024,20
2026-10-07,m20,花水湾罗马假日温泉大酒店,花水湾镇,酒店,国庆,92.5,87.3,2022,299256,去哪儿,2022,20
2026-10-07,m20,花水湾罗马假日温泉大酒店,花水湾镇,酒店,国庆,92.5,87.3,2022,299256,同程,2017,21
2026-10-08,m20,花水湾罗马假日温泉大酒店,花水湾镇,酒店,国庆,95.0,87.2,2066,314032,美团,2056,21
2026-10-08,m20,花水湾罗马假日温泉大酒店,花水湾镇,酒店,国庆,95.0,87.2,2066,314032,飞猪,2087,20
2026-10-08,m20,花水湾罗马假日温泉大酒店,花水湾镇,酒店,国庆,95.0,87.2,2066,314032,去哪儿,2060,20
2026-10-08,m20,花水湾罗马假日温泉大酒店,花水湾镇,酒店,国庆,95.0,87.2,2066,314032,同程,2062,21
2026-10-09,m20,花水湾罗马假日温泉大酒店,花水湾镇,酒店,工作日,64.4,62.3,980,100940,美团,962,60
2026-10-09,m20,花水湾罗马假日温泉大酒店,花水湾镇,酒店,工作日,64.4,62.3,980,100940,飞猪,993,60
2026-10-09,m20,花水湾罗马假日温泉大酒店,花水湾镇,酒店,工作日,64.4,62.3,980,100940,去哪儿,986,60
2026-10-09,m20,花水湾罗马假日温泉大酒店,花水湾镇,酒店,工作日,64.4,62.3,980,100940,同程,977,61
2026-10-10,m20,花水湾罗马假日温泉大酒店,花水湾镇,酒店,周末,91.3,85.3,1306,190676,美团,1275,24
2026-10-10,m20,花水湾罗马假日温泉大酒店,花水湾镇,酒店,周末,91.3,85.3,1306,190676,飞猪,1332,23
2026-10-10,m20,花水湾罗马假日温泉大酒店,花水湾镇,酒店,周末,91.3,85.3,1306,190676,去哪儿,1305,23
2026-10-10,m20,花水湾罗马假日温泉大酒店,花水湾镇,酒店,周末,91.3,85.3,1306,190676,同程,1310,24
2026-10-11,m20,花水湾罗马假日温泉大酒店,花水湾镇,酒店,周末,88.8,84.1,1310,186020,美团,1309,26
2026-10-11,m20,花水湾罗马假日温泉大酒店,花水湾镇,酒店,周末,88.8,84.1,1310,186020,飞猪,1316,25
2026-10-11,m20,花水湾罗马假日温泉大酒店,花水湾镇,酒店,周末,88.8,84.1,1310,186020,去哪儿,1301,25
2026-10-11,m20,花水湾罗马假日温泉大酒店,花水湾镇,酒店,周末,88.8,84.1,1310,186020,同程,1314,26
2026-10-12,m20,花水湾罗马假日温泉大酒店,花水湾镇,酒店,工作日,73.1,70.5,982,114894,美团,967,47
2026-10-12,m20,花水湾罗马假日温泉大酒店,花水湾镇,酒店,工作日,73.1,70.5,982,114894,飞猪,997,47
2026-10-12,m20,花水湾罗马假日温泉大酒店,花水湾镇,酒店,工作日,73.1,70.5,982,114894,去哪儿,986,47
2026-10-12,m20,花水湾罗马假日温泉大酒店,花水湾镇,酒店,工作日,73.1,70.5,982,114894,同程,977,48
2026-10-13,m20,花水湾罗马假日温泉大酒店,花水湾镇,酒店,工作日,69.4,66.3,980,108780,美团,964,54
2026-10-13,m20,花水湾罗马假日温泉大酒店,花水湾镇,酒店,工作日,69.4,66.3,980,108780,飞猪,989,54
2026-10-13,m20,花水湾罗马假日温泉大酒店,花水湾镇,酒店,工作日,69.4,66.3,980,108780,去哪儿,988,54
2026-10-13,m20,花水湾罗马假日温泉大酒店,花水湾镇,酒店,工作日,69.4,66.3,980,108780,同程,978,54
2026-10-14,m20,花水湾罗马假日温泉大酒店,花水湾镇,酒店,工作日,68.1,65.9,970,105730,美团,965,55
2026-10-14,m20,花水湾罗马假日温泉大酒店,花水湾镇,酒店,工作日,68.1,65.9,970,105730,飞猪,981,54
2026-10-14,m20,花水湾罗马假日温泉大酒店,花水湾镇,酒店,工作日,68.1,65.9,970,105730,去哪儿,962,54
2026-10-14,m20,花水湾罗马假日温泉大酒店,花水湾镇,酒店,工作日,68.1,65.9,970,105730,同程,973,55
2026-10-15,m20,花水湾罗马假日温泉大酒店,花水湾镇,酒店,工作日,69.4,65.5,965,107115,美团,947,55
2026-10-15,m20,花水湾罗马假日温泉大酒店,花水湾镇,酒店,工作日,69.4,65.5,965,107115,飞猪,980,55
2026-10-15,m20,花水湾罗马假日温泉大酒店,花水湾镇,酒店,工作日,69.4,65.5,965,107115,去哪儿,977,55
2026-10-15,m20,花水湾罗马假日温泉大酒店,花水湾镇,酒店,工作日,69.4,65.5,965,107115,同程,954,56
2026-10-16,m20,花水湾罗马假日温泉大酒店,花水湾镇,酒店,工作日,68.8,65.2,964,106040,美团,947,56
2026-10-16,m20,花水湾罗马假日温泉大酒店,花水湾镇,酒店,工作日,68.8,65.2,964,106040,飞猪,982,56
2026-10-16,m20,花水湾罗马假日温泉大酒店,花水湾镇,酒店,工作日,68.8,65.2,964,106040,去哪儿,964,55
2026-10-16,m20,花水湾罗马假日温泉大酒店,花水湾镇,酒店,工作日,68.8,65.2,964,106040,同程,962,56
2026-10-17,m20,花水湾罗马假日温泉大酒店,花水湾镇,酒店,周末,87.5,82.3,1314,183960,美团,1299,29
2026-10-17,m20,花水湾罗马假日温泉大酒店,花水湾镇,酒店,周末,87.5,82.3,1314,183960,飞猪,1320,28
2026-10-17,m20,花水湾罗马假日温泉大酒店,花水湾镇,酒店,周末,87.5,82.3,1314,183960,去哪儿,1311,28
2026-10-17,m20,花水湾罗马假日温泉大酒店,花水湾镇,酒店,周末,87.5,82.3,1314,183960,同程,1324,28
2026-10-18,m20,花水湾罗马假日温泉大酒店,花水湾镇,酒店,周末,91.9,87.8,1314,193158,美团,1305,20
2026-10-18,m20,花水湾罗马假日温泉大酒店,花水湾镇,酒店,周末,91.9,87.8,1314,193158,飞猪,1327,19
2026-10-18,m20,花水湾罗马假日温泉大酒店,花水湾镇,酒店,周末,91.9,87.8,1314,193158,去哪儿,1314,19
2026-10-18,m20,花水湾罗马假日温泉大酒店,花水湾镇,酒店,周末,91.9,87.8,1314,193158,同程,1309,20
2026-10-19,m20,花水湾罗马假日温泉大酒店,花水湾镇,酒店,工作日,71.9,68.4,969,111435,美团,961,51
2026-10-19,m20,花水湾罗马假日温泉大酒店,花水湾镇,酒店,工作日,71.9,68.4,969,111435,飞猪,973,51
2026-10-19,m20,花水湾罗马假日温泉大酒店,花水湾镇,酒店,工作日,71.9,68.4,969,111435,去哪儿,974,50
2026-10-19,m20,花水湾罗马假日温泉大酒店,花水湾镇,酒店,工作日,71.9,68.4,969,111435,同程,968,50
2026-10-20,m20,花水湾罗马假日温泉大酒店,花水湾镇,酒店,工作日,71.3,66.9,983,112062,美团,972,53
2026-10-20,m20,花水湾罗马假日温泉大酒店,花水湾镇,酒店,工作日,71.3,66.9,983,112062,飞猪,996,53
2026-10-20,m20,花水湾罗马假日温泉大酒店,花水湾镇,酒店,工作日,71.3,66.9,983,112062,去哪儿,984,53
2026-10-20,m20,花水湾罗马假日温泉大酒店,花水湾镇,酒店,工作日,71.3,66.9,983,112062,同程,980,53
2026-10-21,m20,花水湾罗马假日温泉大酒店,花水湾镇,酒店,工作日,64.4,62.8,966,99498,美团,950,60
2026-10-21,m20,花水湾罗马假日温泉大酒店,花水湾镇,酒店,工作日,64.4,62.8,966,99498,飞猪,975,60
2026-10-21,m20,花水湾罗马假日温泉大酒店,花水湾镇,酒店,工作日,64.4,62.8,966,99498,去哪儿,968,59
2026-10-21,m20,花水湾罗马假日温泉大酒店,花水湾镇,酒店,工作日,64.4,62.8,966,99498,同程,970,59
2026-10-22,m20,花水湾罗马假日温泉大酒店,花水湾镇,酒店,工作日,74.4,69.2,984,117096,美团,968,49
2026-10-22,m20,花水湾罗马假日温泉大酒店,花水湾镇,酒店,工作日,74.4,69.2,984,117096,飞猪,1004,49
2026-10-22,m20,花水湾罗马假日温泉大酒店,花水湾镇,酒店,工作日,74.4,69.2,984,117096,去哪儿,984,49
2026-10-22,m20,花水湾罗马假日温泉大酒店,花水湾镇,酒店,工作日,74.4,69.2,984,117096,同程,980,50
2026-10-23,m20,花水湾罗马假日温泉大酒店,花水湾镇,酒店,工作日,60.0,58.0,956,91776,美团,948,67
2026-10-23,m20,花水湾罗马假日温泉大酒店,花水湾镇,酒店,工作日,60.0,58.0,956,91776,飞猪,963,67
2026-10-23,m20,花水湾罗马假日温泉大酒店,花水湾镇,酒店,工作日,60.0,58.0,956,91776,去哪儿,956,67
2026-10-23,m20,花水湾罗马假日温泉大酒店,花水湾镇,酒店,工作日,60.0,58.0,956,91776,同程,957,68
2026-10-24,m20,花水湾罗马假日温泉大酒店,花水湾镇,酒店,周末,86.3,81.6,1324,182712,美团,1307,30
2026-10-24,m20,花水湾罗马假日温泉大酒店,花水湾镇,酒店,周末,86.3,81.6,1324,182712,飞猪,1327,29
2026-10-24,m20,花水湾罗马假日温泉大酒店,花水湾镇,酒店,周末,86.3,81.6,1324,182712,去哪儿,1336,29
2026-10-24,m20,花水湾罗马假日温泉大酒店,花水湾镇,酒店,周末,86.3,81.6,1324,182712,同程,1325,30
2026-10-25,m20,花水湾罗马假日温泉大酒店,花水湾镇,酒店,周末,90.0,84.7,1297,186768,美团,1289,25
2026-10-25,m20,花水湾罗马假日温泉大酒店,花水湾镇,酒店,周末,90.0,84.7,1297,186768,飞猪,1309,24
2026-10-25,m20,花水湾罗马假日温泉大酒店,花水湾镇,酒店,周末,90.0,84.7,1297,186768,去哪儿,1286,24
2026-10-25,m20,花水湾罗马假日温泉大酒店,花水湾镇,酒店,周末,90.0,84.7,1297,186768,同程,1302,25
2026-10-26,m20,花水湾罗马假日温泉大酒店,花水湾镇,酒店,工作日,68.8,61.1,964,106040,美团,945,63
2026-10-26,m20,花水湾罗马假日温泉大酒店,花水湾镇,酒店,工作日,68.8,61.1,964,106040,飞猪,978,62
2026-10-26,m20,花水湾罗马假日温泉大酒店,花水湾镇,酒店,工作日,68.8,61.1,964,106040,去哪儿,963,62
2026-10-26,m20,花水湾罗马假日温泉大酒店,花水湾镇,酒店,工作日,68.8,61.1,964,106040,同程,968,62
2026-10-27,m20,花水湾罗马假日温泉大酒店,花水湾镇,酒店,工作日,74.4,71.6,975,116025,美团,969,46
2026-10-27,m20,花水湾罗马假日温泉大酒店,花水湾镇,酒店,工作日,74.4,71.6,975,116025,飞猪,980,45
2026-10-27,m20,花水湾罗马假日温泉大酒店,花水湾镇,酒店,工作日,74.4,71.6,975,116025,去哪儿,978,45
2026-10-27,m20,花水湾罗马假日温泉大酒店,花水湾镇,酒店,工作日,74.4,71.6,975,116025,同程,973,46
2026-10-28,m20,花水湾罗马假日温泉大酒店,花水湾镇,酒店,工作日,67.5,62.0,950,102600,美团,944,61
2026-10-28,m20,花水湾罗马假日温泉大酒店,花水湾镇,酒店,工作日,67.5,62.0,950,102600,飞猪,960,61
2026-10-28,m20,花水湾罗马假日温泉大酒店,花水湾镇,酒店,工作日,67.5,62.0,950,102600,去哪儿,945,60
2026-10-28,m20,花水湾罗马假日温泉大酒店,花水湾镇,酒店,工作日,67.5,62.0,950,102600,同程,950,61
2026-10-29,m20,花水湾罗马假日温泉大酒店,花水湾镇,酒店,工作日,73.1,71.1,967,113139,美团,956,47
2026-10-29,m20,花水湾罗马假日温泉大酒店,花水湾镇,酒店,工作日,73.1,71.1,967,113139,飞猪,978,46
2026-10-29,m20,花水湾罗马假日温泉大酒店,花水湾镇,酒店,工作日,73.1,71.1,967,113139,去哪儿,971,46
2026-10-29,m20,花水湾罗马假日温泉大酒店,花水湾镇,酒店,工作日,73.1,71.1,967,113139,同程,964,46
2026-10-30,m20,花水湾罗马假日温泉大酒店,花水湾镇,酒店,工作日,70.0,63.6,965,108080,美团,945,59
2026-10-30,m20,花水湾罗马假日温泉大酒店,花水湾镇,酒店,工作日,70.0,63.6,965,108080,飞猪,987,58
2026-10-30,m20,花水湾罗马假日温泉大酒店,花水湾镇,酒店,工作日,70.0,63.6,965,108080,去哪儿,963,58
2026-10-30,m20,花水湾罗马假日温泉大酒店,花水湾镇,酒店,工作日,70.0,63.6,965,108080,同程,963,58
2026-10-31,m20,花水湾罗马假日温泉大酒店,花水湾镇,酒店,周末,89.4,84.8,1300,185900,美团,1291,24
2026-10-31,m20,花水湾罗马假日温泉大酒店,花水湾镇,酒店,周末,89.4,84.8,1300,185900,飞猪,1313,25
2026-10-31,m20,花水湾罗马假日温泉大酒店,花水湾镇,酒店,周末,89.4,84.8,1300,185900,去哪儿,1289,24
2026-10-31,m20,花水湾罗马假日温泉大酒店,花水湾镇,酒店,周末,89.4,84.8,1300,185900,同程,1308,24
2026-10-01,m21,花水湾竹里温泉民宿,花水湾镇,温泉民宿,国庆,88.2,88.2,1238,18570,美团,1213,2
2026-10-01,m21,花水湾竹里温泉民宿,花水湾镇,温泉民宿,国庆,88.2,88.2,1238,18570,途家,1263,2
2026-10-02,m21,花水湾竹里温泉民宿,花水湾镇,温泉民宿,国庆,88.2,88.2,1156,17340,美团,1132,2
2026-10-02,m21,花水湾竹里温泉民宿,花水湾镇,温泉民宿,国庆,88.2,88.2,1156,17340,途家,1179,2
2026-10-03,m21,花水湾竹里温泉民宿,花水湾镇,温泉民宿,国庆,94.1,94.1,1185,18960,美团,1145,1
2026-10-03,m21,花水湾竹里温泉民宿,花水湾镇,温泉民宿,国庆,94.1,94.1,1185,18960,途家,1224,1
2026-10-04,m21,花水湾竹里温泉民宿,花水湾镇,温泉民宿,国庆,94.1,94.1,1119,17904,美团,1085,1
2026-10-04,m21,花水湾竹里温泉民宿,花水湾镇,温泉民宿,国庆,94.1,94.1,1119,17904,途家,1153,1
2026-10-05,m21,花水湾竹里温泉民宿,花水湾镇,温泉民宿,国庆,82.4,79.4,1168,16352,美团,1139,4
2026-10-05,m21,花水湾竹里温泉民宿,花水湾镇,温泉民宿,国庆,82.4,79.4,1168,16352,途家,1196,3
2026-10-06,m21,花水湾竹里温泉民宿,花水湾镇,温泉民宿,国庆,100.0,94.1,1219,20723,美团,1191,1
2026-10-06,m21,花水湾竹里温泉民宿,花水湾镇,温泉民宿,国庆,100.0,94.1,1219,20723,途家,1247,1
2026-10-07,m21,花水湾竹里温泉民宿,花水湾镇,温泉民宿,国庆,94.1,94.1,1245,19920,美团,1212,1
2026-10-07,m21,花水湾竹里温泉民宿,花水湾镇,温泉民宿,国庆,94.1,94.1,1245,19920,途家,1278,1
2026-10-08,m21,花水湾竹里温泉民宿,花水湾镇,温泉民宿,国庆,94.1,85.3,1175,18800,美团,1146,3
2026-10-08,m21,花水湾竹里温泉民宿,花水湾镇,温泉民宿,国庆,94.1,85.3,1175,18800,途家,1204,2
2026-10-09,m21,花水湾竹里温泉民宿,花水湾镇,温泉民宿,工作日,64.7,64.7,550,6050,美团,534,6
2026-10-09,m21,花水湾竹里温泉民宿,花水湾镇,温泉民宿,工作日,64.7,64.7,550,6050,途家,565,6
2026-10-10,m21,花水湾竹里温泉民宿,花水湾镇,温泉民宿,周末,100.0,100.0,791,13447,美团,771,0
2026-10-10,m21,花水湾竹里温泉民宿,花水湾镇,温泉民宿,周末,100.0,100.0,791,13447,途家,811,0
2026-10-11,m21,花水湾竹里温泉民宿,花水湾镇,温泉民宿,周末,100.0,79.4,760,12920,美团,745,4
2026-10-11,m21,花水湾竹里温泉民宿,花水湾镇,温泉民宿,周末,100.0,79.4,760,12920,途家,774,3
2026-10-12,m21,花水湾竹里温泉民宿,花水湾镇,温泉民宿,工作日,76.5,76.5,579,7527,美团,568,4
2026-10-12,m21,花水湾竹里温泉民宿,花水湾镇,温泉民宿,工作日,76.5,76.5,579,7527,途家,590,4
2026-10-13,m21,花水湾竹里温泉民宿,花水湾镇,温泉民宿,工作日,58.8,58.8,548,5480,美团,538,7
2026-10-13,m21,花水湾竹里温泉民宿,花水湾镇,温泉民宿,工作日,58.8,58.8,548,5480,途家,558,7
2026-10-14,m21,花水湾竹里温泉民宿,花水湾镇,温泉民宿,工作日,52.9,50.0,544,4896,美团,530,9
2026-10-14,m21,花水湾竹里温泉民宿,花水湾镇,温泉民宿,工作日,52.9,50.0,544,4896,途家,558,8
2026-10-15,m21,花水湾竹里温泉民宿,花水湾镇,温泉民宿,工作日,70.6,67.6,555,6660,美团,541,6
2026-10-15,m21,花水湾竹里温泉民宿,花水湾镇,温泉民宿,工作日,70.6,67.6,555,6660,途家,568,5
2026-10-16,m21,花水湾竹里温泉民宿,花水湾镇,温泉民宿,工作日,64.7,58.8,547,6017,美团,534,7
2026-10-16,m21,花水湾竹里温泉民宿,花水湾镇,温泉民宿,工作日,64.7,58.8,547,6017,途家,560,7
2026-10-17,m21,花水湾竹里温泉民宿,花水湾镇,温泉民宿,周末,94.1,82.4,734,11744,美团,711,3
2026-10-17,m21,花水湾竹里温泉民宿,花水湾镇,温泉民宿,周末,94.1,82.4,734,11744,途家,757,3
2026-10-18,m21,花水湾竹里温泉民宿,花水湾镇,温泉民宿,周末,94.1,94.1,753,12048,美团,734,1
2026-10-18,m21,花水湾竹里温泉民宿,花水湾镇,温泉民宿,周末,94.1,94.1,753,12048,途家,772,1
2026-10-19,m21,花水湾竹里温泉民宿,花水湾镇,温泉民宿,工作日,64.7,61.8,560,6160,美团,546,7
2026-10-19,m21,花水湾竹里温泉民宿,花水湾镇,温泉民宿,工作日,64.7,61.8,560,6160,途家,574,6
2026-10-20,m21,花水湾竹里温泉民宿,花水湾镇,温泉民宿,工作日,88.2,85.3,579,8685,美团,567,3
2026-10-20,m21,花水湾竹里温泉民宿,花水湾镇,温泉民宿,工作日,88.2,85.3,579,8685,途家,590,2
2026-10-21,m21,花水湾竹里温泉民宿,花水湾镇,温泉民宿,工作日,64.7,50.0,540,5940,美团,528,9
2026-10-21,m21,花水湾竹里温泉民宿,花水湾镇,温泉民宿,工作日,64.7,50.0,540,5940,途家,551,8
2026-10-22,m21,花水湾竹里温泉民宿,花水湾镇,温泉民宿,工作日,70.6,64.7,549,6588,美团,534,6
2026-10-22,m21,花水湾竹里温泉民宿,花水湾镇,温泉民宿,工作日,70.6,64.7,549,6588,途家,564,6
2026-10-23,m21,花水湾竹里温泉民宿,花水湾镇,温泉民宿,工作日,70.6,67.6,541,6492,美团,529,6
2026-10-23,m21,花水湾竹里温泉民宿,花水湾镇,温泉民宿,工作日,70.6,67.6,541,6492,途家,553,5
2026-10-24,m21,花水湾竹里温泉民宿,花水湾镇,温泉民宿,周末,100.0,91.2,770,13090,美团,744,2
2026-10-24,m21,花水湾竹里温泉民宿,花水湾镇,温泉民宿,周末,100.0,91.2,770,13090,途家,795,1
2026-10-25,m21,花水湾竹里温泉民宿,花水湾镇,温泉民宿,周末,88.2,88.2,752,11280,美团,733,2
2026-10-25,m21,花水湾竹里温泉民宿,花水湾镇,温泉民宿,周末,88.2,88.2,752,11280,途家,771,2
2026-10-26,m21,花水湾竹里温泉民宿,花水湾镇,温泉民宿,工作日,64.7,58.8,541,5951,美团,524,7
2026-10-26,m21,花水湾竹里温泉民宿,花水湾镇,温泉民宿,工作日,64.7,58.8,541,5951,途家,557,7
2026-10-27,m21,花水湾竹里温泉民宿,花水湾镇,温泉民宿,工作日,82.4,82.4,580,8120,美团,570,3
2026-10-27,m21,花水湾竹里温泉民宿,花水湾镇,温泉民宿,工作日,82.4,82.4,580,8120,途家,589,3
2026-10-28,m21,花水湾竹里温泉民宿,花水湾镇,温泉民宿,工作日,82.4,73.5,571,7994,美团,558,5
2026-10-28,m21,花水湾竹里温泉民宿,花水湾镇,温泉民宿,工作日,82.4,73.5,571,7994,途家,583,4
2026-10-29,m21,花水湾竹里温泉民宿,花水湾镇,温泉民宿,工作日,70.6,64.7,564,6768,美团,554,6
2026-10-29,m21,花水湾竹里温泉民宿,花水湾镇,温泉民宿,工作日,70.6,64.7,564,6768,途家,574,6
2026-10-30,m21,花水湾竹里温泉民宿,花水湾镇,温泉民宿,工作日,76.5,67.6,569,7397,美团,558,6
2026-10-30,m21,花水湾竹里温泉民宿,花水湾镇,温泉民宿,工作日,76.5,67.6,569,7397,途家,580,5
2026-10-31,m21,花水湾竹里温泉民宿,花水湾镇,温泉民宿,周末,88.2,82.4,746,11190,美团,729,3
2026-10-31,m21,花水湾竹里温泉民宿,花水湾镇,温泉民宿,周末,88.2,82.4,746,11190,途家,763,3
2026-10-01,m22,花水湾逸景温泉民宿,花水湾镇,温泉民宿,国庆,94.1,91.2,699,11184,去哪儿,703,1
2026-10-01,m22,花水湾逸景温泉民宿,花水湾镇,温泉民宿,国庆,94.1,91.2,699,11184,同程,694,2
2026-10-02,m22,花水湾逸景温泉民宿,花水湾镇,温泉民宿,国庆,88.2,85.3,690,10350,去哪儿,686,2
2026-10-02,m22,花水湾逸景温泉民宿,花水湾镇,温泉民宿,国庆,88.2,85.3,690,10350,同程,693,3
2026-10-03,m22,花水湾逸景温泉民宿,花水湾镇,温泉民宿,国庆,100.0,85.3,731,12427,去哪儿,732,2
2026-10-03,m22,花水湾逸景温泉民宿,花水湾镇,温泉民宿,国庆,100.0,85.3,731,12427,同程,729,3
2026-10-04,m22,花水湾逸景温泉民宿,花水湾镇,温泉民宿,国庆,100.0,97.1,727,12359,去哪儿,724,0
2026-10-04,m22,花水湾逸景温泉民宿,花水湾镇,温泉民宿,国庆,100.0,97.1,727,12359,同程,729,1
2026-10-05,m22,花水湾逸景温泉民宿,花水湾镇,温泉民宿,国庆,82.4,67.6,681,9534,去哪儿,681,5
2026-10-05,m22,花水湾逸景温泉民宿,花水湾镇,温泉民宿,国庆,82.4,67.6,681,9534,同程,681,6
2026-10-06,m22,花水湾逸景温泉民宿,花水湾镇,温泉民宿,国庆,94.1,85.3,705,11280,去哪儿,708,2
2026-10-06,m22,花水湾逸景温泉民宿,花水湾镇,温泉民宿,国庆,94.1,85.3,705,11280,同程,702,3
2026-10-07,m22,花水湾逸景温泉民宿,花水湾镇,温泉民宿,国庆,94.1,88.2,705,11280,去哪儿,707,2
2026-10-07,m22,花水湾逸景温泉民宿,花水湾镇,温泉民宿,国庆,94.1,88.2,705,11280,同程,702,2
2026-10-08,m22,花水湾逸景温泉民宿,花水湾镇,温泉民宿,国庆,88.2,85.3,706,10590,去哪儿,705,2
2026-10-08,m22,花水湾逸景温泉民宿,花水湾镇,温泉民宿,国庆,88.2,85.3,706,10590,同程,707,3
2026-10-09,m22,花水湾逸景温泉民宿,花水湾镇,温泉民宿,工作日,64.7,58.8,350,3850,去哪儿,351,7
2026-10-09,m22,花水湾逸景温泉民宿,花水湾镇,温泉民宿,工作日,64.7,58.8,350,3850,同程,349,7
2026-10-10,m22,花水湾逸景温泉民宿,花水湾镇,温泉民宿,周末,76.5,70.6,433,5629,去哪儿,434,5
2026-10-10,m22,花水湾逸景温泉民宿,花水湾镇,温泉民宿,周末,76.5,70.6,433,5629,同程,431,5
2026-10-11,m22,花水湾逸景温泉民宿,花水湾镇,温泉民宿,周末,94.1,85.3,448,7168,去哪儿,445,2
2026-10-11,m22,花水湾逸景温泉民宿,花水湾镇,温泉民宿,周末,94.1,85.3,448,7168,同程,451,3
2026-10-12,m22,花水湾逸景温泉民宿,花水湾镇,温泉民宿,工作日,64.7,61.8,329,3619,去哪儿,327,6
2026-10-12,m22,花水湾逸景温泉民宿,花水湾镇,温泉民宿,工作日,64.7,61.8,329,3619,同程,330,7
2026-10-13,m22,花水湾逸景温泉民宿,花水湾镇,温泉民宿,工作日,52.9,50.0,331,2979,去哪儿,329,8
2026-10-13,m22,花水湾逸景温泉民宿,花水湾镇,温泉民宿,工作日,52.9,50.0,331,2979,同程,332,9
2026-10-14,m22,花水湾逸景温泉民宿,花水湾镇,温泉民宿,工作日,70.6,67.6,345,4140,去哪儿,343,5
2026-10-14,m22,花水湾逸景温泉民宿,花水湾镇,温泉民宿,工作日,70.6,67.6,345,4140,同程,346,6
2026-10-15,m22,花水湾逸景温泉民宿,花水湾镇,温泉民宿,工作日,64.7,61.8,327,3597,去哪儿,328,6
2026-10-15,m22,花水湾逸景温泉民宿,花水湾镇,温泉民宿,工作日,64.7,61.8,327,3597,同程,325,7
2026-10-16,m22,花水湾逸景温泉民宿,花水湾镇,温泉民宿,工作日,70.6,67.6,342,4104,去哪儿,343,5
2026-10-16,m22,花水湾逸景温泉民宿,花水湾镇,温泉民宿,工作日,70.6,67.6,342,4104,同程,341,6
2026-10-17,m22,花水湾逸景温泉民宿,花水湾镇,温泉民宿,周末,94.1,85.3,453,7248,去哪儿,453,2
2026-10-17,m22,花水湾逸景温泉民宿,花水湾镇,温泉民宿,周末,94.1,85.3,453,7248,同程,452,3
2026-10-18,m22,花水湾逸景温泉民宿,花水湾镇,温泉民宿,周末,88.2,82.4,449,6735,去哪儿,449,3
2026-10-18,m22,花水湾逸景温泉民宿,花水湾镇,温泉民宿,周末,88.2,82.4,449,6735,同程,448,3
2026-10-19,m22,花水湾逸景温泉民宿,花水湾镇,温泉民宿,工作日,76.5,70.6,344,4472,去哪儿,345,5
2026-10-19,m22,花水湾逸景温泉民宿,花水湾镇,温泉民宿,工作日,76.5,70.6,344,4472,同程,343,5
2026-10-20,m22,花水湾逸景温泉民宿,花水湾镇,温泉民宿,工作日,76.5,73.5,345,4485,去哪儿,345,4
2026-10-20,m22,花水湾逸景温泉民宿,花水湾镇,温泉民宿,工作日,76.5,73.5,345,4485,同程,344,5
2026-10-21,m22,花水湾逸景温泉民宿,花水湾镇,温泉民宿,工作日,76.5,70.6,339,4407,去哪儿,336,5
2026-10-21,m22,花水湾逸景温泉民宿,花水湾镇,温泉民宿,工作日,76.5,70.6,339,4407,同程,341,5
2026-10-22,m22,花水湾逸景温泉民宿,花水湾镇,温泉民宿,工作日,82.4,70.6,351,4914,去哪儿,353,5
2026-10-22,m22,花水湾逸景温泉民宿,花水湾镇,温泉民宿,工作日,82.4,70.6,351,4914,同程,348,5
2026-10-23,m22,花水湾逸景温泉民宿,花水湾镇,温泉民宿,工作日,58.8,58.8,339,3390,去哪儿,339,7
2026-10-23,m22,花水湾逸景温泉民宿,花水湾镇,温泉民宿,工作日,58.8,58.8,339,3390,同程,338,7
2026-10-24,m22,花水湾逸景温泉民宿,花水湾镇,温泉民宿,周末,88.2,73.5,441,6615,去哪儿,442,4
2026-10-24,m22,花水湾逸景温泉民宿,花水湾镇,温泉民宿,周末,88.2,73.5,441,6615,同程,440,5
2026-10-25,m22,花水湾逸景温泉民宿,花水湾镇,温泉民宿,周末,82.4,79.4,434,6076,去哪儿,434,3
2026-10-25,m22,花水湾逸景温泉民宿,花水湾镇,温泉民宿,周末,82.4,79.4,434,6076,同程,433,4
2026-10-26,m22,花水湾逸景温泉民宿,花水湾镇,温泉民宿,工作日,70.6,67.6,338,4056,去哪儿,337,5
2026-10-26,m22,花水湾逸景温泉民宿,花水湾镇,温泉民宿,工作日,70.6,67.6,338,4056,同程,338,6
2026-10-27,m22,花水湾逸景温泉民宿,花水湾镇,温泉民宿,工作日,58.8,58.8,347,3470,去哪儿,345,7
2026-10-27,m22,花水湾逸景温泉民宿,花水湾镇,温泉民宿,工作日,58.8,58.8,347,3470,同程,349,7
2026-10-28,m22,花水湾逸景温泉民宿,花水湾镇,温泉民宿,工作日,52.9,47.1,329,2961,去哪儿,328,9
2026-10-28,m22,花水湾逸景温泉民宿,花水湾镇,温泉民宿,工作日,52.9,47.1,329,2961,同程,330,9
2026-10-29,m22,花水湾逸景温泉民宿,花水湾镇,温泉民宿,工作日,88.2,70.6,330,4950,去哪儿,330,5
2026-10-29,m22,花水湾逸景温泉民宿,花水湾镇,温泉民宿,工作日,88.2,70.6,330,4950,同程,330,5
2026-10-30,m22,花水湾逸景温泉民宿,花水湾镇,温泉民宿,工作日,64.7,64.7,322,3542,去哪儿,319,6
2026-10-30,m22,花水湾逸景温泉民宿,花水湾镇,温泉民宿,工作日,64.7,64.7,322,3542,同程,325,6
2026-10-31,m22,花水湾逸景温泉民宿,花水湾镇,温泉民宿,周末,82.4,82.4,465,6510,去哪儿,465,3
2026-10-31,m22,花水湾逸景温泉民宿,花水湾镇,温泉民宿,周末,82.4,82.4,465,6510,同程,465,3
2026-10-01,m23,花水湾青瓦客栈,花水湾镇,客栈,国庆,89.5,76.3,994,33796,携程,1005,9
2026-10-01,m23,花水湾青瓦客栈,花水湾镇,客栈,国庆,89.5,76.3,994,33796,美团,982,9
2026-10-02,m23,花水湾青瓦客栈,花水湾镇,客栈,国庆,97.4,88.2,993,36741,携程,1009,5
2026-10-02,m23,花水湾青瓦客栈,花水湾镇,客栈,国庆,97.4,88.2,993,36741,美团,976,4
2026-10-03,m23,花水湾青瓦客栈,花水湾镇,客栈,国庆,89.5,89.5,988,33592,携程,997,4
2026-10-03,m23,花水湾青瓦客栈,花水湾镇,客栈,国庆,89.5,89.5,988,33592,美团,979,4
2026-10-04,m23,花水湾青瓦客栈,花水湾镇,客栈,国庆,97.4,90.8,1013,37481,携程,1027,4
2026-10-04,m23,花水湾青瓦客栈,花水湾镇,客栈,国庆,97.4,90.8,1013,37481,美团,999,3
2026-10-05,m23,花水湾青瓦客栈,花水湾镇,客栈,国庆,97.4,89.5,995,36815,携程,1010,4
2026-10-05,m23,花水湾青瓦客栈,花水湾镇,客栈,国庆,97.4,89.5,995,36815,美团,980,4
2026-10-06,m23,花水湾青瓦客栈,花水湾镇,客栈,国庆,94.7,89.5,1050,37800,携程,1067,4
2026-10-06,m23,花水湾青瓦客栈,花水湾镇,客栈,国庆,94.7,89.5,1050,37800,美团,1033,4
2026-10-07,m23,花水湾青瓦客栈,花水湾镇,客栈,国庆,89.5,89.5,999,33966,携程,1017,4
2026-10-07,m23,花水湾青瓦客栈,花水湾镇,客栈,国庆,89.5,89.5,999,33966,美团,981,4
2026-10-08,m23,花水湾青瓦客栈,花水湾镇,客栈,国庆,89.5,77.6,974,33116,携程,982,8
2026-10-08,m23,花水湾青瓦客栈,花水湾镇,客栈,国庆,89.5,77.6,974,33116,美团,965,9
2026-10-09,m23,花水湾青瓦客栈,花水湾镇,客栈,工作日,60.5,53.9,465,10695,携程,471,18
2026-10-09,m23,花水湾青瓦客栈,花水湾镇,客栈,工作日,60.5,53.9,465,10695,美团,459,17
2026-10-10,m23,花水湾青瓦客栈,花水湾镇,客栈,周末,86.8,80.3,633,20889,携程,640,8
2026-10-10,m23,花水湾青瓦客栈,花水湾镇,客栈,周末,86.8,80.3,633,20889,美团,626,7
2026-10-11,m23,花水湾青瓦客栈,花水湾镇,客栈,周末,100.0,92.1,665,25270,携程,671,3
2026-10-11,m23,花水湾青瓦客栈,花水湾镇,客栈,周末,100.0,92.1,665,25270,美团,658,3
2026-10-12,m23,花水湾青瓦客栈,花水湾镇,客栈,工作日,68.4,63.2,477,12402,携程,482,14
2026-10-12,m23,花水湾青瓦客栈,花水湾镇,客栈,工作日,68.4,63.2,477,12402,美团,471,14
2026-10-13,m23,花水湾青瓦客栈,花水湾镇,客栈,工作日,73.7,65.8,480,13440,携程,485,13
2026-10-13,m23,花水湾青瓦客栈,花水湾镇,客栈,工作日,73.7,65.8,480,13440,美团,475,13
2026-10-14,m23,花水湾青瓦客栈,花水湾镇,客栈,工作日,71.1,68.4,473,12771,携程,477,12
2026-10-14,m23,花水湾青瓦客栈,花水湾镇,客栈,工作日,71.1,68.4,473,12771,美团,469,12
2026-10-15,m23,花水湾青瓦客栈,花水湾镇,客栈,工作日,71.1,65.8,474,12798,携程,487,13
2026-10-15,m23,花水湾青瓦客栈,花水湾镇,客栈,工作日,71.1,65.8,474,12798,美团,461,13
2026-10-16,m23,花水湾青瓦客栈,花水湾镇,客栈,工作日,71.1,69.7,486,13122,携程,492,11
2026-10-16,m23,花水湾青瓦客栈,花水湾镇,客栈,工作日,71.1,69.7,486,13122,美团,480,12
2026-10-17,m23,花水湾青瓦客栈,花水湾镇,客栈,周末,92.1,84.2,624,21840,携程,632,6
2026-10-17,m23,花水湾青瓦客栈,花水湾镇,客栈,周末,92.1,84.2,624,21840,美团,615,6
2026-10-18,m23,花水湾青瓦客栈,花水湾镇,客栈,周末,97.4,93.4,656,24272,携程,665,2
2026-10-18,m23,花水湾青瓦客栈,花水湾镇,客栈,周末,97.4,93.4,656,24272,美团,646,3
2026-10-19,m23,花水湾青瓦客栈,花水湾镇,客栈,工作日,57.9,57.9,471,10362,携程,480,16
2026-10-19,m23,花水湾青瓦客栈,花水湾镇,客栈,工作日,57.9,57.9,471,10362,美团,462,16
2026-10-20,m23,花水湾青瓦客栈,花水湾镇,客栈,工作日,55.3,53.9,465,9765,携程,469,17
2026-10-20,m23,花水湾青瓦客栈,花水湾镇,客栈,工作日,55.3,53.9,465,9765,美团,461,18
2026-10-21,m23,花水湾青瓦客栈,花水湾镇,客栈,工作日,68.4,67.1,464,12064,携程,472,13
2026-10-21,m23,花水湾青瓦客栈,花水湾镇,客栈,工作日,68.4,67.1,464,12064,美团,456,12
2026-10-22,m23,花水湾青瓦客栈,花水湾镇,客栈,工作日,63.2,60.5,478,11472,携程,486,15
2026-10-22,m23,花水湾青瓦客栈,花水湾镇,客栈,工作日,63.2,60.5,478,11472,美团,470,15
2026-10-23,m23,花水湾青瓦客栈,花水湾镇,客栈,工作日,65.8,65.8,479,11975,携程,488,13
2026-10-23,m23,花水湾青瓦客栈,花水湾镇,客栈,工作日,65.8,65.8,479,11975,美团,470,13
2026-10-24,m23,花水湾青瓦客栈,花水湾镇,客栈,周末,92.1,90.8,659,23065,携程,670,4
2026-10-24,m23,花水湾青瓦客栈,花水湾镇,客栈,周末,92.1,90.8,659,23065,美团,647,3
2026-10-25,m23,花水湾青瓦客栈,花水湾镇,客栈,周末,94.7,92.1,679,24444,携程,691,3
2026-10-25,m23,花水湾青瓦客栈,花水湾镇,客栈,周末,94.7,92.1,679,24444,美团,667,3
2026-10-26,m23,花水湾青瓦客栈,花水湾镇,客栈,工作日,65.8,64.5,493,12325,携程,504,13
2026-10-26,m23,花水湾青瓦客栈,花水湾镇,客栈,工作日,65.8,64.5,493,12325,美团,482,14
2026-10-27,m23,花水湾青瓦客栈,花水湾镇,客栈,工作日,68.4,65.8,484,12584,携程,488,13
2026-10-27,m23,花水湾青瓦客栈,花水湾镇,客栈,工作日,68.4,65.8,484,12584,美团,480,13
2026-10-28,m23,花水湾青瓦客栈,花水湾镇,客栈,工作日,68.4,59.2,488,12688,携程,498,15
2026-10-28,m23,花水湾青瓦客栈,花水湾镇,客栈,工作日,68.4,59.2,488,12688,美团,477,16
2026-10-29,m23,花水湾青瓦客栈,花水湾镇,客栈,工作日,44.7,43.4,452,7684,携程,456,22
2026-10-29,m23,花水湾青瓦客栈,花水湾镇,客栈,工作日,44.7,43.4,452,7684,美团,448,21
2026-10-30,m23,花水湾青瓦客栈,花水湾镇,客栈,工作日,60.5,52.6,474,10902,携程,483,18
2026-10-30,m23,花水湾青瓦客栈,花水湾镇,客栈,工作日,60.5,52.6,474,10902,美团,464,18
2026-10-31,m23,花水湾青瓦客栈,花水湾镇,客栈,周末,92.1,88.2,660,23100,携程,671,4
2026-10-31,m23,花水湾青瓦客栈,花水湾镇,客栈,周末,92.1,88.2,660,23100,美团,648,5
2026-10-01,m24,花水湾罗马假日温泉酒店,花水湾镇,酒店,国庆,95.5,86.9,1736,255192,携程,1741,20
2026-10-01,m24,花水湾罗马假日温泉酒店,花水湾镇,酒店,国庆,95.5,86.9,1736,255192,美团,1693,21
2026-10-01,m24,花水湾罗马假日温泉酒店,花水湾镇,酒店,国庆,95.5,86.9,1736,255192,去哪儿,1717,20
2026-10-01,m24,花水湾罗马假日温泉酒店,花水湾镇,酒店,国庆,95.5,86.9,1736,255192,途家,1794,20
2026-10-02,m24,花水湾罗马假日温泉酒店,花水湾镇,酒店,国庆,94.2,89.6,1718,249110,携程,1732,16
2026-10-02,m24,花水湾罗马假日温泉酒店,花水湾镇,酒店,国庆,94.2,89.6,1718,249110,美团,1688,16
2026-10-02,m24,花水湾罗马假日温泉酒店,花水湾镇,酒店,国庆,94.2,89.6,1718,249110,去哪儿,1679,16
2026-10-02,m24,花水湾罗马假日温泉酒店,花水湾镇,酒店,国庆,94.2,89.6,1718,249110,途家,1774,16
2026-10-03,m24,花水湾罗马假日温泉酒店,花水湾镇,酒店,国庆,93.5,88.1,1723,248112,携程,1739,18
2026-10-03,m24,花水湾罗马假日温泉酒店,花水湾镇,酒店,国庆,93.5,88.1,1723,248112,美团,1673,19
2026-10-03,m24,花水湾罗马假日温泉酒店,花水湾镇,酒店,国庆,93.5,88.1,1723,248112,去哪儿,1714,18
2026-10-03,m24,花水湾罗马假日温泉酒店,花水湾镇,酒店,国庆,93.5,88.1,1723,248112,途家,1764,18
2026-10-04,m24,花水湾罗马假日温泉酒店,花水湾镇,酒店,国庆,94.2,90.7,1722,249690,携程,1741,14
2026-10-04,m24,花水湾罗马假日温泉酒店,花水湾镇,酒店,国庆,94.2,90.7,1722,249690,美团,1680,15
2026-10-04,m24,花水湾罗马假日温泉酒店,花水湾镇,酒店,国庆,94.2,90.7,1722,249690,去哪儿,1693,14
2026-10-04,m24,花水湾罗马假日温泉酒店,花水湾镇,酒店,国庆,94.2,90.7,1722,249690,途家,1773,14
2026-10-05,m24,花水湾罗马假日温泉酒店,花水湾镇,酒店,国庆,91.6,86.9,1703,240123,携程,1710,20
2026-10-05,m24,花水湾罗马假日温泉酒店,花水湾镇,酒店,国庆,91.6,86.9,1703,240123,美团,1675,21
2026-10-05,m24,花水湾罗马假日温泉酒店,花水湾镇,酒店,国庆,91.6,86.9,1703,240123,去哪儿,1674,20
2026-10-05,m24,花水湾罗马假日温泉酒店,花水湾镇,酒店,国庆,91.6,86.9,1703,240123,途家,1754,20
2026-10-06,m24,花水湾罗马假日温泉酒店,花水湾镇,酒店,国庆,96.8,92.7,1780,265220,携程,1803,11
2026-10-06,m24,花水湾罗马假日温泉酒店,花水湾镇,酒店,国庆,96.8,92.7,1780,265220,美团,1744,12
2026-10-06,m24,花水湾罗马假日温泉酒店,花水湾镇,酒店,国庆,96.8,92.7,1780,265220,去哪儿,1750,11
2026-10-06,m24,花水湾罗马假日温泉酒店,花水湾镇,酒店,国庆,96.8,92.7,1780,265220,途家,1822,11
2026-10-07,m24,花水湾罗马假日温泉酒店,花水湾镇,酒店,国庆,97.4,92.5,1756,263400,携程,1781,12
2026-10-07,m24,花水湾罗马假日温泉酒店,花水湾镇,酒店,国庆,97.4,92.5,1756,263400,美团,1695,12
2026-10-07,m24,花水湾罗马假日温泉酒店,花水湾镇,酒店,国庆,97.4,92.5,1756,263400,去哪儿,1737,11
2026-10-07,m24,花水湾罗马假日温泉酒店,花水湾镇,酒店,国庆,97.4,92.5,1756,263400,途家,1812,11
2026-10-08,m24,花水湾罗马假日温泉酒店,花水湾镇,酒店,国庆,92.2,86.4,1728,245376,携程,1749,21
2026-10-08,m24,花水湾罗马假日温泉酒店,花水湾镇,酒店,国庆,92.2,86.4,1728,245376,美团,1696,21
2026-10-08,m24,花水湾罗马假日温泉酒店,花水湾镇,酒店,国庆,92.2,86.4,1728,245376,去哪儿,1697,21
2026-10-08,m24,花水湾罗马假日温泉酒店,花水湾镇,酒店,国庆,92.2,86.4,1728,245376,途家,1769,21
2026-10-09,m24,花水湾罗马假日温泉酒店,花水湾镇,酒店,工作日,74.7,70.5,852,97980,携程,856,46
2026-10-09,m24,花水湾罗马假日温泉酒店,花水湾镇,酒店,工作日,74.7,70.5,852,97980,美团,841,46
2026-10-09,m24,花水湾罗马假日温泉酒店,花水湾镇,酒店,工作日,74.7,70.5,852,97980,去哪儿,835,45
2026-10-09,m24,花水湾罗马假日温泉酒店,花水湾镇,酒店,工作日,74.7,70.5,852,97980,途家,876,45
2026-10-10,m24,花水湾罗马假日温泉酒店,花水湾镇,酒店,周末,85.1,82.3,1129,147899,携程,1134,27
2026-10-10,m24,花水湾罗马假日温泉酒店,花水湾镇,酒店,周末,85.1,82.3,1129,147899,美团,1107,28
2026-10-10,m24,花水湾罗马假日温泉酒店,花水湾镇,酒店,周末,85.1,82.3,1129,147899,去哪儿,1116,27
2026-10-10,m24,花水湾罗马假日温泉酒店,花水湾镇,酒店,周末,85.1,82.3,1129,147899,途家,1159,27
2026-10-11,m24,花水湾罗马假日温泉酒店,花水湾镇,酒店,周末,81.8,77.1,1104,139104,携程,1111,36
2026-10-11,m24,花水湾罗马假日温泉酒店,花水湾镇,酒店,周末,81.8,77.1,1104,139104,美团,1075,35
2026-10-11,m24,花水湾罗马假日温泉酒店,花水湾镇,酒店,周末,81.8,77.1,1104,139104,去哪儿,1096,35
2026-10-11,m24,花水湾罗马假日温泉酒店,花水湾镇,酒店,周末,81.8,77.1,1104,139104,途家,1134,35
2026-10-12,m24,花水湾罗马假日温泉酒店,花水湾镇,酒店,工作日,78.6,77.1,833,100793,携程,834,35
2026-10-12,m24,花水湾罗马假日温泉酒店,花水湾镇,酒店,工作日,78.6,77.1,833,100793,美团,819,36
2026-10-12,m24,花水湾罗马假日温泉酒店,花水湾镇,酒店,工作日,78.6,77.1,833,100793,去哪儿,819,35
2026-10-12,m24,花水湾罗马假日温泉酒店,花水湾镇,酒店,工作日,78.6,77.1,833,100793,途家,859,35
2026-10-13,m24,花水湾罗马假日温泉酒店,花水湾镇,酒店,工作日,68.2,66.1,823,86415,携程,832,52
2026-10-13,m24,花水湾罗马假日温泉酒店,花水湾镇,酒店,工作日,68.2,66.1,823,86415,美团,798,53
2026-10-13,m24,花水湾罗马假日温泉酒店,花水湾镇,酒店,工作日,68.2,66.1,823,86415,去哪儿,820,52
2026-10-13,m24,花水湾罗马假日温泉酒店,花水湾镇,酒店,工作日,68.2,66.1,823,86415,途家,841,52
2026-10-14,m24,花水湾罗马假日温泉酒店,花水湾镇,酒店,工作日,74.0,69.3,851,97014,携程,856,47
2026-10-14,m24,花水湾罗马假日温泉酒店,花水湾镇,酒店,工作日,74.0,69.3,851,97014,美团,829,48
2026-10-14,m24,花水湾罗马假日温泉酒店,花水湾镇,酒店,工作日,74.0,69.3,851,97014,去哪儿,844,47
2026-10-14,m24,花水湾罗马假日温泉酒店,花水湾镇,酒店,工作日,74.0,69.3,851,97014,途家,876,47
2026-10-15,m24,花水湾罗马假日温泉酒店,花水湾镇,酒店,工作日,66.9,64.1,818,84254,携程,827,55
2026-10-15,m24,花水湾罗马假日温泉酒店,花水湾镇,酒店,工作日,66.9,64.1,818,84254,美团,805,56
2026-10-15,m24,花水湾罗马假日温泉酒店,花水湾镇,酒店,工作日,66.9,64.1,818,84254,去哪儿,803,55
2026-10-15,m24,花水湾罗马假日温泉酒店,花水湾镇,酒店,工作日,66.9,64.1,818,84254,途家,836,55
2026-10-16,m24,花水湾罗马假日温泉酒店,花水湾镇,酒店,工作日,71.4,67.5,841,92510,携程,842,50
2026-10-16,m24,花水湾罗马假日温泉酒店,花水湾镇,酒店,工作日,71.4,67.5,841,92510,美团,825,50
2026-10-16,m24,花水湾罗马假日温泉酒店,花水湾镇,酒店,工作日,71.4,67.5,841,92510,去哪儿,828,50
2026-10-16,m24,花水湾罗马假日温泉酒店,花水湾镇,酒店,工作日,71.4,67.5,841,92510,途家,867,50
2026-10-17,m24,花水湾罗马假日温泉酒店,花水湾镇,酒店,周末,90.3,86.0,1120,155680,携程,1134,22
2026-10-17,m24,花水湾罗马假日温泉酒店,花水湾镇,酒店,周末,90.3,86.0,1120,155680,美团,1092,22
2026-10-17,m24,花水湾罗马假日温泉酒店,花水湾镇,酒店,周末,90.3,86.0,1120,155680,去哪儿,1111,21
2026-10-17,m24,花水湾罗马假日温泉酒店,花水湾镇,酒店,周末,90.3,86.0,1120,155680,途家,1142,21
2026-10-18,m24,花水湾罗马假日温泉酒店,花水湾镇,酒店,周末,85.7,82.5,1109,146388,携程,1124,27
2026-10-18,m24,花水湾罗马假日温泉酒店,花水湾镇,酒店,周末,85.7,82.5,1109,146388,美团,1083,27
2026-10-18,m24,花水湾罗马假日温泉酒店,花水湾镇,酒店,周末,85.7,82.5,1109,146388,去哪儿,1095,27
2026-10-18,m24,花水湾罗马假日温泉酒店,花水湾镇,酒店,周末,85.7,82.5,1109,146388,途家,1132,27
2026-10-19,m24,花水湾罗马假日温泉酒店,花水湾镇,酒店,工作日,70.1,68.7,831,89748,携程,838,48
2026-10-19,m24,花水湾罗马假日温泉酒店,花水湾镇,酒店,工作日,70.1,68.7,831,89748,美团,810,49
2026-10-19,m24,花水湾罗马假日温泉酒店,花水湾镇,酒店,工作日,70.1,68.7,831,89748,去哪儿,821,48
2026-10-19,m24,花水湾罗马假日温泉酒店,花水湾镇,酒店,工作日,70.1,68.7,831,89748,途家,853,48
2026-10-20,m24,花水湾罗马假日温泉酒店,花水湾镇,酒店,工作日,68.8,66.6,825,87450,携程,824,52
2026-10-20,m24,花水湾罗马假日温泉酒店,花水湾镇,酒店,工作日,68.8,66.6,825,87450,美团,804,52
2026-10-20,m24,花水湾罗马假日温泉酒店,花水湾镇,酒店,工作日,68.8,66.6,825,87450,去哪儿,820,51
2026-10-20,m24,花水湾罗马假日温泉酒店,花水湾镇,酒店,工作日,68.8,66.6,825,87450,途家,851,51
2026-10-21,m24,花水湾罗马假日温泉酒店,花水湾镇,酒店,工作日,72.7,69.5,834,93408,携程,842,47
2026-10-21,m24,花水湾罗马假日温泉酒店,花水湾镇,酒店,工作日,72.7,69.5,834,93408,美团,816,47
2026-10-21,m24,花水湾罗马假日温泉酒店,花水湾镇,酒店,工作日,72.7,69.5,834,93408,去哪儿,821,47
2026-10-21,m24,花水湾罗马假日温泉酒店,花水湾镇,酒店,工作日,72.7,69.5,834,93408,途家,855,47
2026-10-22,m24,花水湾罗马假日温泉酒店,花水湾镇,酒店,工作日,76.0,71.1,836,97812,携程,844,45
2026-10-22,m24,花水湾罗马假日温泉酒店,花水湾镇,酒店,工作日,76.0,71.1,836,97812,美团,821,45
2026-10-22,m24,花水湾罗马假日温泉酒店,花水湾镇,酒店,工作日,76.0,71.1,836,97812,去哪儿,825,44
2026-10-22,m24,花水湾罗马假日温泉酒店,花水湾镇,酒店,工作日,76.0,71.1,836,97812,途家,852,44
2026-10-23,m24,花水湾罗马假日温泉酒店,花水湾镇,酒店,工作日,68.8,64.8,827,87662,携程,842,55
2026-10-23,m24,花水湾罗马假日温泉酒店,花水湾镇,酒店,工作日,68.8,64.8,827,87662,美团,807,54
2026-10-23,m24,花水湾罗马假日温泉酒店,花水湾镇,酒店,工作日,68.8,64.8,827,87662,去哪儿,810,54
2026-10-23,m24,花水湾罗马假日温泉酒店,花水湾镇,酒店,工作日,68.8,64.8,827,87662,途家,849,54
2026-10-24,m24,花水湾罗马假日温泉酒店,花水湾镇,酒店,周末,89.0,86.2,1124,153988,携程,1130,21
2026-10-24,m24,花水湾罗马假日温泉酒店,花水湾镇,酒店,周末,89.0,86.2,1124,153988,美团,1096,22
2026-10-24,m24,花水湾罗马假日温泉酒店,花水湾镇,酒店,周末,89.0,86.2,1124,153988,去哪儿,1113,21
2026-10-24,m24,花水湾罗马假日温泉酒店,花水湾镇,酒店,周末,89.0,86.2,1124,153988,途家,1158,21
2026-10-25,m24,花水湾罗马假日温泉酒店,花水湾镇,酒店,周末,88.3,83.6,1095,148920,携程,1091,26
2026-10-25,m24,花水湾罗马假日温泉酒店,花水湾镇,酒店,周末,88.3,83.6,1095,148920,美团,1077,25
2026-10-25,m24,花水湾罗马假日温泉酒店,花水湾镇,酒店,周末,88.3,83.6,1095,148920,去哪儿,1073,25
2026-10-25,m24,花水湾罗马假日温泉酒店,花水湾镇,酒店,周末,88.3,83.6,1095,148920,途家,1140,25
2026-10-26,m24,花水湾罗马假日温泉酒店,花水湾镇,酒店,工作日,74.7,71.3,832,95680,携程,842,44
2026-10-26,m24,花水湾罗马假日温泉酒店,花水湾镇,酒店,工作日,74.7,71.3,832,95680,美团,813,45
2026-10-26,m24,花水湾罗马假日温泉酒店,花水湾镇,酒店,工作日,74.7,71.3,832,95680,去哪儿,819,44
2026-10-26,m24,花水湾罗马假日温泉酒店,花水湾镇,酒店,工作日,74.7,71.3,832,95680,途家,853,44
2026-10-27,m24,花水湾罗马假日温泉酒店,花水湾镇,酒店,工作日,72.1,70.5,830,92130,携程,836,46
2026-10-27,m24,花水湾罗马假日温泉酒店,花水湾镇,酒店,工作日,72.1,70.5,830,92130,美团,810,46
2026-10-27,m24,花水湾罗马假日温泉酒店,花水湾镇,酒店,工作日,72.1,70.5,830,92130,去哪儿,826,45
2026-10-27,m24,花水湾罗马假日温泉酒店,花水湾镇,酒店,工作日,72.1,70.5,830,92130,途家,846,45
2026-10-28,m24,花水湾罗马假日温泉酒店,花水湾镇,酒店,工作日,70.8,66.7,823,89707,携程,827,52
2026-10-28,m24,花水湾罗马假日温泉酒店,花水湾镇,酒店,工作日,70.8,66.7,823,89707,美团,803,51
2026-10-28,m24,花水湾罗马假日温泉酒店,花水湾镇,酒店,工作日,70.8,66.7,823,89707,去哪儿,811,51
2026-10-28,m24,花水湾罗马假日温泉酒店,花水湾镇,酒店,工作日,70.8,66.7,823,89707,途家,851,51
2026-10-29,m24,花水湾罗马假日温泉酒店,花水湾镇,酒店,工作日,66.2,62.0,817,83334,携程,818,59
2026-10-29,m24,花水湾罗马假日温泉酒店,花水湾镇,酒店,工作日,66.2,62.0,817,83334,美团,803,59
2026-10-29,m24,花水湾罗马假日温泉酒店,花水湾镇,酒店,工作日,66.2,62.0,817,83334,去哪儿,815,58
2026-10-29,m24,花水湾罗马假日温泉酒店,花水湾镇,酒店,工作日,66.2,62.0,817,83334,途家,832,58
2026-10-30,m24,花水湾罗马假日温泉酒店,花水湾镇,酒店,工作日,71.4,69.2,829,91190,携程,832,48
2026-10-30,m24,花水湾罗马假日温泉酒店,花水湾镇,酒店,工作日,71.4,69.2,829,91190,美团,810,48
2026-10-30,m24,花水湾罗马假日温泉酒店,花水湾镇,酒店,工作日,71.4,69.2,829,91190,去哪儿,817,47
2026-10-30,m24,花水湾罗马假日温泉酒店,花水湾镇,酒店,工作日,71.4,69.2,829,91190,途家,856,47
2026-10-31,m24,花水湾罗马假日温泉酒店,花水湾镇,酒店,周末,79.9,75.3,1087,133701,携程,1096,38
2026-10-31,m24,花水湾罗马假日温泉酒店,花水湾镇,酒店,周末,79.9,75.3,1087,133701,美团,1062,38
2026-10-31,m24,花水湾罗马假日温泉酒店,花水湾镇,酒店,周末,79.9,75.3,1087,133701,去哪儿,1071,38
2026-10-31,m24,花水湾罗马假日温泉酒店,花水湾镇,酒店,周末,79.9,75.3,1087,133701,途家,1117,38
2026-10-01,m25,花水湾溪边客栈,花水湾镇,客栈,国庆,97.9,95.1,931,43757,飞猪,936,2
2026-10-01,m25,花水湾溪边客栈,花水湾镇,客栈,国庆,97.9,95.1,931,43757,去哪儿,921,2
2026-10-01,m25,花水湾溪边客栈,花水湾镇,客栈,国庆,97.9,95.1,931,43757,同程,936,3
2026-10-02,m25,花水湾溪边客栈,花水湾镇,客栈,国庆,95.8,93.8,918,42228,飞猪,930,3
2026-10-02,m25,花水湾溪边客栈,花水湾镇,客栈,国庆,95.8,93.8,918,42228,去哪儿,911,3
2026-10-02,m25,花水湾溪边客栈,花水湾镇,客栈,国庆,95.8,93.8,918,42228,同程,913,3
2026-10-03,m25,花水湾溪边客栈,花水湾镇,客栈,国庆,97.9,87.5,904,42488,飞猪,904,6
2026-10-03,m25,花水湾溪边客栈,花水湾镇,客栈,国庆,97.9,87.5,904,42488,去哪儿,900,6
2026-10-03,m25,花水湾溪边客栈,花水湾镇,客栈,国庆,97.9,87.5,904,42488,同程,908,6
2026-10-04,m25,花水湾溪边客栈,花水湾镇,客栈,国庆,91.7,91.0,927,40788,飞猪,940,5
2026-10-04,m25,花水湾溪边客栈,花水湾镇,客栈,国庆,91.7,91.0,927,40788,去哪儿,917,4
2026-10-04,m25,花水湾溪边客栈,花水湾镇,客栈,国庆,91.7,91.0,927,40788,同程,924,4
2026-10-05,m25,花水湾溪边客栈,花水湾镇,客栈,国庆,95.8,89.6,925,42550,飞猪,926,5
2026-10-05,m25,花水湾溪边客栈,花水湾镇,客栈,国庆,95.8,89.6,925,42550,去哪儿,924,5
2026-10-05,m25,花水湾溪边客栈,花水湾镇,客栈,国庆,95.8,89.6,925,42550,同程,924,5
2026-10-06,m25,花水湾溪边客栈,花水湾镇,客栈,国庆,97.9,91.0,910,42770,飞猪,918,4
2026-10-06,m25,花水湾溪边客栈,花水湾镇,客栈,国庆,97.9,91.0,910,42770,去哪儿,905,4
2026-10-06,m25,花水湾溪边客栈,花水湾镇,客栈,国庆,97.9,91.0,910,42770,同程,908,5
2026-10-07,m25,花水湾溪边客栈,花水湾镇,客栈,国庆,93.8,86.8,905,40725,飞猪,917,7
2026-10-07,m25,花水湾溪边客栈,花水湾镇,客栈,国庆,93.8,86.8,905,40725,去哪儿,893,6
2026-10-07,m25,花水湾溪边客栈,花水湾镇,客栈,国庆,93.8,86.8,905,40725,同程,905,6
2026-10-08,m25,花水湾溪边客栈,花水湾镇,客栈,国庆,89.6,84.7,924,39732,飞猪,929,7
2026-10-08,m25,花水湾溪边客栈,花水湾镇,客栈,国庆,89.6,84.7,924,39732,去哪儿,916,7
2026-10-08,m25,花水湾溪边客栈,花水湾镇,客栈,国庆,89.6,84.7,924,39732,同程,926,8
2026-10-09,m25,花水湾溪边客栈,花水湾镇,客栈,工作日,50.0,47.2,425,10200,飞猪,426,25
2026-10-09,m25,花水湾溪边客栈,花水湾镇,客栈,工作日,50.0,47.2,425,10200,去哪儿,427,25
2026-10-09,m25,花水湾溪边客栈,花水湾镇,客栈,工作日,50.0,47.2,425,10200,同程,422,26
2026-10-10,m25,花水湾溪边客栈,花水湾镇,客栈,周末,97.9,93.1,593,27871,飞猪,592,3
2026-10-10,m25,花水湾溪边客栈,花水湾镇,客栈,周末,97.9,93.1,593,27871,去哪儿,594,3
2026-10-10,m25,花水湾溪边客栈,花水湾镇,客栈,周末,97.9,93.1,593,27871,同程,594,4
2026-10-11,m25,花水湾溪边客栈,花水湾镇,客栈,周末,95.8,81.9,589,27094,飞猪,593,9
2026-10-11,m25,花水湾溪边客栈,花水湾镇,客栈,周末,95.8,81.9,589,27094,去哪儿,586,8
2026-10-11,m25,花水湾溪边客栈,花水湾镇,客栈,周末,95.8,81.9,589,27094,同程,587,9
2026-10-12,m25,花水湾溪边客栈,花水湾镇,客栈,工作日,47.9,44.4,425,9775,飞猪,427,27
2026-10-12,m25,花水湾溪边客栈,花水湾镇,客栈,工作日,47.9,44.4,425,9775,去哪儿,425,26
2026-10-12,m25,花水湾溪边客栈,花水湾镇,客栈,工作日,47.9,44.4,425,9775,同程,423,27
2026-10-13,m25,花水湾溪边客栈,花水湾镇,客栈,工作日,72.9,70.1,441,15435,飞猪,447,15
2026-10-13,m25,花水湾溪边客栈,花水湾镇,客栈,工作日,72.9,70.1,441,15435,去哪儿,436,14
2026-10-13,m25,花水湾溪边客栈,花水湾镇,客栈,工作日,72.9,70.1,441,15435,同程,439,14
2026-10-14,m25,花水湾溪边客栈,花水湾镇,客栈,工作日,56.3,56.3,418,11286,飞猪,421,21
2026-10-14,m25,花水湾溪边客栈,花水湾镇,客栈,工作日,56.3,56.3,418,11286,去哪儿,416,21
2026-10-14,m25,花水湾溪边客栈,花水湾镇,客栈,工作日,56.3,56.3,418,11286,同程,418,21
2026-10-15,m25,花水湾溪边客栈,花水湾镇,客栈,工作日,79.2,79.2,442,16796,飞猪,446,10
2026-10-15,m25,花水湾溪边客栈,花水湾镇,客栈,工作日,79.2,79.2,442,16796,去哪儿,441,10
2026-10-15,m25,花水湾溪边客栈,花水湾镇,客栈,工作日,79.2,79.2,442,16796,同程,439,10
2026-10-16,m25,花水湾溪边客栈,花水湾镇,客栈,工作日,66.7,63.9,446,14272,飞猪,448,17
2026-10-16,m25,花水湾溪边客栈,花水湾镇,客栈,工作日,66.7,63.9,446,14272,去哪儿,445,17
2026-10-16,m25,花水湾溪边客栈,花水湾镇,客栈,工作日,66.7,63.9,446,14272,同程,444,18
2026-10-17,m25,花水湾溪边客栈,花水湾镇,客栈,周末,97.9,94.4,592,27824,飞猪,596,3
2026-10-17,m25,花水湾溪边客栈,花水湾镇,客栈,周末,97.9,94.4,592,27824,去哪儿,592,2
2026-10-17,m25,花水湾溪边客栈,花水湾镇,客栈,周末,97.9,94.4,592,27824,同程,587,3
2026-10-18,m25,花水湾溪边客栈,花水湾镇,客栈,周末,95.8,91.0,598,27508,飞猪,599,4
2026-10-18,m25,花水湾溪边客栈,花水湾镇,客栈,周末,95.8,91.0,598,27508,去哪儿,596,4
2026-10-18,m25,花水湾溪边客栈,花水湾镇,客栈,周末,95.8,91.0,598,27508,同程,600,5
2026-10-19,m25,花水湾溪边客栈,花水湾镇,客栈,工作日,79.2,70.1,451,17138,飞猪,454,14
2026-10-19,m25,花水湾溪边客栈,花水湾镇,客栈,工作日,79.2,70.1,451,17138,去哪儿,449,14
2026-10-19,m25,花水湾溪边客栈,花水湾镇,客栈,工作日,79.2,70.1,451,17138,同程,450,15
2026-10-20,m25,花水湾溪边客栈,花水湾镇,客栈,工作日,54.2,53.5,430,11180,飞猪,433,22
2026-10-20,m25,花水湾溪边客栈,花水湾镇,客栈,工作日,54.2,53.5,430,11180,去哪儿,429,22
2026-10-20,m25,花水湾溪边客栈,花水湾镇,客栈,工作日,54.2,53.5,430,11180,同程,429,23
2026-10-21,m25,花水湾溪边客栈,花水湾镇,客栈,工作日,66.7,60.4,426,13632,飞猪,429,19
2026-10-21,m25,花水湾溪边客栈,花水湾镇,客栈,工作日,66.7,60.4,426,13632,去哪儿,422,19
2026-10-21,m25,花水湾溪边客栈,花水湾镇,客栈,工作日,66.7,60.4,426,13632,同程,426,19
2026-10-22,m25,花水湾溪边客栈,花水湾镇,客栈,工作日,58.3,52.8,420,11760,飞猪,422,23
2026-10-22,m25,花水湾溪边客栈,花水湾镇,客栈,工作日,58.3,52.8,420,11760,去哪儿,419,22
2026-10-22,m25,花水湾溪边客栈,花水湾镇,客栈,工作日,58.3,52.8,420,11760,同程,419,23
2026-10-23,m25,花水湾溪边客栈,花水湾镇,客栈,工作日,62.5,61.8,439,13170,飞猪,443,18
2026-10-23,m25,花水湾溪边客栈,花水湾镇,客栈,工作日,62.5,61.8,439,13170,去哪儿,436,18
2026-10-23,m25,花水湾溪边客栈,花水湾镇,客栈,工作日,62.5,61.8,439,13170,同程,439,19
2026-10-24,m25,花水湾溪边客栈,花水湾镇,客栈,周末,91.7,84.7,590,25960,飞猪,594,7
2026-10-24,m25,花水湾溪边客栈,花水湾镇,客栈,周末,91.7,84.7,590,25960,去哪儿,589,7
2026-10-24,m25,花水湾溪边客栈,花水湾镇,客栈,周末,91.7,84.7,590,25960,同程,587,8
2026-10-25,m25,花水湾溪边客栈,花水湾镇,客栈,周末,97.9,93.1,585,27495,飞猪,587,4
2026-10-25,m25,花水湾溪边客栈,花水湾镇,客栈,周末,97.9,93.1,585,27495,去哪儿,587,3
2026-10-25,m25,花水湾溪边客栈,花水湾镇,客栈,周末,97.9,93.1,585,27495,同程,582,3
2026-10-26,m25,花水湾溪边客栈,花水湾镇,客栈,工作日,64.6,64.6,440,13640,飞猪,443,17
2026-10-26,m25,花水湾溪边客栈,花水湾镇,客栈,工作日,64.6,64.6,440,13640,去哪儿,440,17
2026-10-26,m25,花水湾溪边客栈,花水湾镇,客栈,工作日,64.6,64.6,440,13640,同程,436,17
2026-10-27,m25,花水湾溪边客栈,花水湾镇,客栈,工作日,72.9,66.7,445,15575,飞猪,450,16
2026-10-27,m25,花水湾溪边客栈,花水湾镇,客栈,工作日,72.9,66.7,445,15575,去哪儿,441,16
2026-10-27,m25,花水湾溪边客栈,花水湾镇,客栈,工作日,72.9,66.7,445,15575,同程,443,16
2026-10-28,m25,花水湾溪边客栈,花水湾镇,客栈,工作日,56.3,52.1,424,11448,飞猪,427,23
2026-10-28,m25,花水湾溪边客栈,花水湾镇,客栈,工作日,56.3,52.1,424,11448,去哪儿,423,23
2026-10-28,m25,花水湾溪边客栈,花水湾镇,客栈,工作日,56.3,52.1,424,11448,同程,422,23
2026-10-29,m25,花水湾溪边客栈,花水湾镇,客栈,工作日,60.4,57.6,429,12441,飞猪,433,20
2026-10-29,m25,花水湾溪边客栈,花水湾镇,客栈,工作日,60.4,57.6,429,12441,去哪儿,426,20
2026-10-29,m25,花水湾溪边客栈,花水湾镇,客栈,工作日,60.4,57.6,429,12441,同程,427,21
2026-10-30,m25,花水湾溪边客栈,花水湾镇,客栈,工作日,64.6,61.8,431,13361,飞猪,436,19
2026-10-30,m25,花水湾溪边客栈,花水湾镇,客栈,工作日,64.6,61.8,431,13361,去哪儿,429,18
2026-10-30,m25,花水湾溪边客栈,花水湾镇,客栈,工作日,64.6,61.8,431,13361,同程,429,18
2026-10-31,m25,花水湾溪边客栈,花水湾镇,客栈,周末,95.8,93.8,608,27968,飞猪,611,3
2026-10-31,m25,花水湾溪边客栈,花水湾镇,客栈,周末,95.8,93.8,608,27968,去哪儿,607,3
2026-10-31,m25,花水湾溪边客栈,花水湾镇,客栈,周末,95.8,93.8,608,27968,同程,607,3
2026-10-01,m26,西岭栖溪温泉民宿,西岭镇,温泉民宿,国庆,100.0,100.0,1468,36700,美团,1425,0
2026-10-01,m26,西岭栖溪温泉民宿,西岭镇,温泉民宿,国庆,100.0,100.0,1468,36700,飞猪,1464,0
2026-10-01,m26,西岭栖溪温泉民宿,西岭镇,温泉民宿,国庆,100.0,100.0,1468,36700,途家,1492,0
2026-10-01,m26,西岭栖溪温泉民宿,西岭镇,温泉民宿,国庆,100.0,100.0,1468,36700,途家,1492,0
2026-10-02,m26,西岭栖溪温泉民宿,西岭镇,温泉民宿,国庆,100.0,95.0,1489,37225,美团,1447,2
2026-10-02,m26,西岭栖溪温泉民宿,西岭镇,温泉民宿,国庆,100.0,95.0,1489,37225,飞猪,1455,1
2026-10-02,m26,西岭栖溪温泉民宿,西岭镇,温泉民宿,国庆,100.0,95.0,1489,37225,途家,1527,1
2026-10-02,m26,西岭栖溪温泉民宿,西岭镇,温泉民宿,国庆,100.0,95.0,1489,37225,途家,1527,1
2026-10-03,m26,西岭栖溪温泉民宿,西岭镇,温泉民宿,国庆,100.0,100.0,1483,37075,美团,1433,0
2026-10-03,m26,西岭栖溪温泉民宿,西岭镇,温泉民宿,国庆,100.0,100.0,1483,37075,飞猪,1477,0
2026-10-03,m26,西岭栖溪温泉民宿,西岭镇,温泉民宿,国庆,100.0,100.0,1483,37075,途家,1510,0
2026-10-03,m26,西岭栖溪温泉民宿,西岭镇,温泉民宿,国庆,100.0,100.0,1483,37075,途家,1510,0
2026-10-04,m26,西岭栖溪温泉民宿,西岭镇,温泉民宿,国庆,100.0,95.0,1469,36725,美团,1421,2
2026-10-04,m26,西岭栖溪温泉民宿,西岭镇,温泉民宿,国庆,100.0,95.0,1469,36725,飞猪,1451,1
2026-10-04,m26,西岭栖溪温泉民宿,西岭镇,温泉民宿,国庆,100.0,95.0,1469,36725,途家,1502,1
2026-10-04,m26,西岭栖溪温泉民宿,西岭镇,温泉民宿,国庆,100.0,95.0,1469,36725,途家,1502,1
2026-10-05,m26,西岭栖溪温泉民宿,西岭镇,温泉民宿,国庆,96.0,88.0,1517,36408,美团,1488,3
2026-10-05,m26,西岭栖溪温泉民宿,西岭镇,温泉民宿,国庆,96.0,88.0,1517,36408,飞猪,1490,3
2026-10-05,m26,西岭栖溪温泉民宿,西岭镇,温泉民宿,国庆,96.0,88.0,1517,36408,途家,1545,3
2026-10-05,m26,西岭栖溪温泉民宿,西岭镇,温泉民宿,国庆,96.0,88.0,1517,36408,途家,1545,3
2026-10-06,m26,西岭栖溪温泉民宿,西岭镇,温泉民宿,国庆,100.0,95.0,1513,37825,美团,1478,2
2026-10-06,m26,西岭栖溪温泉民宿,西岭镇,温泉民宿,国庆,100.0,95.0,1513,37825,飞猪,1496,1
2026-10-06,m26,西岭栖溪温泉民宿,西岭镇,温泉民宿,国庆,100.0,95.0,1513,37825,途家,1539,1
2026-10-06,m26,西岭栖溪温泉民宿,西岭镇,温泉民宿,国庆,100.0,95.0,1513,37825,途家,1539,1
2026-10-07,m26,西岭栖溪温泉民宿,西岭镇,温泉民宿,国庆,96.0,83.0,1464,35136,美团,1428,5
2026-10-07,m26,西岭栖溪温泉民宿,西岭镇,温泉民宿,国庆,96.0,83.0,1464,35136,飞猪,1445,4
2026-10-07,m26,西岭栖溪温泉民宿,西岭镇,温泉民宿,国庆,96.0,83.0,1464,35136,途家,1491,4
2026-10-07,m26,西岭栖溪温泉民宿,西岭镇,温泉民宿,国庆,96.0,83.0,1464,35136,途家,1491,4
2026-10-08,m26,西岭栖溪温泉民宿,西岭镇,温泉民宿,国庆,100.0,91.0,1463,36575,美团,1409,3
2026-10-08,m26,西岭栖溪温泉民宿,西岭镇,温泉民宿,国庆,100.0,91.0,1463,36575,飞猪,1435,2
2026-10-08,m26,西岭栖溪温泉民宿,西岭镇,温泉民宿,国庆,100.0,91.0,1463,36575,途家,1503,2
2026-10-08,m26,西岭栖溪温泉民宿,西岭镇,温泉民宿,国庆,100.0,91.0,1463,36575,途家,1503,2
2026-10-09,m26,西岭栖溪温泉民宿,西岭镇,温泉民宿,工作日,32.0,32.0,635,5080,美团,617,17
2026-10-09,m26,西岭栖溪温泉民宿,西岭镇,温泉民宿,工作日,32.0,32.0,635,5080,飞猪,632,17
2026-10-09,m26,西岭栖溪温泉民宿,西岭镇,温泉民宿,工作日,32.0,32.0,635,5080,途家,646,17
2026-10-09,m26,西岭栖溪温泉民宿,西岭镇,温泉民宿,工作日,32.0,32.0,635,5080,途家,646,17
2026-10-10,m26,西岭栖溪温泉民宿,西岭镇,温泉民宿,周末,100.0,100.0,1026,25650,美团,994,0
2026-10-10,m26,西岭栖溪温泉民宿,西岭镇,温泉民宿,周末,100.0,100.0,1026,25650,飞猪,1018,0
2026-10-10,m26,西岭栖溪温泉民宿,西岭镇,温泉民宿,周末,100.0,100.0,1026,25650,途家,1046,0
2026-10-10,m26,西岭栖溪温泉民宿,西岭镇,温泉民宿,周末,100.0,100.0,1026,25650,途家,1046,0
2026-10-11,m26,西岭栖溪温泉民宿,西岭镇,温泉民宿,周末,96.0,87.0,988,23712,美团,957,4
2026-10-11,m26,西岭栖溪温泉民宿,西岭镇,温泉民宿,周末,96.0,87.0,988,23712,飞猪,980,3
2026-10-11,m26,西岭栖溪温泉民宿,西岭镇,温泉民宿,周末,96.0,87.0,988,23712,途家,1008,3
2026-10-11,m26,西岭栖溪温泉民宿,西岭镇,温泉民宿,周末,96.0,87.0,988,23712,途家,1008,3
2026-10-12,m26,西岭栖溪温泉民宿,西岭镇,温泉民宿,工作日,40.0,39.0,646,6460,美团,627,15
2026-10-12,m26,西岭栖溪温泉民宿,西岭镇,温泉民宿,工作日,40.0,39.0,646,6460,飞猪,640,16
2026-10-12,m26,西岭栖溪温泉民宿,西岭镇,温泉民宿,工作日,40.0,39.0,646,6460,途家,658,15
2026-10-12,m26,西岭栖溪温泉民宿,西岭镇,温泉民宿,工作日,40.0,39.0,646,6460,途家,658,15
2026-10-13,m26,西岭栖溪温泉民宿,西岭镇,温泉民宿,工作日,48.0,48.0,641,7692,美团,617,13
2026-10-13,m26,西岭栖溪温泉民宿,西岭镇,温泉民宿,工作日,48.0,48.0,641,7692,飞猪,633,13
2026-10-13,m26,西岭栖溪温泉民宿,西岭镇,温泉民宿,工作日,48.0,48.0,641,7692,途家,657,13
2026-10-13,m26,西岭栖溪温泉民宿,西岭镇,温泉民宿,工作日,48.0,48.0,641,7692,途家,657,13
2026-10-14,m26,西岭栖溪温泉民宿,西岭镇,温泉民宿,工作日,48.0,48.0,636,7632,美团,621,13
2026-10-14,m26,西岭栖溪温泉民宿,西岭镇,温泉民宿,工作日,48.0,48.0,636,7632,飞猪,627,13
2026-10-14,m26,西岭栖溪温泉民宿,西岭镇,温泉民宿,工作日,48.0,48.0,636,7632,途家,647,13
2026-10-14,m26,西岭栖溪温泉民宿,西岭镇,温泉民宿,工作日,48.0,48.0,636,7632,途家,647,13
2026-10-15,m26,西岭栖溪温泉民宿,西岭镇,温泉民宿,工作日,52.0,52.0,656,8528,美团,637,12
2026-10-15,m26,西岭栖溪温泉民宿,西岭镇,温泉民宿,工作日,52.0,52.0,656,8528,飞猪,645,12
2026-10-15,m26,西岭栖溪温泉民宿,西岭镇,温泉民宿,工作日,52.0,52.0,656,8528,途家,671,12
2026-10-15,m26,西岭栖溪温泉民宿,西岭镇,温泉民宿,工作日,52.0,52.0,656,8528,途家,671,12
2026-10-16,m26,西岭栖溪温泉民宿,西岭镇,温泉民宿,工作日,64.0,59.0,652,10432,美团,631,11
2026-10-16,m26,西岭栖溪温泉民宿,西岭镇,温泉民宿,工作日,64.0,59.0,652,10432,飞猪,647,10
2026-10-16,m26,西岭栖溪温泉民宿,西岭镇,温泉民宿,工作日,64.0,59.0,652,10432,途家,664,10
2026-10-16,m26,西岭栖溪温泉民宿,西岭镇,温泉民宿,工作日,64.0,59.0,652,10432,途家,664,10
2026-10-17,m26,西岭栖溪温泉民宿,西岭镇,温泉民宿,周末,100.0,100.0,1023,25575,美团,986,0
2026-10-17,m26,西岭栖溪温泉民宿,西岭镇,温泉民宿,周末,100.0,100.0,1023,25575,飞猪,1011,0
2026-10-17,m26,西岭栖溪温泉民宿,西岭镇,温泉民宿,周末,100.0,100.0,1023,25575,途家,1047,0
2026-10-17,m26,西岭栖溪温泉民宿,西岭镇,温泉民宿,周末,100.0,100.0,1023,25575,途家,1047,0
2026-10-18,m26,西岭栖溪温泉民宿,西岭镇,温泉民宿,周末,96.0,95.0,990,23760,美团,962,2
2026-10-18,m26,西岭栖溪温泉民宿,西岭镇,温泉民宿,周末,96.0,95.0,990,23760,飞猪,988,1
2026-10-18,m26,西岭栖溪温泉民宿,西岭镇,温泉民宿,周末,96.0,95.0,990,23760,途家,1004,1
2026-10-18,m26,西岭栖溪温泉民宿,西岭镇,温泉民宿,周末,96.0,95.0,990,23760,途家,1004,1
2026-10-19,m26,西岭栖溪温泉民宿,西岭镇,温泉民宿,工作日,64.0,64.0,694,11104,美团,671,9
2026-10-19,m26,西岭栖溪温泉民宿,西岭镇,温泉民宿,工作日,64.0,64.0,694,11104,飞猪,687,9
2026-10-19,m26,西岭栖溪温泉民宿,西岭镇,温泉民宿,工作日,64.0,64.0,694,11104,途家,708,9
2026-10-19,m26,西岭栖溪温泉民宿,西岭镇,温泉民宿,工作日,64.0,64.0,694,11104,途家,708,9
2026-10-20,m26,西岭栖溪温泉民宿,西岭镇,温泉民宿,工作日,48.0,47.0,663,7956,美团,648,14
2026-10-20,m26,西岭栖溪温泉民宿,西岭镇,温泉民宿,工作日,48.0,47.0,663,7956,飞猪,657,13
2026-10-20,m26,西岭栖溪温泉民宿,西岭镇,温泉民宿,工作日,48.0,47.0,663,7956,途家,674,13
2026-10-20,m26,西岭栖溪温泉民宿,西岭镇,温泉民宿,工作日,48.0,47.0,663,7956,途家,674,13
2026-10-21,m26,西岭栖溪温泉民宿,西岭镇,温泉民宿,工作日,60.0,60.0,672,10080,美团,651,10
2026-10-21,m26,西岭栖溪温泉民宿,西岭镇,温泉民宿,工作日,60.0,60.0,672,10080,飞猪,664,10
2026-10-21,m26,西岭栖溪温泉民宿,西岭镇,温泉民宿,工作日,60.0,60.0,672,10080,途家,686,10
2026-10-21,m26,西岭栖溪温泉民宿,西岭镇,温泉民宿,工作日,60.0,60.0,672,10080,途家,686,10
2026-10-22,m26,西岭栖溪温泉民宿,西岭镇,温泉民宿,工作日,52.0,52.0,665,8645,美团,649,12
2026-10-22,m26,西岭栖溪温泉民宿,西岭镇,温泉民宿,工作日,52.0,52.0,665,8645,飞猪,657,12
2026-10-22,m26,西岭栖溪温泉民宿,西岭镇,温泉民宿,工作日,52.0,52.0,665,8645,途家,677,12
2026-10-22,m26,西岭栖溪温泉民宿,西岭镇,温泉民宿,工作日,52.0,52.0,665,8645,途家,677,12
2026-10-23,m26,西岭栖溪温泉民宿,西岭镇,温泉民宿,工作日,40.0,40.0,621,6210,美团,604,15
2026-10-23,m26,西岭栖溪温泉民宿,西岭镇,温泉民宿,工作日,40.0,40.0,621,6210,飞猪,612,15
2026-10-23,m26,西岭栖溪温泉民宿,西岭镇,温泉民宿,工作日,40.0,40.0,621,6210,途家,633,15
2026-10-23,m26,西岭栖溪温泉民宿,西岭镇,温泉民宿,工作日,40.0,40.0,621,6210,途家,633,15
2026-10-24,m26,西岭栖溪温泉民宿,西岭镇,温泉民宿,周末,100.0,91.0,1002,25050,美团,968,2
2026-10-24,m26,西岭栖溪温泉民宿,西岭镇,温泉民宿,周末,100.0,91.0,1002,25050,飞猪,997,3
2026-10-24,m26,西岭栖溪温泉民宿,西岭镇,温泉民宿,周末,100.0,91.0,1002,25050,途家,1021,2
2026-10-24,m26,西岭栖溪温泉民宿,西岭镇,温泉民宿,周末,100.0,91.0,1002,25050,途家,1021,2
2026-10-25,m26,西岭栖溪温泉民宿,西岭镇,温泉民宿,周末,96.0,95.0,1028,24672,美团,1003,2
2026-10-25,m26,西岭栖溪温泉民宿,西岭镇,温泉民宿,周末,96.0,95.0,1028,24672,飞猪,1021,1
2026-10-25,m26,西岭栖溪温泉民宿,西岭镇,温泉民宿,周末,96.0,95.0,1028,24672,途家,1044,1
2026-10-25,m26,西岭栖溪温泉民宿,西岭镇,温泉民宿,周末,96.0,95.0,1028,24672,途家,1044,1
2026-10-26,m26,西岭栖溪温泉民宿,西岭镇,温泉民宿,工作日,64.0,63.0,673,10768,美团,652,9
2026-10-26,m26,西岭栖溪温泉民宿,西岭镇,温泉民宿,工作日,64.0,63.0,673,10768,飞猪,667,10
2026-10-26,m26,西岭栖溪温泉民宿,西岭镇,温泉民宿,工作日,64.0,63.0,673,10768,途家,687,9
2026-10-26,m26,西岭栖溪温泉民宿,西岭镇,温泉民宿,工作日,64.0,63.0,673,10768,途家,687,9
2026-10-27,m26,西岭栖溪温泉民宿,西岭镇,温泉民宿,工作日,64.0,63.0,687,10992,美团,665,10
2026-10-27,m26,西岭栖溪温泉民宿,西岭镇,温泉民宿,工作日,64.0,63.0,687,10992,飞猪,680,9
2026-10-27,m26,西岭栖溪温泉民宿,西岭镇,温泉民宿,工作日,64.0,63.0,687,10992,途家,701,9
2026-10-27,m26,西岭栖溪温泉民宿,西岭镇,温泉民宿,工作日,64.0,63.0,687,10992,途家,701,9
2026-10-28,m26,西岭栖溪温泉民宿,西岭镇,温泉民宿,工作日,52.0,47.0,644,8372,美团,621,14
2026-10-28,m26,西岭栖溪温泉民宿,西岭镇,温泉民宿,工作日,52.0,47.0,644,8372,飞猪,636,13
2026-10-28,m26,西岭栖溪温泉民宿,西岭镇,温泉民宿,工作日,52.0,47.0,644,8372,途家,660,13
2026-10-28,m26,西岭栖溪温泉民宿,西岭镇,温泉民宿,工作日,52.0,47.0,644,8372,途家,660,13
2026-10-29,m26,西岭栖溪温泉民宿,西岭镇,温泉民宿,工作日,52.0,46.0,642,8346,美团,623,14
2026-10-29,m26,西岭栖溪温泉民宿,西岭镇,温泉民宿,工作日,52.0,46.0,642,8346,飞猪,630,14
2026-10-29,m26,西岭栖溪温泉民宿,西岭镇,温泉民宿,工作日,52.0,46.0,642,8346,途家,658,13
2026-10-29,m26,西岭栖溪温泉民宿,西岭镇,温泉民宿,工作日,52.0,46.0,642,8346,途家,658,13
2026-10-30,m26,西岭栖溪温泉民宿,西岭镇,温泉民宿,工作日,36.0,31.0,628,5652,美团,610,18
2026-10-30,m26,西岭栖溪温泉民宿,西岭镇,温泉民宿,工作日,36.0,31.0,628,5652,飞猪,625,17
2026-10-30,m26,西岭栖溪温泉民宿,西岭镇,温泉民宿,工作日,36.0,31.0,628,5652,途家,639,17
2026-10-30,m26,西岭栖溪温泉民宿,西岭镇,温泉民宿,工作日,36.0,31.0,628,5652,途家,639,17
2026-10-31,m26,西岭栖溪温泉民宿,西岭镇,温泉民宿,周末,96.0,88.0,997,23928,美团,960,3
2026-10-31,m26,西岭栖溪温泉民宿,西岭镇,温泉民宿,周末,96.0,88.0,997,23928,飞猪,979,3
2026-10-31,m26,西岭栖溪温泉民宿,西岭镇,温泉民宿,周末,96.0,88.0,997,23928,途家,1024,3
2026-10-31,m26,西岭栖溪温泉民宿,西岭镇,温泉民宿,周末,96.0,88.0,997,23928,途家,1024,3
2026-10-01,m27,西岭圣索亚国际温泉度假酒店,西岭镇,酒店,国庆,97.7,95.1,1922,332506,美团,1879,9
2026-10-01,m27,西岭圣索亚国际温泉度假酒店,西岭镇,酒店,国庆,97.7,95.1,1922,332506,飞猪,1914,9
2026-10-01,m27,西岭圣索亚国际温泉度假酒店,西岭镇,酒店,国庆,97.7,95.1,1922,332506,途家,1972,8
2026-10-02,m27,西岭圣索亚国际温泉度假酒店,西岭镇,酒店,国庆,98.3,93.6,1923,334602,美团,1872,12
2026-10-02,m27,西岭圣索亚国际温泉度假酒店,西岭镇,酒店,国庆,98.3,93.6,1923,334602,飞猪,1923,11
2026-10-02,m27,西岭圣索亚国际温泉度假酒店,西岭镇,酒店,国庆,98.3,93.6,1923,334602,途家,1974,11
2026-10-03,m27,西岭圣索亚国际温泉度假酒店,西岭镇,酒店,国庆,96.6,92.5,1904,325584,美团,1847,14
2026-10-03,m27,西岭圣索亚国际温泉度假酒店,西岭镇,酒店,国庆,96.6,92.5,1904,325584,飞猪,1896,13
2026-10-03,m27,西岭圣索亚国际温泉度假酒店,西岭镇,酒店,国庆,96.6,92.5,1904,325584,途家,1969,13
2026-10-04,m27,西岭圣索亚国际温泉度假酒店,西岭镇,酒店,国庆,98.3,95.5,1931,335994,美团,1888,8
2026-10-04,m27,西岭圣索亚国际温泉度假酒店,西岭镇,酒店,国庆,98.3,95.5,1931,335994,飞猪,1921,8
2026-10-04,m27,西岭圣索亚国际温泉度假酒店,西岭镇,酒店,国庆,98.3,95.5,1931,335994,途家,1985,8
2026-10-05,m27,西岭圣索亚国际温泉度假酒店,西岭镇,酒店,国庆,98.3,95.9,1936,336864,美团,1892,8
2026-10-05,m27,西岭圣索亚国际温泉度假酒店,西岭镇,酒店,国庆,98.3,95.9,1936,336864,飞猪,1920,7
2026-10-05,m27,西岭圣索亚国际温泉度假酒店,西岭镇,酒店,国庆,98.3,95.9,1936,336864,途家,1997,7
2026-10-06,m27,西岭圣索亚国际温泉度假酒店,西岭镇,酒店,国庆,98.3,89.6,1868,325032,美团,1832,18
2026-10-06,m27,西岭圣索亚国际温泉度假酒店,西岭镇,酒店,国庆,98.3,89.6,1868,325032,飞猪,1858,19
2026-10-06,m27,西岭圣索亚国际温泉度假酒店,西岭镇,酒店,国庆,98.3,89.6,1868,325032,途家,1914,18
2026-10-07,m27,西岭圣索亚国际温泉度假酒店,西岭镇,酒店,国庆,98.9,95.3,1914,334950,美团,1875,9
2026-10-07,m27,西岭圣索亚国际温泉度假酒店,西岭镇,酒店,国庆,98.9,95.3,1914,334950,飞猪,1892,8
2026-10-07,m27,西岭圣索亚国际温泉度假酒店,西岭镇,酒店,国庆,98.9,95.3,1914,334950,途家,1976,8
2026-10-08,m27,西岭圣索亚国际温泉度假酒店,西岭镇,酒店,国庆,96.6,89.6,1889,323019,美团,1840,19
2026-10-08,m27,西岭圣索亚国际温泉度假酒店,西岭镇,酒店,国庆,96.6,89.6,1889,323019,飞猪,1890,18
2026-10-08,m27,西岭圣索亚国际温泉度假酒店,西岭镇,酒店,国庆,96.6,89.6,1889,323019,途家,1936,18
2026-10-09,m27,西岭圣索亚国际温泉度假酒店,西岭镇,酒店,工作日,57.1,54.6,848,85648,美团,834,81
2026-10-09,m27,西岭圣索亚国际温泉度假酒店,西岭镇,酒店,工作日,57.1,54.6,848,85648,飞猪,851,80
2026-10-09,m27,西岭圣索亚国际温泉度假酒店,西岭镇,酒店,工作日,57.1,54.6,848,85648,途家,860,80
2026-10-10,m27,西岭圣索亚国际温泉度假酒店,西岭镇,酒店,周末,89.3,82.9,1272,200976,美团,1243,31
2026-10-10,m27,西岭圣索亚国际温泉度假酒店,西岭镇,酒店,周末,89.3,82.9,1272,200976,飞猪,1269,30
2026-10-10,m27,西岭圣索亚国际温泉度假酒店,西岭镇,酒店,周末,89.3,82.9,1272,200976,途家,1305,30
2026-10-11,m27,西岭圣索亚国际温泉度假酒店,西岭镇,酒店,周末,93.8,89.8,1282,212812,美团,1265,18
2026-10-11,m27,西岭圣索亚国际温泉度假酒店,西岭镇,酒店,周末,93.8,89.8,1282,212812,飞猪,1276,18
2026-10-11,m27,西岭圣索亚国际温泉度假酒店,西岭镇,酒店,周末,93.8,89.8,1282,212812,途家,1306,18
2026-10-12,m27,西岭圣索亚国际温泉度假酒店,西岭镇,酒店,工作日,58.8,55.0,849,88296,美团,827,80
2026-10-12,m27,西岭圣索亚国际温泉度假酒店,西岭镇,酒店,工作日,58.8,55.0,849,88296,飞猪,854,80
2026-10-12,m27,西岭圣索亚国际温泉度假酒店,西岭镇,酒店,工作日,58.8,55.0,849,88296,途家,866,79
2026-10-13,m27,西岭圣索亚国际温泉度假酒店,西岭镇,酒店,工作日,60.5,57.1,845,90415,美团,823,76
2026-10-13,m27,西岭圣索亚国际温泉度假酒店,西岭镇,酒店,工作日,60.5,57.1,845,90415,飞猪,850,76
2026-10-13,m27,西岭圣索亚国际温泉度假酒店,西岭镇,酒店,工作日,60.5,57.1,845,90415,途家,863,76
2026-10-14,m27,西岭圣索亚国际温泉度假酒店,西岭镇,酒店,工作日,51.4,49.0,836,76076,美团,817,90
2026-10-14,m27,西岭圣索亚国际温泉度假酒店,西岭镇,酒店,工作日,51.4,49.0,836,76076,飞猪,830,91
2026-10-14,m27,西岭圣索亚国际温泉度假酒店,西岭镇,酒店,工作日,51.4,49.0,836,76076,途家,862,90
2026-10-15,m27,西岭圣索亚国际温泉度假酒店,西岭镇,酒店,工作日,57.1,54.8,843,85143,美团,820,80
2026-10-15,m27,西岭圣索亚国际温泉度假酒店,西岭镇,酒店,工作日,57.1,54.8,843,85143,飞猪,839,80
2026-10-15,m27,西岭圣索亚国际温泉度假酒店,西岭镇,酒店,工作日,57.1,54.8,843,85143,途家,871,80
2026-10-16,m27,西岭圣索亚国际温泉度假酒店,西岭镇,酒店,工作日,49.7,46.7,833,73304,美团,814,95
2026-10-16,m27,西岭圣索亚国际温泉度假酒店,西岭镇,酒店,工作日,49.7,46.7,833,73304,飞猪,829,94
2026-10-16,m27,西岭圣索亚国际温泉度假酒店,西岭镇,酒店,工作日,49.7,46.7,833,73304,途家,857,94
2026-10-17,m27,西岭圣索亚国际温泉度假酒店,西岭镇,酒店,周末,93.2,87.4,1284,211860,美团,1246,23
2026-10-17,m27,西岭圣索亚国际温泉度假酒店,西岭镇,酒店,周末,93.2,87.4,1284,211860,飞猪,1277,22
2026-10-17,m27,西岭圣索亚国际温泉度假酒店,西岭镇,酒店,周末,93.2,87.4,1284,211860,途家,1330,22
2026-10-18,m27,西岭圣索亚国际温泉度假酒店,西岭镇,酒店,周末,94.9,91.0,1264,212352,美团,1225,16
2026-10-18,m27,西岭圣索亚国际温泉度假酒店,西岭镇,酒店,周末,94.9,91.0,1264,212352,飞猪,1263,16
2026-10-18,m27,西岭圣索亚国际温泉度假酒店,西岭镇,酒店,周末,94.9,91.0,1264,212352,途家,1305,16
2026-10-19,m27,西岭圣索亚国际温泉度假酒店,西岭镇,酒店,工作日,53.7,49.2,835,79325,美团,816,90
2026-10-19,m27,西岭圣索亚国际温泉度假酒店,西岭镇,酒店,工作日,53.7,49.2,835,79325,飞猪,835,90
2026-10-19,m27,西岭圣索亚国际温泉度假酒店,西岭镇,酒店,工作日,53.7,49.2,835,79325,途家,853,90
2026-10-20,m27,西岭圣索亚国际温泉度假酒店,西岭镇,酒店,工作日,53.7,53.1,841,79895,美团,824,83
2026-10-20,m27,西岭圣索亚国际温泉度假酒店,西岭镇,酒店,工作日,53.7,53.1,841,79895,飞猪,842,83
2026-10-20,m27,西岭圣索亚国际温泉度假酒店,西岭镇,酒店,工作日,53.7,53.1,841,79895,途家,858,83
2026-10-21,m27,西岭圣索亚国际温泉度假酒店,西岭镇,酒店,工作日,55.9,52.4,848,83952,美团,830,85
2026-10-21,m27,西岭圣索亚国际温泉度假酒店,西岭镇,酒店,工作日,55.9,52.4,848,83952,飞猪,845,84
2026-10-21,m27,西岭圣索亚国际温泉度假酒店,西岭镇,酒店,工作日,55.9,52.4,848,83952,途家,868,84
2026-10-22,m27,西岭圣索亚国际温泉度假酒店,西岭镇,酒店,工作日,52.0,49.5,837,77004,美团,814,90
2026-10-22,m27,西岭圣索亚国际温泉度假酒店,西岭镇,酒店,工作日,52.0,49.5,837,77004,飞猪,836,89
2026-10-22,m27,西岭圣索亚国际温泉度假酒店,西岭镇,酒店,工作日,52.0,49.5,837,77004,途家,862,89
2026-10-23,m27,西岭圣索亚国际温泉度假酒店,西岭镇,酒店,工作日,50.3,47.8,835,74315,美团,815,93
2026-10-23,m27,西岭圣索亚国际温泉度假酒店,西岭镇,酒店,工作日,50.3,47.8,835,74315,飞猪,836,92
2026-10-23,m27,西岭圣索亚国际温泉度假酒店,西岭镇,酒店,工作日,50.3,47.8,835,74315,途家,853,92
2026-10-24,m27,西岭圣索亚国际温泉度假酒店,西岭镇,酒店,周末,93.8,91.5,1279,212314,美团,1243,15
2026-10-24,m27,西岭圣索亚国际温泉度假酒店,西岭镇,酒店,周末,93.8,91.5,1279,212314,飞猪,1284,15
2026-10-24,m27,西岭圣索亚国际温泉度假酒店,西岭镇,酒店,周末,93.8,91.5,1279,212314,途家,1311,15
2026-10-25,m27,西岭圣索亚国际温泉度假酒店,西岭镇,酒店,周末,94.4,89.6,1280,213760,美团,1246,18
2026-10-25,m27,西岭圣索亚国际温泉度假酒店,西岭镇,酒店,周末,94.4,89.6,1280,213760,飞猪,1277,19
2026-10-25,m27,西岭圣索亚国际温泉度假酒店,西岭镇,酒店,周末,94.4,89.6,1280,213760,途家,1316,18
2026-10-26,m27,西岭圣索亚国际温泉度假酒店,西岭镇,酒店,工作日,42.9,39.0,824,62624,美团,797,108
2026-10-26,m27,西岭圣索亚国际温泉度假酒店,西岭镇,酒店,工作日,42.9,39.0,824,62624,飞猪,824,108
2026-10-26,m27,西岭圣索亚国际温泉度假酒店,西岭镇,酒店,工作日,42.9,39.0,824,62624,途家,852,108
2026-10-27,m27,西岭圣索亚国际温泉度假酒店,西岭镇,酒店,工作日,57.1,53.1,845,85345,美团,825,83
2026-10-27,m27,西岭圣索亚国际温泉度假酒店,西岭镇,酒店,工作日,57.1,53.1,845,85345,飞猪,844,83
2026-10-27,m27,西岭圣索亚国际温泉度假酒店,西岭镇,酒店,工作日,57.1,53.1,845,85345,途家,865,83
2026-10-28,m27,西岭圣索亚国际温泉度假酒店,西岭镇,酒店,工作日,57.1,54.0,855,86355,美团,837,82
2026-10-28,m27,西岭圣索亚国际温泉度假酒店,西岭镇,酒店,工作日,57.1,54.0,855,86355,飞猪,844,81
2026-10-28,m27,西岭圣索亚国际温泉度假酒店,西岭镇,酒店,工作日,57.1,54.0,855,86355,途家,884,81
2026-10-29,m27,西岭圣索亚国际温泉度假酒店,西岭镇,酒店,工作日,53.7,49.7,836,79420,美团,816,89
2026-10-29,m27,西岭圣索亚国际温泉度假酒店,西岭镇,酒店,工作日,53.7,49.7,836,79420,飞猪,834,89
2026-10-29,m27,西岭圣索亚国际温泉度假酒店,西岭镇,酒店,工作日,53.7,49.7,836,79420,途家,857,89
2026-10-30,m27,西岭圣索亚国际温泉度假酒店,西岭镇,酒店,工作日,57.1,55.2,852,86052,美团,836,80
2026-10-30,m27,西岭圣索亚国际温泉度假酒店,西岭镇,酒店,工作日,57.1,55.2,852,86052,飞猪,847,79
2026-10-30,m27,西岭圣索亚国际温泉度假酒店,西岭镇,酒店,工作日,57.1,55.2,852,86052,途家,874,79
2026-10-31,m27,西岭圣索亚国际温泉度假酒店,西岭镇,酒店,周末,89.8,85.3,1285,204315,美团,1258,26
2026-10-31,m27,西岭圣索亚国际温泉度假酒店,西岭镇,酒店,周末,89.8,85.3,1285,204315,飞猪,1264,26
2026-10-31,m27,西岭圣索亚国际温泉度假酒店,西岭镇,酒店,周末,89.8,85.3,1285,204315,途家,1334,26
2026-10-01,m28,西岭山脚客栈,西岭镇,客栈,国庆,100.0,94.8,1141,51345,美团,1124,3
2026-10-01,m28,西岭山脚客栈,西岭镇,客栈,国庆,100.0,94.8,1141,51345,去哪儿,1124,2
2026-10-01,m28,西岭山脚客栈,西岭镇,客栈,国庆,100.0,94.8,1141,51345,途家,1174,2
2026-10-02,m28,西岭山脚客栈,西岭镇,客栈,国庆,95.6,91.1,1151,49493,美团,1129,4
2026-10-02,m28,西岭山脚客栈,西岭镇,客栈,国庆,95.6,91.1,1151,49493,去哪儿,1132,4
2026-10-02,m28,西岭山脚客栈,西岭镇,客栈,国庆,95.6,91.1,1151,49493,途家,1192,4
2026-10-03,m28,西岭山脚客栈,西岭镇,客栈,国庆,97.8,93.3,1166,51304,美团,1140,3
2026-10-03,m28,西岭山脚客栈,西岭镇,客栈,国庆,97.8,93.3,1166,51304,去哪儿,1159,3
2026-10-03,m28,西岭山脚客栈,西岭镇,客栈,国庆,97.8,93.3,1166,51304,途家,1200,3
2026-10-04,m28,西岭山脚客栈,西岭镇,客栈,国庆,91.1,88.9,1097,44977,美团,1070,5
2026-10-04,m28,西岭山脚客栈,西岭镇,客栈,国庆,91.1,88.9,1097,44977,去哪儿,1084,5
2026-10-04,m28,西岭山脚客栈,西岭镇,客栈,国庆,91.1,88.9,1097,44977,途家,1137,5
2026-10-05,m28,西岭山脚客栈,西岭镇,客栈,国庆,97.8,93.3,1136,49984,美团,1108,3
2026-10-05,m28,西岭山脚客栈,西岭镇,客栈,国庆,97.8,93.3,1136,49984,去哪儿,1124,3
2026-10-05,m28,西岭山脚客栈,西岭镇,客栈,国庆,97.8,93.3,1136,49984,途家,1177,3
2026-10-06,m28,西岭山脚客栈,西岭镇,客栈,国庆,93.3,92.6,1118,46956,美团,1101,4
2026-10-06,m28,西岭山脚客栈,西岭镇,客栈,国庆,93.3,92.6,1118,46956,去哪儿,1108,3
2026-10-06,m28,西岭山脚客栈,西岭镇,客栈,国庆,93.3,92.6,1118,46956,途家,1145,3
2026-10-07,m28,西岭山脚客栈,西岭镇,客栈,国庆,95.6,88.9,1099,47257,美团,1082,5
2026-10-07,m28,西岭山脚客栈,西岭镇,客栈,国庆,95.6,88.9,1099,47257,去哪儿,1080,5
2026-10-07,m28,西岭山脚客栈,西岭镇,客栈,国庆,95.6,88.9,1099,47257,途家,1136,5
2026-10-08,m28,西岭山脚客栈,西岭镇,客栈,国庆,93.3,88.1,1138,47796,美团,1107,6
2026-10-08,m28,西岭山脚客栈,西岭镇,客栈,国庆,93.3,88.1,1138,47796,去哪儿,1121,5
2026-10-08,m28,西岭山脚客栈,西岭镇,客栈,国庆,93.3,88.1,1138,47796,途家,1185,5
2026-10-09,m28,西岭山脚客栈,西岭镇,客栈,工作日,60.0,52.6,504,13608,美团,496,22
2026-10-09,m28,西岭山脚客栈,西岭镇,客栈,工作日,60.0,52.6,504,13608,去哪儿,496,21
2026-10-09,m28,西岭山脚客栈,西岭镇,客栈,工作日,60.0,52.6,504,13608,途家,521,21
2026-10-10,m28,西岭山脚客栈,西岭镇,客栈,周末,95.6,84.4,776,33368,美团,762,7
2026-10-10,m28,西岭山脚客栈,西岭镇,客栈,周末,95.6,84.4,776,33368,去哪儿,771,7
2026-10-10,m28,西岭山脚客栈,西岭镇,客栈,周末,95.6,84.4,776,33368,途家,795,7
2026-10-11,m28,西岭山脚客栈,西岭镇,客栈,周末,91.1,88.9,760,31160,美团,747,5
2026-10-11,m28,西岭山脚客栈,西岭镇,客栈,周末,91.1,88.9,760,31160,去哪儿,748,5
2026-10-11,m28,西岭山脚客栈,西岭镇,客栈,周末,91.1,88.9,760,31160,途家,786,5
2026-10-12,m28,西岭山脚客栈,西岭镇,客栈,工作日,37.8,33.3,477,8109,美团,465,30
2026-10-12,m28,西岭山脚客栈,西岭镇,客栈,工作日,37.8,33.3,477,8109,去哪儿,472,30
2026-10-12,m28,西岭山脚客栈,西岭镇,客栈,工作日,37.8,33.3,477,8109,途家,493,30
2026-10-13,m28,西岭山脚客栈,西岭镇,客栈,工作日,44.4,41.5,495,9900,美团,486,27
2026-10-13,m28,西岭山脚客栈,西岭镇,客栈,工作日,44.4,41.5,495,9900,去哪儿,491,26
2026-10-13,m28,西岭山脚客栈,西岭镇,客栈,工作日,44.4,41.5,495,9900,途家,509,26
2026-10-14,m28,西岭山脚客栈,西岭镇,客栈,工作日,33.3,32.6,481,7215,美团,473,31
2026-10-14,m28,西岭山脚客栈,西岭镇,客栈,工作日,33.3,32.6,481,7215,去哪儿,478,30
2026-10-14,m28,西岭山脚客栈,西岭镇,客栈,工作日,33.3,32.6,481,7215,途家,493,30
2026-10-15,m28,西岭山脚客栈,西岭镇,客栈,工作日,55.6,55.6,504,12600,美团,496,20
2026-10-15,m28,西岭山脚客栈,西岭镇,客栈,工作日,55.6,55.6,504,12600,去哪儿,499,20
2026-10-15,m28,西岭山脚客栈,西岭镇,客栈,工作日,55.6,55.6,504,12600,途家,516,20
2026-10-16,m28,西岭山脚客栈,西岭镇,客栈,工作日,53.3,51.1,497,11928,美团,488,22
2026-10-16,m28,西岭山脚客栈,西岭镇,客栈,工作日,53.3,51.1,497,11928,去哪儿,491,22
2026-10-16,m28,西岭山脚客栈,西岭镇,客栈,工作日,53.3,51.1,497,11928,途家,512,22
2026-10-17,m28,西岭山脚客栈,西岭镇,客栈,周末,100.0,94.8,781,35145,美团,763,3
2026-10-17,m28,西岭山脚客栈,西岭镇,客栈,周末,100.0,94.8,781,35145,去哪儿,774,2
2026-10-17,m28,西岭山脚客栈,西岭镇,客栈,周末,100.0,94.8,781,35145,途家,805,2
2026-10-18,m28,西岭山脚客栈,西岭镇,客栈,周末,93.3,92.6,778,32676,美团,760,4
2026-10-18,m28,西岭山脚客栈,西岭镇,客栈,周末,93.3,92.6,778,32676,去哪儿,773,3
2026-10-18,m28,西岭山脚客栈,西岭镇,客栈,周末,93.3,92.6,778,32676,途家,802,3
2026-10-19,m28,西岭山脚客栈,西岭镇,客栈,工作日,42.2,40.0,501,9519,美团,492,27
2026-10-19,m28,西岭山脚客栈,西岭镇,客栈,工作日,42.2,40.0,501,9519,去哪儿,496,27
2026-10-19,m28,西岭山脚客栈,西岭镇,客栈,工作日,42.2,40.0,501,9519,途家,516,27
2026-10-20,m28,西岭山脚客栈,西岭镇,客栈,工作日,40.0,37.0,504,9072,美团,492,29
2026-10-20,m28,西岭山脚客栈,西岭镇,客栈,工作日,40.0,37.0,504,9072,去哪儿,501,28
2026-10-20,m28,西岭山脚客栈,西岭镇,客栈,工作日,40.0,37.0,504,9072,途家,520,28
2026-10-21,m28,西岭山脚客栈,西岭镇,客栈,工作日,46.7,43.7,497,10437,美团,485,26
2026-10-21,m28,西岭山脚客栈,西岭镇,客栈,工作日,46.7,43.7,497,10437,去哪儿,496,25
2026-10-21,m28,西岭山脚客栈,西岭镇,客栈,工作日,46.7,43.7,497,10437,途家,509,25
2026-10-22,m28,西岭山脚客栈,西岭镇,客栈,工作日,42.2,35.6,482,9158,美团,471,29
2026-10-22,m28,西岭山脚客栈,西岭镇,客栈,工作日,42.2,35.6,482,9158,去哪儿,477,29
2026-10-22,m28,西岭山脚客栈,西岭镇,客栈,工作日,42.2,35.6,482,9158,途家,499,29
2026-10-23,m28,西岭山脚客栈,西岭镇,客栈,工作日,46.7,44.4,493,10353,美团,486,25
2026-10-23,m28,西岭山脚客栈,西岭镇,客栈,工作日,46.7,44.4,493,10353,去哪儿,484,25
2026-10-23,m28,西岭山脚客栈,西岭镇,客栈,工作日,46.7,44.4,493,10353,途家,509,25
2026-10-24,m28,西岭山脚客栈,西岭镇,客栈,周末,91.1,84.4,737,30217,美团,725,7
2026-10-24,m28,西岭山脚客栈,西岭镇,客栈,周末,91.1,84.4,737,30217,去哪儿,725,7
2026-10-24,m28,西岭山脚客栈,西岭镇,客栈,周末,91.1,84.4,737,30217,途家,760,7
2026-10-25,m28,西岭山脚客栈,西岭镇,客栈,周末,86.7,77.8,756,29484,美团,741,10
2026-10-25,m28,西岭山脚客栈,西岭镇,客栈,周末,86.7,77.8,756,29484,去哪儿,751,10
2026-10-25,m28,西岭山脚客栈,西岭镇,客栈,周末,86.7,77.8,756,29484,途家,776,10
2026-10-26,m28,西岭山脚客栈,西岭镇,客栈,工作日,48.9,46.7,501,11022,美团,494,24
2026-10-26,m28,西岭山脚客栈,西岭镇,客栈,工作日,48.9,46.7,501,11022,去哪儿,496,24
2026-10-26,m28,西岭山脚客栈,西岭镇,客栈,工作日,48.9,46.7,501,11022,途家,514,24
2026-10-27,m28,西岭山脚客栈,西岭镇,客栈,工作日,40.0,39.3,486,8748,美团,478,28
2026-10-27,m28,西岭山脚客栈,西岭镇,客栈,工作日,40.0,39.3,486,8748,去哪儿,477,27
2026-10-27,m28,西岭山脚客栈,西岭镇,客栈,工作日,40.0,39.3,486,8748,途家,503,27
2026-10-28,m28,西岭山脚客栈,西岭镇,客栈,工作日,46.7,43.7,494,10374,美团,487,26
2026-10-28,m28,西岭山脚客栈,西岭镇,客栈,工作日,46.7,43.7,494,10374,去哪儿,487,25
2026-10-28,m28,西岭山脚客栈,西岭镇,客栈,工作日,46.7,43.7,494,10374,途家,507,25
2026-10-29,m28,西岭山脚客栈,西岭镇,客栈,工作日,51.1,48.9,516,11868,美团,504,23
2026-10-29,m28,西岭山脚客栈,西岭镇,客栈,工作日,51.1,48.9,516,11868,去哪儿,513,23
2026-10-29,m28,西岭山脚客栈,西岭镇,客栈,工作日,51.1,48.9,516,11868,途家,530,23
2026-10-30,m28,西岭山脚客栈,西岭镇,客栈,工作日,44.4,39.3,487,9740,美团,479,28
2026-10-30,m28,西岭山脚客栈,西岭镇,客栈,工作日,44.4,39.3,487,9740,去哪儿,480,27
2026-10-30,m28,西岭山脚客栈,西岭镇,客栈,工作日,44.4,39.3,487,9740,途家,502,27
2026-10-31,m28,西岭山脚客栈,西岭镇,客栈,周末,97.8,92.6,800,35200,美团,778,4
2026-10-31,m28,西岭山脚客栈,西岭镇,客栈,周末,97.8,92.6,800,35200,去哪儿,789,3
2026-10-31,m28,西岭山脚客栈,西岭镇,客栈,周末,97.8,92.6,800,35200,途家,832,3
2026-10-01,m29,西岭刘家农家乐,西岭镇,农家乐,国庆,92.3,92.3,353,4236,途家,353,1
2026-10-01,m29,西岭刘家农家乐,西岭镇,农家乐,国庆,92.3,92.3,353,4236,途家,353,1
2026-10-02,m29,西岭刘家农家乐,西岭镇,农家乐,国庆,100.0,92.3,369,4797,途家,369,1
2026-10-02,m29,西岭刘家农家乐,西岭镇,农家乐,国庆,100.0,92.3,369,4797,途家,369,1
2026-10-03,m29,西岭刘家农家乐,西岭镇,农家乐,国庆,100.0,100.0,339,4407,途家,339,0
2026-10-03,m29,西岭刘家农家乐,西岭镇,农家乐,国庆,100.0,100.0,339,4407,途家,339,0
2026-10-04,m29,西岭刘家农家乐,西岭镇,农家乐,国庆,100.0,100.0,346,4498,途家,346,0
2026-10-04,m29,西岭刘家农家乐,西岭镇,农家乐,国庆,100.0,100.0,346,4498,途家,346,0
2026-10-05,m29,西岭刘家农家乐,西岭镇,农家乐,国庆,100.0,76.9,337,4381,途家,337,3
2026-10-05,m29,西岭刘家农家乐,西岭镇,农家乐,国庆,100.0,76.9,337,4381,途家,337,3
2026-10-06,m29,西岭刘家农家乐,西岭镇,农家乐,国庆,100.0,92.3,354,4602,途家,354,1
2026-10-06,m29,西岭刘家农家乐,西岭镇,农家乐,国庆,100.0,92.3,354,4602,途家,354,1
2026-10-07,m29,西岭刘家农家乐,西岭镇,农家乐,国庆,92.3,84.6,359,4308,途家,359,2
2026-10-07,m29,西岭刘家农家乐,西岭镇,农家乐,国庆,92.3,84.6,359,4308,途家,359,2
2026-10-08,m29,西岭刘家农家乐,西岭镇,农家乐,国庆,100.0,100.0,364,4732,途家,364,0
2026-10-08,m29,西岭刘家农家乐,西岭镇,农家乐,国庆,100.0,100.0,364,4732,途家,364,0
2026-10-09,m29,西岭刘家农家乐,西岭镇,农家乐,工作日,0.0,0.0,141,0,途家,141,13
2026-10-09,m29,西岭刘家农家乐,西岭镇,农家乐,工作日,0.0,0.0,141,0,途家,141,13
2026-10-10,m29,西岭刘家农家乐,西岭镇,农家乐,周末,84.6,76.9,228,2508,途家,228,3
2026-10-10,m29,西岭刘家农家乐,西岭镇,农家乐,周末,84.6,76.9,228,2508,途家,228,3
2026-10-11,m29,西岭刘家农家乐,西岭镇,农家乐,周末,69.2,61.5,228,2052,途家,228,5
2026-10-11,m29,西岭刘家农家乐,西岭镇,农家乐,周末,69.2,61.5,228,2052,途家,228,5
2026-10-12,m29,西岭刘家农家乐,西岭镇,农家乐,工作日,38.5,38.5,147,735,途家,147,8
2026-10-12,m29,西岭刘家农家乐,西岭镇,农家乐,工作日,38.5,38.5,147,735,途家,147,8
2026-10-13,m29,西岭刘家农家乐,西岭镇,农家乐,工作日,30.8,30.8,149,596,途家,149,9
2026-10-13,m29,西岭刘家农家乐,西岭镇,农家乐,工作日,30.8,30.8,149,596,途家,149,9
2026-10-14,m29,西岭刘家农家乐,西岭镇,农家乐,工作日,30.8,30.8,153,612,途家,153,9
2026-10-14,m29,西岭刘家农家乐,西岭镇,农家乐,工作日,30.8,30.8,153,612,途家,153,9
2026-10-15,m29,西岭刘家农家乐,西岭镇,农家乐,工作日,23.1,23.1,155,465,途家,155,10
2026-10-15,m29,西岭刘家农家乐,西岭镇,农家乐,工作日,23.1,23.1,155,465,途家,155,10
2026-10-16,m29,西岭刘家农家乐,西岭镇,农家乐,工作日,53.8,53.8,156,1092,途家,156,6
2026-10-16,m29,西岭刘家农家乐,西岭镇,农家乐,工作日,53.8,53.8,156,1092,途家,156,6
2026-10-17,m29,西岭刘家农家乐,西岭镇,农家乐,周末,69.2,69.2,224,2016,途家,224,4
2026-10-17,m29,西岭刘家农家乐,西岭镇,农家乐,周末,69.2,69.2,224,2016,途家,224,4
2026-10-18,m29,西岭刘家农家乐,西岭镇,农家乐,周末,84.6,76.9,231,2541,途家,231,3
2026-10-18,m29,西岭刘家农家乐,西岭镇,农家乐,周末,84.6,76.9,231,2541,途家,231,3
2026-10-19,m29,西岭刘家农家乐,西岭镇,农家乐,工作日,38.5,38.5,154,770,途家,154,8
2026-10-19,m29,西岭刘家农家乐,西岭镇,农家乐,工作日,38.5,38.5,154,770,途家,154,8
2026-10-20,m29,西岭刘家农家乐,西岭镇,农家乐,工作日,46.2,46.2,152,912,途家,152,7
2026-10-20,m29,西岭刘家农家乐,西岭镇,农家乐,工作日,46.2,46.2,152,912,途家,152,7
2026-10-21,m29,西岭刘家农家乐,西岭镇,农家乐,工作日,15.4,15.4,146,292,途家,146,11
2026-10-21,m29,西岭刘家农家乐,西岭镇,农家乐,工作日,15.4,15.4,146,292,途家,146,11
2026-10-22,m29,西岭刘家农家乐,西岭镇,农家乐,工作日,23.1,23.1,144,432,途家,144,10
2026-10-22,m29,西岭刘家农家乐,西岭镇,农家乐,工作日,23.1,23.1,144,432,途家,144,10
2026-10-23,m29,西岭刘家农家乐,西岭镇,农家乐,工作日,69.2,69.2,163,1467,途家,163,4
2026-10-23,m29,西岭刘家农家乐,西岭镇,农家乐,工作日,69.2,69.2,163,1467,途家,163,4
2026-10-24,m29,西岭刘家农家乐,西岭镇,农家乐,周末,92.3,92.3,241,2892,途家,241,1
2026-10-24,m29,西岭刘家农家乐,西岭镇,农家乐,周末,92.3,92.3,241,2892,途家,241,1
2026-10-25,m29,西岭刘家农家乐,西岭镇,农家乐,周末,92.3,92.3,233,2796,途家,233,1
2026-10-25,m29,西岭刘家农家乐,西岭镇,农家乐,周末,92.3,92.3,233,2796,途家,233,1
2026-10-26,m29,西岭刘家农家乐,西岭镇,农家乐,工作日,53.8,53.8,156,1092,途家,156,6
2026-10-26,m29,西岭刘家农家乐,西岭镇,农家乐,工作日,53.8,53.8,156,1092,途家,156,6
2026-10-27,m29,西岭刘家农家乐,西岭镇,农家乐,工作日,53.8,53.8,154,1078,途家,154,6
2026-10-27,m29,西岭刘家农家乐,西岭镇,农家乐,工作日,53.8,53.8,154,1078,途家,154,6
2026-10-28,m29,西岭刘家农家乐,西岭镇,农家乐,工作日,46.2,46.2,156,936,途家,156,7
2026-10-28,m29,西岭刘家农家乐,西岭镇,农家乐,工作日,46.2,46.2,156,936,途家,156,7
2026-10-29,m29,西岭刘家农家乐,西岭镇,农家乐,工作日,7.7,7.7,143,143,途家,143,12
2026-10-29,m29,西岭刘家农家乐,西岭镇,农家乐,工作日,7.7,7.7,143,143,途家,143,12
2026-10-30,m29,西岭刘家农家乐,西岭镇,农家乐,工作日,53.8,53.8,153,1071,途家,153,6
2026-10-30,m29,西岭刘家农家乐,西岭镇,农家乐,工作日,53.8,53.8,153,1071,途家,153,6
2026-10-31,m29,西岭刘家农家乐,西岭镇,农家乐,周末,92.3,76.9,237,2844,途家,237,3
2026-10-31,m29,西岭刘家农家乐,西岭镇,农家乐,周末,92.3,76.9,237,2844,途家,237,3
2026-10-01,m30,西岭老街客栈,西岭镇,客栈,国庆,100.0,95.8,976,23424,携程,983,1
2026-10-01,m30,西岭老街客栈,西岭镇,客栈,国庆,100.0,95.8,976,23424,美团,952,1
2026-10-01,m30,西岭老街客栈,西岭镇,客栈,国庆,100.0,95.8,976,23424,去哪儿,967,1
2026-10-01,m30,西岭老街客栈,西岭镇,客栈,国庆,100.0,95.8,976,23424,途家,1000,1
2026-10-02,m30,西岭老街客栈,西岭镇,客栈,国庆,95.8,90.6,1005,23115,携程,1018,2
2026-10-02,m30,西岭老街客栈,西岭镇,客栈,国庆,95.8,90.6,1005,23115,美团,979,3
2026-10-02,m30,西岭老街客栈,西岭镇,客栈,国庆,95.8,90.6,1005,23115,去哪儿,993,2
2026-10-02,m30,西岭老街客栈,西岭镇,客栈,国庆,95.8,90.6,1005,23115,途家,1028,2
2026-10-03,m30,西岭老街客栈,西岭镇,客栈,国庆,100.0,91.7,996,23904,携程,1012,2
2026-10-03,m30,西岭老街客栈,西岭镇,客栈,国庆,100.0,91.7,996,23904,美团,978,2
2026-10-03,m30,西岭老街客栈,西岭镇,客栈,国庆,100.0,91.7,996,23904,去哪儿,972,2
2026-10-03,m30,西岭老街客栈,西岭镇,客栈,国庆,100.0,91.7,996,23904,途家,1022,2
2026-10-04,m30,西岭老街客栈,西岭镇,客栈,国庆,95.8,82.3,1006,23138,携程,1019,4
2026-10-04,m30,西岭老街客栈,西岭镇,客栈,国庆,95.8,82.3,1006,23138,美团,982,5
2026-10-04,m30,西岭老街客栈,西岭镇,客栈,国庆,95.8,82.3,1006,23138,去哪儿,994,4
2026-10-04,m30,西岭老街客栈,西岭镇,客栈,国庆,95.8,82.3,1006,23138,途家,1030,4
2026-10-05,m30,西岭老街客栈,西岭镇,客栈,国庆,95.8,91.7,1004,23092,携程,1003,2
2026-10-05,m30,西岭老街客栈,西岭镇,客栈,国庆,95.8,91.7,1004,23092,美团,988,2
2026-10-05,m30,西岭老街客栈,西岭镇,客栈,国庆,95.8,91.7,1004,23092,去哪儿,998,2
2026-10-05,m30,西岭老街客栈,西岭镇,客栈,国庆,95.8,91.7,1004,23092,途家,1028,2
2026-10-06,m30,西岭老街客栈,西岭镇,客栈,国庆,100.0,100.0,1014,24336,携程,1023,0
2026-10-06,m30,西岭老街客栈,西岭镇,客栈,国庆,100.0,100.0,1014,24336,美团,996,0
2026-10-06,m30,西岭老街客栈,西岭镇,客栈,国庆,100.0,100.0,1014,24336,去哪儿,988,0
2026-10-06,m30,西岭老街客栈,西岭镇,客栈,国庆,100.0,100.0,1014,24336,途家,1049,0
2026-10-07,m30,西岭老街客栈,西岭镇,客栈,国庆,100.0,90.6,963,23112,携程,970,2
2026-10-07,m30,西岭老街客栈,西岭镇,客栈,国庆,100.0,90.6,963,23112,美团,943,3
2026-10-07,m30,西岭老街客栈,西岭镇,客栈,国庆,100.0,90.6,963,23112,去哪儿,949,2
2026-10-07,m30,西岭老街客栈,西岭镇,客栈,国庆,100.0,90.6,963,23112,途家,991,2
2026-10-08,m30,西岭老街客栈,西岭镇,客栈,国庆,100.0,91.7,964,23136,携程,974,2
2026-10-08,m30,西岭老街客栈,西岭镇,客栈,国庆,100.0,91.7,964,23136,美团,935,2
2026-10-08,m30,西岭老街客栈,西岭镇,客栈,国庆,100.0,91.7,964,23136,去哪儿,959,2
2026-10-08,m30,西岭老街客栈,西岭镇,客栈,国庆,100.0,91.7,964,23136,途家,988,2
2026-10-09,m30,西岭老街客栈,西岭镇,客栈,工作日,58.3,57.3,451,6314,携程,456,11
2026-10-09,m30,西岭老街客栈,西岭镇,客栈,工作日,58.3,57.3,451,6314,美团,447,10
2026-10-09,m30,西岭老街客栈,西岭镇,客栈,工作日,58.3,57.3,451,6314,去哪儿,444,10
2026-10-09,m30,西岭老街客栈,西岭镇,客栈,工作日,58.3,57.3,451,6314,途家,458,10
2026-10-10,m30,西岭老街客栈,西岭镇,客栈,周末,100.0,94.8,670,16080,携程,676,1
2026-10-10,m30,西岭老街客栈,西岭镇,客栈,周末,100.0,94.8,670,16080,美团,653,2
2026-10-10,m30,西岭老街客栈,西岭镇,客栈,周末,100.0,94.8,670,16080,去哪儿,663,1
2026-10-10,m30,西岭老街客栈,西岭镇,客栈,周末,100.0,94.8,670,16080,途家,686,1
2026-10-11,m30,西岭老街客栈,西岭镇,客栈,周末,95.8,86.5,643,14789,携程,644,4
2026-10-11,m30,西岭老街客栈,西岭镇,客栈,周末,95.8,86.5,643,14789,美团,628,3
2026-10-11,m30,西岭老街客栈,西岭镇,客栈,周末,95.8,86.5,643,14789,去哪儿,642,3
2026-10-11,m30,西岭老街客栈,西岭镇,客栈,周末,95.8,86.5,643,14789,途家,657,3
2026-10-12,m30,西岭老街客栈,西岭镇,客栈,工作日,50.0,49.0,421,5052,携程,429,12
2026-10-12,m30,西岭老街客栈,西岭镇,客栈,工作日,50.0,49.0,421,5052,美团,410,13
2026-10-12,m30,西岭老街客栈,西岭镇,客栈,工作日,50.0,49.0,421,5052,去哪儿,413,12
2026-10-12,m30,西岭老街客栈,西岭镇,客栈,工作日,50.0,49.0,421,5052,途家,432,12
2026-10-13,m30,西岭老街客栈,西岭镇,客栈,工作日,33.3,32.3,426,3408,携程,428,16
2026-10-13,m30,西岭老街客栈,西岭镇,客栈,工作日,33.3,32.3,426,3408,美团,415,17
2026-10-13,m30,西岭老街客栈,西岭镇,客栈,工作日,33.3,32.3,426,3408,去哪儿,420,16
2026-10-13,m30,西岭老街客栈,西岭镇,客栈,工作日,33.3,32.3,426,3408,途家,439,16
2026-10-14,m30,西岭老街客栈,西岭镇,客栈,工作日,37.5,27.1,412,3708,携程,416,18
2026-10-14,m30,西岭老街客栈,西岭镇,客栈,工作日,37.5,27.1,412,3708,美团,400,18
2026-10-14,m30,西岭老街客栈,西岭镇,客栈,工作日,37.5,27.1,412,3708,去哪儿,408,17
2026-10-14,m30,西岭老街客栈,西岭镇,客栈,工作日,37.5,27.1,412,3708,途家,424,17
2026-10-15,m30,西岭老街客栈,西岭镇,客栈,工作日,41.7,40.6,421,4210,携程,426,14
2026-10-15,m30,西岭老街客栈,西岭镇,客栈,工作日,41.7,40.6,421,4210,美团,412,15
2026-10-15,m30,西岭老街客栈,西岭镇,客栈,工作日,41.7,40.6,421,4210,去哪儿,414,14
2026-10-15,m30,西岭老街客栈,西岭镇,客栈,工作日,41.7,40.6,421,4210,途家,433,14
2026-10-16,m30,西岭老街客栈,西岭镇,客栈,工作日,29.2,28.1,410,2870,携程,412,17
2026-10-16,m30,西岭老街客栈,西岭镇,客栈,工作日,29.2,28.1,410,2870,美团,399,18
2026-10-16,m30,西岭老街客栈,西岭镇,客栈,工作日,29.2,28.1,410,2870,去哪儿,406,17
2026-10-16,m30,西岭老街客栈,西岭镇,客栈,工作日,29.2,28.1,410,2870,途家,421,17
2026-10-17,m30,西岭老街客栈,西岭镇,客栈,周末,91.7,85.4,661,14542,携程,669,4
2026-10-17,m30,西岭老街客栈,西岭镇,客栈,周末,91.7,85.4,661,14542,美团,646,4
2026-10-17,m30,西岭老街客栈,西岭镇,客栈,周末,91.7,85.4,661,14542,去哪儿,656,3
2026-10-17,m30,西岭老街客栈,西岭镇,客栈,周末,91.7,85.4,661,14542,途家,673,3
2026-10-18,m30,西岭老街客栈,西岭镇,客栈,周末,95.8,94.8,651,14973,携程,654,1
2026-10-18,m30,西岭老街客栈,西岭镇,客栈,周末,95.8,94.8,651,14973,美团,637,2
2026-10-18,m30,西岭老街客栈,西岭镇,客栈,周末,95.8,94.8,651,14973,去哪儿,643,1
2026-10-18,m30,西岭老街客栈,西岭镇,客栈,周末,95.8,94.8,651,14973,途家,668,1
2026-10-19,m30,西岭老街客栈,西岭镇,客栈,工作日,41.7,41.7,432,4320,携程,435,14
2026-10-19,m30,西岭老街客栈,西岭镇,客栈,工作日,41.7,41.7,432,4320,美团,424,14
2026-10-19,m30,西岭老街客栈,西岭镇,客栈,工作日,41.7,41.7,432,4320,去哪儿,423,14
2026-10-19,m30,西岭老街客栈,西岭镇,客栈,工作日,41.7,41.7,432,4320,途家,444,14
2026-10-20,m30,西岭老街客栈,西岭镇,客栈,工作日,50.0,49.0,439,5268,携程,440,12
2026-10-20,m30,西岭老街客栈,西岭镇,客栈,工作日,50.0,49.0,439,5268,美团,428,13
2026-10-20,m30,西岭老街客栈,西岭镇,客栈,工作日,50.0,49.0,439,5268,去哪儿,435,12
2026-10-20,m30,西岭老街客栈,西岭镇,客栈,工作日,50.0,49.0,439,5268,途家,454,12
2026-10-21,m30,西岭老街客栈,西岭镇,客栈,工作日,37.5,37.5,422,3798,携程,428,15
2026-10-21,m30,西岭老街客栈,西岭镇,客栈,工作日,37.5,37.5,422,3798,美团,411,15
2026-10-21,m30,西岭老街客栈,西岭镇,客栈,工作日,37.5,37.5,422,3798,去哪儿,418,15
2026-10-21,m30,西岭老街客栈,西岭镇,客栈,工作日,37.5,37.5,422,3798,途家,431,15
2026-10-22,m30,西岭老街客栈,西岭镇,客栈,工作日,54.2,52.1,444,5772,携程,450,12
2026-10-22,m30,西岭老街客栈,西岭镇,客栈,工作日,54.2,52.1,444,5772,美团,430,12
2026-10-22,m30,西岭老街客栈,西岭镇,客栈,工作日,54.2,52.1,444,5772,去哪儿,442,11
2026-10-22,m30,西岭老街客栈,西岭镇,客栈,工作日,54.2,52.1,444,5772,途家,455,11
2026-10-23,m30,西岭老街客栈,西岭镇,客栈,工作日,37.5,28.1,408,3672,携程,409,17
2026-10-23,m30,西岭老街客栈,西岭镇,客栈,工作日,37.5,28.1,408,3672,美团,402,18
2026-10-23,m30,西岭老街客栈,西岭镇,客栈,工作日,37.5,28.1,408,3672,去哪儿,400,17
2026-10-23,m30,西岭老街客栈,西岭镇,客栈,工作日,37.5,28.1,408,3672,途家,421,17
2026-10-24,m30,西岭老街客栈,西岭镇,客栈,周末,100.0,97.9,702,16848,携程,701,1
2026-10-24,m30,西岭老街客栈,西岭镇,客栈,周末,100.0,97.9,702,16848,美团,687,1
2026-10-24,m30,西岭老街客栈,西岭镇,客栈,周末,100.0,97.9,702,16848,去哪儿,697,0
2026-10-24,m30,西岭老街客栈,西岭镇,客栈,周末,100.0,97.9,702,16848,途家,723,0
2026-10-25,m30,西岭老街客栈,西岭镇,客栈,周末,95.8,95.8,691,15893,携程,696,1
2026-10-25,m30,西岭老街客栈,西岭镇,客栈,周末,95.8,95.8,691,15893,美团,679,1
2026-10-25,m30,西岭老街客栈,西岭镇,客栈,周末,95.8,95.8,691,15893,去哪儿,677,1
2026-10-25,m30,西岭老街客栈,西岭镇,客栈,周末,95.8,95.8,691,15893,途家,713,1
2026-10-26,m30,西岭老街客栈,西岭镇,客栈,工作日,50.0,47.9,432,5184,携程,439,13
2026-10-26,m30,西岭老街客栈,西岭镇,客栈,工作日,50.0,47.9,432,5184,美团,423,13
2026-10-26,m30,西岭老街客栈,西岭镇,客栈,工作日,50.0,47.9,432,5184,去哪儿,423,12
2026-10-26,m30,西岭老街客栈,西岭镇,客栈,工作日,50.0,47.9,432,5184,途家,443,12
2026-10-27,m30,西岭老街客栈,西岭镇,客栈,工作日,45.8,45.8,422,4642,携程,427,13
2026-10-27,m30,西岭老街客栈,西岭镇,客栈,工作日,45.8,45.8,422,4642,美团,411,13
2026-10-27,m30,西岭老街客栈,西岭镇,客栈,工作日,45.8,45.8,422,4642,去哪儿,414,13
2026-10-27,m30,西岭老街客栈,西岭镇,客栈,工作日,45.8,45.8,422,4642,途家,436,13
2026-10-28,m30,西岭老街客栈,西岭镇,客栈,工作日,45.8,36.5,424,4664,携程,428,15
2026-10-28,m30,西岭老街客栈,西岭镇,客栈,工作日,45.8,36.5,424,4664,美团,411,16
2026-10-28,m30,西岭老街客栈,西岭镇,客栈,工作日,45.8,36.5,424,4664,去哪儿,416,15
2026-10-28,m30,西岭老街客栈,西岭镇,客栈,工作日,45.8,36.5,424,4664,途家,440,15
2026-10-29,m30,西岭老街客栈,西岭镇,客栈,工作日,37.5,36.5,428,3852,携程,431,15
2026-10-29,m30,西岭老街客栈,西岭镇,客栈,工作日,37.5,36.5,428,3852,美团,417,16
2026-10-29,m30,西岭老街客栈,西岭镇,客栈,工作日,37.5,36.5,428,3852,去哪儿,425,15
2026-10-29,m30,西岭老街客栈,西岭镇,客栈,工作日,37.5,36.5,428,3852,途家,440,15
2026-10-30,m30,西岭老街客栈,西岭镇,客栈,工作日,37.5,36.5,417,3753,携程,421,15
2026-10-30,m30,西岭老街客栈,西岭镇,客栈,工作日,37.5,36.5,417,3753,美团,408,16
2026-10-30,m30,西岭老街客栈,西岭镇,客栈,工作日,37.5,36.5,417,3753,去哪儿,412,15
2026-10-30,m30,西岭老街客栈,西岭镇,客栈,工作日,37.5,36.5,417,3753,途家,427,15
2026-10-31,m30,西岭老街客栈,西岭镇,客栈,周末,91.7,86.5,675,14850,携程,678,3
2026-10-31,m30,西岭老街客栈,西岭镇,客栈,周末,91.7,86.5,675,14850,美团,659,4
2026-10-31,m30,西岭老街客栈,西岭镇,客栈,周末,91.7,86.5,675,14850,去哪儿,667,3
2026-10-31,m30,西岭老街客栈,西岭镇,客栈,周末,91.7,86.5,675,14850,途家,697,3
2026-10-01,m31,西岭水岸客栈,西岭镇,客栈,国庆,100.0,93.8,984,23616,去哪儿,986,1
2026-10-01,m31,西岭水岸客栈,西岭镇,客栈,国庆,100.0,93.8,984,23616,同程,982,2
2026-10-02,m31,西岭水岸客栈,西岭镇,客栈,国庆,100.0,95.8,1030,24720,去哪儿,1032,1
2026-10-02,m31,西岭水岸客栈,西岭镇,客栈,国庆,100.0,95.8,1030,24720,同程,1028,1
2026-10-03,m31,西岭水岸客栈,西岭镇,客栈,国庆,100.0,100.0,999,23976,去哪儿,1002,0
2026-10-03,m31,西岭水岸客栈,西岭镇,客栈,国庆,100.0,100.0,999,23976,同程,995,0
2026-10-04,m31,西岭水岸客栈,西岭镇,客栈,国庆,100.0,93.8,968,23232,去哪儿,971,1
2026-10-04,m31,西岭水岸客栈,西岭镇,客栈,国庆,100.0,93.8,968,23232,同程,964,2
2026-10-05,m31,西岭水岸客栈,西岭镇,客栈,国庆,100.0,100.0,1020,24480,去哪儿,1018,0
2026-10-05,m31,西岭水岸客栈,西岭镇,客栈,国庆,100.0,100.0,1020,24480,同程,1021,0
2026-10-06,m31,西岭水岸客栈,西岭镇,客栈,国庆,95.8,85.4,996,22908,去哪儿,996,3
2026-10-06,m31,西岭水岸客栈,西岭镇,客栈,国庆,95.8,85.4,996,22908,同程,996,4
2026-10-07,m31,西岭水岸客栈,西岭镇,客栈,国庆,87.5,83.3,995,20895,去哪儿,997,4
2026-10-07,m31,西岭水岸客栈,西岭镇,客栈,国庆,87.5,83.3,995,20895,同程,993,4
2026-10-08,m31,西岭水岸客栈,西岭镇,客栈,国庆,100.0,89.6,955,22920,去哪儿,955,2
2026-10-08,m31,西岭水岸客栈,西岭镇,客栈,国庆,100.0,89.6,955,22920,同程,954,3
2026-10-09,m31,西岭水岸客栈,西岭镇,客栈,工作日,50.0,45.8,421,5052,去哪儿,420,13
2026-10-09,m31,西岭水岸客栈,西岭镇,客栈,工作日,50.0,45.8,421,5052,同程,422,13
2026-10-10,m31,西岭水岸客栈,西岭镇,客栈,周末,79.2,56.3,655,12445,去哪儿,655,10
2026-10-10,m31,西岭水岸客栈,西岭镇,客栈,周末,79.2,56.3,655,12445,同程,654,11
2026-10-11,m31,西岭水岸客栈,西岭镇,客栈,周末,95.8,85.4,671,15433,去哪儿,675,3
2026-10-11,m31,西岭水岸客栈,西岭镇,客栈,周末,95.8,85.4,671,15433,同程,666,4
2026-10-12,m31,西岭水岸客栈,西岭镇,客栈,工作日,58.3,50.0,430,6020,去哪儿,432,12
2026-10-12,m31,西岭水岸客栈,西岭镇,客栈,工作日,58.3,50.0,430,6020,同程,427,12
2026-10-13,m31,西岭水岸客栈,西岭镇,客栈,工作日,37.5,33.3,423,3807,去哪儿,422,16
2026-10-13,m31,西岭水岸客栈,西岭镇,客栈,工作日,37.5,33.3,423,3807,同程,424,16
2026-10-14,m31,西岭水岸客栈,西岭镇,客栈,工作日,62.5,62.5,447,6705,去哪儿,444,9
2026-10-14,m31,西岭水岸客栈,西岭镇,客栈,工作日,62.5,62.5,447,6705,同程,449,9
2026-10-15,m31,西岭水岸客栈,西岭镇,客栈,工作日,54.2,52.1,439,5707,去哪儿,438,11
2026-10-15,m31,西岭水岸客栈,西岭镇,客栈,工作日,54.2,52.1,439,5707,同程,440,12
2026-10-16,m31,西岭水岸客栈,西岭镇,客栈,工作日,37.5,35.4,432,3888,去哪儿,431,15
2026-10-16,m31,西岭水岸客栈,西岭镇,客栈,工作日,37.5,35.4,432,3888,同程,432,16
2026-10-17,m31,西岭水岸客栈,西岭镇,客栈,周末,87.5,85.4,656,13776,去哪儿,659,3
2026-10-17,m31,西岭水岸客栈,西岭镇,客栈,周末,87.5,85.4,656,13776,同程,653,4
2026-10-18,m31,西岭水岸客栈,西岭镇,客栈,周末,87.5,87.5,665,13965,去哪儿,660,3
2026-10-18,m31,西岭水岸客栈,西岭镇,客栈,周末,87.5,87.5,665,13965,同程,670,3
2026-10-19,m31,西岭水岸客栈,西岭镇,客栈,工作日,62.5,60.4,458,6870,去哪儿,456,9
2026-10-19,m31,西岭水岸客栈,西岭镇,客栈,工作日,62.5,60.4,458,6870,同程,460,10
2026-10-20,m31,西岭水岸客栈,西岭镇,客栈,工作日,62.5,60.4,443,6645,去哪儿,443,9
2026-10-20,m31,西岭水岸客栈,西岭镇,客栈,工作日,62.5,60.4,443,6645,同程,443,10
2026-10-21,m31,西岭水岸客栈,西岭镇,客栈,工作日,45.8,43.8,435,4785,去哪儿,433,13
2026-10-21,m31,西岭水岸客栈,西岭镇,客栈,工作日,45.8,43.8,435,4785,同程,436,14
2026-10-22,m31,西岭水岸客栈,西岭镇,客栈,工作日,58.3,54.2,423,5922,去哪儿,425,11
2026-10-22,m31,西岭水岸客栈,西岭镇,客栈,工作日,58.3,54.2,423,5922,同程,421,11
2026-10-23,m31,西岭水岸客栈,西岭镇,客栈,工作日,33.3,27.1,420,3360,去哪儿,420,17
2026-10-23,m31,西岭水岸客栈,西岭镇,客栈,工作日,33.3,27.1,420,3360,同程,420,18
2026-10-24,m31,西岭水岸客栈,西岭镇,客栈,周末,95.8,95.8,680,15640,去哪儿,681,1
2026-10-24,m31,西岭水岸客栈,西岭镇,客栈,周末,95.8,95.8,680,15640,同程,678,1
2026-10-25,m31,西岭水岸客栈,西岭镇,客栈,周末,91.7,85.4,650,14300,去哪儿,646,3
2026-10-25,m31,西岭水岸客栈,西岭镇,客栈,周末,91.7,85.4,650,14300,同程,653,4
2026-10-26,m31,西岭水岸客栈,西岭镇,客栈,工作日,45.8,39.6,431,4741,去哪儿,431,14
2026-10-26,m31,西岭水岸客栈,西岭镇,客栈,工作日,45.8,39.6,431,4741,同程,431,15
2026-10-27,m31,西岭水岸客栈,西岭镇,客栈,工作日,58.3,54.2,441,6174,去哪儿,443,11
2026-10-27,m31,西岭水岸客栈,西岭镇,客栈,工作日,58.3,54.2,441,6174,同程,439,11
2026-10-28,m31,西岭水岸客栈,西岭镇,客栈,工作日,45.8,43.8,428,4708,去哪儿,427,13
2026-10-28,m31,西岭水岸客栈,西岭镇,客栈,工作日,45.8,43.8,428,4708,同程,429,14
2026-10-29,m31,西岭水岸客栈,西岭镇,客栈,工作日,41.7,41.7,428,4280,去哪儿,428,14
2026-10-29,m31,西岭水岸客栈,西岭镇,客栈,工作日,41.7,41.7,428,4280,同程,428,14
2026-10-30,m31,西岭水岸客栈,西岭镇,客栈,工作日,45.8,45.8,426,4686,去哪儿,424,13
2026-10-30,m31,西岭水岸客栈,西岭镇,客栈,工作日,45.8,45.8,426,4686,同程,428,13
2026-10-31,m31,西岭水岸客栈,西岭镇,客栈,周末,83.3,83.3,654,13080,去哪儿,653,4
2026-10-31,m31,西岭水岸客栈,西岭镇,客栈,周末,83.3,83.3,654,13080,同程,655,4
2026-10-01,m32,西岭云居客栈,西岭镇,客栈,国庆,100.0,85.4,676,10816,美团,662,3
2026-10-01,m32,西岭云居客栈,西岭镇,客栈,国庆,100.0,85.4,676,10816,去哪儿,671,2
2026-10-01,m32,西岭云居客栈,西岭镇,客栈,国庆,100.0,85.4,676,10816,途家,695,2
2026-10-02,m32,西岭云居客栈,西岭镇,客栈,国庆,100.0,81.3,657,10512,美团,646,3
2026-10-02,m32,西岭云居客栈,西岭镇,客栈,国庆,100.0,81.3,657,10512,去哪儿,644,3
2026-10-02,m32,西岭云居客栈,西岭镇,客栈,国庆,100.0,81.3,657,10512,途家,682,3
2026-10-03,m32,西岭云居客栈,西岭镇,客栈,国庆,87.5,79.2,664,9296,美团,649,4
2026-10-03,m32,西岭云居客栈,西岭镇,客栈,国庆,87.5,79.2,664,9296,去哪儿,662,3
2026-10-03,m32,西岭云居客栈,西岭镇,客栈,国庆,87.5,79.2,664,9296,途家,682,3
2026-10-04,m32,西岭云居客栈,西岭镇,客栈,国庆,100.0,79.2,689,11024,美团,671,4
2026-10-04,m32,西岭云居客栈,西岭镇,客栈,国庆,100.0,79.2,689,11024,去哪儿,681,3
2026-10-04,m32,西岭云居客栈,西岭镇,客栈,国庆,100.0,79.2,689,11024,途家,714,3
2026-10-05,m32,西岭云居客栈,西岭镇,客栈,国庆,93.8,93.8,685,10275,美团,671,1
2026-10-05,m32,西岭云居客栈,西岭镇,客栈,国庆,93.8,93.8,685,10275,去哪儿,676,1
2026-10-05,m32,西岭云居客栈,西岭镇,客栈,国庆,93.8,93.8,685,10275,途家,707,1
2026-10-06,m32,西岭云居客栈,西岭镇,客栈,国庆,93.8,93.8,685,10275,美团,670,1
2026-10-06,m32,西岭云居客栈,西岭镇,客栈,国庆,93.8,93.8,685,10275,去哪儿,680,1
2026-10-06,m32,西岭云居客栈,西岭镇,客栈,国庆,93.8,93.8,685,10275,途家,704,1
2026-10-07,m32,西岭云居客栈,西岭镇,客栈,国庆,100.0,100.0,735,11760,美团,721,0
2026-10-07,m32,西岭云居客栈,西岭镇,客栈,国庆,100.0,100.0,735,11760,去哪儿,728,0
2026-10-07,m32,西岭云居客栈,西岭镇,客栈,国庆,100.0,100.0,735,11760,途家,757,0
2026-10-08,m32,西岭云居客栈,西岭镇,客栈,国庆,100.0,87.5,668,10688,美团,653,2
2026-10-08,m32,西岭云居客栈,西岭镇,客栈,国庆,100.0,87.5,668,10688,去哪儿,662,2
2026-10-08,m32,西岭云居客栈,西岭镇,客栈,国庆,100.0,87.5,668,10688,途家,689,2
2026-10-09,m32,西岭云居客栈,西岭镇,客栈,工作日,50.0,41.7,297,2376,美团,290,10
2026-10-09,m32,西岭云居客栈,西岭镇,客栈,工作日,50.0,41.7,297,2376,去哪儿,294,9
2026-10-09,m32,西岭云居客栈,西岭镇,客栈,工作日,50.0,41.7,297,2376,途家,307,9
2026-10-10,m32,西岭云居客栈,西岭镇,客栈,周末,81.3,81.3,469,6097,美团,458,3
2026-10-10,m32,西岭云居客栈,西岭镇,客栈,周末,81.3,81.3,469,6097,去哪儿,462,3
2026-10-10,m32,西岭云居客栈,西岭镇,客栈,周末,81.3,81.3,469,6097,途家,487,3
2026-10-11,m32,西岭云居客栈,西岭镇,客栈,周末,87.5,85.4,452,6328,美团,442,3
2026-10-11,m32,西岭云居客栈,西岭镇,客栈,周末,87.5,85.4,452,6328,去哪儿,447,2
2026-10-11,m32,西岭云居客栈,西岭镇,客栈,周末,87.5,85.4,452,6328,途家,467,2
2026-10-12,m32,西岭云居客栈,西岭镇,客栈,工作日,68.8,62.5,320,3520,美团,317,6
2026-10-12,m32,西岭云居客栈,西岭镇,客栈,工作日,68.8,62.5,320,3520,去哪儿,317,6
2026-10-12,m32,西岭云居客栈,西岭镇,客栈,工作日,68.8,62.5,320,3520,途家,327,6
2026-10-13,m32,西岭云居客栈,西岭镇,客栈,工作日,50.0,41.7,309,2472,美团,302,10
2026-10-13,m32,西岭云居客栈,西岭镇,客栈,工作日,50.0,41.7,309,2472,去哪儿,305,9
2026-10-13,m32,西岭云居客栈,西岭镇,客栈,工作日,50.0,41.7,309,2472,途家,319,9
2026-10-14,m32,西岭云居客栈,西岭镇,客栈,工作日,43.8,43.8,297,2079,美团,293,9
2026-10-14,m32,西岭云居客栈,西岭镇,客栈,工作日,43.8,43.8,297,2079,去哪儿,292,9
2026-10-14,m32,西岭云居客栈,西岭镇,客栈,工作日,43.8,43.8,297,2079,途家,307,9
2026-10-15,m32,西岭云居客栈,西岭镇,客栈,工作日,18.8,16.7,286,858,美团,280,14
2026-10-15,m32,西岭云居客栈,西岭镇,客栈,工作日,18.8,16.7,286,858,去哪儿,283,13
2026-10-15,m32,西岭云居客栈,西岭镇,客栈,工作日,18.8,16.7,286,858,途家,295,13
2026-10-16,m32,西岭云居客栈,西岭镇,客栈,工作日,56.3,54.2,317,2853,美团,312,8
2026-10-16,m32,西岭云居客栈,西岭镇,客栈,工作日,56.3,54.2,317,2853,去哪儿,311,7
2026-10-16,m32,西岭云居客栈,西岭镇,客栈,工作日,56.3,54.2,317,2853,途家,328,7
2026-10-17,m32,西岭云居客栈,西岭镇,客栈,周末,100.0,79.2,433,6928,美团,423,4
2026-10-17,m32,西岭云居客栈,西岭镇,客栈,周末,100.0,79.2,433,6928,去哪儿,428,3
2026-10-17,m32,西岭云居客栈,西岭镇,客栈,周末,100.0,79.2,433,6928,途家,449,3
2026-10-18,m32,西岭云居客栈,西岭镇,客栈,周末,93.8,91.7,463,6945,美团,452,2
2026-10-18,m32,西岭云居客栈,西岭镇,客栈,周末,93.8,91.7,463,6945,去哪儿,463,1
2026-10-18,m32,西岭云居客栈,西岭镇,客栈,周末,93.8,91.7,463,6945,途家,474,1
2026-10-19,m32,西岭云居客栈,西岭镇,客栈,工作日,43.8,43.8,298,2086,美团,292,9
2026-10-19,m32,西岭云居客栈,西岭镇,客栈,工作日,43.8,43.8,298,2086,去哪儿,294,9
2026-10-19,m32,西岭云居客栈,西岭镇,客栈,工作日,43.8,43.8,298,2086,途家,307,9
2026-10-20,m32,西岭云居客栈,西岭镇,客栈,工作日,43.8,29.2,289,2023,美团,284,12
2026-10-20,m32,西岭云居客栈,西岭镇,客栈,工作日,43.8,29.2,289,2023,去哪儿,286,11
2026-10-20,m32,西岭云居客栈,西岭镇,客栈,工作日,43.8,29.2,289,2023,途家,296,11
2026-10-21,m32,西岭云居客栈,西岭镇,客栈,工作日,37.5,31.3,298,1788,美团,293,11
2026-10-21,m32,西岭云居客栈,西岭镇,客栈,工作日,37.5,31.3,298,1788,去哪儿,294,11
2026-10-21,m32,西岭云居客栈,西岭镇,客栈,工作日,37.5,31.3,298,1788,途家,307,11
2026-10-22,m32,西岭云居客栈,西岭镇,客栈,工作日,43.8,37.5,296,2072,美团,291,10
2026-10-22,m32,西岭云居客栈,西岭镇,客栈,工作日,43.8,37.5,296,2072,去哪儿,293,10
2026-10-22,m32,西岭云居客栈,西岭镇,客栈,工作日,43.8,37.5,296,2072,途家,305,10
2026-10-23,m32,西岭云居客栈,西岭镇,客栈,工作日,31.3,31.3,290,1450,美团,283,11
2026-10-23,m32,西岭云居客栈,西岭镇,客栈,工作日,31.3,31.3,290,1450,去哪儿,286,11
2026-10-23,m32,西岭云居客栈,西岭镇,客栈,工作日,31.3,31.3,290,1450,途家,300,11
2026-10-24,m32,西岭云居客栈,西岭镇,客栈,周末,87.5,79.2,459,6426,美团,453,4
2026-10-24,m32,西岭云居客栈,西岭镇,客栈,周末,87.5,79.2,459,6426,去哪儿,455,3
2026-10-24,m32,西岭云居客栈,西岭镇,客栈,周末,87.5,79.2,459,6426,途家,470,3
2026-10-25,m32,西岭云居客栈,西岭镇,客栈,周末,75.0,72.9,457,5484,美团,446,5
2026-10-25,m32,西岭云居客栈,西岭镇,客栈,周末,75.0,72.9,457,5484,去哪儿,454,4
2026-10-25,m32,西岭云居客栈,西岭镇,客栈,周末,75.0,72.9,457,5484,途家,470,4
2026-10-26,m32,西岭云居客栈,西岭镇,客栈,工作日,68.8,60.4,317,3487,美团,306,7
2026-10-26,m32,西岭云居客栈,西岭镇,客栈,工作日,68.8,60.4,317,3487,去哪儿,317,6
2026-10-26,m32,西岭云居客栈,西岭镇,客栈,工作日,68.8,60.4,317,3487,途家,328,6
2026-10-27,m32,西岭云居客栈,西岭镇,客栈,工作日,43.8,41.7,299,2093,美团,294,10
2026-10-27,m32,西岭云居客栈,西岭镇,客栈,工作日,43.8,41.7,299,2093,去哪儿,295,9
2026-10-27,m32,西岭云居客栈,西岭镇,客栈,工作日,43.8,41.7,299,2093,途家,308,9
2026-10-28,m32,西岭云居客栈,西岭镇,客栈,工作日,37.5,35.4,296,1776,美团,290,11
2026-10-28,m32,西岭云居客栈,西岭镇,客栈,工作日,37.5,35.4,296,1776,去哪儿,295,10
2026-10-28,m32,西岭云居客栈,西岭镇,客栈,工作日,37.5,35.4,296,1776,途家,304,10
2026-10-29,m32,西岭云居客栈,西岭镇,客栈,工作日,68.8,68.8,328,3608,美团,323,5
2026-10-29,m32,西岭云居客栈,西岭镇,客栈,工作日,68.8,68.8,328,3608,去哪儿,324,5
2026-10-29,m32,西岭云居客栈,西岭镇,客栈,工作日,68.8,68.8,328,3608,途家,336,5
2026-10-30,m32,西岭云居客栈,西岭镇,客栈,工作日,25.0,22.9,296,1184,美团,292,13
2026-10-30,m32,西岭云居客栈,西岭镇,客栈,工作日,25.0,22.9,296,1184,去哪儿,291,12
2026-10-30,m32,西岭云居客栈,西岭镇,客栈,工作日,25.0,22.9,296,1184,途家,306,12
2026-10-31,m32,西岭云居客栈,西岭镇,客栈,周末,75.0,68.8,456,5472,美团,448,5
2026-10-31,m32,西岭云居客栈,西岭镇,客栈,周末,75.0,68.8,456,5472,去哪儿,453,5
2026-10-31,m32,西岭云居客栈,西岭镇,客栈,周末,75.0,68.8,456,5472,途家,468,5
2026-10-01,m33,西岭溪谷农家乐,西岭镇,农家乐,国庆,100.0,100.0,463,5093,途家,463,0
2026-10-02,m33,西岭溪谷农家乐,西岭镇,农家乐,国庆,100.0,100.0,427,4697,途家,427,0
2026-10-03,m33,西岭溪谷农家乐,西岭镇,农家乐,国庆,90.9,90.9,422,4220,途家,422,1
2026-10-04,m33,西岭溪谷农家乐,西岭镇,农家乐,国庆,100.0,90.9,433,4763,途家,433,1
2026-10-05,m33,西岭溪谷农家乐,西岭镇,农家乐,国庆,100.0,100.0,443,4873,途家,443,0
2026-10-06,m33,西岭溪谷农家乐,西岭镇,农家乐,国庆,100.0,90.9,444,4884,途家,444,1
2026-10-07,m33,西岭溪谷农家乐,西岭镇,农家乐,国庆,100.0,100.0,444,4884,途家,444,0
2026-10-08,m33,西岭溪谷农家乐,西岭镇,农家乐,国庆,100.0,72.7,416,4576,途家,416,3
2026-10-09,m33,西岭溪谷农家乐,西岭镇,农家乐,工作日,63.6,63.6,198,1386,途家,198,4
2026-10-10,m33,西岭溪谷农家乐,西岭镇,农家乐,周末,90.9,90.9,293,2930,途家,293,1
2026-10-11,m33,西岭溪谷农家乐,西岭镇,农家乐,周末,81.8,63.6,281,2529,途家,281,4
2026-10-12,m33,西岭溪谷农家乐,西岭镇,农家乐,工作日,36.4,27.3,189,756,途家,189,8
2026-10-13,m33,西岭溪谷农家乐,西岭镇,农家乐,工作日,54.5,54.5,188,1128,途家,188,5
2026-10-14,m33,西岭溪谷农家乐,西岭镇,农家乐,工作日,81.8,81.8,211,1899,途家,211,2
2026-10-15,m33,西岭溪谷农家乐,西岭镇,农家乐,工作日,36.4,36.4,185,740,途家,185,7
2026-10-16,m33,西岭溪谷农家乐,西岭镇,农家乐,工作日,45.5,36.4,184,920,途家,184,7
2026-10-17,m33,西岭溪谷农家乐,西岭镇,农家乐,周末,81.8,63.6,268,2412,途家,268,4
2026-10-18,m33,西岭溪谷农家乐,西岭镇,农家乐,周末,90.9,90.9,308,3080,途家,308,1
2026-10-19,m33,西岭溪谷农家乐,西岭镇,农家乐,工作日,63.6,63.6,198,1386,途家,198,4
2026-10-20,m33,西岭溪谷农家乐,西岭镇,农家乐,工作日,27.3,27.3,185,555,途家,185,8
2026-10-21,m33,西岭溪谷农家乐,西岭镇,农家乐,工作日,36.4,36.4,181,724,途家,181,7
2026-10-22,m33,西岭溪谷农家乐,西岭镇,农家乐,工作日,54.5,54.5,194,1164,途家,194,5
2026-10-23,m33,西岭溪谷农家乐,西岭镇,农家乐,工作日,54.5,45.5,188,1128,途家,188,6
2026-10-24,m33,西岭溪谷农家乐,西岭镇,农家乐,周末,72.7,72.7,287,2296,途家,287,3
2026-10-25,m33,西岭溪谷农家乐,西岭镇,农家乐,周末,90.9,90.9,280,2800,途家,280,1
2026-10-26,m33,西岭溪谷农家乐,西岭镇,农家乐,工作日,54.5,54.5,193,1158,途家,193,5
2026-10-27,m33,西岭溪谷农家乐,西岭镇,农家乐,工作日,63.6,54.5,189,1323,途家,189,5
2026-10-28,m33,西岭溪谷农家乐,西岭镇,农家乐,工作日,36.4,36.4,180,720,途家,180,7
2026-10-29,m33,西岭溪谷农家乐,西岭镇,农家乐,工作日,45.5,36.4,186,930,途家,186,7
2026-10-30,m33,西岭溪谷农家乐,西岭镇,农家乐,工作日,27.3,27.3,180,540,途家,180,8
2026-10-31,m33,西岭溪谷农家乐,西岭镇,农家乐,周末,81.8,63.6,300,2700,途家,300,4
2026-10-01,m34,西岭李家农家乐,西岭镇,农家乐,国庆,100.0,97.2,825,9900,美团,808,1
2026-10-01,m34,西岭李家农家乐,西岭镇,农家乐,国庆,100.0,97.2,825,9900,飞猪,821,0
2026-10-01,m34,西岭李家农家乐,西岭镇,农家乐,国庆,100.0,97.2,825,9900,途家,846,0
2026-10-02,m34,西岭李家农家乐,西岭镇,农家乐,国庆,91.7,80.6,840,9240,美团,815,3
2026-10-02,m34,西岭李家农家乐,西岭镇,农家乐,国庆,91.7,80.6,840,9240,飞猪,835,2
2026-10-02,m34,西岭李家农家乐,西岭镇,农家乐,国庆,91.7,80.6,840,9240,途家,870,2
2026-10-03,m34,西岭李家农家乐,西岭镇,农家乐,国庆,91.7,88.9,790,8690,美团,773,1
2026-10-03,m34,西岭李家农家乐,西岭镇,农家乐,国庆,91.7,88.9,790,8690,飞猪,794,2
2026-10-03,m34,西岭李家农家乐,西岭镇,农家乐,国庆,91.7,88.9,790,8690,途家,804,1
2026-10-04,m34,西岭李家农家乐,西岭镇,农家乐,国庆,100.0,77.8,766,9192,美团,753,3
2026-10-04,m34,西岭李家农家乐,西岭镇,农家乐,国庆,100.0,77.8,766,9192,飞猪,757,3
2026-10-04,m34,西岭李家农家乐,西岭镇,农家乐,国庆,100.0,77.8,766,9192,途家,787,2
2026-10-05,m34,西岭李家农家乐,西岭镇,农家乐,国庆,100.0,86.1,765,9180,美团,747,2
2026-10-05,m34,西岭李家农家乐,西岭镇,农家乐,国庆,100.0,86.1,765,9180,飞猪,763,2
2026-10-05,m34,西岭李家农家乐,西岭镇,农家乐,国庆,100.0,86.1,765,9180,途家,786,1
2026-10-06,m34,西岭李家农家乐,西岭镇,农家乐,国庆,91.7,80.6,793,8723,美团,779,3
2026-10-06,m34,西岭李家农家乐,西岭镇,农家乐,国庆,91.7,80.6,793,8723,飞猪,786,2
2026-10-06,m34,西岭李家农家乐,西岭镇,农家乐,国庆,91.7,80.6,793,8723,途家,814,2
2026-10-07,m34,西岭李家农家乐,西岭镇,农家乐,国庆,100.0,100.0,807,9684,美团,792,0
2026-10-07,m34,西岭李家农家乐,西岭镇,农家乐,国庆,100.0,100.0,807,9684,飞猪,812,0
2026-10-07,m34,西岭李家农家乐,西岭镇,农家乐,国庆,100.0,100.0,807,9684,途家,816,0
2026-10-08,m34,西岭李家农家乐,西岭镇,农家乐,国庆,100.0,72.2,790,9480,美团,772,4
2026-10-08,m34,西岭李家农家乐,西岭镇,农家乐,国庆,100.0,72.2,790,9480,飞猪,791,3
2026-10-08,m34,西岭李家农家乐,西岭镇,农家乐,国庆,100.0,72.2,790,9480,途家,807,3
2026-10-09,m34,西岭李家农家乐,西岭镇,农家乐,工作日,58.3,52.8,346,2422,美团,339,6
2026-10-09,m34,西岭李家农家乐,西岭镇,农家乐,工作日,58.3,52.8,346,2422,飞猪,344,6
2026-10-09,m34,西岭李家农家乐,西岭镇,农家乐,工作日,58.3,52.8,346,2422,途家,354,5
2026-10-10,m34,西岭李家农家乐,西岭镇,农家乐,周末,83.3,69.4,515,5150,美团,507,4
2026-10-10,m34,西岭李家农家乐,西岭镇,农家乐,周末,83.3,69.4,515,5150,飞猪,510,4
2026-10-10,m34,西岭李家农家乐,西岭镇,农家乐,周末,83.3,69.4,515,5150,途家,527,3
2026-10-11,m34,西岭李家农家乐,西岭镇,农家乐,周末,83.3,72.2,541,5410,美团,534,4
2026-10-11,m34,西岭李家农家乐,西岭镇,农家乐,周末,83.3,72.2,541,5410,飞猪,537,3
2026-10-11,m34,西岭李家农家乐,西岭镇,农家乐,周末,83.3,72.2,541,5410,途家,553,3
2026-10-12,m34,西岭李家农家乐,西岭镇,农家乐,工作日,50.0,47.2,345,2070,美团,337,7
2026-10-12,m34,西岭李家农家乐,西岭镇,农家乐,工作日,50.0,47.2,345,2070,飞猪,346,6
2026-10-12,m34,西岭李家农家乐,西岭镇,农家乐,工作日,50.0,47.2,345,2070,途家,353,6
2026-10-13,m34,西岭李家农家乐,西岭镇,农家乐,工作日,8.3,8.3,329,329,美团,323,11
2026-10-13,m34,西岭李家农家乐,西岭镇,农家乐,工作日,8.3,8.3,329,329,飞猪,326,11
2026-10-13,m34,西岭李家农家乐,西岭镇,农家乐,工作日,8.3,8.3,329,329,途家,339,11
2026-10-14,m34,西岭李家农家乐,西岭镇,农家乐,工作日,58.3,55.6,367,2569,美团,356,6
2026-10-14,m34,西岭李家农家乐,西岭镇,农家乐,工作日,58.3,55.6,367,2569,飞猪,367,5
2026-10-14,m34,西岭李家农家乐,西岭镇,农家乐,工作日,58.3,55.6,367,2569,途家,377,5
2026-10-15,m34,西岭李家农家乐,西岭镇,农家乐,工作日,50.0,41.7,341,2046,美团,332,7
2026-10-15,m34,西岭李家农家乐,西岭镇,农家乐,工作日,50.0,41.7,341,2046,飞猪,340,7
2026-10-15,m34,西岭李家农家乐,西岭镇,农家乐,工作日,50.0,41.7,341,2046,途家,352,7
2026-10-16,m34,西岭李家农家乐,西岭镇,农家乐,工作日,33.3,30.6,334,1336,美团,327,8
2026-10-16,m34,西岭李家农家乐,西岭镇,农家乐,工作日,33.3,30.6,334,1336,飞猪,333,9
2026-10-16,m34,西岭李家农家乐,西岭镇,农家乐,工作日,33.3,30.6,334,1336,途家,342,8
2026-10-17,m34,西岭李家农家乐,西岭镇,农家乐,周末,75.0,75.0,496,4464,美团,482,3
2026-10-17,m34,西岭李家农家乐,西岭镇,农家乐,周末,75.0,75.0,496,4464,飞猪,497,3
2026-10-17,m34,西岭李家农家乐,西岭镇,农家乐,周末,75.0,75.0,496,4464,途家,510,3
2026-10-18,m34,西岭李家农家乐,西岭镇,农家乐,周末,58.3,47.2,510,3570,美团,497,7
2026-10-18,m34,西岭李家农家乐,西岭镇,农家乐,周末,58.3,47.2,510,3570,飞猪,506,6
2026-10-18,m34,西岭李家农家乐,西岭镇,农家乐,周末,58.3,47.2,510,3570,途家,526,6
2026-10-19,m34,西岭李家农家乐,西岭镇,农家乐,工作日,41.7,36.1,336,1680,美团,330,8
2026-10-19,m34,西岭李家农家乐,西岭镇,农家乐,工作日,41.7,36.1,336,1680,飞猪,334,8
2026-10-19,m34,西岭李家农家乐,西岭镇,农家乐,工作日,41.7,36.1,336,1680,途家,343,7
2026-10-20,m34,西岭李家农家乐,西岭镇,农家乐,工作日,8.3,8.3,319,319,美团,311,11
2026-10-20,m34,西岭李家农家乐,西岭镇,农家乐,工作日,8.3,8.3,319,319,飞猪,318,11
2026-10-20,m34,西岭李家农家乐,西岭镇,农家乐,工作日,8.3,8.3,319,319,途家,328,11
2026-10-21,m34,西岭李家农家乐,西岭镇,农家乐,工作日,50.0,47.2,343,2058,美团,336,6
2026-10-21,m34,西岭李家农家乐,西岭镇,农家乐,工作日,50.0,47.2,343,2058,飞猪,340,7
2026-10-21,m34,西岭李家农家乐,西岭镇,农家乐,工作日,50.0,47.2,343,2058,途家,352,6
2026-10-22,m34,西岭李家农家乐,西岭镇,农家乐,工作日,58.3,58.3,356,2492,美团,348,5
2026-10-22,m34,西岭李家农家乐,西岭镇,农家乐,工作日,58.3,58.3,356,2492,飞猪,355,5
2026-10-22,m34,西岭李家农家乐,西岭镇,农家乐,工作日,58.3,58.3,356,2492,途家,365,5
2026-10-23,m34,西岭李家农家乐,西岭镇,农家乐,工作日,16.7,8.3,324,648,美团,317,11
2026-10-23,m34,西岭李家农家乐,西岭镇,农家乐,工作日,16.7,8.3,324,648,飞猪,324,11
2026-10-23,m34,西岭李家农家乐,西岭镇,农家乐,工作日,16.7,8.3,324,648,途家,331,11
2026-10-24,m34,西岭李家农家乐,西岭镇,农家乐,周末,75.0,72.2,505,4545,美团,497,4
2026-10-24,m34,西岭李家农家乐,西岭镇,农家乐,周末,75.0,72.2,505,4545,飞猪,500,3
2026-10-24,m34,西岭李家农家乐,西岭镇,农家乐,周末,75.0,72.2,505,4545,途家,518,3
2026-10-25,m34,西岭李家农家乐,西岭镇,农家乐,周末,75.0,66.7,515,4635,美团,506,4
2026-10-25,m34,西岭李家农家乐,西岭镇,农家乐,周末,75.0,66.7,515,4635,飞猪,513,4
2026-10-25,m34,西岭李家农家乐,西岭镇,农家乐,周末,75.0,66.7,515,4635,途家,526,4
2026-10-26,m34,西岭李家农家乐,西岭镇,农家乐,工作日,33.3,27.8,336,1344,美团,329,9
2026-10-26,m34,西岭李家农家乐,西岭镇,农家乐,工作日,33.3,27.8,336,1344,飞猪,333,9
2026-10-26,m34,西岭李家农家乐,西岭镇,农家乐,工作日,33.3,27.8,336,1344,途家,347,8
2026-10-27,m34,西岭李家农家乐,西岭镇,农家乐,工作日,58.3,55.6,354,2478,美团,345,6
2026-10-27,m34,西岭李家农家乐,西岭镇,农家乐,工作日,58.3,55.6,354,2478,飞猪,354,5
2026-10-27,m34,西岭李家农家乐,西岭镇,农家乐,工作日,58.3,55.6,354,2478,途家,362,5
2026-10-28,m34,西岭李家农家乐,西岭镇,农家乐,工作日,50.0,50.0,354,2124,美团,346,6
2026-10-28,m34,西岭李家农家乐,西岭镇,农家乐,工作日,50.0,50.0,354,2124,飞猪,356,6
2026-10-28,m34,西岭李家农家乐,西岭镇,农家乐,工作日,50.0,50.0,354,2124,途家,361,6
2026-10-29,m34,西岭李家农家乐,西岭镇,农家乐,工作日,33.3,25.0,328,1312,美团,320,9
2026-10-29,m34,西岭李家农家乐,西岭镇,农家乐,工作日,33.3,25.0,328,1312,飞猪,327,9
2026-10-29,m34,西岭李家农家乐,西岭镇,农家乐,工作日,33.3,25.0,328,1312,途家,336,9
2026-10-30,m34,西岭李家农家乐,西岭镇,农家乐,工作日,50.0,47.2,345,2070,美团,335,6
2026-10-30,m34,西岭李家农家乐,西岭镇,农家乐,工作日,50.0,47.2,345,2070,飞猪,346,7
2026-10-30,m34,西岭李家农家乐,西岭镇,农家乐,工作日,50.0,47.2,345,2070,途家,355,6
2026-10-31,m34,西岭李家农家乐,西岭镇,农家乐,周末,83.3,80.6,521,5210,美团,513,3
2026-10-31,m34,西岭李家农家乐,西岭镇,农家乐,周末,83.3,80.6,521,5210,飞猪,515,2
2026-10-31,m34,西岭李家农家乐,西岭镇,农家乐,周末,83.3,80.6,521,5210,途家,534,2
2026-10-01,m35,西岭圣索亚国际温泉度假酒店,西岭镇,酒店,国庆,97.1,91.5,1258,168572,美团,1227,12
2026-10-01,m35,西岭圣索亚国际温泉度假酒店,西岭镇,酒店,国庆,97.1,91.5,1258,168572,飞猪,1246,12
2026-10-01,m35,西岭圣索亚国际温泉度假酒店,西岭镇,酒店,国庆,97.1,91.5,1258,168572,途家,1300,11
2026-10-02,m35,西岭圣索亚国际温泉度假酒店,西岭镇,酒店,国庆,100.0,91.8,1274,175812,美团,1245,12
2026-10-02,m35,西岭圣索亚国际温泉度假酒店,西岭镇,酒店,国庆,100.0,91.8,1274,175812,飞猪,1269,11
2026-10-02,m35,西岭圣索亚国际温泉度假酒店,西岭镇,酒店,国庆,100.0,91.8,1274,175812,途家,1308,11
2026-10-03,m35,西岭圣索亚国际温泉度假酒店,西岭镇,酒店,国庆,98.6,91.1,1271,172856,美团,1241,13
2026-10-03,m35,西岭圣索亚国际温泉度假酒店,西岭镇,酒店,国庆,98.6,91.1,1271,172856,飞猪,1267,12
2026-10-03,m35,西岭圣索亚国际温泉度假酒店,西岭镇,酒店,国庆,98.6,91.1,1271,172856,途家,1305,12
2026-10-04,m35,西岭圣索亚国际温泉度假酒店,西岭镇,酒店,国庆,98.6,96.9,1284,174624,美团,1252,5
2026-10-04,m35,西岭圣索亚国际温泉度假酒店,西岭镇,酒店,国庆,98.6,96.9,1284,174624,飞猪,1275,4
2026-10-04,m35,西岭圣索亚国际温泉度假酒店,西岭镇,酒店,国庆,98.6,96.9,1284,174624,途家,1326,4
2026-10-05,m35,西岭圣索亚国际温泉度假酒店,西岭镇,酒店,国庆,97.8,91.1,1270,171450,美团,1247,13
2026-10-05,m35,西岭圣索亚国际温泉度假酒店,西岭镇,酒店,国庆,97.8,91.1,1270,171450,飞猪,1272,12
2026-10-05,m35,西岭圣索亚国际温泉度假酒店,西岭镇,酒店,国庆,97.8,91.1,1270,171450,途家,1291,12
2026-10-06,m35,西岭圣索亚国际温泉度假酒店,西岭镇,酒店,国庆,99.3,92.8,1273,174401,美团,1252,10
2026-10-06,m35,西岭圣索亚国际温泉度假酒店,西岭镇,酒店,国庆,99.3,92.8,1273,174401,飞猪,1259,10
2026-10-06,m35,西岭圣索亚国际温泉度假酒店,西岭镇,酒店,国庆,99.3,92.8,1273,174401,途家,1309,10
2026-10-07,m35,西岭圣索亚国际温泉度假酒店,西岭镇,酒店,国庆,95.7,90.3,1283,169356,美团,1257,14
2026-10-07,m35,西岭圣索亚国际温泉度假酒店,西岭镇,酒店,国庆,95.7,90.3,1283,169356,飞猪,1277,13
2026-10-07,m35,西岭圣索亚国际温泉度假酒店,西岭镇,酒店,国庆,95.7,90.3,1283,169356,途家,1314,13
2026-10-08,m35,西岭圣索亚国际温泉度假酒店,西岭镇,酒店,国庆,97.8,92.3,1275,172125,美团,1241,11
2026-10-08,m35,西岭圣索亚国际温泉度假酒店,西岭镇,酒店,国庆,97.8,92.3,1275,172125,飞猪,1278,11
2026-10-08,m35,西岭圣索亚国际温泉度假酒店,西岭镇,酒店,国庆,97.8,92.3,1275,172125,途家,1307,10
2026-10-09,m35,西岭圣索亚国际温泉度假酒店,西岭镇,酒店,工作日,51.4,48.3,562,39902,美团,545,71
2026-10-09,m35,西岭圣索亚国际温泉度假酒店,西岭镇,酒店,工作日,51.4,48.3,562,39902,飞猪,564,72
2026-10-09,m35,西岭圣索亚国际温泉度假酒店,西岭镇,酒店,工作日,51.4,48.3,562,39902,途家,576,71
2026-10-10,m35,西岭圣索亚国际温泉度假酒店,西岭镇,酒店,周末,93.5,82.6,859,110811,美团,840,24
2026-10-10,m35,西岭圣索亚国际温泉度假酒店,西岭镇,酒店,周末,93.5,82.6,859,110811,飞猪,854,24
2026-10-10,m35,西岭圣索亚国际温泉度假酒店,西岭镇,酒店,周末,93.5,82.6,859,110811,途家,883,24
2026-10-11,m35,西岭圣索亚国际温泉度假酒店,西岭镇,酒店,周末,94.9,88.2,857,112267,美团,833,17
2026-10-11,m35,西岭圣索亚国际温泉度假酒店,西岭镇,酒店,周末,94.9,88.2,857,112267,飞猪,859,16
2026-10-11,m35,西岭圣索亚国际温泉度假酒店,西岭镇,酒店,周末,94.9,88.2,857,112267,途家,878,16
2026-10-12,m35,西岭圣索亚国际温泉度假酒店,西岭镇,酒店,工作日,53.6,50.5,559,41366,美团,539,69
2026-10-12,m35,西岭圣索亚国际温泉度假酒店,西岭镇,酒店,工作日,53.6,50.5,559,41366,飞猪,560,68
2026-10-12,m35,西岭圣索亚国际温泉度假酒店,西岭镇,酒店,工作日,53.6,50.5,559,41366,途家,579,68
2026-10-13,m35,西岭圣索亚国际温泉度假酒店,西岭镇,酒店,工作日,63.0,60.9,574,49938,美团,559,54
2026-10-13,m35,西岭圣索亚国际温泉度假酒店,西岭镇,酒店,工作日,63.0,60.9,574,49938,飞猪,571,54
2026-10-13,m35,西岭圣索亚国际温泉度假酒店,西岭镇,酒店,工作日,63.0,60.9,574,49938,途家,591,54
2026-10-14,m35,西岭圣索亚国际温泉度假酒店,西岭镇,酒店,工作日,59.4,56.5,577,47314,美团,560,60
2026-10-14,m35,西岭圣索亚国际温泉度假酒店,西岭镇,酒店,工作日,59.4,56.5,577,47314,飞猪,578,60
2026-10-14,m35,西岭圣索亚国际温泉度假酒店,西岭镇,酒店,工作日,59.4,56.5,577,47314,途家,592,60
2026-10-15,m35,西岭圣索亚国际温泉度假酒店,西岭镇,酒店,工作日,64.5,61.6,575,51175,美团,559,53
2026-10-15,m35,西岭圣索亚国际温泉度假酒店,西岭镇,酒店,工作日,64.5,61.6,575,51175,飞猪,577,53
2026-10-15,m35,西岭圣索亚国际温泉度假酒店,西岭镇,酒店,工作日,64.5,61.6,575,51175,途家,590,53
2026-10-16,m35,西岭圣索亚国际温泉度假酒店,西岭镇,酒店,工作日,55.1,50.5,567,43092,美团,555,69
2026-10-16,m35,西岭圣索亚国际温泉度假酒店,西岭镇,酒店,工作日,55.1,50.5,567,43092,飞猪,563,68
2026-10-16,m35,西岭圣索亚国际温泉度假酒店,西岭镇,酒店,工作日,55.1,50.5,567,43092,途家,584,68
2026-10-17,m35,西岭圣索亚国际温泉度假酒店,西岭镇,酒店,周末,90.6,86.5,858,107250,美团,832,19
2026-10-17,m35,西岭圣索亚国际温泉度假酒店,西岭镇,酒店,周末,90.6,86.5,858,107250,飞猪,852,19
2026-10-17,m35,西岭圣索亚国际温泉度假酒店,西岭镇,酒店,周末,90.6,86.5,858,107250,途家,890,18
2026-10-18,m35,西岭圣索亚国际温泉度假酒店,西岭镇,酒店,周末,94.2,89.1,862,112060,美团,845,15
2026-10-18,m35,西岭圣索亚国际温泉度假酒店,西岭镇,酒店,周末,94.2,89.1,862,112060,飞猪,861,15
2026-10-18,m35,西岭圣索亚国际温泉度假酒店,西岭镇,酒店,周末,94.2,89.1,862,112060,途家,881,15
2026-10-19,m35,西岭圣索亚国际温泉度假酒店,西岭镇,酒店,工作日,55.1,50.5,563,42788,美团,552,69
2026-10-19,m35,西岭圣索亚国际温泉度假酒店,西岭镇,酒店,工作日,55.1,50.5,563,42788,飞猪,558,68
2026-10-19,m35,西岭圣索亚国际温泉度假酒店,西岭镇,酒店,工作日,55.1,50.5,563,42788,途家,578,68
2026-10-20,m35,西岭圣索亚国际温泉度假酒店,西岭镇,酒店,工作日,54.3,52.2,571,42825,美团,555,66
2026-10-20,m35,西岭圣索亚国际温泉度假酒店,西岭镇,酒店,工作日,54.3,52.2,571,42825,飞猪,566,66
2026-10-20,m35,西岭圣索亚国际温泉度假酒店,西岭镇,酒店,工作日,54.3,52.2,571,42825,途家,591,66
2026-10-21,m35,西岭圣索亚国际温泉度假酒店,西岭镇,酒店,工作日,51.4,49.3,563,39973,美团,548,70
2026-10-21,m35,西岭圣索亚国际温泉度假酒店,西岭镇,酒店,工作日,51.4,49.3,563,39973,飞猪,562,70
2026-10-21,m35,西岭圣索亚国际温泉度假酒店,西岭镇,酒店,工作日,51.4,49.3,563,39973,途家,578,70
2026-10-22,m35,西岭圣索亚国际温泉度假酒店,西岭镇,酒店,工作日,47.8,46.4,561,37026,美团,546,74
2026-10-22,m35,西岭圣索亚国际温泉度假酒店,西岭镇,酒店,工作日,47.8,46.4,561,37026,飞猪,558,74
2026-10-22,m35,西岭圣索亚国际温泉度假酒店,西岭镇,酒店,工作日,47.8,46.4,561,37026,途家,579,74
2026-10-23,m35,西岭圣索亚国际温泉度假酒店,西岭镇,酒店,工作日,54.3,51.2,562,42150,美团,551,68
2026-10-23,m35,西岭圣索亚国际温泉度假酒店,西岭镇,酒店,工作日,54.3,51.2,562,42150,飞猪,557,67
2026-10-23,m35,西岭圣索亚国际温泉度假酒店,西岭镇,酒店,工作日,54.3,51.2,562,42150,途家,578,67
2026-10-24,m35,西岭圣索亚国际温泉度假酒店,西岭镇,酒店,周末,92.8,86.2,854,109312,美团,844,19
2026-10-24,m35,西岭圣索亚国际温泉度假酒店,西岭镇,酒店,周末,92.8,86.2,854,109312,飞猪,844,19
2026-10-24,m35,西岭圣索亚国际温泉度假酒店,西岭镇,酒店,周末,92.8,86.2,854,109312,途家,874,19
2026-10-25,m35,西岭圣索亚国际温泉度假酒店,西岭镇,酒店,周末,89.1,87.4,841,103443,美团,824,18
2026-10-25,m35,西岭圣索亚国际温泉度假酒店,西岭镇,酒店,周末,89.1,87.4,841,103443,飞猪,842,17
2026-10-25,m35,西岭圣索亚国际温泉度假酒店,西岭镇,酒店,周末,89.1,87.4,841,103443,途家,856,17
2026-10-26,m35,西岭圣索亚国际温泉度假酒店,西岭镇,酒店,工作日,56.5,54.8,576,44928,美团,561,63
2026-10-26,m35,西岭圣索亚国际温泉度假酒店,西岭镇,酒店,工作日,56.5,54.8,576,44928,飞猪,577,62
2026-10-26,m35,西岭圣索亚国际温泉度假酒店,西岭镇,酒店,工作日,56.5,54.8,576,44928,途家,589,62
2026-10-27,m35,西岭圣索亚国际温泉度假酒店,西岭镇,酒店,工作日,54.3,51.4,564,42300,美团,552,67
2026-10-27,m35,西岭圣索亚国际温泉度假酒店,西岭镇,酒店,工作日,54.3,51.4,564,42300,飞猪,562,67
2026-10-27,m35,西岭圣索亚国际温泉度假酒店,西岭镇,酒店,工作日,54.3,51.4,564,42300,途家,577,67
2026-10-28,m35,西岭圣索亚国际温泉度假酒店,西岭镇,酒店,工作日,57.2,55.1,573,45267,美团,560,62
2026-10-28,m35,西岭圣索亚国际温泉度假酒店,西岭镇,酒店,工作日,57.2,55.1,573,45267,飞猪,572,62
2026-10-28,m35,西岭圣索亚国际温泉度假酒店,西岭镇,酒店,工作日,57.2,55.1,573,45267,途家,586,62
2026-10-29,m35,西岭圣索亚国际温泉度假酒店,西岭镇,酒店,工作日,52.2,46.1,554,39888,美团,540,75
2026-10-29,m35,西岭圣索亚国际温泉度假酒店,西岭镇,酒店,工作日,52.2,46.1,554,39888,飞猪,550,74
2026-10-29,m35,西岭圣索亚国际温泉度假酒店,西岭镇,酒店,工作日,52.2,46.1,554,39888,途家,573,74
2026-10-30,m35,西岭圣索亚国际温泉度假酒店,西岭镇,酒店,工作日,57.2,54.8,572,45188,美团,554,63
2026-10-30,m35,西岭圣索亚国际温泉度假酒店,西岭镇,酒店,工作日,57.2,54.8,572,45188,飞猪,574,62
2026-10-30,m35,西岭圣索亚国际温泉度假酒店,西岭镇,酒店,工作日,57.2,54.8,572,45188,途家,588,62
2026-10-31,m35,西岭圣索亚国际温泉度假酒店,西岭镇,酒店,周末,92.8,86.0,844,108032,美团,825,20
2026-10-31,m35,西岭圣索亚国际温泉度假酒店,西岭镇,酒店,周末,92.8,86.0,844,108032,飞猪,845,19
2026-10-31,m35,西岭圣索亚国际温泉度假酒店,西岭镇,酒店,周末,92.8,86.0,844,108032,途家,861,19
2026-10-01,m36,西岭慢时光客栈,西岭镇,客栈,国庆,97.8,95.6,786,34584,携程,778,2
2026-10-01,m36,西岭慢时光客栈,西岭镇,客栈,国庆,97.8,95.6,786,34584,途家,793,2
2026-10-02,m36,西岭慢时光客栈,西岭镇,客栈,国庆,100.0,97.8,812,36540,携程,801,1
2026-10-02,m36,西岭慢时光客栈,西岭镇,客栈,国庆,100.0,97.8,812,36540,途家,822,1
2026-10-03,m36,西岭慢时光客栈,西岭镇,客栈,国庆,100.0,91.1,819,36855,携程,813,4
2026-10-03,m36,西岭慢时光客栈,西岭镇,客栈,国庆,100.0,91.1,819,36855,途家,825,4
2026-10-04,m36,西岭慢时光客栈,西岭镇,客栈,国庆,97.8,95.6,807,35508,携程,799,2
2026-10-04,m36,西岭慢时光客栈,西岭镇,客栈,国庆,97.8,95.6,807,35508,途家,815,2
2026-10-05,m36,西岭慢时光客栈,西岭镇,客栈,国庆,100.0,98.9,805,36225,携程,795,1
2026-10-05,m36,西岭慢时光客栈,西岭镇,客栈,国庆,100.0,98.9,805,36225,途家,815,0
2026-10-06,m36,西岭慢时光客栈,西岭镇,客栈,国庆,97.8,91.1,781,34364,携程,774,4
2026-10-06,m36,西岭慢时光客栈,西岭镇,客栈,国庆,97.8,91.1,781,34364,途家,787,4
2026-10-07,m36,西岭慢时光客栈,西岭镇,客栈,国庆,100.0,96.7,795,35775,携程,789,2
2026-10-07,m36,西岭慢时光客栈,西岭镇,客栈,国庆,100.0,96.7,795,35775,途家,800,1
2026-10-08,m36,西岭慢时光客栈,西岭镇,客栈,国庆,97.8,92.2,814,35816,携程,802,4
2026-10-08,m36,西岭慢时光客栈,西岭镇,客栈,国庆,97.8,92.2,814,35816,途家,825,3
2026-10-09,m36,西岭慢时光客栈,西岭镇,客栈,工作日,31.1,30.0,332,4648,携程,330,32
2026-10-09,m36,西岭慢时光客栈,西岭镇,客栈,工作日,31.1,30.0,332,4648,途家,333,31
2026-10-10,m36,西岭慢时光客栈,西岭镇,客栈,周末,97.8,93.3,545,23980,携程,536,3
2026-10-10,m36,西岭慢时光客栈,西岭镇,客栈,周末,97.8,93.3,545,23980,途家,553,3
2026-10-11,m36,西岭慢时光客栈,西岭镇,客栈,周末,93.3,88.9,529,22218,携程,522,5
2026-10-11,m36,西岭慢时光客栈,西岭镇,客栈,周末,93.3,88.9,529,22218,途家,535,5
2026-10-12,m36,西岭慢时光客栈,西岭镇,客栈,工作日,55.6,52.2,359,8975,携程,354,22
2026-10-12,m36,西岭慢时光客栈,西岭镇,客栈,工作日,55.6,52.2,359,8975,途家,363,21
2026-10-13,m36,西岭慢时光客栈,西岭镇,客栈,工作日,40.0,37.8,336,6048,携程,331,28
2026-10-13,m36,西岭慢时光客栈,西岭镇,客栈,工作日,40.0,37.8,336,6048,途家,341,28
2026-10-14,m36,西岭慢时光客栈,西岭镇,客栈,工作日,57.8,57.8,356,9256,携程,354,19
2026-10-14,m36,西岭慢时光客栈,西岭镇,客栈,工作日,57.8,57.8,356,9256,途家,358,19
2026-10-15,m36,西岭慢时光客栈,西岭镇,客栈,工作日,55.6,51.1,350,8750,携程,345,22
2026-10-15,m36,西岭慢时光客栈,西岭镇,客栈,工作日,55.6,51.1,350,8750,途家,355,22
2026-10-16,m36,西岭慢时光客栈,西岭镇,客栈,工作日,44.4,44.4,346,6920,携程,343,25
2026-10-16,m36,西岭慢时光客栈,西岭镇,客栈,工作日,44.4,44.4,346,6920,途家,348,25
2026-10-17,m36,西岭慢时光客栈,西岭镇,客栈,周末,91.1,88.9,532,21812,携程,523,5
2026-10-17,m36,西岭慢时光客栈,西岭镇,客栈,周末,91.1,88.9,532,21812,途家,540,5
2026-10-18,m36,西岭慢时光客栈,西岭镇,客栈,周末,95.6,92.2,541,23263,携程,537,4
2026-10-18,m36,西岭慢时光客栈,西岭镇,客栈,周末,95.6,92.2,541,23263,途家,544,3
2026-10-19,m36,西岭慢时光客栈,西岭镇,客栈,工作日,44.4,44.4,350,7000,携程,348,25
2026-10-19,m36,西岭慢时光客栈,西岭镇,客栈,工作日,44.4,44.4,350,7000,途家,352,25
2026-10-20,m36,西岭慢时光客栈,西岭镇,客栈,工作日,48.9,46.7,342,7524,携程,339,24
2026-10-20,m36,西岭慢时光客栈,西岭镇,客栈,工作日,48.9,46.7,342,7524,途家,344,24
2026-10-21,m36,西岭慢时光客栈,西岭镇,客栈,工作日,44.4,42.2,342,6840,携程,338,26
2026-10-21,m36,西岭慢时光客栈,西岭镇,客栈,工作日,44.4,42.2,342,6840,途家,346,26
2026-10-22,m36,西岭慢时光客栈,西岭镇,客栈,工作日,44.4,42.2,343,6860,携程,336,26
2026-10-22,m36,西岭慢时光客栈,西岭镇,客栈,工作日,44.4,42.2,343,6860,途家,349,26
2026-10-23,m36,西岭慢时光客栈,西岭镇,客栈,工作日,53.3,52.2,351,8424,携程,346,22
2026-10-23,m36,西岭慢时光客栈,西岭镇,客栈,工作日,53.3,52.2,351,8424,途家,355,21
2026-10-24,m36,西岭慢时光客栈,西岭镇,客栈,周末,95.6,85.6,529,22747,携程,526,7
2026-10-24,m36,西岭慢时光客栈,西岭镇,客栈,周末,95.6,85.6,529,22747,途家,531,6
2026-10-25,m36,西岭慢时光客栈,西岭镇,客栈,周末,93.3,91.1,544,22848,携程,539,4
2026-10-25,m36,西岭慢时光客栈,西岭镇,客栈,周末,93.3,91.1,544,22848,途家,548,4
2026-10-26,m36,西岭慢时光客栈,西岭镇,客栈,工作日,48.9,46.7,361,7942,携程,358,24
2026-10-26,m36,西岭慢时光客栈,西岭镇,客栈,工作日,48.9,46.7,361,7942,途家,363,24
2026-10-27,m36,西岭慢时光客栈,西岭镇,客栈,工作日,40.0,40.0,345,6210,携程,342,27
2026-10-27,m36,西岭慢时光客栈,西岭镇,客栈,工作日,40.0,40.0,345,6210,途家,348,27
2026-10-28,m36,西岭慢时光客栈,西岭镇,客栈,工作日,57.8,56.7,364,9464,携程,360,20
2026-10-28,m36,西岭慢时光客栈,西岭镇,客栈,工作日,57.8,56.7,364,9464,途家,367,19
2026-10-29,m36,西岭慢时光客栈,西岭镇,客栈,工作日,55.6,54.4,366,9150,携程,363,21
2026-10-29,m36,西岭慢时光客栈,西岭镇,客栈,工作日,55.6,54.4,366,9150,途家,369,20
2026-10-30,m36,西岭慢时光客栈,西岭镇,客栈,工作日,60.0,53.3,353,9531,携程,350,21
2026-10-30,m36,西岭慢时光客栈,西岭镇,客栈,工作日,60.0,53.3,353,9531,途家,355,21
2026-10-31,m36,西岭慢时光客栈,西岭镇,客栈,周末,97.8,95.6,555,24420,携程,548,2
2026-10-31,m36,西岭慢时光客栈,西岭镇,客栈,周末,97.8,95.6,555,24420,途家,562,2
2026-10-01,m37,西岭青瓦客栈,西岭镇,客栈,国庆,100.0,87.5,810,25920,同程,793,4
2026-10-01,m37,西岭青瓦客栈,西岭镇,客栈,国庆,100.0,87.5,810,25920,途家,826,4
2026-10-02,m37,西岭青瓦客栈,西岭镇,客栈,国庆,100.0,93.8,823,26336,同程,805,2
2026-10-02,m37,西岭青瓦客栈,西岭镇,客栈,国庆,100.0,93.8,823,26336,途家,840,2
2026-10-03,m37,西岭青瓦客栈,西岭镇,客栈,国庆,93.8,82.8,808,24240,同程,794,6
2026-10-03,m37,西岭青瓦客栈,西岭镇,客栈,国庆,93.8,82.8,808,24240,途家,822,5
2026-10-04,m37,西岭青瓦客栈,西岭镇,客栈,国庆,100.0,95.3,826,26432,同程,814,2
2026-10-04,m37,西岭青瓦客栈,西岭镇,客栈,国庆,100.0,95.3,826,26432,途家,837,1
2026-10-05,m37,西岭青瓦客栈,西岭镇,客栈,国庆,100.0,92.2,816,26112,同程,793,3
2026-10-05,m37,西岭青瓦客栈,西岭镇,客栈,国庆,100.0,92.2,816,26112,途家,839,2
2026-10-06,m37,西岭青瓦客栈,西岭镇,客栈,国庆,100.0,90.6,842,26944,同程,822,3
2026-10-06,m37,西岭青瓦客栈,西岭镇,客栈,国庆,100.0,90.6,842,26944,途家,862,3
2026-10-07,m37,西岭青瓦客栈,西岭镇,客栈,国庆,96.9,95.3,846,26226,同程,829,2
2026-10-07,m37,西岭青瓦客栈,西岭镇,客栈,国庆,96.9,95.3,846,26226,途家,862,1
2026-10-08,m37,西岭青瓦客栈,西岭镇,客栈,国庆,100.0,100.0,848,27136,同程,835,0
2026-10-08,m37,西岭青瓦客栈,西岭镇,客栈,国庆,100.0,100.0,848,27136,途家,860,0
2026-10-09,m37,西岭青瓦客栈,西岭镇,客栈,工作日,40.6,40.6,359,4667,同程,354,19
2026-10-09,m37,西岭青瓦客栈,西岭镇,客栈,工作日,40.6,40.6,359,4667,途家,363,19
2026-10-10,m37,西岭青瓦客栈,西岭镇,客栈,周末,84.4,79.7,559,15093,同程,546,7
2026-10-10,m37,西岭青瓦客栈,西岭镇,客栈,周末,84.4,79.7,559,15093,途家,571,6
2026-10-11,m37,西岭青瓦客栈,西岭镇,客栈,周末,87.5,78.1,547,15316,同程,533,7
2026-10-11,m37,西岭青瓦客栈,西岭镇,客栈,周末,87.5,78.1,547,15316,途家,560,7
2026-10-12,m37,西岭青瓦客栈,西岭镇,客栈,工作日,53.1,51.6,379,6443,同程,371,16
2026-10-12,m37,西岭青瓦客栈,西岭镇,客栈,工作日,53.1,51.6,379,6443,途家,387,15
2026-10-13,m37,西岭青瓦客栈,西岭镇,客栈,工作日,50.0,50.0,368,5888,同程,361,16
2026-10-13,m37,西岭青瓦客栈,西岭镇,客栈,工作日,50.0,50.0,368,5888,途家,375,16
2026-10-14,m37,西岭青瓦客栈,西岭镇,客栈,工作日,43.8,42.2,370,5180,同程,365,19
2026-10-14,m37,西岭青瓦客栈,西岭镇,客栈,工作日,43.8,42.2,370,5180,途家,374,18
2026-10-15,m37,西岭青瓦客栈,西岭镇,客栈,工作日,56.3,48.4,372,6696,同程,362,17
2026-10-15,m37,西岭青瓦客栈,西岭镇,客栈,工作日,56.3,48.4,372,6696,途家,381,16
2026-10-16,m37,西岭青瓦客栈,西岭镇,客栈,工作日,53.1,42.2,362,6154,同程,356,19
2026-10-16,m37,西岭青瓦客栈,西岭镇,客栈,工作日,53.1,42.2,362,6154,途家,368,18
2026-10-17,m37,西岭青瓦客栈,西岭镇,客栈,周末,87.5,79.7,559,15652,同程,548,7
2026-10-17,m37,西岭青瓦客栈,西岭镇,客栈,周末,87.5,79.7,559,15652,途家,570,6
2026-10-18,m37,西岭青瓦客栈,西岭镇,客栈,周末,93.8,79.7,556,16680,同程,545,7
2026-10-18,m37,西岭青瓦客栈,西岭镇,客栈,周末,93.8,79.7,556,16680,途家,567,6
2026-10-19,m37,西岭青瓦客栈,西岭镇,客栈,工作日,65.6,64.1,378,7938,同程,371,12
2026-10-19,m37,西岭青瓦客栈,西岭镇,客栈,工作日,65.6,64.1,378,7938,途家,385,11
2026-10-20,m37,西岭青瓦客栈,西岭镇,客栈,工作日,59.4,57.8,373,7087,同程,365,14
2026-10-20,m37,西岭青瓦客栈,西岭镇,客栈,工作日,59.4,57.8,373,7087,途家,380,13
2026-10-21,m37,西岭青瓦客栈,西岭镇,客栈,工作日,50.0,50.0,368,5888,同程,359,16
2026-10-21,m37,西岭青瓦客栈,西岭镇,客栈,工作日,50.0,50.0,368,5888,途家,376,16
2026-10-22,m37,西岭青瓦客栈,西岭镇,客栈,工作日,46.9,46.9,367,5505,同程,359,17
2026-10-22,m37,西岭青瓦客栈,西岭镇,客栈,工作日,46.9,46.9,367,5505,途家,375,17
2026-10-23,m37,西岭青瓦客栈,西岭镇,客栈,工作日,40.6,40.6,376,4888,同程,367,19
2026-10-23,m37,西岭青瓦客栈,西岭镇,客栈,工作日,40.6,40.6,376,4888,途家,384,19
2026-10-24,m37,西岭青瓦客栈,西岭镇,客栈,周末,90.6,89.1,553,16037,同程,539,4
2026-10-24,m37,西岭青瓦客栈,西岭镇,客栈,周末,90.6,89.1,553,16037,途家,566,3
2026-10-25,m37,西岭青瓦客栈,西岭镇,客栈,周末,96.9,96.9,566,17546,同程,557,1
2026-10-25,m37,西岭青瓦客栈,西岭镇,客栈,周末,96.9,96.9,566,17546,途家,574,1
2026-10-26,m37,西岭青瓦客栈,西岭镇,客栈,工作日,62.5,59.4,368,7360,同程,361,13
2026-10-26,m37,西岭青瓦客栈,西岭镇,客栈,工作日,62.5,59.4,368,7360,途家,374,13
2026-10-27,m37,西岭青瓦客栈,西岭镇,客栈,工作日,53.1,53.1,376,6392,同程,370,15
2026-10-27,m37,西岭青瓦客栈,西岭镇,客栈,工作日,53.1,53.1,376,6392,途家,382,15
2026-10-28,m37,西岭青瓦客栈,西岭镇,客栈,工作日,53.1,51.6,373,6341,同程,367,16
2026-10-28,m37,西岭青瓦客栈,西岭镇,客栈,工作日,53.1,51.6,373,6341,途家,379,15
2026-10-29,m37,西岭青瓦客栈,西岭镇,客栈,工作日,40.6,35.9,362,4706,同程,353,21
2026-10-29,m37,西岭青瓦客栈,西岭镇,客栈,工作日,40.6,35.9,362,4706,途家,370,20
2026-10-30,m37,西岭青瓦客栈,西岭镇,客栈,工作日,46.9,45.3,375,5625,同程,369,18
2026-10-30,m37,西岭青瓦客栈,西岭镇,客栈,工作日,46.9,45.3,375,5625,途家,381,17
2026-10-31,m37,西岭青瓦客栈,西岭镇,客栈,周末,87.5,82.8,544,15232,同程,532,6
2026-10-31,m37,西岭青瓦客栈,西岭镇,客栈,周末,87.5,82.8,544,15232,途家,556,5
2026-10-01,m38,安仁逸景温泉大酒店,安仁镇,酒店,国庆,95.8,93.2,1533,245280,美团,1513,12
2026-10-01,m38,安仁逸景温泉大酒店,安仁镇,酒店,国庆,95.8,93.2,1533,245280,飞猪,1524,11
2026-10-01,m38,安仁逸景温泉大酒店,安仁镇,酒店,国庆,95.8,93.2,1533,245280,途家,1563,11
2026-10-02,m38,安仁逸景温泉大酒店,安仁镇,酒店,国庆,98.2,92.0,1514,248296,美团,1474,14
2026-10-02,m38,安仁逸景温泉大酒店,安仁镇,酒店,国庆,98.2,92.0,1514,248296,飞猪,1511,13
2026-10-02,m38,安仁逸景温泉大酒店,安仁镇,酒店,国庆,98.2,92.0,1514,248296,途家,1557,13
2026-10-03,m38,安仁逸景温泉大酒店,安仁镇,酒店,国庆,97.0,91.0,1516,245592,美团,1486,15
2026-10-03,m38,安仁逸景温泉大酒店,安仁镇,酒店,国庆,97.0,91.0,1516,245592,飞猪,1498,15
2026-10-03,m38,安仁逸景温泉大酒店,安仁镇,酒店,国庆,97.0,91.0,1516,245592,途家,1564,15
2026-10-04,m38,安仁逸景温泉大酒店,安仁镇,酒店,国庆,97.6,93.6,1520,247760,美团,1483,11
2026-10-04,m38,安仁逸景温泉大酒店,安仁镇,酒店,国庆,97.6,93.6,1520,247760,飞猪,1512,11
2026-10-04,m38,安仁逸景温泉大酒店,安仁镇,酒店,国庆,97.6,93.6,1520,247760,途家,1566,10
2026-10-05,m38,安仁逸景温泉大酒店,安仁镇,酒店,国庆,98.2,89.2,1491,244524,美团,1447,18
2026-10-05,m38,安仁逸景温泉大酒店,安仁镇,酒店,国庆,98.2,89.2,1491,244524,飞猪,1492,18
2026-10-05,m38,安仁逸景温泉大酒店,安仁镇,酒店,国庆,98.2,89.2,1491,244524,途家,1534,18
2026-10-06,m38,安仁逸景温泉大酒店,安仁镇,酒店,国庆,100.0,96.2,1532,255844,美团,1506,7
2026-10-06,m38,安仁逸景温泉大酒店,安仁镇,酒店,国庆,100.0,96.2,1532,255844,飞猪,1520,6
2026-10-06,m38,安仁逸景温泉大酒店,安仁镇,酒店,国庆,100.0,96.2,1532,255844,途家,1569,6
2026-10-07,m38,安仁逸景温泉大酒店,安仁镇,酒店,国庆,98.2,95.4,1545,253380,美团,1500,8
2026-10-07,m38,安仁逸景温泉大酒店,安仁镇,酒店,国庆,98.2,95.4,1545,253380,飞猪,1540,8
2026-10-07,m38,安仁逸景温泉大酒店,安仁镇,酒店,国庆,98.2,95.4,1545,253380,途家,1595,7
2026-10-08,m38,安仁逸景温泉大酒店,安仁镇,酒店,国庆,98.8,92.6,1497,247005,美团,1472,13
2026-10-08,m38,安仁逸景温泉大酒店,安仁镇,酒店,国庆,98.8,92.6,1497,247005,飞猪,1493,12
2026-10-08,m38,安仁逸景温泉大酒店,安仁镇,酒店,国庆,98.8,92.6,1497,247005,途家,1527,12
2026-10-09,m38,安仁逸景温泉大酒店,安仁镇,酒店,工作日,53.9,51.9,724,65160,美团,705,81
2026-10-09,m38,安仁逸景温泉大酒店,安仁镇,酒店,工作日,53.9,51.9,724,65160,飞猪,724,80
2026-10-09,m38,安仁逸景温泉大酒店,安仁镇,酒店,工作日,53.9,51.9,724,65160,途家,743,80
2026-10-10,m38,安仁逸景温泉大酒店,安仁镇,酒店,周末,87.4,80.2,964,140744,美团,935,33
2026-10-10,m38,安仁逸景温泉大酒店,安仁镇,酒店,周末,87.4,80.2,964,140744,飞猪,961,33
2026-10-10,m38,安仁逸景温泉大酒店,安仁镇,酒店,周末,87.4,80.2,964,140744,途家,995,33
2026-10-11,m38,安仁逸景温泉大酒店,安仁镇,酒店,周末,86.2,83.0,951,136944,美团,931,29
2026-10-11,m38,安仁逸景温泉大酒店,安仁镇,酒店,周末,86.2,83.0,951,136944,飞猪,944,28
2026-10-11,m38,安仁逸景温泉大酒店,安仁镇,酒店,周末,86.2,83.0,951,136944,途家,977,28
2026-10-12,m38,安仁逸景温泉大酒店,安仁镇,酒店,工作日,53.3,53.1,729,64881,美团,719,79
2026-10-12,m38,安仁逸景温泉大酒店,安仁镇,酒店,工作日,53.3,53.1,729,64881,飞猪,723,78
2026-10-12,m38,安仁逸景温泉大酒店,安仁镇,酒店,工作日,53.3,53.1,729,64881,途家,745,78
2026-10-13,m38,安仁逸景温泉大酒店,安仁镇,酒店,工作日,45.5,42.5,709,53884,美团,697,96
2026-10-13,m38,安仁逸景温泉大酒店,安仁镇,酒店,工作日,45.5,42.5,709,53884,飞猪,703,96
2026-10-13,m38,安仁逸景温泉大酒店,安仁镇,酒店,工作日,45.5,42.5,709,53884,途家,726,96
2026-10-14,m38,安仁逸景温泉大酒店,安仁镇,酒店,工作日,50.9,49.7,732,62220,美团,714,84
2026-10-14,m38,安仁逸景温泉大酒店,安仁镇,酒店,工作日,50.9,49.7,732,62220,飞猪,728,84
2026-10-14,m38,安仁逸景温泉大酒店,安仁镇,酒店,工作日,50.9,49.7,732,62220,途家,754,84
2026-10-15,m38,安仁逸景温泉大酒店,安仁镇,酒店,工作日,42.5,42.3,715,50765,美团,702,97
2026-10-15,m38,安仁逸景温泉大酒店,安仁镇,酒店,工作日,42.5,42.3,715,50765,飞猪,710,96
2026-10-15,m38,安仁逸景温泉大酒店,安仁镇,酒店,工作日,42.5,42.3,715,50765,途家,734,96
2026-10-16,m38,安仁逸景温泉大酒店,安仁镇,酒店,工作日,48.5,47.3,715,57915,美团,693,88
2026-10-16,m38,安仁逸景温泉大酒店,安仁镇,酒店,工作日,48.5,47.3,715,57915,飞猪,715,88
2026-10-16,m38,安仁逸景温泉大酒店,安仁镇,酒店,工作日,48.5,47.3,715,57915,途家,736,88
2026-10-17,m38,安仁逸景温泉大酒店,安仁镇,酒店,周末,82.6,77.8,955,131790,美团,934,37
2026-10-17,m38,安仁逸景温泉大酒店,安仁镇,酒店,周末,82.6,77.8,955,131790,飞猪,956,37
2026-10-17,m38,安仁逸景温泉大酒店,安仁镇,酒店,周末,82.6,77.8,955,131790,途家,975,37
2026-10-18,m38,安仁逸景温泉大酒店,安仁镇,酒店,周末,81.4,76.0,945,128520,美团,930,40
2026-10-18,m38,安仁逸景温泉大酒店,安仁镇,酒店,周末,81.4,76.0,945,128520,飞猪,937,40
2026-10-18,m38,安仁逸景温泉大酒店,安仁镇,酒店,周末,81.4,76.0,945,128520,途家,969,40
2026-10-19,m38,安仁逸景温泉大酒店,安仁镇,酒店,工作日,51.5,48.3,727,62522,美团,704,87
2026-10-19,m38,安仁逸景温泉大酒店,安仁镇,酒店,工作日,51.5,48.3,727,62522,飞猪,730,86
2026-10-19,m38,安仁逸景温泉大酒店,安仁镇,酒店,工作日,51.5,48.3,727,62522,途家,747,86
2026-10-20,m38,安仁逸景温泉大酒店,安仁镇,酒店,工作日,47.9,46.7,718,57440,美团,697,89
2026-10-20,m38,安仁逸景温泉大酒店,安仁镇,酒店,工作日,47.9,46.7,718,57440,飞猪,718,89
2026-10-20,m38,安仁逸景温泉大酒店,安仁镇,酒店,工作日,47.9,46.7,718,57440,途家,739,89
2026-10-21,m38,安仁逸景温泉大酒店,安仁镇,酒店,工作日,50.3,47.9,719,60396,美团,703,87
2026-10-21,m38,安仁逸景温泉大酒店,安仁镇,酒店,工作日,50.3,47.9,719,60396,飞猪,715,87
2026-10-21,m38,安仁逸景温泉大酒店,安仁镇,酒店,工作日,50.3,47.9,719,60396,途家,740,87
2026-10-22,m38,安仁逸景温泉大酒店,安仁镇,酒店,工作日,49.1,47.3,726,59532,美团,708,88
2026-10-22,m38,安仁逸景温泉大酒店,安仁镇,酒店,工作日,49.1,47.3,726,59532,飞猪,720,88
2026-10-22,m38,安仁逸景温泉大酒店,安仁镇,酒店,工作日,49.1,47.3,726,59532,途家,749,88
2026-10-23,m38,安仁逸景温泉大酒店,安仁镇,酒店,工作日,53.3,50.7,726,64614,美团,710,82
2026-10-23,m38,安仁逸景温泉大酒店,安仁镇,酒店,工作日,53.3,50.7,726,64614,飞猪,719,83
2026-10-23,m38,安仁逸景温泉大酒店,安仁镇,酒店,工作日,53.3,50.7,726,64614,途家,748,82
2026-10-24,m38,安仁逸景温泉大酒店,安仁镇,酒店,周末,80.2,78.4,949,127166,美团,924,36
2026-10-24,m38,安仁逸景温泉大酒店,安仁镇,酒店,周末,80.2,78.4,949,127166,飞猪,951,36
2026-10-24,m38,安仁逸景温泉大酒店,安仁镇,酒店,周末,80.2,78.4,949,127166,途家,972,36
2026-10-25,m38,安仁逸景温泉大酒店,安仁镇,酒店,周末,82.0,78.4,958,131246,美团,933,36
2026-10-25,m38,安仁逸景温泉大酒店,安仁镇,酒店,周末,82.0,78.4,958,131246,飞猪,954,36
2026-10-25,m38,安仁逸景温泉大酒店,安仁镇,酒店,周末,82.0,78.4,958,131246,途家,986,36
2026-10-26,m38,安仁逸景温泉大酒店,安仁镇,酒店,工作日,48.5,45.3,719,58239,美团,701,92
2026-10-26,m38,安仁逸景温泉大酒店,安仁镇,酒店,工作日,48.5,45.3,719,58239,飞猪,712,91
2026-10-26,m38,安仁逸景温泉大酒店,安仁镇,酒店,工作日,48.5,45.3,719,58239,途家,743,91
2026-10-27,m38,安仁逸景温泉大酒店,安仁镇,酒店,工作日,51.5,49.5,721,62006,美团,708,84
2026-10-27,m38,安仁逸景温泉大酒店,安仁镇,酒店,工作日,51.5,49.5,721,62006,飞猪,719,85
2026-10-27,m38,安仁逸景温泉大酒店,安仁镇,酒店,工作日,51.5,49.5,721,62006,途家,736,84
2026-10-28,m38,安仁逸景温泉大酒店,安仁镇,酒店,工作日,51.5,45.9,718,61748,美团,700,91
2026-10-28,m38,安仁逸景温泉大酒店,安仁镇,酒店,工作日,51.5,45.9,718,61748,飞猪,716,90
2026-10-28,m38,安仁逸景温泉大酒店,安仁镇,酒店,工作日,51.5,45.9,718,61748,途家,737,90
2026-10-29,m38,安仁逸景温泉大酒店,安仁镇,酒店,工作日,50.3,45.1,711,59724,美团,695,92
2026-10-29,m38,安仁逸景温泉大酒店,安仁镇,酒店,工作日,50.3,45.1,711,59724,飞猪,708,92
2026-10-29,m38,安仁逸景温泉大酒店,安仁镇,酒店,工作日,50.3,45.1,711,59724,途家,729,91
2026-10-30,m38,安仁逸景温泉大酒店,安仁镇,酒店,工作日,51.5,49.1,731,62866,美团,713,85
2026-10-30,m38,安仁逸景温泉大酒店,安仁镇,酒店,工作日,51.5,49.1,731,62866,飞猪,738,85
2026-10-30,m38,安仁逸景温泉大酒店,安仁镇,酒店,工作日,51.5,49.1,731,62866,途家,741,85
2026-10-31,m38,安仁逸景温泉大酒店,安仁镇,酒店,周末,80.2,73.3,941,126094,美团,915,45
2026-10-31,m38,安仁逸景温泉大酒店,安仁镇,酒店,周末,80.2,73.3,941,126094,飞猪,939,45
2026-10-31,m38,安仁逸景温泉大酒店,安仁镇,酒店,周末,80.2,73.3,941,126094,途家,969,44
2026-10-01,m39,安仁老街客栈,安仁镇,客栈,国庆,97.9,83.0,895,41170,飞猪,900,8
2026-10-01,m39,安仁老街客栈,安仁镇,客栈,国庆,97.9,83.0,895,41170,去哪儿,897,8
2026-10-01,m39,安仁老街客栈,安仁镇,客栈,国庆,97.9,83.0,895,41170,同程,889,8
2026-10-02,m39,安仁老街客栈,安仁镇,客栈,国庆,100.0,95.0,946,44462,飞猪,948,3
2026-10-02,m39,安仁老街客栈,安仁镇,客栈,国庆,100.0,95.0,946,44462,去哪儿,948,2
2026-10-02,m39,安仁老街客栈,安仁镇,客栈,国庆,100.0,95.0,946,44462,同程,943,2
2026-10-03,m39,安仁老街客栈,安仁镇,客栈,国庆,100.0,90.8,939,44133,飞猪,950,4
2026-10-03,m39,安仁老街客栈,安仁镇,客栈,国庆,100.0,90.8,939,44133,去哪儿,938,4
2026-10-03,m39,安仁老街客栈,安仁镇,客栈,国庆,100.0,90.8,939,44133,同程,930,5
2026-10-04,m39,安仁老街客栈,安仁镇,客栈,国庆,100.0,99.3,935,43945,飞猪,942,0
2026-10-04,m39,安仁老街客栈,安仁镇,客栈,国庆,100.0,99.3,935,43945,去哪儿,933,0
2026-10-04,m39,安仁老街客栈,安仁镇,客栈,国庆,100.0,99.3,935,43945,同程,930,1
2026-10-05,m39,安仁老街客栈,安仁镇,客栈,国庆,100.0,95.0,955,44885,飞猪,959,3
2026-10-05,m39,安仁老街客栈,安仁镇,客栈,国庆,100.0,95.0,955,44885,去哪儿,956,2
2026-10-05,m39,安仁老街客栈,安仁镇,客栈,国庆,100.0,95.0,955,44885,同程,951,2
2026-10-06,m39,安仁老街客栈,安仁镇,客栈,国庆,95.7,92.9,933,41985,飞猪,938,4
2026-10-06,m39,安仁老街客栈,安仁镇,客栈,国庆,95.7,92.9,933,41985,去哪儿,933,3
2026-10-06,m39,安仁老街客栈,安仁镇,客栈,国庆,95.7,92.9,933,41985,同程,928,3
2026-10-07,m39,安仁老街客栈,安仁镇,客栈,国庆,100.0,87.2,922,43334,飞猪,937,6
2026-10-07,m39,安仁老街客栈,安仁镇,客栈,国庆,100.0,87.2,922,43334,去哪儿,917,6
2026-10-07,m39,安仁老街客栈,安仁镇,客栈,国庆,100.0,87.2,922,43334,同程,912,6
2026-10-08,m39,安仁老街客栈,安仁镇,客栈,国庆,93.6,91.5,936,41184,飞猪,938,4
2026-10-08,m39,安仁老街客栈,安仁镇,客栈,国庆,93.6,91.5,936,41184,去哪儿,939,4
2026-10-08,m39,安仁老街客栈,安仁镇,客栈,国庆,93.6,91.5,936,41184,同程,932,4
2026-10-09,m39,安仁老街客栈,安仁镇,客栈,工作日,46.8,39.7,440,9680,飞猪,442,29
2026-10-09,m39,安仁老街客栈,安仁镇,客栈,工作日,46.8,39.7,440,9680,去哪儿,436,28
2026-10-09,m39,安仁老街客栈,安仁镇,客栈,工作日,46.8,39.7,440,9680,同程,442,28
2026-10-10,m39,安仁老街客栈,安仁镇,客栈,周末,87.2,83.0,609,24969,飞猪,608,8
2026-10-10,m39,安仁老街客栈,安仁镇,客栈,周末,87.2,83.0,609,24969,去哪儿,611,8
2026-10-10,m39,安仁老街客栈,安仁镇,客栈,周末,87.2,83.0,609,24969,同程,608,8
2026-10-11,m39,安仁老街客栈,安仁镇,客栈,周末,89.4,86.5,622,26124,飞猪,630,6
2026-10-11,m39,安仁老街客栈,安仁镇,客栈,周末,89.4,86.5,622,26124,去哪儿,624,6
2026-10-11,m39,安仁老街客栈,安仁镇,客栈,周末,89.4,86.5,622,26124,同程,613,7
2026-10-12,m39,安仁老街客栈,安仁镇,客栈,工作日,63.8,61.0,469,14070,飞猪,474,18
2026-10-12,m39,安仁老街客栈,安仁镇,客栈,工作日,63.8,61.0,469,14070,去哪儿,467,18
2026-10-12,m39,安仁老街客栈,安仁镇,客栈,工作日,63.8,61.0,469,14070,同程,467,19
2026-10-13,m39,安仁老街客栈,安仁镇,客栈,工作日,48.9,46.1,442,10166,飞猪,444,25
2026-10-13,m39,安仁老街客栈,安仁镇,客栈,工作日,48.9,46.1,442,10166,去哪儿,441,25
2026-10-13,m39,安仁老街客栈,安仁镇,客栈,工作日,48.9,46.1,442,10166,同程,441,26
2026-10-14,m39,安仁老街客栈,安仁镇,客栈,工作日,51.1,48.9,437,10488,飞猪,439,24
2026-10-14,m39,安仁老街客栈,安仁镇,客栈,工作日,51.1,48.9,437,10488,去哪儿,434,24
2026-10-14,m39,安仁老街客栈,安仁镇,客栈,工作日,51.1,48.9,437,10488,同程,438,24
2026-10-15,m39,安仁老街客栈,安仁镇,客栈,工作日,66.0,63.8,454,14074,飞猪,457,17
2026-10-15,m39,安仁老街客栈,安仁镇,客栈,工作日,66.0,63.8,454,14074,去哪儿,456,17
2026-10-15,m39,安仁老街客栈,安仁镇,客栈,工作日,66.0,63.8,454,14074,同程,450,17
2026-10-16,m39,安仁老街客栈,安仁镇,客栈,工作日,66.0,58.9,455,14105,飞猪,458,19
2026-10-16,m39,安仁老街客栈,安仁镇,客栈,工作日,66.0,58.9,455,14105,去哪儿,452,19
2026-10-16,m39,安仁老街客栈,安仁镇,客栈,工作日,66.0,58.9,455,14105,同程,455,20
2026-10-17,m39,安仁老街客栈,安仁镇,客栈,周末,85.1,84.4,594,23760,飞猪,601,8
2026-10-17,m39,安仁老街客栈,安仁镇,客栈,周末,85.1,84.4,594,23760,去哪儿,594,7
2026-10-17,m39,安仁老街客栈,安仁镇,客栈,周末,85.1,84.4,594,23760,同程,586,7
2026-10-18,m39,安仁老街客栈,安仁镇,客栈,周末,93.6,85.1,601,26444,飞猪,606,7
2026-10-18,m39,安仁老街客栈,安仁镇,客栈,周末,93.6,85.1,601,26444,去哪儿,601,7
2026-10-18,m39,安仁老街客栈,安仁镇,客栈,周末,93.6,85.1,601,26444,同程,597,7
2026-10-19,m39,安仁老街客栈,安仁镇,客栈,工作日,59.6,55.3,459,12852,飞猪,465,21
2026-10-19,m39,安仁老街客栈,安仁镇,客栈,工作日,59.6,55.3,459,12852,去哪儿,457,21
2026-10-19,m39,安仁老街客栈,安仁镇,客栈,工作日,59.6,55.3,459,12852,同程,456,21
2026-10-20,m39,安仁老街客栈,安仁镇,客栈,工作日,44.7,40.4,451,9471,飞猪,455,28
2026-10-20,m39,安仁老街客栈,安仁镇,客栈,工作日,44.7,40.4,451,9471,去哪儿,448,28
2026-10-20,m39,安仁老街客栈,安仁镇,客栈,工作日,44.7,40.4,451,9471,同程,449,28
2026-10-21,m39,安仁老街客栈,安仁镇,客栈,工作日,51.1,51.1,451,10824,飞猪,456,23
2026-10-21,m39,安仁老街客栈,安仁镇,客栈,工作日,51.1,51.1,451,10824,去哪儿,448,23
2026-10-21,m39,安仁老街客栈,安仁镇,客栈,工作日,51.1,51.1,451,10824,同程,450,23
2026-10-22,m39,安仁老街客栈,安仁镇,客栈,工作日,42.6,39.7,437,8740,飞猪,441,28
2026-10-22,m39,安仁老街客栈,安仁镇,客栈,工作日,42.6,39.7,437,8740,去哪儿,433,28
2026-10-22,m39,安仁老街客栈,安仁镇,客栈,工作日,42.6,39.7,437,8740,同程,437,29
2026-10-23,m39,安仁老街客栈,安仁镇,客栈,工作日,55.3,55.3,459,11934,飞猪,465,21
2026-10-23,m39,安仁老街客栈,安仁镇,客栈,工作日,55.3,55.3,459,11934,去哪儿,457,21
2026-10-23,m39,安仁老街客栈,安仁镇,客栈,工作日,55.3,55.3,459,11934,同程,456,21
2026-10-24,m39,安仁老街客栈,安仁镇,客栈,周末,83.0,79.4,605,23595,飞猪,609,10
2026-10-24,m39,安仁老街客栈,安仁镇,客栈,周末,83.0,79.4,605,23595,去哪儿,608,9
2026-10-24,m39,安仁老街客栈,安仁镇,客栈,周末,83.0,79.4,605,23595,同程,597,10
2026-10-25,m39,安仁老街客栈,安仁镇,客栈,周末,76.6,71.6,583,20988,飞猪,589,13
2026-10-25,m39,安仁老街客栈,安仁镇,客栈,周末,76.6,71.6,583,20988,去哪儿,579,13
2026-10-25,m39,安仁老街客栈,安仁镇,客栈,周末,76.6,71.6,583,20988,同程,582,14
2026-10-26,m39,安仁老街客栈,安仁镇,客栈,工作日,61.7,54.6,452,13108,飞猪,455,21
2026-10-26,m39,安仁老街客栈,安仁镇,客栈,工作日,61.7,54.6,452,13108,去哪儿,453,21
2026-10-26,m39,安仁老街客栈,安仁镇,客栈,工作日,61.7,54.6,452,13108,同程,448,22
2026-10-27,m39,安仁老街客栈,安仁镇,客栈,工作日,46.8,44.7,444,9768,飞猪,445,26
2026-10-27,m39,安仁老街客栈,安仁镇,客栈,工作日,46.8,44.7,444,9768,去哪儿,445,26
2026-10-27,m39,安仁老街客栈,安仁镇,客栈,工作日,46.8,44.7,444,9768,同程,443,26
2026-10-28,m39,安仁老街客栈,安仁镇,客栈,工作日,53.2,50.4,445,11125,飞猪,448,24
2026-10-28,m39,安仁老街客栈,安仁镇,客栈,工作日,53.2,50.4,445,11125,去哪儿,447,23
2026-10-28,m39,安仁老街客栈,安仁镇,客栈,工作日,53.2,50.4,445,11125,同程,441,23
2026-10-29,m39,安仁老街客栈,安仁镇,客栈,工作日,53.2,53.2,457,11425,飞猪,460,22
2026-10-29,m39,安仁老街客栈,安仁镇,客栈,工作日,53.2,53.2,457,11425,去哪儿,456,22
2026-10-29,m39,安仁老街客栈,安仁镇,客栈,工作日,53.2,53.2,457,11425,同程,454,22
2026-10-30,m39,安仁老街客栈,安仁镇,客栈,工作日,53.2,52.5,457,11425,飞猪,462,22
2026-10-30,m39,安仁老街客栈,安仁镇,客栈,工作日,53.2,52.5,457,11425,去哪儿,454,22
2026-10-30,m39,安仁老街客栈,安仁镇,客栈,工作日,53.2,52.5,457,11425,同程,455,23
2026-10-31,m39,安仁老街客栈,安仁镇,客栈,周末,93.6,88.7,602,26488,飞猪,604,5
2026-10-31,m39,安仁老街客栈,安仁镇,客栈,周末,93.6,88.7,602,26488,去哪儿,600,5
2026-10-31,m39,安仁老街客栈,安仁镇,客栈,周末,93.6,88.7,602,26488,同程,603,6
2026-10-01,m40,安仁中铁假日酒店,安仁镇,酒店,国庆,98.4,96.4,1824,111264,美团,1780,3
2026-10-01,m40,安仁中铁假日酒店,安仁镇,酒店,国庆,98.4,96.4,1824,111264,飞猪,1830,2
2026-10-01,m40,安仁中铁假日酒店,安仁镇,酒店,国庆,98.4,96.4,1824,111264,同程,1811,2
2026-10-01,m40,安仁中铁假日酒店,安仁镇,酒店,国庆,98.4,96.4,1824,111264,途家,1873,2
2026-10-02,m40,安仁中铁假日酒店,安仁镇,酒店,国庆,96.8,95.2,1832,109920,美团,1813,3
2026-10-02,m40,安仁中铁假日酒店,安仁镇,酒店,国庆,96.8,95.2,1832,109920,飞猪,1830,3
2026-10-02,m40,安仁中铁假日酒店,安仁镇,酒店,国庆,96.8,95.2,1832,109920,同程,1813,3
2026-10-02,m40,安仁中铁假日酒店,安仁镇,酒店,国庆,96.8,95.2,1832,109920,途家,1871,3
2026-10-03,m40,安仁中铁假日酒店,安仁镇,酒店,国庆,96.8,84.7,1826,109560,美团,1778,10
2026-10-03,m40,安仁中铁假日酒店,安仁镇,酒店,国庆,96.8,84.7,1826,109560,飞猪,1831,9
2026-10-03,m40,安仁中铁假日酒店,安仁镇,酒店,国庆,96.8,84.7,1826,109560,同程,1814,10
2026-10-03,m40,安仁中铁假日酒店,安仁镇,酒店,国庆,96.8,84.7,1826,109560,途家,1879,9
2026-10-04,m40,安仁中铁假日酒店,安仁镇,酒店,国庆,98.4,91.5,1861,113521,美团,1818,5
2026-10-04,m40,安仁中铁假日酒店,安仁镇,酒店,国庆,98.4,91.5,1861,113521,飞猪,1868,6
2026-10-04,m40,安仁中铁假日酒店,安仁镇,酒店,国庆,98.4,91.5,1861,113521,同程,1826,5
2026-10-04,m40,安仁中铁假日酒店,安仁镇,酒店,国庆,98.4,91.5,1861,113521,途家,1930,5
2026-10-05,m40,安仁中铁假日酒店,安仁镇,酒店,国庆,98.4,94.8,1867,113887,美团,1815,4
2026-10-05,m40,安仁中铁假日酒店,安仁镇,酒店,国庆,98.4,94.8,1867,113887,飞猪,1876,3
2026-10-05,m40,安仁中铁假日酒店,安仁镇,酒店,国庆,98.4,94.8,1867,113887,同程,1838,3
2026-10-05,m40,安仁中铁假日酒店,安仁镇,酒店,国庆,98.4,94.8,1867,113887,途家,1939,3
2026-10-06,m40,安仁中铁假日酒店,安仁镇,酒店,国庆,96.8,89.9,1871,112260,美团,1826,6
2026-10-06,m40,安仁中铁假日酒店,安仁镇,酒店,国庆,96.8,89.9,1871,112260,飞猪,1863,6
2026-10-06,m40,安仁中铁假日酒店,安仁镇,酒店,国庆,96.8,89.9,1871,112260,同程,1860,7
2026-10-06,m40,安仁中铁假日酒店,安仁镇,酒店,国庆,96.8,89.9,1871,112260,途家,1934,6
2026-10-07,m40,安仁中铁假日酒店,安仁镇,酒店,国庆,100.0,97.6,1852,114824,美团,1816,2
2026-10-07,m40,安仁中铁假日酒店,安仁镇,酒店,国庆,100.0,97.6,1852,114824,飞猪,1853,1
2026-10-07,m40,安仁中铁假日酒店,安仁镇,酒店,国庆,100.0,97.6,1852,114824,同程,1825,2
2026-10-07,m40,安仁中铁假日酒店,安仁镇,酒店,国庆,100.0,97.6,1852,114824,途家,1915,1
2026-10-08,m40,安仁中铁假日酒店,安仁镇,酒店,国庆,100.0,87.9,1866,115692,美团,1826,7
2026-10-08,m40,安仁中铁假日酒店,安仁镇,酒店,国庆,100.0,87.9,1866,115692,飞猪,1858,8
2026-10-08,m40,安仁中铁假日酒店,安仁镇,酒店,国庆,100.0,87.9,1866,115692,同程,1842,8
2026-10-08,m40,安仁中铁假日酒店,安仁镇,酒店,国庆,100.0,87.9,1866,115692,途家,1938,7
2026-10-09,m40,安仁中铁假日酒店,安仁镇,酒店,工作日,53.2,51.6,890,29370,美团,871,30
2026-10-09,m40,安仁中铁假日酒店,安仁镇,酒店,工作日,53.2,51.6,890,29370,飞猪,889,30
2026-10-09,m40,安仁中铁假日酒店,安仁镇,酒店,工作日,53.2,51.6,890,29370,同程,876,30
2026-10-09,m40,安仁中铁假日酒店,安仁镇,酒店,工作日,53.2,51.6,890,29370,途家,924,30
2026-10-10,m40,安仁中铁假日酒店,安仁镇,酒店,周末,83.9,75.0,1154,60008,美团,1134,16
2026-10-10,m40,安仁中铁假日酒店,安仁镇,酒店,周末,83.9,75.0,1154,60008,飞猪,1148,15
2026-10-10,m40,安仁中铁假日酒店,安仁镇,酒店,周末,83.9,75.0,1154,60008,同程,1154,16
2026-10-10,m40,安仁中铁假日酒店,安仁镇,酒店,周末,83.9,75.0,1154,60008,途家,1179,15
2026-10-11,m40,安仁中铁假日酒店,安仁镇,酒店,周末,79.0,76.6,1163,56987,美团,1141,15
2026-10-11,m40,安仁中铁假日酒店,安仁镇,酒店,周末,79.0,76.6,1163,56987,飞猪,1160,14
2026-10-11,m40,安仁中铁假日酒店,安仁镇,酒店,周末,79.0,76.6,1163,56987,同程,1149,15
2026-10-11,m40,安仁中铁假日酒店,安仁镇,酒店,周末,79.0,76.6,1163,56987,途家,1202,14
2026-10-12,m40,安仁中铁假日酒店,安仁镇,酒店,工作日,41.9,38.3,871,22646,美团,853,38
2026-10-12,m40,安仁中铁假日酒店,安仁镇,酒店,工作日,41.9,38.3,871,22646,飞猪,872,38
2026-10-12,m40,安仁中铁假日酒店,安仁镇,酒店,工作日,41.9,38.3,871,22646,同程,860,39
2026-10-12,m40,安仁中铁假日酒店,安仁镇,酒店,工作日,41.9,38.3,871,22646,途家,899,38
2026-10-13,m40,安仁中铁假日酒店,安仁镇,酒店,工作日,45.2,42.7,888,24864,美团,867,36
2026-10-13,m40,安仁中铁假日酒店,安仁镇,酒店,工作日,45.2,42.7,888,24864,飞猪,889,35
2026-10-13,m40,安仁中铁假日酒店,安仁镇,酒店,工作日,45.2,42.7,888,24864,同程,876,36
2026-10-13,m40,安仁中铁假日酒店,安仁镇,酒店,工作日,45.2,42.7,888,24864,途家,920,35
2026-10-14,m40,安仁中铁假日酒店,安仁镇,酒店,工作日,45.2,43.5,874,24472,美团,854,35
2026-10-14,m40,安仁中铁假日酒店,安仁镇,酒店,工作日,45.2,43.5,874,24472,飞猪,874,35
2026-10-14,m40,安仁中铁假日酒店,安仁镇,酒店,工作日,45.2,43.5,874,24472,同程,860,35
2026-10-14,m40,安仁中铁假日酒店,安仁镇,酒店,工作日,45.2,43.5,874,24472,途家,907,35
2026-10-15,m40,安仁中铁假日酒店,安仁镇,酒店,工作日,40.3,36.7,879,21975,美团,855,40
2026-10-15,m40,安仁中铁假日酒店,安仁镇,酒店,工作日,40.3,36.7,879,21975,飞猪,877,39
2026-10-15,m40,安仁中铁假日酒店,安仁镇,酒店,工作日,40.3,36.7,879,21975,同程,875,39
2026-10-15,m40,安仁中铁假日酒店,安仁镇,酒店,工作日,40.3,36.7,879,21975,途家,908,39
2026-10-16,m40,安仁中铁假日酒店,安仁镇,酒店,工作日,45.2,44.4,891,24948,美团,877,35
2026-10-16,m40,安仁中铁假日酒店,安仁镇,酒店,工作日,45.2,44.4,891,24948,飞猪,882,34
2026-10-16,m40,安仁中铁假日酒店,安仁镇,酒店,工作日,45.2,44.4,891,24948,同程,888,35
2026-10-16,m40,安仁中铁假日酒店,安仁镇,酒店,工作日,45.2,44.4,891,24948,途家,917,34
2026-10-17,m40,安仁中铁假日酒店,安仁镇,酒店,周末,82.3,79.0,1205,61455,美团,1182,13
2026-10-17,m40,安仁中铁假日酒店,安仁镇,酒店,周末,82.3,79.0,1205,61455,飞猪,1206,13
2026-10-17,m40,安仁中铁假日酒店,安仁镇,酒店,周末,82.3,79.0,1205,61455,同程,1189,13
2026-10-17,m40,安仁中铁假日酒店,安仁镇,酒店,周末,82.3,79.0,1205,61455,途家,1241,13
2026-10-18,m40,安仁中铁假日酒店,安仁镇,酒店,周末,83.9,75.4,1172,60944,美团,1154,15
2026-10-18,m40,安仁中铁假日酒店,安仁镇,酒店,周末,83.9,75.4,1172,60944,飞猪,1161,16
2026-10-18,m40,安仁中铁假日酒店,安仁镇,酒店,周末,83.9,75.4,1172,60944,同程,1167,15
2026-10-18,m40,安仁中铁假日酒店,安仁镇,酒店,周末,83.9,75.4,1172,60944,途家,1206,15
2026-10-19,m40,安仁中铁假日酒店,安仁镇,酒店,工作日,51.6,50.0,878,28096,美团,863,31
2026-10-19,m40,安仁中铁假日酒店,安仁镇,酒店,工作日,51.6,50.0,878,28096,飞猪,878,31
2026-10-19,m40,安仁中铁假日酒店,安仁镇,酒店,工作日,51.6,50.0,878,28096,同程,867,31
2026-10-19,m40,安仁中铁假日酒店,安仁镇,酒店,工作日,51.6,50.0,878,28096,途家,902,31
2026-10-20,m40,安仁中铁假日酒店,安仁镇,酒店,工作日,46.8,43.1,870,25230,美团,850,35
2026-10-20,m40,安仁中铁假日酒店,安仁镇,酒店,工作日,46.8,43.1,870,25230,飞猪,873,35
2026-10-20,m40,安仁中铁假日酒店,安仁镇,酒店,工作日,46.8,43.1,870,25230,同程,858,36
2026-10-20,m40,安仁中铁假日酒店,安仁镇,酒店,工作日,46.8,43.1,870,25230,途家,900,35
2026-10-21,m40,安仁中铁假日酒店,安仁镇,酒店,工作日,54.8,50.8,888,30192,美团,866,31
2026-10-21,m40,安仁中铁假日酒店,安仁镇,酒店,工作日,54.8,50.8,888,30192,飞猪,889,30
2026-10-21,m40,安仁中铁假日酒店,安仁镇,酒店,工作日,54.8,50.8,888,30192,同程,883,31
2026-10-21,m40,安仁中铁假日酒店,安仁镇,酒店,工作日,54.8,50.8,888,30192,途家,914,30
2026-10-22,m40,安仁中铁假日酒店,安仁镇,酒店,工作日,43.5,38.3,882,23814,美团,865,39
2026-10-22,m40,安仁中铁假日酒店,安仁镇,酒店,工作日,43.5,38.3,882,23814,飞猪,890,38
2026-10-22,m40,安仁中铁假日酒店,安仁镇,酒店,工作日,43.5,38.3,882,23814,同程,874,38
2026-10-22,m40,安仁中铁假日酒店,安仁镇,酒店,工作日,43.5,38.3,882,23814,途家,899,38
2026-10-23,m40,安仁中铁假日酒店,安仁镇,酒店,工作日,41.9,36.3,867,22542,美团,850,40
2026-10-23,m40,安仁中铁假日酒店,安仁镇,酒店,工作日,41.9,36.3,867,22542,飞猪,878,39
2026-10-23,m40,安仁中铁假日酒店,安仁镇,酒店,工作日,41.9,36.3,867,22542,同程,853,40
2026-10-23,m40,安仁中铁假日酒店,安仁镇,酒店,工作日,41.9,36.3,867,22542,途家,887,39
2026-10-24,m40,安仁中铁假日酒店,安仁镇,酒店,周末,87.1,79.0,1147,61938,美团,1119,13
2026-10-24,m40,安仁中铁假日酒店,安仁镇,酒店,周末,87.1,79.0,1147,61938,飞猪,1145,13
2026-10-24,m40,安仁中铁假日酒店,安仁镇,酒店,周末,87.1,79.0,1147,61938,同程,1133,13
2026-10-24,m40,安仁中铁假日酒店,安仁镇,酒店,周末,87.1,79.0,1147,61938,途家,1190,13
2026-10-25,m40,安仁中铁假日酒店,安仁镇,酒店,周末,95.2,89.9,1208,71272,美团,1188,7
2026-10-25,m40,安仁中铁假日酒店,安仁镇,酒店,周末,95.2,89.9,1208,71272,飞猪,1211,6
2026-10-25,m40,安仁中铁假日酒店,安仁镇,酒店,周末,95.2,89.9,1208,71272,同程,1192,6
2026-10-25,m40,安仁中铁假日酒店,安仁镇,酒店,周末,95.2,89.9,1208,71272,途家,1242,6
2026-10-26,m40,安仁中铁假日酒店,安仁镇,酒店,工作日,41.9,41.5,886,23036,美团,872,36
2026-10-26,m40,安仁中铁假日酒店,安仁镇,酒店,工作日,41.9,41.5,886,23036,飞猪,888,36
2026-10-26,m40,安仁中铁假日酒店,安仁镇,酒店,工作日,41.9,41.5,886,23036,同程,875,37
2026-10-26,m40,安仁中铁假日酒店,安仁镇,酒店,工作日,41.9,41.5,886,23036,途家,907,36
2026-10-27,m40,安仁中铁假日酒店,安仁镇,酒店,工作日,50.0,50.0,904,28024,美团,889,31
2026-10-27,m40,安仁中铁假日酒店,安仁镇,酒店,工作日,50.0,50.0,904,28024,飞猪,892,31
2026-10-27,m40,安仁中铁假日酒店,安仁镇,酒店,工作日,50.0,50.0,904,28024,同程,900,31
2026-10-27,m40,安仁中铁假日酒店,安仁镇,酒店,工作日,50.0,50.0,904,28024,途家,934,31
2026-10-28,m40,安仁中铁假日酒店,安仁镇,酒店,工作日,53.2,51.2,882,29106,美团,860,31
2026-10-28,m40,安仁中铁假日酒店,安仁镇,酒店,工作日,53.2,51.2,882,29106,飞猪,877,30
2026-10-28,m40,安仁中铁假日酒店,安仁镇,酒店,工作日,53.2,51.2,882,29106,同程,876,30
2026-10-28,m40,安仁中铁假日酒店,安仁镇,酒店,工作日,53.2,51.2,882,29106,途家,913,30
2026-10-29,m40,安仁中铁假日酒店,安仁镇,酒店,工作日,50.0,46.8,890,27590,美团,868,33
2026-10-29,m40,安仁中铁假日酒店,安仁镇,酒店,工作日,50.0,46.8,890,27590,飞猪,892,33
2026-10-29,m40,安仁中铁假日酒店,安仁镇,酒店,工作日,50.0,46.8,890,27590,同程,883,33
2026-10-29,m40,安仁中铁假日酒店,安仁镇,酒店,工作日,50.0,46.8,890,27590,途家,918,33
2026-10-30,m40,安仁中铁假日酒店,安仁镇,酒店,工作日,46.8,43.1,874,25346,美团,856,35
2026-10-30,m40,安仁中铁假日酒店,安仁镇,酒店,工作日,46.8,43.1,874,25346,飞猪,870,35
2026-10-30,m40,安仁中铁假日酒店,安仁镇,酒店,工作日,46.8,43.1,874,25346,同程,867,36
2026-10-30,m40,安仁中铁假日酒店,安仁镇,酒店,工作日,46.8,43.1,874,25346,途家,903,35
2026-10-31,m40,安仁中铁假日酒店,安仁镇,酒店,周末,82.3,77.0,1165,59415,美团,1137,14
2026-10-31,m40,安仁中铁假日酒店,安仁镇,酒店,周末,82.3,77.0,1165,59415,飞猪,1172,15
2026-10-31,m40,安仁中铁假日酒店,安仁镇,酒店,周末,82.3,77.0,1165,59415,同程,1137,14
2026-10-31,m40,安仁中铁假日酒店,安仁镇,酒店,周末,82.3,77.0,1165,59415,途家,1212,14
2026-10-01,m41,安仁第一村假日酒店,安仁镇,酒店,国庆,98.4,96.6,1500,190500,携程,1513,4
2026-10-01,m41,安仁第一村假日酒店,安仁镇,酒店,国庆,98.4,96.6,1500,190500,美团,1469,5
2026-10-01,m41,安仁第一村假日酒店,安仁镇,酒店,国庆,98.4,96.6,1500,190500,去哪儿,1488,4
2026-10-01,m41,安仁第一村假日酒店,安仁镇,酒店,国庆,98.4,96.6,1500,190500,同程,1500,5
2026-10-01,m41,安仁第一村假日酒店,安仁镇,酒店,国庆,98.4,96.6,1500,190500,途家,1532,4
2026-10-02,m41,安仁第一村假日酒店,安仁镇,酒店,国庆,94.6,92.2,1481,180682,携程,1514,10
2026-10-02,m41,安仁第一村假日酒店,安仁镇,酒店,国庆,94.6,92.2,1481,180682,美团,1452,10
2026-10-02,m41,安仁第一村假日酒店,安仁镇,酒店,国庆,94.6,92.2,1481,180682,去哪儿,1449,10
2026-10-02,m41,安仁第一村假日酒店,安仁镇,酒店,国庆,94.6,92.2,1481,180682,同程,1456,10
2026-10-02,m41,安仁第一村假日酒店,安仁镇,酒店,国庆,94.6,92.2,1481,180682,途家,1534,10
2026-10-03,m41,安仁第一村假日酒店,安仁镇,酒店,国庆,99.2,92.9,1487,190336,携程,1516,10
2026-10-03,m41,安仁第一村假日酒店,安仁镇,酒店,国庆,99.2,92.9,1487,190336,美团,1446,9
2026-10-03,m41,安仁第一村假日酒店,安仁镇,酒店,国庆,99.2,92.9,1487,190336,去哪儿,1459,9
2026-10-03,m41,安仁第一村假日酒店,安仁镇,酒店,国庆,99.2,92.9,1487,190336,同程,1483,9
2026-10-03,m41,安仁第一村假日酒店,安仁镇,酒店,国庆,99.2,92.9,1487,190336,途家,1532,9
2026-10-04,m41,安仁第一村假日酒店,安仁镇,酒店,国庆,95.3,90.5,1494,183762,携程,1512,12
2026-10-04,m41,安仁第一村假日酒店,安仁镇,酒店,国庆,95.3,90.5,1494,183762,美团,1462,12
2026-10-04,m41,安仁第一村假日酒店,安仁镇,酒店,国庆,95.3,90.5,1494,183762,去哪儿,1485,12
2026-10-04,m41,安仁第一村假日酒店,安仁镇,酒店,国庆,95.3,90.5,1494,183762,同程,1492,13
2026-10-04,m41,安仁第一村假日酒店,安仁镇,酒店,国庆,95.3,90.5,1494,183762,途家,1521,12
2026-10-05,m41,安仁第一村假日酒店,安仁镇,酒店,国庆,96.1,91.3,1490,184760,携程,1515,11
2026-10-05,m41,安仁第一村假日酒店,安仁镇,酒店,国庆,96.1,91.3,1490,184760,美团,1454,11
2026-10-05,m41,安仁第一村假日酒店,安仁镇,酒店,国庆,96.1,91.3,1490,184760,去哪儿,1462,11
2026-10-05,m41,安仁第一村假日酒店,安仁镇,酒店,国庆,96.1,91.3,1490,184760,同程,1484,12
2026-10-05,m41,安仁第一村假日酒店,安仁镇,酒店,国庆,96.1,91.3,1490,184760,途家,1534,11
2026-10-06,m41,安仁第一村假日酒店,安仁镇,酒店,国庆,96.1,91.2,1501,186124,携程,1519,11
2026-10-06,m41,安仁第一村假日酒店,安仁镇,酒店,国庆,96.1,91.2,1501,186124,美团,1470,12
2026-10-06,m41,安仁第一村假日酒店,安仁镇,酒店,国庆,96.1,91.2,1501,186124,去哪儿,1492,11
2026-10-06,m41,安仁第一村假日酒店,安仁镇,酒店,国庆,96.1,91.2,1501,186124,同程,1480,12
2026-10-06,m41,安仁第一村假日酒店,安仁镇,酒店,国庆,96.1,91.2,1501,186124,途家,1543,11
2026-10-07,m41,安仁第一村假日酒店,安仁镇,酒店,国庆,98.4,92.2,1467,186309,携程,1476,10
2026-10-07,m41,安仁第一村假日酒店,安仁镇,酒店,国庆,98.4,92.2,1467,186309,美团,1439,10
2026-10-07,m41,安仁第一村假日酒店,安仁镇,酒店,国庆,98.4,92.2,1467,186309,去哪儿,1441,10
2026-10-07,m41,安仁第一村假日酒店,安仁镇,酒店,国庆,98.4,92.2,1467,186309,同程,1470,10
2026-10-07,m41,安仁第一村假日酒店,安仁镇,酒店,国庆,98.4,92.2,1467,186309,途家,1509,10
2026-10-08,m41,安仁第一村假日酒店,安仁镇,酒店,国庆,99.2,94.6,1502,192256,携程,1512,7
2026-10-08,m41,安仁第一村假日酒店,安仁镇,酒店,国庆,99.2,94.6,1502,192256,美团,1467,7
2026-10-08,m41,安仁第一村假日酒店,安仁镇,酒店,国庆,99.2,94.6,1502,192256,去哪儿,1488,7
2026-10-08,m41,安仁第一村假日酒店,安仁镇,酒店,国庆,99.2,94.6,1502,192256,同程,1488,7
2026-10-08,m41,安仁第一村假日酒店,安仁镇,酒店,国庆,99.2,94.6,1502,192256,途家,1554,7
2026-10-09,m41,安仁第一村假日酒店,安仁镇,酒店,工作日,55.8,51.9,716,51552,携程,731,62
2026-10-09,m41,安仁第一村假日酒店,安仁镇,酒店,工作日,55.8,51.9,716,51552,美团,698,62
2026-10-09,m41,安仁第一村假日酒店,安仁镇,酒店,工作日,55.8,51.9,716,51552,去哪儿,707,62
2026-10-09,m41,安仁第一村假日酒店,安仁镇,酒店,工作日,55.8,51.9,716,51552,同程,707,62
2026-10-09,m41,安仁第一村假日酒店,安仁镇,酒店,工作日,55.8,51.9,716,51552,途家,738,62
2026-10-10,m41,安仁第一村假日酒店,安仁镇,酒店,周末,84.5,81.1,958,104422,携程,975,24
2026-10-10,m41,安仁第一村假日酒店,安仁镇,酒店,周末,84.5,81.1,958,104422,美团,940,25
2026-10-10,m41,安仁第一村假日酒店,安仁镇,酒店,周末,84.5,81.1,958,104422,去哪儿,936,24
2026-10-10,m41,安仁第一村假日酒店,安仁镇,酒店,周末,84.5,81.1,958,104422,同程,947,25
2026-10-10,m41,安仁第一村假日酒店,安仁镇,酒店,周末,84.5,81.1,958,104422,途家,992,24
2026-10-11,m41,安仁第一村假日酒店,安仁镇,酒店,周末,85.3,81.4,955,105050,携程,958,24
2026-10-11,m41,安仁第一村假日酒店,安仁镇,酒店,周末,85.3,81.4,955,105050,美团,938,24
2026-10-11,m41,安仁第一村假日酒店,安仁镇,酒店,周末,85.3,81.4,955,105050,去哪儿,945,24
2026-10-11,m41,安仁第一村假日酒店,安仁镇,酒店,周末,85.3,81.4,955,105050,同程,945,24
2026-10-11,m41,安仁第一村假日酒店,安仁镇,酒店,周末,85.3,81.4,955,105050,途家,989,24
2026-10-12,m41,安仁第一村假日酒店,安仁镇,酒店,工作日,50.4,48.7,717,46605,携程,721,66
2026-10-12,m41,安仁第一村假日酒店,安仁镇,酒店,工作日,50.4,48.7,717,46605,美团,704,67
2026-10-12,m41,安仁第一村假日酒店,安仁镇,酒店,工作日,50.4,48.7,717,46605,去哪儿,712,66
2026-10-12,m41,安仁第一村假日酒店,安仁镇,酒店,工作日,50.4,48.7,717,46605,同程,711,66
2026-10-12,m41,安仁第一村假日酒店,安仁镇,酒店,工作日,50.4,48.7,717,46605,途家,737,66
2026-10-13,m41,安仁第一村假日酒店,安仁镇,酒店,工作日,45.7,42.9,704,41536,携程,711,74
2026-10-13,m41,安仁第一村假日酒店,安仁镇,酒店,工作日,45.7,42.9,704,41536,美团,692,74
2026-10-13,m41,安仁第一村假日酒店,安仁镇,酒店,工作日,45.7,42.9,704,41536,去哪儿,690,73
2026-10-13,m41,安仁第一村假日酒店,安仁镇,酒店,工作日,45.7,42.9,704,41536,同程,697,74
2026-10-13,m41,安仁第一村假日酒店,安仁镇,酒店,工作日,45.7,42.9,704,41536,途家,728,73
2026-10-14,m41,安仁第一村假日酒店,安仁镇,酒店,工作日,51.9,47.0,721,48307,携程,735,68
2026-10-14,m41,安仁第一村假日酒店,安仁镇,酒店,工作日,51.9,47.0,721,48307,美团,710,69
2026-10-14,m41,安仁第一村假日酒店,安仁镇,酒店,工作日,51.9,47.0,721,48307,去哪儿,707,68
2026-10-14,m41,安仁第一村假日酒店,安仁镇,酒店,工作日,51.9,47.0,721,48307,同程,712,69
2026-10-14,m41,安仁第一村假日酒店,安仁镇,酒店,工作日,51.9,47.0,721,48307,途家,740,68
2026-10-15,m41,安仁第一村假日酒店,安仁镇,酒店,工作日,51.2,47.8,711,46926,携程,722,68
2026-10-15,m41,安仁第一村假日酒店,安仁镇,酒店,工作日,51.2,47.8,711,46926,美团,697,67
2026-10-15,m41,安仁第一村假日酒店,安仁镇,酒店,工作日,51.2,47.8,711,46926,去哪儿,706,67
2026-10-15,m41,安仁第一村假日酒店,安仁镇,酒店,工作日,51.2,47.8,711,46926,同程,697,68
2026-10-15,m41,安仁第一村假日酒店,安仁镇,酒店,工作日,51.2,47.8,711,46926,途家,733,67
2026-10-16,m41,安仁第一村假日酒店,安仁镇,酒店,工作日,52.7,48.8,718,48824,携程,727,66
2026-10-16,m41,安仁第一村假日酒店,安仁镇,酒店,工作日,52.7,48.8,718,48824,美团,711,66
2026-10-16,m41,安仁第一村假日酒店,安仁镇,酒店,工作日,52.7,48.8,718,48824,去哪儿,709,66
2026-10-16,m41,安仁第一村假日酒店,安仁镇,酒店,工作日,52.7,48.8,718,48824,同程,704,66
2026-10-16,m41,安仁第一村假日酒店,安仁镇,酒店,工作日,52.7,48.8,718,48824,途家,739,66
2026-10-17,m41,安仁第一村假日酒店,安仁镇,酒店,周末,87.6,82.0,933,105429,携程,941,24
2026-10-17,m41,安仁第一村假日酒店,安仁镇,酒店,周末,87.6,82.0,933,105429,美团,923,23
2026-10-17,m41,安仁第一村假日酒店,安仁镇,酒店,周末,87.6,82.0,933,105429,去哪儿,923,23
2026-10-17,m41,安仁第一村假日酒店,安仁镇,酒店,周末,87.6,82.0,933,105429,同程,925,23
2026-10-17,m41,安仁第一村假日酒店,安仁镇,酒店,周末,87.6,82.0,933,105429,途家,952,23
2026-10-18,m41,安仁第一村假日酒店,安仁镇,酒店,周末,88.4,83.6,956,108984,携程,967,21
2026-10-18,m41,安仁第一村假日酒店,安仁镇,酒店,周末,88.4,83.6,956,108984,美团,928,22
2026-10-18,m41,安仁第一村假日酒店,安仁镇,酒店,周末,88.4,83.6,956,108984,去哪儿,949,21
2026-10-18,m41,安仁第一村假日酒店,安仁镇,酒店,周末,88.4,83.6,956,108984,同程,955,21
2026-10-18,m41,安仁第一村假日酒店,安仁镇,酒店,周末,88.4,83.6,956,108984,途家,980,21
2026-10-19,m41,安仁第一村假日酒店,安仁镇,酒店,工作日,51.9,51.8,732,49044,携程,729,62
2026-10-19,m41,安仁第一村假日酒店,安仁镇,酒店,工作日,51.9,51.8,732,49044,美团,725,63
2026-10-19,m41,安仁第一村假日酒店,安仁镇,酒店,工作日,51.9,51.8,732,49044,去哪儿,723,62
2026-10-19,m41,安仁第一村假日酒店,安仁镇,酒店,工作日,51.9,51.8,732,49044,同程,724,62
2026-10-19,m41,安仁第一村假日酒店,安仁镇,酒店,工作日,51.9,51.8,732,49044,途家,758,62
2026-10-20,m41,安仁第一村假日酒店,安仁镇,酒店,工作日,47.3,43.3,714,43554,携程,723,74
2026-10-20,m41,安仁第一村假日酒店,安仁镇,酒店,工作日,47.3,43.3,714,43554,美团,702,73
2026-10-20,m41,安仁第一村假日酒店,安仁镇,酒店,工作日,47.3,43.3,714,43554,去哪儿,714,73
2026-10-20,m41,安仁第一村假日酒店,安仁镇,酒店,工作日,47.3,43.3,714,43554,同程,701,73
2026-10-20,m41,安仁第一村假日酒店,安仁镇,酒店,工作日,47.3,43.3,714,43554,途家,730,73
2026-10-21,m41,安仁第一村假日酒店,安仁镇,酒店,工作日,50.4,46.5,703,45695,携程,711,69
2026-10-21,m41,安仁第一村假日酒店,安仁镇,酒店,工作日,50.4,46.5,703,45695,美团,687,69
2026-10-21,m41,安仁第一村假日酒店,安仁镇,酒店,工作日,50.4,46.5,703,45695,去哪儿,696,69
2026-10-21,m41,安仁第一村假日酒店,安仁镇,酒店,工作日,50.4,46.5,703,45695,同程,696,69
2026-10-21,m41,安仁第一村假日酒店,安仁镇,酒店,工作日,50.4,46.5,703,45695,途家,726,69
2026-10-22,m41,安仁第一村假日酒店,安仁镇,酒店,工作日,45.7,43.7,712,42008,携程,721,73
2026-10-22,m41,安仁第一村假日酒店,安仁镇,酒店,工作日,45.7,43.7,712,42008,美团,702,73
2026-10-22,m41,安仁第一村假日酒店,安仁镇,酒店,工作日,45.7,43.7,712,42008,去哪儿,698,72
2026-10-22,m41,安仁第一村假日酒店,安仁镇,酒店,工作日,45.7,43.7,712,42008,同程,700,73
2026-10-22,m41,安仁第一村假日酒店,安仁镇,酒店,工作日,45.7,43.7,712,42008,途家,737,72
2026-10-23,m41,安仁第一村假日酒店,安仁镇,酒店,工作日,45.0,43.3,712,41296,携程,730,73
2026-10-23,m41,安仁第一村假日酒店,安仁镇,酒店,工作日,45.0,43.3,712,41296,美团,696,74
2026-10-23,m41,安仁第一村假日酒店,安仁镇,酒店,工作日,45.0,43.3,712,41296,去哪儿,705,73
2026-10-23,m41,安仁第一村假日酒店,安仁镇,酒店,工作日,45.0,43.3,712,41296,同程,697,73
2026-10-23,m41,安仁第一村假日酒店,安仁镇,酒店,工作日,45.0,43.3,712,41296,途家,731,73
2026-10-24,m41,安仁第一村假日酒店,安仁镇,酒店,周末,90.7,87.4,966,113022,携程,978,16
2026-10-24,m41,安仁第一村假日酒店,安仁镇,酒店,周末,90.7,87.4,966,113022,美团,942,17
2026-10-24,m41,安仁第一村假日酒店,安仁镇,酒店,周末,90.7,87.4,966,113022,去哪儿,952,16
2026-10-24,m41,安仁第一村假日酒店,安仁镇,酒店,周末,90.7,87.4,966,113022,同程,960,16
2026-10-24,m41,安仁第一村假日酒店,安仁镇,酒店,周末,90.7,87.4,966,113022,途家,998,16
2026-10-25,m41,安仁第一村假日酒店,安仁镇,酒店,周末,88.4,84.2,959,109326,携程,966,21
2026-10-25,m41,安仁第一村假日酒店,安仁镇,酒店,周末,88.4,84.2,959,109326,美团,937,20
2026-10-25,m41,安仁第一村假日酒店,安仁镇,酒店,周末,88.4,84.2,959,109326,去哪儿,946,20
2026-10-25,m41,安仁第一村假日酒店,安仁镇,酒店,周末,88.4,84.2,959,109326,同程,956,21
2026-10-25,m41,安仁第一村假日酒店,安仁镇,酒店,周末,88.4,84.2,959,109326,途家,989,20
2026-10-26,m41,安仁第一村假日酒店,安仁镇,酒店,工作日,62.8,59.4,742,60102,携程,757,53
2026-10-26,m41,安仁第一村假日酒店,安仁镇,酒店,工作日,62.8,59.4,742,60102,美团,724,53
2026-10-26,m41,安仁第一村假日酒店,安仁镇,酒店,工作日,62.8,59.4,742,60102,去哪儿,729,52
2026-10-26,m41,安仁第一村假日酒店,安仁镇,酒店,工作日,62.8,59.4,742,60102,同程,729,52
2026-10-26,m41,安仁第一村假日酒店,安仁镇,酒店,工作日,62.8,59.4,742,60102,途家,770,52
2026-10-27,m41,安仁第一村假日酒店,安仁镇,酒店,工作日,55.0,52.2,715,50765,携程,723,62
2026-10-27,m41,安仁第一村假日酒店,安仁镇,酒店,工作日,55.0,52.2,715,50765,美团,697,62
2026-10-27,m41,安仁第一村假日酒店,安仁镇,酒店,工作日,55.0,52.2,715,50765,去哪儿,704,61
2026-10-27,m41,安仁第一村假日酒店,安仁镇,酒店,工作日,55.0,52.2,715,50765,同程,709,62
2026-10-27,m41,安仁第一村假日酒店,安仁镇,酒店,工作日,55.0,52.2,715,50765,途家,743,61
2026-10-28,m41,安仁第一村假日酒店,安仁镇,酒店,工作日,61.2,58.9,739,58381,携程,748,53
2026-10-28,m41,安仁第一村假日酒店,安仁镇,酒店,工作日,61.2,58.9,739,58381,美团,730,53
2026-10-28,m41,安仁第一村假日酒店,安仁镇,酒店,工作日,61.2,58.9,739,58381,去哪儿,728,53
2026-10-28,m41,安仁第一村假日酒店,安仁镇,酒店,工作日,61.2,58.9,739,58381,同程,730,53
2026-10-28,m41,安仁第一村假日酒店,安仁镇,酒店,工作日,61.2,58.9,739,58381,途家,758,53
2026-10-29,m41,安仁第一村假日酒店,安仁镇,酒店,工作日,54.3,49.5,720,50400,携程,725,65
2026-10-29,m41,安仁第一村假日酒店,安仁镇,酒店,工作日,54.3,49.5,720,50400,美团,711,66
2026-10-29,m41,安仁第一村假日酒店,安仁镇,酒店,工作日,54.3,49.5,720,50400,去哪儿,712,65
2026-10-29,m41,安仁第一村假日酒店,安仁镇,酒店,工作日,54.3,49.5,720,50400,同程,716,65
2026-10-29,m41,安仁第一村假日酒店,安仁镇,酒店,工作日,54.3,49.5,720,50400,途家,738,65
2026-10-30,m41,安仁第一村假日酒店,安仁镇,酒店,工作日,46.5,43.3,711,42660,携程,724,73
2026-10-30,m41,安仁第一村假日酒店,安仁镇,酒店,工作日,46.5,43.3,711,42660,美团,692,73
2026-10-30,m41,安仁第一村假日酒店,安仁镇,酒店,工作日,46.5,43.3,711,42660,去哪儿,703,73
2026-10-30,m41,安仁第一村假日酒店,安仁镇,酒店,工作日,46.5,43.3,711,42660,同程,705,74
2026-10-30,m41,安仁第一村假日酒店,安仁镇,酒店,工作日,46.5,43.3,711,42660,途家,732,73
2026-10-31,m41,安仁第一村假日酒店,安仁镇,酒店,周末,86.8,81.2,947,106064,携程,953,24
2026-10-31,m41,安仁第一村假日酒店,安仁镇,酒店,周末,86.8,81.2,947,106064,美团,937,25
2026-10-31,m41,安仁第一村假日酒店,安仁镇,酒店,周末,86.8,81.2,947,106064,去哪儿,938,24
2026-10-31,m41,安仁第一村假日酒店,安仁镇,酒店,周末,86.8,81.2,947,106064,同程,929,24
2026-10-31,m41,安仁第一村假日酒店,安仁镇,酒店,周末,86.8,81.2,947,106064,途家,979,24
2026-10-01,m42,安仁第一村温泉大酒店,安仁镇,酒店,国庆,97.8,93.3,1738,234630,携程,1729,9
2026-10-01,m42,安仁第一村温泉大酒店,安仁镇,酒店,国庆,97.8,93.3,1738,234630,飞猪,1732,9
2026-10-01,m42,安仁第一村温泉大酒店,安仁镇,酒店,国庆,97.8,93.3,1738,234630,去哪儿,1723,9
2026-10-01,m42,安仁第一村温泉大酒店,安仁镇,酒店,国庆,97.8,93.3,1738,234630,同程,1713,10
2026-10-01,m42,安仁第一村温泉大酒店,安仁镇,酒店,国庆,97.8,93.3,1738,234630,途家,1791,9
2026-10-02,m42,安仁第一村温泉大酒店,安仁镇,酒店,国庆,99.3,94.2,1767,242079,携程,1775,8
2026-10-02,m42,安仁第一村温泉大酒店,安仁镇,酒店,国庆,99.3,94.2,1767,242079,飞猪,1746,8
2026-10-02,m42,安仁第一村温泉大酒店,安仁镇,酒店,国庆,99.3,94.2,1767,242079,去哪儿,1757,8
2026-10-02,m42,安仁第一村温泉大酒店,安仁镇,酒店,国庆,99.3,94.2,1767,242079,同程,1743,8
2026-10-02,m42,安仁第一村温泉大酒店,安仁镇,酒店,国庆,99.3,94.2,1767,242079,途家,1812,8
2026-10-03,m42,安仁第一村温泉大酒店,安仁镇,酒店,国庆,97.8,92.8,1718,231930,携程,1735,10
2026-10-03,m42,安仁第一村温泉大酒店,安仁镇,酒店,国庆,97.8,92.8,1718,231930,飞猪,1707,10
2026-10-03,m42,安仁第一村温泉大酒店,安仁镇,酒店,国庆,97.8,92.8,1718,231930,去哪儿,1698,10
2026-10-03,m42,安仁第一村温泉大酒店,安仁镇,酒店,国庆,97.8,92.8,1718,231930,同程,1678,10
2026-10-03,m42,安仁第一村温泉大酒店,安仁镇,酒店,国庆,97.8,92.8,1718,231930,途家,1771,10
2026-10-04,m42,安仁第一村温泉大酒店,安仁镇,酒店,国庆,99.3,91.9,1730,237010,携程,1753,12
2026-10-04,m42,安仁第一村温泉大酒店,安仁镇,酒店,国庆,99.3,91.9,1730,237010,飞猪,1729,11
2026-10-04,m42,安仁第一村温泉大酒店,安仁镇,酒店,国庆,99.3,91.9,1730,237010,去哪儿,1713,11
2026-10-04,m42,安仁第一村温泉大酒店,安仁镇,酒店,国庆,99.3,91.9,1730,237010,同程,1706,11
2026-10-04,m42,安仁第一村温泉大酒店,安仁镇,酒店,国庆,99.3,91.9,1730,237010,途家,1747,11
2026-10-05,m42,安仁第一村温泉大酒店,安仁镇,酒店,国庆,97.1,91.0,1709,229006,携程,1708,13
2026-10-05,m42,安仁第一村温泉大酒店,安仁镇,酒店,国庆,97.1,91.0,1709,229006,飞猪,1704,12
2026-10-05,m42,安仁第一村温泉大酒店,安仁镇,酒店,国庆,97.1,91.0,1709,229006,去哪儿,1697,12
2026-10-05,m42,安仁第一村温泉大酒店,安仁镇,酒店,国庆,97.1,91.0,1709,229006,同程,1683,13
2026-10-05,m42,安仁第一村温泉大酒店,安仁镇,酒店,国庆,97.1,91.0,1709,229006,途家,1755,12
2026-10-06,m42,安仁第一村温泉大酒店,安仁镇,酒店,国庆,98.6,94.2,1746,237456,携程,1749,8
2026-10-06,m42,安仁第一村温泉大酒店,安仁镇,酒店,国庆,98.6,94.2,1746,237456,飞猪,1738,8
2026-10-06,m42,安仁第一村温泉大酒店,安仁镇,酒店,国庆,98.6,94.2,1746,237456,去哪儿,1713,8
2026-10-06,m42,安仁第一村温泉大酒店,安仁镇,酒店,国庆,98.6,94.2,1746,237456,同程,1727,8
2026-10-06,m42,安仁第一村温泉大酒店,安仁镇,酒店,国庆,98.6,94.2,1746,237456,途家,1805,8
2026-10-07,m42,安仁第一村温泉大酒店,安仁镇,酒店,国庆,97.8,88.8,1724,232740,携程,1718,16
2026-10-07,m42,安仁第一村温泉大酒店,安仁镇,酒店,国庆,97.8,88.8,1724,232740,飞猪,1727,15
2026-10-07,m42,安仁第一村温泉大酒店,安仁镇,酒店,国庆,97.8,88.8,1724,232740,去哪儿,1705,15
2026-10-07,m42,安仁第一村温泉大酒店,安仁镇,酒店,国庆,97.8,88.8,1724,232740,同程,1697,16
2026-10-07,m42,安仁第一村温泉大酒店,安仁镇,酒店,国庆,97.8,88.8,1724,232740,途家,1774,15
2026-10-08,m42,安仁第一村温泉大酒店,安仁镇,酒店,国庆,99.3,95.7,1766,241942,携程,1780,6
2026-10-08,m42,安仁第一村温泉大酒店,安仁镇,酒店,国庆,99.3,95.7,1766,241942,飞猪,1758,6
2026-10-08,m42,安仁第一村温泉大酒店,安仁镇,酒店,国庆,99.3,95.7,1766,241942,去哪儿,1738,6
2026-10-08,m42,安仁第一村温泉大酒店,安仁镇,酒店,国庆,99.3,95.7,1766,241942,同程,1754,6
2026-10-08,m42,安仁第一村温泉大酒店,安仁镇,酒店,国庆,99.3,95.7,1766,241942,途家,1798,6
2026-10-09,m42,安仁第一村温泉大酒店,安仁镇,酒店,工作日,60.1,56.4,855,70965,携程,859,60
2026-10-09,m42,安仁第一村温泉大酒店,安仁镇,酒店,工作日,60.1,56.4,855,70965,飞猪,849,60
2026-10-09,m42,安仁第一村温泉大酒店,安仁镇,酒店,工作日,60.1,56.4,855,70965,去哪儿,847,60
2026-10-09,m42,安仁第一村温泉大酒店,安仁镇,酒店,工作日,60.1,56.4,855,70965,同程,843,61
2026-10-09,m42,安仁第一村温泉大酒店,安仁镇,酒店,工作日,60.1,56.4,855,70965,途家,879,60
2026-10-10,m42,安仁第一村温泉大酒店,安仁镇,酒店,周末,85.5,80.9,1099,129682,携程,1100,26
2026-10-10,m42,安仁第一村温泉大酒店,安仁镇,酒店,周末,85.5,80.9,1099,129682,飞猪,1105,27
2026-10-10,m42,安仁第一村温泉大酒店,安仁镇,酒店,周末,85.5,80.9,1099,129682,去哪儿,1078,26
2026-10-10,m42,安仁第一村温泉大酒店,安仁镇,酒店,周末,85.5,80.9,1099,129682,同程,1088,27
2026-10-10,m42,安仁第一村温泉大酒店,安仁镇,酒店,周末,85.5,80.9,1099,129682,途家,1125,26
2026-10-11,m42,安仁第一村温泉大酒店,安仁镇,酒店,周末,82.6,79.0,1078,122892,携程,1092,29
2026-10-11,m42,安仁第一村温泉大酒店,安仁镇,酒店,周末,82.6,79.0,1078,122892,飞猪,1065,29
2026-10-11,m42,安仁第一村温泉大酒店,安仁镇,酒店,周末,82.6,79.0,1078,122892,去哪儿,1062,29
2026-10-11,m42,安仁第一村温泉大酒店,安仁镇,酒店,周末,82.6,79.0,1078,122892,同程,1060,29
2026-10-11,m42,安仁第一村温泉大酒店,安仁镇,酒店,周末,82.6,79.0,1078,122892,途家,1109,29
2026-10-12,m42,安仁第一村温泉大酒店,安仁镇,酒店,工作日,52.9,49.9,833,60809,携程,838,69
2026-10-12,m42,安仁第一村温泉大酒店,安仁镇,酒店,工作日,52.9,49.9,833,60809,飞猪,825,70
2026-10-12,m42,安仁第一村温泉大酒店,安仁镇,酒店,工作日,52.9,49.9,833,60809,去哪儿,826,69
2026-10-12,m42,安仁第一村温泉大酒店,安仁镇,酒店,工作日,52.9,49.9,833,60809,同程,815,69
2026-10-12,m42,安仁第一村温泉大酒店,安仁镇,酒店,工作日,52.9,49.9,833,60809,途家,859,69
2026-10-13,m42,安仁第一村温泉大酒店,安仁镇,酒店,工作日,48.6,47.7,836,56012,携程,849,72
2026-10-13,m42,安仁第一村温泉大酒店,安仁镇,酒店,工作日,48.6,47.7,836,56012,飞猪,841,72
2026-10-13,m42,安仁第一村温泉大酒店,安仁镇,酒店,工作日,48.6,47.7,836,56012,去哪儿,813,72
2026-10-13,m42,安仁第一村温泉大酒店,安仁镇,酒店,工作日,48.6,47.7,836,56012,同程,824,73
2026-10-13,m42,安仁第一村温泉大酒店,安仁镇,酒店,工作日,48.6,47.7,836,56012,途家,853,72
2026-10-14,m42,安仁第一村温泉大酒店,安仁镇,酒店,工作日,51.4,48.8,834,59214,携程,840,71
2026-10-14,m42,安仁第一村温泉大酒店,安仁镇,酒店,工作日,51.4,48.8,834,59214,飞猪,832,71
2026-10-14,m42,安仁第一村温泉大酒店,安仁镇,酒店,工作日,51.4,48.8,834,59214,去哪儿,821,70
2026-10-14,m42,安仁第一村温泉大酒店,安仁镇,酒店,工作日,51.4,48.8,834,59214,同程,821,71
2026-10-14,m42,安仁第一村温泉大酒店,安仁镇,酒店,工作日,51.4,48.8,834,59214,途家,856,70
2026-10-15,m42,安仁第一村温泉大酒店,安仁镇,酒店,工作日,48.6,44.1,831,55677,携程,840,78
2026-10-15,m42,安仁第一村温泉大酒店,安仁镇,酒店,工作日,48.6,44.1,831,55677,飞猪,827,77
2026-10-15,m42,安仁第一村温泉大酒店,安仁镇,酒店,工作日,48.6,44.1,831,55677,去哪儿,815,77
2026-10-15,m42,安仁第一村温泉大酒店,安仁镇,酒店,工作日,48.6,44.1,831,55677,同程,825,77
2026-10-15,m42,安仁第一村温泉大酒店,安仁镇,酒店,工作日,48.6,44.1,831,55677,途家,846,77
2026-10-16,m42,安仁第一村温泉大酒店,安仁镇,酒店,工作日,57.2,54.9,857,67703,携程,860,62
2026-10-16,m42,安仁第一村温泉大酒店,安仁镇,酒店,工作日,57.2,54.9,857,67703,飞猪,856,62
2026-10-16,m42,安仁第一村温泉大酒店,安仁镇,酒店,工作日,57.2,54.9,857,67703,去哪儿,842,62
2026-10-16,m42,安仁第一村温泉大酒店,安仁镇,酒店,工作日,57.2,54.9,857,67703,同程,844,63
2026-10-16,m42,安仁第一村温泉大酒店,安仁镇,酒店,工作日,57.2,54.9,857,67703,途家,881,62
2026-10-17,m42,安仁第一村温泉大酒店,安仁镇,酒店,周末,87.0,81.0,1098,131760,携程,1110,26
2026-10-17,m42,安仁第一村温泉大酒店,安仁镇,酒店,周末,87.0,81.0,1098,131760,飞猪,1099,27
2026-10-17,m42,安仁第一村温泉大酒店,安仁镇,酒店,周末,87.0,81.0,1098,131760,去哪儿,1072,26
2026-10-17,m42,安仁第一村温泉大酒店,安仁镇,酒店,周末,87.0,81.0,1098,131760,同程,1078,26
2026-10-17,m42,安仁第一村温泉大酒店,安仁镇,酒店,周末,87.0,81.0,1098,131760,途家,1132,26
2026-10-18,m42,安仁第一村温泉大酒店,安仁镇,酒店,周末,87.0,84.6,1101,132120,携程,1099,21
2026-10-18,m42,安仁第一村温泉大酒店,安仁镇,酒店,周末,87.0,84.6,1101,132120,飞猪,1092,22
2026-10-18,m42,安仁第一村温泉大酒店,安仁镇,酒店,周末,87.0,84.6,1101,132120,去哪儿,1094,21
2026-10-18,m42,安仁第一村温泉大酒店,安仁镇,酒店,周末,87.0,84.6,1101,132120,同程,1092,21
2026-10-18,m42,安仁第一村温泉大酒店,安仁镇,酒店,周末,87.0,84.6,1101,132120,途家,1126,21
2026-10-19,m42,安仁第一村温泉大酒店,安仁镇,酒店,工作日,56.5,54.2,844,65832,携程,847,63
2026-10-19,m42,安仁第一村温泉大酒店,安仁镇,酒店,工作日,56.5,54.2,844,65832,飞猪,841,63
2026-10-19,m42,安仁第一村温泉大酒店,安仁镇,酒店,工作日,56.5,54.2,844,65832,去哪儿,834,63
2026-10-19,m42,安仁第一村温泉大酒店,安仁镇,酒店,工作日,56.5,54.2,844,65832,同程,833,64
2026-10-19,m42,安仁第一村温泉大酒店,安仁镇,酒店,工作日,56.5,54.2,844,65832,途家,865,63
2026-10-20,m42,安仁第一村温泉大酒店,安仁镇,酒店,工作日,51.4,50.7,826,58646,携程,835,68
2026-10-20,m42,安仁第一村温泉大酒店,安仁镇,酒店,工作日,51.4,50.7,826,58646,飞猪,829,68
2026-10-20,m42,安仁第一村温泉大酒店,安仁镇,酒店,工作日,51.4,50.7,826,58646,去哪儿,812,68
2026-10-20,m42,安仁第一村温泉大酒店,安仁镇,酒店,工作日,51.4,50.7,826,58646,同程,806,68
2026-10-20,m42,安仁第一村温泉大酒店,安仁镇,酒店,工作日,51.4,50.7,826,58646,途家,846,68
2026-10-21,m42,安仁第一村温泉大酒店,安仁镇,酒店,工作日,59.4,54.9,859,70438,携程,856,62
2026-10-21,m42,安仁第一村温泉大酒店,安仁镇,酒店,工作日,59.4,54.9,859,70438,飞猪,861,63
2026-10-21,m42,安仁第一村温泉大酒店,安仁镇,酒店,工作日,59.4,54.9,859,70438,去哪儿,848,62
2026-10-21,m42,安仁第一村温泉大酒店,安仁镇,酒店,工作日,59.4,54.9,859,70438,同程,847,62
2026-10-21,m42,安仁第一村温泉大酒店,安仁镇,酒店,工作日,59.4,54.9,859,70438,途家,883,62
2026-10-22,m42,安仁第一村温泉大酒店,安仁镇,酒店,工作日,50.7,49.0,837,58590,携程,842,70
2026-10-22,m42,安仁第一村温泉大酒店,安仁镇,酒店,工作日,50.7,49.0,837,58590,飞猪,829,71
2026-10-22,m42,安仁第一村温泉大酒店,安仁镇,酒店,工作日,50.7,49.0,837,58590,去哪儿,823,70
2026-10-22,m42,安仁第一村温泉大酒店,安仁镇,酒店,工作日,50.7,49.0,837,58590,同程,831,71
2026-10-22,m42,安仁第一村温泉大酒店,安仁镇,酒店,工作日,50.7,49.0,837,58590,途家,859,70
2026-10-23,m42,安仁第一村温泉大酒店,安仁镇,酒店,工作日,54.3,52.0,849,63675,携程,854,67
2026-10-23,m42,安仁第一村温泉大酒店,安仁镇,酒店,工作日,54.3,52.0,849,63675,飞猪,851,66
2026-10-23,m42,安仁第一村温泉大酒店,安仁镇,酒店,工作日,54.3,52.0,849,63675,去哪儿,844,66
2026-10-23,m42,安仁第一村温泉大酒店,安仁镇,酒店,工作日,54.3,52.0,849,63675,同程,833,66
2026-10-23,m42,安仁第一村温泉大酒店,安仁镇,酒店,工作日,54.3,52.0,849,63675,途家,861,66
2026-10-24,m42,安仁第一村温泉大酒店,安仁镇,酒店,周末,81.9,78.3,1078,121814,携程,1093,30
2026-10-24,m42,安仁第一村温泉大酒店,安仁镇,酒店,周末,81.9,78.3,1078,121814,飞猪,1074,30
2026-10-24,m42,安仁第一村温泉大酒店,安仁镇,酒店,周末,81.9,78.3,1078,121814,去哪儿,1056,30
2026-10-24,m42,安仁第一村温泉大酒店,安仁镇,酒店,周末,81.9,78.3,1078,121814,同程,1058,30
2026-10-24,m42,安仁第一村温泉大酒店,安仁镇,酒店,周末,81.9,78.3,1078,121814,途家,1109,30
2026-10-25,m42,安仁第一村温泉大酒店,安仁镇,酒店,周末,83.3,81.0,1086,124890,携程,1092,26
2026-10-25,m42,安仁第一村温泉大酒店,安仁镇,酒店,周末,83.3,81.0,1086,124890,飞猪,1086,26
2026-10-25,m42,安仁第一村温泉大酒店,安仁镇,酒店,周末,83.3,81.0,1086,124890,去哪儿,1073,26
2026-10-25,m42,安仁第一村温泉大酒店,安仁镇,酒店,周末,83.3,81.0,1086,124890,同程,1070,27
2026-10-25,m42,安仁第一村温泉大酒店,安仁镇,酒店,周末,83.3,81.0,1086,124890,途家,1109,26
2026-10-26,m42,安仁第一村温泉大酒店,安仁镇,酒店,工作日,41.3,38.3,811,46227,携程,810,86
2026-10-26,m42,安仁第一村温泉大酒店,安仁镇,酒店,工作日,41.3,38.3,811,46227,飞猪,812,85
2026-10-26,m42,安仁第一村温泉大酒店,安仁镇,酒店,工作日,41.3,38.3,811,46227,去哪儿,809,85
2026-10-26,m42,安仁第一村温泉大酒店,安仁镇,酒店,工作日,41.3,38.3,811,46227,同程,797,85
2026-10-26,m42,安仁第一村温泉大酒店,安仁镇,酒店,工作日,41.3,38.3,811,46227,途家,828,85
2026-10-27,m42,安仁第一村温泉大酒店,安仁镇,酒店,工作日,51.4,51.2,830,58930,携程,833,68
2026-10-27,m42,安仁第一村温泉大酒店,安仁镇,酒店,工作日,51.4,51.2,830,58930,飞猪,824,68
2026-10-27,m42,安仁第一村温泉大酒店,安仁镇,酒店,工作日,51.4,51.2,830,58930,去哪儿,820,67
2026-10-27,m42,安仁第一村温泉大酒店,安仁镇,酒店,工作日,51.4,51.2,830,58930,同程,818,67
2026-10-27,m42,安仁第一村温泉大酒店,安仁镇,酒店,工作日,51.4,51.2,830,58930,途家,853,67
2026-10-28,m42,安仁第一村温泉大酒店,安仁镇,酒店,工作日,57.2,55.8,852,67308,携程,861,61
2026-10-28,m42,安仁第一村温泉大酒店,安仁镇,酒店,工作日,57.2,55.8,852,67308,飞猪,848,61
2026-10-28,m42,安仁第一村温泉大酒店,安仁镇,酒店,工作日,57.2,55.8,852,67308,去哪儿,841,61
2026-10-28,m42,安仁第一村温泉大酒店,安仁镇,酒店,工作日,57.2,55.8,852,67308,同程,832,61
2026-10-28,m42,安仁第一村温泉大酒店,安仁镇,酒店,工作日,57.2,55.8,852,67308,途家,877,61
2026-10-29,m42,安仁第一村温泉大酒店,安仁镇,酒店,工作日,50.7,47.5,819,57330,携程,822,72
2026-10-29,m42,安仁第一村温泉大酒店,安仁镇,酒店,工作日,50.7,47.5,819,57330,飞猪,818,73
2026-10-29,m42,安仁第一村温泉大酒店,安仁镇,酒店,工作日,50.7,47.5,819,57330,去哪儿,807,72
2026-10-29,m42,安仁第一村温泉大酒店,安仁镇,酒店,工作日,50.7,47.5,819,57330,同程,807,73
2026-10-29,m42,安仁第一村温泉大酒店,安仁镇,酒店,工作日,50.7,47.5,819,57330,途家,840,72
2026-10-30,m42,安仁第一村温泉大酒店,安仁镇,酒店,工作日,56.5,52.6,837,65286,携程,840,66
2026-10-30,m42,安仁第一村温泉大酒店,安仁镇,酒店,工作日,56.5,52.6,837,65286,飞猪,840,65
2026-10-30,m42,安仁第一村温泉大酒店,安仁镇,酒店,工作日,56.5,52.6,837,65286,去哪儿,827,65
2026-10-30,m42,安仁第一村温泉大酒店,安仁镇,酒店,工作日,56.5,52.6,837,65286,同程,820,66
2026-10-30,m42,安仁第一村温泉大酒店,安仁镇,酒店,工作日,56.5,52.6,837,65286,途家,858,65
2026-10-31,m42,安仁第一村温泉大酒店,安仁镇,酒店,周末,87.7,84.1,1109,134189,携程,1110,22
2026-10-31,m42,安仁第一村温泉大酒店,安仁镇,酒店,周末,87.7,84.1,1109,134189,飞猪,1110,22
2026-10-31,m42,安仁第一村温泉大酒店,安仁镇,酒店,周末,87.7,84.1,1109,134189,去哪儿,1093,22
2026-10-31,m42,安仁第一村温泉大酒店,安仁镇,酒店,周末,87.7,84.1,1109,134189,同程,1098,22
2026-10-31,m42,安仁第一村温泉大酒店,安仁镇,酒店,周末,87.7,84.1,1109,134189,途家,1135,22
2026-10-01,m43,安仁逸景温泉酒店,安仁镇,酒店,国庆,96.8,91.0,1980,297000,携程,1991,14
2026-10-01,m43,安仁逸景温泉酒店,安仁镇,酒店,国庆,96.8,91.0,1980,297000,美团,1945,14
2026-10-01,m43,安仁逸景温泉酒店,安仁镇,酒店,国庆,96.8,91.0,1980,297000,去哪儿,1941,14
2026-10-01,m43,安仁逸景温泉酒店,安仁镇,酒店,国庆,96.8,91.0,1980,297000,同程,1965,14
2026-10-01,m43,安仁逸景温泉酒店,安仁镇,酒店,国庆,96.8,91.0,1980,297000,途家,2057,14
2026-10-02,m43,安仁逸景温泉酒店,安仁镇,酒店,国庆,97.4,89.5,1950,294450,携程,1985,16
2026-10-02,m43,安仁逸景温泉酒店,安仁镇,酒店,国庆,97.4,89.5,1950,294450,美团,1895,16
2026-10-02,m43,安仁逸景温泉酒店,安仁镇,酒店,国庆,97.4,89.5,1950,294450,去哪儿,1934,16
2026-10-02,m43,安仁逸景温泉酒店,安仁镇,酒店,国庆,97.4,89.5,1950,294450,同程,1922,17
2026-10-02,m43,安仁逸景温泉酒店,安仁镇,酒店,国庆,97.4,89.5,1950,294450,途家,2012,16
2026-10-03,m43,安仁逸景温泉酒店,安仁镇,酒店,国庆,98.1,92.1,1948,296096,携程,1969,12
2026-10-03,m43,安仁逸景温泉酒店,安仁镇,酒店,国庆,98.1,92.1,1948,296096,美团,1888,12
2026-10-03,m43,安仁逸景温泉酒店,安仁镇,酒店,国庆,98.1,92.1,1948,296096,去哪儿,1937,12
2026-10-03,m43,安仁逸景温泉酒店,安仁镇,酒店,国庆,98.1,92.1,1948,296096,同程,1921,13
2026-10-03,m43,安仁逸景温泉酒店,安仁镇,酒店,国庆,98.1,92.1,1948,296096,途家,2025,12
2026-10-04,m43,安仁逸景温泉酒店,安仁镇,酒店,国庆,98.7,94.6,1984,303552,携程,2000,8
2026-10-04,m43,安仁逸景温泉酒店,安仁镇,酒店,国庆,98.7,94.6,1984,303552,美团,1945,9
2026-10-04,m43,安仁逸景温泉酒店,安仁镇,酒店,国庆,98.7,94.6,1984,303552,去哪儿,1966,8
2026-10-04,m43,安仁逸景温泉酒店,安仁镇,酒店,国庆,98.7,94.6,1984,303552,同程,1958,9
2026-10-04,m43,安仁逸景温泉酒店,安仁镇,酒店,国庆,98.7,94.6,1984,303552,途家,2049,8
2026-10-05,m43,安仁逸景温泉酒店,安仁镇,酒店,国庆,99.4,91.5,1966,302764,携程,1984,13
2026-10-05,m43,安仁逸景温泉酒店,安仁镇,酒店,国庆,99.4,91.5,1966,302764,美团,1925,13
2026-10-05,m43,安仁逸景温泉酒店,安仁镇,酒店,国庆,99.4,91.5,1966,302764,去哪儿,1956,13
2026-10-05,m43,安仁逸景温泉酒店,安仁镇,酒店,国庆,99.4,91.5,1966,302764,同程,1956,14
2026-10-05,m43,安仁逸景温泉酒店,安仁镇,酒店,国庆,99.4,91.5,1966,302764,途家,2011,13
2026-10-06,m43,安仁逸景温泉酒店,安仁镇,酒店,国庆,95.5,90.1,1965,290820,携程,1990,15
2026-10-06,m43,安仁逸景温泉酒店,安仁镇,酒店,国庆,95.5,90.1,1965,290820,美团,1925,16
2026-10-06,m43,安仁逸景温泉酒店,安仁镇,酒店,国庆,95.5,90.1,1965,290820,去哪儿,1932,15
2026-10-06,m43,安仁逸景温泉酒店,安仁镇,酒店,国庆,95.5,90.1,1965,290820,同程,1957,16
2026-10-06,m43,安仁逸景温泉酒店,安仁镇,酒店,国庆,95.5,90.1,1965,290820,途家,2019,15
2026-10-07,m43,安仁逸景温泉酒店,安仁镇,酒店,国庆,98.7,93.4,1992,304776,携程,1994,10
2026-10-07,m43,安仁逸景温泉酒店,安仁镇,酒店,国庆,98.7,93.4,1992,304776,美团,1958,11
2026-10-07,m43,安仁逸景温泉酒店,安仁镇,酒店,国庆,98.7,93.4,1992,304776,去哪儿,1984,10
2026-10-07,m43,安仁逸景温泉酒店,安仁镇,酒店,国庆,98.7,93.4,1992,304776,同程,1970,10
2026-10-07,m43,安仁逸景温泉酒店,安仁镇,酒店,国庆,98.7,93.4,1992,304776,途家,2054,10
2026-10-08,m43,安仁逸景温泉酒店,安仁镇,酒店,国庆,94.8,88.3,1940,285180,携程,1959,18
2026-10-08,m43,安仁逸景温泉酒店,安仁镇,酒店,国庆,94.8,88.3,1940,285180,美团,1908,18
2026-10-08,m43,安仁逸景温泉酒店,安仁镇,酒店,国庆,94.8,88.3,1940,285180,去哪儿,1917,18
2026-10-08,m43,安仁逸景温泉酒店,安仁镇,酒店,国庆,94.8,88.3,1940,285180,同程,1912,19
2026-10-08,m43,安仁逸景温泉酒店,安仁镇,酒店,国庆,94.8,88.3,1940,285180,途家,2004,18
2026-10-09,m43,安仁逸景温泉酒店,安仁镇,酒店,工作日,47.7,45.0,926,68524,携程,930,85
2026-10-09,m43,安仁逸景温泉酒店,安仁镇,酒店,工作日,47.7,45.0,926,68524,美团,908,86
2026-10-09,m43,安仁逸景温泉酒店,安仁镇,酒店,工作日,47.7,45.0,926,68524,去哪儿,920,85
2026-10-09,m43,安仁逸景温泉酒店,安仁镇,酒店,工作日,47.7,45.0,926,68524,同程,924,85
2026-10-09,m43,安仁逸景温泉酒店,安仁镇,酒店,工作日,47.7,45.0,926,68524,途家,948,85
2026-10-10,m43,安仁逸景温泉酒店,安仁镇,酒店,周末,89.0,85.0,1243,171534,携程,1256,23
2026-10-10,m43,安仁逸景温泉酒店,安仁镇,酒店,周末,89.0,85.0,1243,171534,美团,1214,24
2026-10-10,m43,安仁逸景温泉酒店,安仁镇,酒店,周末,89.0,85.0,1243,171534,去哪儿,1234,23
2026-10-10,m43,安仁逸景温泉酒店,安仁镇,酒店,周末,89.0,85.0,1243,171534,同程,1231,23
2026-10-10,m43,安仁逸景温泉酒店,安仁镇,酒店,周末,89.0,85.0,1243,171534,途家,1282,23
2026-10-11,m43,安仁逸景温泉酒店,安仁镇,酒店,周末,91.0,86.7,1246,175686,携程,1254,21
2026-10-11,m43,安仁逸景温泉酒店,安仁镇,酒店,周末,91.0,86.7,1246,175686,美团,1216,21
2026-10-11,m43,安仁逸景温泉酒店,安仁镇,酒店,周末,91.0,86.7,1246,175686,去哪儿,1229,20
2026-10-11,m43,安仁逸景温泉酒店,安仁镇,酒店,周末,91.0,86.7,1246,175686,同程,1238,21
2026-10-11,m43,安仁逸景温泉酒店,安仁镇,酒店,周末,91.0,86.7,1246,175686,途家,1291,20
2026-10-12,m43,安仁逸景温泉酒店,安仁镇,酒店,工作日,50.3,45.5,934,72852,携程,938,84
2026-10-12,m43,安仁逸景温泉酒店,安仁镇,酒店,工作日,50.3,45.5,934,72852,美团,919,85
2026-10-12,m43,安仁逸景温泉酒店,安仁镇,酒店,工作日,50.3,45.5,934,72852,去哪儿,912,84
2026-10-12,m43,安仁逸景温泉酒店,安仁镇,酒店,工作日,50.3,45.5,934,72852,同程,933,85
2026-10-12,m43,安仁逸景温泉酒店,安仁镇,酒店,工作日,50.3,45.5,934,72852,途家,966,84
2026-10-13,m43,安仁逸景温泉酒店,安仁镇,酒店,工作日,42.6,38.5,915,60390,携程,920,95
2026-10-13,m43,安仁逸景温泉酒店,安仁镇,酒店,工作日,42.6,38.5,915,60390,美团,891,96
2026-10-13,m43,安仁逸景温泉酒店,安仁镇,酒店,工作日,42.6,38.5,915,60390,去哪儿,905,95
2026-10-13,m43,安仁逸景温泉酒店,安仁镇,酒店,工作日,42.6,38.5,915,60390,同程,909,96
2026-10-13,m43,安仁逸景温泉酒店,安仁镇,酒店,工作日,42.6,38.5,915,60390,途家,950,95
2026-10-14,m43,安仁逸景温泉酒店,安仁镇,酒店,工作日,49.7,48.3,947,72919,携程,953,80
2026-10-14,m43,安仁逸景温泉酒店,安仁镇,酒店,工作日,49.7,48.3,947,72919,美团,934,80
2026-10-14,m43,安仁逸景温泉酒店,安仁镇,酒店,工作日,49.7,48.3,947,72919,去哪儿,939,80
2026-10-14,m43,安仁逸景温泉酒店,安仁镇,酒店,工作日,49.7,48.3,947,72919,同程,932,81
2026-10-14,m43,安仁逸景温泉酒店,安仁镇,酒店,工作日,49.7,48.3,947,72919,途家,975,80
2026-10-15,m43,安仁逸景温泉酒店,安仁镇,酒店,工作日,47.1,45.7,930,67890,携程,925,85
2026-10-15,m43,安仁逸景温泉酒店,安仁镇,酒店,工作日,47.1,45.7,930,67890,美团,914,84
2026-10-15,m43,安仁逸景温泉酒店,安仁镇,酒店,工作日,47.1,45.7,930,67890,去哪儿,920,84
2026-10-15,m43,安仁逸景温泉酒店,安仁镇,酒店,工作日,47.1,45.7,930,67890,同程,933,84
2026-10-15,m43,安仁逸景温泉酒店,安仁镇,酒店,工作日,47.1,45.7,930,67890,途家,960,84
2026-10-16,m43,安仁逸景温泉酒店,安仁镇,酒店,工作日,54.2,52.3,941,79044,携程,952,74
2026-10-16,m43,安仁逸景温泉酒店,安仁镇,酒店,工作日,54.2,52.3,941,79044,美团,923,74
2026-10-16,m43,安仁逸景温泉酒店,安仁镇,酒店,工作日,54.2,52.3,941,79044,去哪儿,932,74
2026-10-16,m43,安仁逸景温泉酒店,安仁镇,酒店,工作日,54.2,52.3,941,79044,同程,934,74
2026-10-16,m43,安仁逸景温泉酒店,安仁镇,酒店,工作日,54.2,52.3,941,79044,途家,964,74
2026-10-17,m43,安仁逸景温泉酒店,安仁镇,酒店,周末,87.7,81.9,1244,169184,携程,1260,28
2026-10-17,m43,安仁逸景温泉酒店,安仁镇,酒店,周末,87.7,81.9,1244,169184,美团,1225,28
2026-10-17,m43,安仁逸景温泉酒店,安仁镇,酒店,周末,87.7,81.9,1244,169184,去哪儿,1231,28
2026-10-17,m43,安仁逸景温泉酒店,安仁镇,酒店,周末,87.7,81.9,1244,169184,同程,1228,28
2026-10-17,m43,安仁逸景温泉酒店,安仁镇,酒店,周末,87.7,81.9,1244,169184,途家,1278,28
2026-10-18,m43,安仁逸景温泉酒店,安仁镇,酒店,周末,89.0,85.5,1261,174018,携程,1267,23
2026-10-18,m43,安仁逸景温泉酒店,安仁镇,酒店,周末,89.0,85.5,1261,174018,美团,1240,22
2026-10-18,m43,安仁逸景温泉酒店,安仁镇,酒店,周末,89.0,85.5,1261,174018,去哪儿,1256,22
2026-10-18,m43,安仁逸景温泉酒店,安仁镇,酒店,周末,89.0,85.5,1261,174018,同程,1243,23
2026-10-18,m43,安仁逸景温泉酒店,安仁镇,酒店,周末,89.0,85.5,1261,174018,途家,1299,22
2026-10-19,m43,安仁逸景温泉酒店,安仁镇,酒店,工作日,43.9,40.9,930,63240,携程,940,92
2026-10-19,m43,安仁逸景温泉酒店,安仁镇,酒店,工作日,43.9,40.9,930,63240,美团,907,92
2026-10-19,m43,安仁逸景温泉酒店,安仁镇,酒店,工作日,43.9,40.9,930,63240,去哪儿,928,91
2026-10-19,m43,安仁逸景温泉酒店,安仁镇,酒店,工作日,43.9,40.9,930,63240,同程,926,92
2026-10-19,m43,安仁逸景温泉酒店,安仁镇,酒店,工作日,43.9,40.9,930,63240,途家,951,91
2026-10-20,m43,安仁逸景温泉酒店,安仁镇,酒店,工作日,52.3,48.3,939,76059,携程,934,80
2026-10-20,m43,安仁逸景温泉酒店,安仁镇,酒店,工作日,52.3,48.3,939,76059,美团,920,81
2026-10-20,m43,安仁逸景温泉酒店,安仁镇,酒店,工作日,52.3,48.3,939,76059,去哪儿,931,80
2026-10-20,m43,安仁逸景温泉酒店,安仁镇,酒店,工作日,52.3,48.3,939,76059,同程,941,80
2026-10-20,m43,安仁逸景温泉酒店,安仁镇,酒店,工作日,52.3,48.3,939,76059,途家,970,80
2026-10-21,m43,安仁逸景温泉酒店,安仁镇,酒店,工作日,51.6,47.6,945,75600,携程,953,81
2026-10-21,m43,安仁逸景温泉酒店,安仁镇,酒店,工作日,51.6,47.6,945,75600,美团,918,82
2026-10-21,m43,安仁逸景温泉酒店,安仁镇,酒店,工作日,51.6,47.6,945,75600,去哪儿,942,81
2026-10-21,m43,安仁逸景温泉酒店,安仁镇,酒店,工作日,51.6,47.6,945,75600,同程,940,81
2026-10-21,m43,安仁逸景温泉酒店,安仁镇,酒店,工作日,51.6,47.6,945,75600,途家,972,81
2026-10-22,m43,安仁逸景温泉酒店,安仁镇,酒店,工作日,49.0,45.7,919,69844,携程,924,85
2026-10-22,m43,安仁逸景温泉酒店,安仁镇,酒店,工作日,49.0,45.7,919,69844,美团,899,84
2026-10-22,m43,安仁逸景温泉酒店,安仁镇,酒店,工作日,49.0,45.7,919,69844,去哪儿,913,84
2026-10-22,m43,安仁逸景温泉酒店,安仁镇,酒店,工作日,49.0,45.7,919,69844,同程,915,84
2026-10-22,m43,安仁逸景温泉酒店,安仁镇,酒店,工作日,49.0,45.7,919,69844,途家,943,84
2026-10-23,m43,安仁逸景温泉酒店,安仁镇,酒店,工作日,44.5,41.2,937,64653,携程,943,92
2026-10-23,m43,安仁逸景温泉酒店,安仁镇,酒店,工作日,44.5,41.2,937,64653,美团,919,91
2026-10-23,m43,安仁逸景温泉酒店,安仁镇,酒店,工作日,44.5,41.2,937,64653,去哪儿,929,91
2026-10-23,m43,安仁逸景温泉酒店,安仁镇,酒店,工作日,44.5,41.2,937,64653,同程,927,91
2026-10-23,m43,安仁逸景温泉酒店,安仁镇,酒店,工作日,44.5,41.2,937,64653,途家,968,91
2026-10-24,m43,安仁逸景温泉酒店,安仁镇,酒店,周末,84.5,79.7,1233,161523,携程,1244,32
2026-10-24,m43,安仁逸景温泉酒店,安仁镇,酒店,周末,84.5,79.7,1233,161523,美团,1207,32
2026-10-24,m43,安仁逸景温泉酒店,安仁镇,酒店,周末,84.5,79.7,1233,161523,去哪儿,1215,31
2026-10-24,m43,安仁逸景温泉酒店,安仁镇,酒店,周末,84.5,79.7,1233,161523,同程,1228,31
2026-10-24,m43,安仁逸景温泉酒店,安仁镇,酒店,周末,84.5,79.7,1233,161523,途家,1272,31
2026-10-25,m43,安仁逸景温泉酒店,安仁镇,酒店,周末,89.0,87.6,1262,174156,携程,1272,19
2026-10-25,m43,安仁逸景温泉酒店,安仁镇,酒店,周末,89.0,87.6,1262,174156,美团,1231,20
2026-10-25,m43,安仁逸景温泉酒店,安仁镇,酒店,周末,89.0,87.6,1262,174156,去哪儿,1246,19
2026-10-25,m43,安仁逸景温泉酒店,安仁镇,酒店,周末,89.0,87.6,1262,174156,同程,1259,19
2026-10-25,m43,安仁逸景温泉酒店,安仁镇,酒店,周末,89.0,87.6,1262,174156,途家,1303,19
2026-10-26,m43,安仁逸景温泉酒店,安仁镇,酒店,工作日,44.5,41.5,940,64860,携程,954,91
2026-10-26,m43,安仁逸景温泉酒店,安仁镇,酒店,工作日,44.5,41.5,940,64860,美团,916,91
2026-10-26,m43,安仁逸景温泉酒店,安仁镇,酒店,工作日,44.5,41.5,940,64860,去哪儿,932,90
2026-10-26,m43,安仁逸景温泉酒店,安仁镇,酒店,工作日,44.5,41.5,940,64860,同程,930,91
2026-10-26,m43,安仁逸景温泉酒店,安仁镇,酒店,工作日,44.5,41.5,940,64860,途家,967,90
2026-10-27,m43,安仁逸景温泉酒店,安仁镇,酒店,工作日,45.2,43.7,941,65870,携程,947,88
2026-10-27,m43,安仁逸景温泉酒店,安仁镇,酒店,工作日,45.2,43.7,941,65870,美团,920,87
2026-10-27,m43,安仁逸景温泉酒店,安仁镇,酒店,工作日,45.2,43.7,941,65870,去哪儿,943,87
2026-10-27,m43,安仁逸景温泉酒店,安仁镇,酒店,工作日,45.2,43.7,941,65870,同程,928,87
2026-10-27,m43,安仁逸景温泉酒店,安仁镇,酒店,工作日,45.2,43.7,941,65870,途家,969,87
2026-10-28,m43,安仁逸景温泉酒店,安仁镇,酒店,工作日,60.0,57.3,957,89001,携程,963,66
2026-10-28,m43,安仁逸景温泉酒店,安仁镇,酒店,工作日,60.0,57.3,957,89001,美团,944,66
2026-10-28,m43,安仁逸景温泉酒店,安仁镇,酒店,工作日,60.0,57.3,957,89001,去哪儿,946,66
2026-10-28,m43,安仁逸景温泉酒店,安仁镇,酒店,工作日,60.0,57.3,957,89001,同程,950,67
2026-10-28,m43,安仁逸景温泉酒店,安仁镇,酒店,工作日,60.0,57.3,957,89001,途家,984,66
2026-10-29,m43,安仁逸景温泉酒店,安仁镇,酒店,工作日,55.5,52.6,933,80238,携程,939,73
2026-10-29,m43,安仁逸景温泉酒店,安仁镇,酒店,工作日,55.5,52.6,933,80238,美团,914,74
2026-10-29,m43,安仁逸景温泉酒店,安仁镇,酒店,工作日,55.5,52.6,933,80238,去哪儿,921,73
2026-10-29,m43,安仁逸景温泉酒店,安仁镇,酒店,工作日,55.5,52.6,933,80238,同程,929,74
2026-10-29,m43,安仁逸景温泉酒店,安仁镇,酒店,工作日,55.5,52.6,933,80238,途家,964,73
2026-10-30,m43,安仁逸景温泉酒店,安仁镇,酒店,工作日,56.1,49.9,935,81345,携程,943,78
2026-10-30,m43,安仁逸景温泉酒店,安仁镇,酒店,工作日,56.1,49.9,935,81345,美团,918,78
2026-10-30,m43,安仁逸景温泉酒店,安仁镇,酒店,工作日,56.1,49.9,935,81345,去哪儿,923,77
2026-10-30,m43,安仁逸景温泉酒店,安仁镇,酒店,工作日,56.1,49.9,935,81345,同程,917,78
2026-10-30,m43,安仁逸景温泉酒店,安仁镇,酒店,工作日,56.1,49.9,935,81345,途家,973,77
2026-10-31,m43,安仁逸景温泉酒店,安仁镇,酒店,周末,87.7,83.6,1241,168776,携程,1257,25
2026-10-31,m43,安仁逸景温泉酒店,安仁镇,酒店,周末,87.7,83.6,1241,168776,美团,1200,26
2026-10-31,m43,安仁逸景温泉酒店,安仁镇,酒店,周末,87.7,83.6,1241,168776,去哪儿,1235,25
2026-10-31,m43,安仁逸景温泉酒店,安仁镇,酒店,周末,87.7,83.6,1241,168776,同程,1223,26
2026-10-31,m43,安仁逸景温泉酒店,安仁镇,酒店,周末,87.7,83.6,1241,168776,途家,1291,25
2026-10-01,m44,安仁溪边客栈,安仁镇,客栈,国庆,94.6,94.6,1137,39795,同程,1112,2
2026-10-01,m44,安仁溪边客栈,安仁镇,客栈,国庆,94.6,94.6,1137,39795,途家,1162,2
2026-10-02,m44,安仁溪边客栈,安仁镇,客栈,国庆,97.3,95.9,1138,40968,同程,1121,2
2026-10-02,m44,安仁溪边客栈,安仁镇,客栈,国庆,97.3,95.9,1138,40968,途家,1154,1
2026-10-03,m44,安仁溪边客栈,安仁镇,客栈,国庆,100.0,100.0,1137,42069,同程,1120,0
2026-10-03,m44,安仁溪边客栈,安仁镇,客栈,国庆,100.0,100.0,1137,42069,途家,1153,0
2026-10-04,m44,安仁溪边客栈,安仁镇,客栈,国庆,94.6,87.8,1117,39095,同程,1086,5
2026-10-04,m44,安仁溪边客栈,安仁镇,客栈,国庆,94.6,87.8,1117,39095,途家,1147,4
2026-10-05,m44,安仁溪边客栈,安仁镇,客栈,国庆,94.6,91.9,1137,39795,同程,1117,3
2026-10-05,m44,安仁溪边客栈,安仁镇,客栈,国庆,94.6,91.9,1137,39795,途家,1157,3
2026-10-06,m44,安仁溪边客栈,安仁镇,客栈,国庆,97.3,85.1,1109,39924,同程,1087,6
2026-10-06,m44,安仁溪边客栈,安仁镇,客栈,国庆,97.3,85.1,1109,39924,途家,1130,5
2026-10-07,m44,安仁溪边客栈,安仁镇,客栈,国庆,100.0,98.6,1123,41551,同程,1101,1
2026-10-07,m44,安仁溪边客栈,安仁镇,客栈,国庆,100.0,98.6,1123,41551,途家,1145,0
2026-10-08,m44,安仁溪边客栈,安仁镇,客栈,国庆,97.3,94.6,1128,40608,同程,1105,2
2026-10-08,m44,安仁溪边客栈,安仁镇,客栈,国庆,97.3,94.6,1128,40608,途家,1150,2
2026-10-09,m44,安仁溪边客栈,安仁镇,客栈,工作日,48.6,48.6,537,9666,同程,526,19
2026-10-09,m44,安仁溪边客栈,安仁镇,客栈,工作日,48.6,48.6,537,9666,途家,548,19
2026-10-10,m44,安仁溪边客栈,安仁镇,客栈,周末,89.2,79.7,693,22869,同程,682,8
2026-10-10,m44,安仁溪边客栈,安仁镇,客栈,周末,89.2,79.7,693,22869,途家,704,7
2026-10-11,m44,安仁溪边客栈,安仁镇,客栈,周末,70.3,66.2,705,18330,同程,700,13
2026-10-11,m44,安仁溪边客栈,安仁镇,客栈,周末,70.3,66.2,705,18330,途家,709,12
2026-10-12,m44,安仁溪边客栈,安仁镇,客栈,工作日,48.6,44.6,534,9612,同程,523,21
2026-10-12,m44,安仁溪边客栈,安仁镇,客栈,工作日,48.6,44.6,534,9612,途家,544,20
2026-10-13,m44,安仁溪边客栈,安仁镇,客栈,工作日,43.2,36.5,506,8096,同程,497,24
2026-10-13,m44,安仁溪边客栈,安仁镇,客栈,工作日,43.2,36.5,506,8096,途家,514,23
2026-10-14,m44,安仁溪边客栈,安仁镇,客栈,工作日,59.5,56.8,545,11990,同程,536,16
2026-10-14,m44,安仁溪边客栈,安仁镇,客栈,工作日,59.5,56.8,545,11990,途家,553,16
2026-10-15,m44,安仁溪边客栈,安仁镇,客栈,工作日,56.8,52.7,531,11151,同程,522,18
2026-10-15,m44,安仁溪边客栈,安仁镇,客栈,工作日,56.8,52.7,531,11151,途家,539,17
2026-10-16,m44,安仁溪边客栈,安仁镇,客栈,工作日,40.5,37.8,521,7815,同程,509,23
2026-10-16,m44,安仁溪边客栈,安仁镇,客栈,工作日,40.5,37.8,521,7815,途家,533,23
2026-10-17,m44,安仁溪边客栈,安仁镇,客栈,周末,78.4,75.7,691,20039,同程,682,9
2026-10-17,m44,安仁溪边客栈,安仁镇,客栈,周末,78.4,75.7,691,20039,途家,700,9
2026-10-18,m44,安仁溪边客栈,安仁镇,客栈,周末,86.5,79.7,694,22208,同程,683,8
2026-10-18,m44,安仁溪边客栈,安仁镇,客栈,周末,86.5,79.7,694,22208,途家,705,7
2026-10-19,m44,安仁溪边客栈,安仁镇,客栈,工作日,62.2,59.5,560,12880,同程,548,15
2026-10-19,m44,安仁溪边客栈,安仁镇,客栈,工作日,62.2,59.5,560,12880,途家,571,15
2026-10-20,m44,安仁溪边客栈,安仁镇,客栈,工作日,40.5,37.8,526,7890,同程,517,23
2026-10-20,m44,安仁溪边客栈,安仁镇,客栈,工作日,40.5,37.8,526,7890,途家,535,23
2026-10-21,m44,安仁溪边客栈,安仁镇,客栈,工作日,62.2,59.5,550,12650,同程,535,15
2026-10-21,m44,安仁溪边客栈,安仁镇,客栈,工作日,62.2,59.5,550,12650,途家,565,15
2026-10-22,m44,安仁溪边客栈,安仁镇,客栈,工作日,43.2,39.2,523,8368,同程,512,23
2026-10-22,m44,安仁溪边客栈,安仁镇,客栈,工作日,43.2,39.2,523,8368,途家,534,22
2026-10-23,m44,安仁溪边客栈,安仁镇,客栈,工作日,48.6,44.6,524,9432,同程,513,21
2026-10-23,m44,安仁溪边客栈,安仁镇,客栈,工作日,48.6,44.6,524,9432,途家,535,20
2026-10-24,m44,安仁溪边客栈,安仁镇,客栈,周末,83.8,79.7,710,22010,同程,691,8
2026-10-24,m44,安仁溪边客栈,安仁镇,客栈,周末,83.8,79.7,710,22010,途家,729,7
2026-10-25,m44,安仁溪边客栈,安仁镇,客栈,周末,89.2,83.8,694,22902,同程,680,6
2026-10-25,m44,安仁溪边客栈,安仁镇,客栈,周末,89.2,83.8,694,22902,途家,707,6
2026-10-26,m44,安仁溪边客栈,安仁镇,客栈,工作日,51.4,50.0,532,10108,同程,524,19
2026-10-26,m44,安仁溪边客栈,安仁镇,客栈,工作日,51.4,50.0,532,10108,途家,539,18
2026-10-27,m44,安仁溪边客栈,安仁镇,客栈,工作日,43.2,39.2,527,8432,同程,514,23
2026-10-27,m44,安仁溪边客栈,安仁镇,客栈,工作日,43.2,39.2,527,8432,途家,539,22
2026-10-28,m44,安仁溪边客栈,安仁镇,客栈,工作日,59.5,54.1,535,11770,同程,524,17
2026-10-28,m44,安仁溪边客栈,安仁镇,客栈,工作日,59.5,54.1,535,11770,途家,546,17
2026-10-29,m44,安仁溪边客栈,安仁镇,客栈,工作日,43.2,36.5,524,8384,同程,513,24
2026-10-29,m44,安仁溪边客栈,安仁镇,客栈,工作日,43.2,36.5,524,8384,途家,535,23
2026-10-30,m44,安仁溪边客栈,安仁镇,客栈,工作日,32.4,31.1,510,6120,同程,501,26
2026-10-30,m44,安仁溪边客栈,安仁镇,客栈,工作日,32.4,31.1,510,6120,途家,518,25
2026-10-31,m44,安仁溪边客栈,安仁镇,客栈,周末,83.8,78.4,705,21855,同程,696,8
2026-10-31,m44,安仁溪边客栈,安仁镇,客栈,周末,83.8,78.4,705,21855,途家,713,8
2026-10-01,m45,安仁第一村国际温泉度假酒店,安仁镇,酒店,国庆,97.6,94.2,1431,174582,携程,1427,7
2026-10-01,m45,安仁第一村国际温泉度假酒店,安仁镇,酒店,国庆,97.6,94.2,1431,174582,飞猪,1429,8
2026-10-01,m45,安仁第一村国际温泉度假酒店,安仁镇,酒店,国庆,97.6,94.2,1431,174582,去哪儿,1405,7
2026-10-01,m45,安仁第一村国际温泉度假酒店,安仁镇,酒店,国庆,97.6,94.2,1431,174582,途家,1464,7
2026-10-02,m45,安仁第一村国际温泉度假酒店,安仁镇,酒店,国庆,96.8,92.0,1434,173514,携程,1450,10
2026-10-02,m45,安仁第一村国际温泉度假酒店,安仁镇,酒店,国庆,96.8,92.0,1434,173514,飞猪,1414,10
2026-10-02,m45,安仁第一村国际温泉度假酒店,安仁镇,酒店,国庆,96.8,92.0,1434,173514,去哪儿,1406,10
2026-10-02,m45,安仁第一村国际温泉度假酒店,安仁镇,酒店,国庆,96.8,92.0,1434,173514,途家,1466,10
2026-10-03,m45,安仁第一村国际温泉度假酒店,安仁镇,酒店,国庆,98.4,94.2,1401,172323,携程,1388,8
2026-10-03,m45,安仁第一村国际温泉度假酒店,安仁镇,酒店,国庆,98.4,94.2,1401,172323,飞猪,1407,7
2026-10-03,m45,安仁第一村国际温泉度假酒店,安仁镇,酒店,国庆,98.4,94.2,1401,172323,去哪儿,1371,7
2026-10-03,m45,安仁第一村国际温泉度假酒店,安仁镇,酒店,国庆,98.4,94.2,1401,172323,途家,1438,7
2026-10-04,m45,安仁第一村国际温泉度假酒店,安仁镇,酒店,国庆,97.6,91.0,1415,172630,携程,1430,11
2026-10-04,m45,安仁第一村国际温泉度假酒店,安仁镇,酒店,国庆,97.6,91.0,1415,172630,飞猪,1397,12
2026-10-04,m45,安仁第一村国际温泉度假酒店,安仁镇,酒店,国庆,97.6,91.0,1415,172630,去哪儿,1393,11
2026-10-04,m45,安仁第一村国际温泉度假酒店,安仁镇,酒店,国庆,97.6,91.0,1415,172630,途家,1438,11
2026-10-05,m45,安仁第一村国际温泉度假酒店,安仁镇,酒店,国庆,96.8,94.2,1454,175934,携程,1454,8
2026-10-05,m45,安仁第一村国际温泉度假酒店,安仁镇,酒店,国庆,96.8,94.2,1454,175934,飞猪,1436,7
2026-10-05,m45,安仁第一村国际温泉度假酒店,安仁镇,酒店,国庆,96.8,94.2,1454,175934,去哪儿,1431,7
2026-10-05,m45,安仁第一村国际温泉度假酒店,安仁镇,酒店,国庆,96.8,94.2,1454,175934,途家,1496,7
2026-10-06,m45,安仁第一村国际温泉度假酒店,安仁镇,酒店,国庆,98.4,90.2,1437,176751,携程,1442,12
2026-10-06,m45,安仁第一村国际温泉度假酒店,安仁镇,酒店,国庆,98.4,90.2,1437,176751,飞猪,1427,13
2026-10-06,m45,安仁第一村国际温泉度假酒店,安仁镇,酒店,国庆,98.4,90.2,1437,176751,去哪儿,1414,12
2026-10-06,m45,安仁第一村国际温泉度假酒店,安仁镇,酒店,国庆,98.4,90.2,1437,176751,途家,1465,12
2026-10-07,m45,安仁第一村国际温泉度假酒店,安仁镇,酒店,国庆,96.8,93.4,1424,172304,携程,1418,8
2026-10-07,m45,安仁第一村国际温泉度假酒店,安仁镇,酒店,国庆,96.8,93.4,1424,172304,飞猪,1412,9
2026-10-07,m45,安仁第一村国际温泉度假酒店,安仁镇,酒店,国庆,96.8,93.4,1424,172304,去哪儿,1392,8
2026-10-07,m45,安仁第一村国际温泉度假酒店,安仁镇,酒店,国庆,96.8,93.4,1424,172304,途家,1472,8
2026-10-08,m45,安仁第一村国际温泉度假酒店,安仁镇,酒店,国庆,97.6,94.0,1423,173606,携程,1437,8
2026-10-08,m45,安仁第一村国际温泉度假酒店,安仁镇,酒店,国庆,97.6,94.0,1423,173606,飞猪,1401,8
2026-10-08,m45,安仁第一村国际温泉度假酒店,安仁镇,酒店,国庆,97.6,94.0,1423,173606,去哪儿,1403,7
2026-10-08,m45,安仁第一村国际温泉度假酒店,安仁镇,酒店,国庆,97.6,94.0,1423,173606,途家,1449,7
2026-10-09,m45,安仁第一村国际温泉度假酒店,安仁镇,酒店,工作日,48.8,44.6,679,41419,携程,685,69
2026-10-09,m45,安仁第一村国际温泉度假酒店,安仁镇,酒店,工作日,48.8,44.6,679,41419,飞猪,668,70
2026-10-09,m45,安仁第一村国际温泉度假酒店,安仁镇,酒店,工作日,48.8,44.6,679,41419,去哪儿,668,69
2026-10-09,m45,安仁第一村国际温泉度假酒店,安仁镇,酒店,工作日,48.8,44.6,679,41419,途家,695,69
2026-10-10,m45,安仁第一村国际温泉度假酒店,安仁镇,酒店,周末,81.6,75.2,883,90066,携程,885,31
2026-10-10,m45,安仁第一村国际温泉度假酒店,安仁镇,酒店,周末,81.6,75.2,883,90066,飞猪,880,31
2026-10-10,m45,安仁第一村国际温泉度假酒店,安仁镇,酒店,周末,81.6,75.2,883,90066,去哪儿,865,31
2026-10-10,m45,安仁第一村国际温泉度假酒店,安仁镇,酒店,周末,81.6,75.2,883,90066,途家,902,31
2026-10-11,m45,安仁第一村国际温泉度假酒店,安仁镇,酒店,周末,82.4,77.6,897,92391,携程,903,28
2026-10-11,m45,安仁第一村国际温泉度假酒店,安仁镇,酒店,周末,82.4,77.6,897,92391,飞猪,882,28
2026-10-11,m45,安仁第一村国际温泉度假酒店,安仁镇,酒店,周末,82.4,77.6,897,92391,去哪儿,883,28
2026-10-11,m45,安仁第一村国际温泉度假酒店,安仁镇,酒店,周末,82.4,77.6,897,92391,途家,920,28
2026-10-12,m45,安仁第一村国际温泉度假酒店,安仁镇,酒店,工作日,60.0,57.4,690,51750,携程,688,53
2026-10-12,m45,安仁第一村国际温泉度假酒店,安仁镇,酒店,工作日,60.0,57.4,690,51750,飞猪,687,54
2026-10-12,m45,安仁第一村国际温泉度假酒店,安仁镇,酒店,工作日,60.0,57.4,690,51750,去哪儿,677,53
2026-10-12,m45,安仁第一村国际温泉度假酒店,安仁镇,酒店,工作日,60.0,57.4,690,51750,途家,709,53
2026-10-13,m45,安仁第一村国际温泉度假酒店,安仁镇,酒店,工作日,52.8,48.0,689,45474,携程,692,65
2026-10-13,m45,安仁第一村国际温泉度假酒店,安仁镇,酒店,工作日,52.8,48.0,689,45474,飞猪,683,65
2026-10-13,m45,安仁第一村国际温泉度假酒店,安仁镇,酒店,工作日,52.8,48.0,689,45474,去哪儿,678,65
2026-10-13,m45,安仁第一村国际温泉度假酒店,安仁镇,酒店,工作日,52.8,48.0,689,45474,途家,702,65
2026-10-14,m45,安仁第一村国际温泉度假酒店,安仁镇,酒店,工作日,50.4,49.2,690,43470,携程,694,64
2026-10-14,m45,安仁第一村国际温泉度假酒店,安仁镇,酒店,工作日,50.4,49.2,690,43470,飞猪,683,64
2026-10-14,m45,安仁第一村国际温泉度假酒店,安仁镇,酒店,工作日,50.4,49.2,690,43470,去哪儿,680,63
2026-10-14,m45,安仁第一村国际温泉度假酒店,安仁镇,酒店,工作日,50.4,49.2,690,43470,途家,703,63
2026-10-15,m45,安仁第一村国际温泉度假酒店,安仁镇,酒店,工作日,48.0,44.4,673,40380,携程,671,70
2026-10-15,m45,安仁第一村国际温泉度假酒店,安仁镇,酒店,工作日,48.0,44.4,673,40380,飞猪,672,70
2026-10-15,m45,安仁第一村国际温泉度假酒店,安仁镇,酒店,工作日,48.0,44.4,673,40380,去哪儿,662,69
2026-10-15,m45,安仁第一村国际温泉度假酒店,安仁镇,酒店,工作日,48.0,44.4,673,40380,途家,686,69
2026-10-16,m45,安仁第一村国际温泉度假酒店,安仁镇,酒店,工作日,53.6,47.8,681,45627,携程,684,65
2026-10-16,m45,安仁第一村国际温泉度假酒店,安仁镇,酒店,工作日,53.6,47.8,681,45627,飞猪,674,66
2026-10-16,m45,安仁第一村国际温泉度假酒店,安仁镇,酒店,工作日,53.6,47.8,681,45627,去哪儿,668,65
2026-10-16,m45,安仁第一村国际温泉度假酒店,安仁镇,酒店,工作日,53.6,47.8,681,45627,途家,698,65
2026-10-17,m45,安仁第一村国际温泉度假酒店,安仁镇,酒店,周末,83.2,79.2,908,94432,携程,923,26
2026-10-17,m45,安仁第一村国际温泉度假酒店,安仁镇,酒店,周末,83.2,79.2,908,94432,飞猪,903,26
2026-10-17,m45,安仁第一村国际温泉度假酒店,安仁镇,酒店,周末,83.2,79.2,908,94432,去哪儿,883,26
2026-10-17,m45,安仁第一村国际温泉度假酒店,安仁镇,酒店,周末,83.2,79.2,908,94432,途家,921,26
2026-10-18,m45,安仁第一村国际温泉度假酒店,安仁镇,酒店,周末,84.8,81.4,900,95400,携程,903,23
2026-10-18,m45,安仁第一村国际温泉度假酒店,安仁镇,酒店,周末,84.8,81.4,900,95400,飞猪,891,24
2026-10-18,m45,安仁第一村国际温泉度假酒店,安仁镇,酒店,周末,84.8,81.4,900,95400,去哪儿,886,23
2026-10-18,m45,安仁第一村国际温泉度假酒店,安仁镇,酒店,周末,84.8,81.4,900,95400,途家,919,23
2026-10-19,m45,安仁第一村国际温泉度假酒店,安仁镇,酒店,工作日,61.6,60.8,697,53669,携程,705,49
2026-10-19,m45,安仁第一村国际温泉度假酒店,安仁镇,酒店,工作日,61.6,60.8,697,53669,飞猪,689,49
2026-10-19,m45,安仁第一村国际温泉度假酒店,安仁镇,酒店,工作日,61.6,60.8,697,53669,去哪儿,683,49
2026-10-19,m45,安仁第一村国际温泉度假酒店,安仁镇,酒店,工作日,61.6,60.8,697,53669,途家,712,49
2026-10-20,m45,安仁第一村国际温泉度假酒店,安仁镇,酒店,工作日,54.4,53.6,689,46852,携程,688,58
2026-10-20,m45,安仁第一村国际温泉度假酒店,安仁镇,酒店,工作日,54.4,53.6,689,46852,飞猪,682,58
2026-10-20,m45,安仁第一村国际温泉度假酒店,安仁镇,酒店,工作日,54.4,53.6,689,46852,去哪儿,683,58
2026-10-20,m45,安仁第一村国际温泉度假酒店,安仁镇,酒店,工作日,54.4,53.6,689,46852,途家,704,58
2026-10-21,m45,安仁第一村国际温泉度假酒店,安仁镇,酒店,工作日,56.8,55.2,689,48919,携程,691,56
2026-10-21,m45,安仁第一村国际温泉度假酒店,安仁镇,酒店,工作日,56.8,55.2,689,48919,飞猪,677,56
2026-10-21,m45,安仁第一村国际温泉度假酒店,安仁镇,酒店,工作日,56.8,55.2,689,48919,去哪儿,681,56
2026-10-21,m45,安仁第一村国际温泉度假酒店,安仁镇,酒店,工作日,56.8,55.2,689,48919,途家,705,56
2026-10-22,m45,安仁第一村国际温泉度假酒店,安仁镇,酒店,工作日,47.2,46.2,678,40002,携程,677,68
2026-10-22,m45,安仁第一村国际温泉度假酒店,安仁镇,酒店,工作日,47.2,46.2,678,40002,飞猪,673,67
2026-10-22,m45,安仁第一村国际温泉度假酒店,安仁镇,酒店,工作日,47.2,46.2,678,40002,去哪儿,671,67
2026-10-22,m45,安仁第一村国际温泉度假酒店,安仁镇,酒店,工作日,47.2,46.2,678,40002,途家,691,67
2026-10-23,m45,安仁第一村国际温泉度假酒店,安仁镇,酒店,工作日,55.2,52.0,676,46644,携程,676,60
2026-10-23,m45,安仁第一村国际温泉度假酒店,安仁镇,酒店,工作日,55.2,52.0,676,46644,飞猪,676,60
2026-10-23,m45,安仁第一村国际温泉度假酒店,安仁镇,酒店,工作日,55.2,52.0,676,46644,去哪儿,661,60
2026-10-23,m45,安仁第一村国际温泉度假酒店,安仁镇,酒店,工作日,55.2,52.0,676,46644,途家,691,60
2026-10-24,m45,安仁第一村国际温泉度假酒店,安仁镇,酒店,周末,83.2,78.2,898,93392,携程,897,28
2026-10-24,m45,安仁第一村国际温泉度假酒店,安仁镇,酒店,周末,83.2,78.2,898,93392,飞猪,897,27
2026-10-24,m45,安仁第一村国际温泉度假酒店,安仁镇,酒店,周末,83.2,78.2,898,93392,去哪儿,881,27
2026-10-24,m45,安仁第一村国际温泉度假酒店,安仁镇,酒店,周末,83.2,78.2,898,93392,途家,916,27
2026-10-25,m45,安仁第一村国际温泉度假酒店,安仁镇,酒店,周末,88.0,83.8,911,100210,携程,915,21
2026-10-25,m45,安仁第一村国际温泉度假酒店,安仁镇,酒店,周末,88.0,83.8,911,100210,飞猪,905,20
2026-10-25,m45,安仁第一村国际温泉度假酒店,安仁镇,酒店,周末,88.0,83.8,911,100210,去哪儿,901,20
2026-10-25,m45,安仁第一村国际温泉度假酒店,安仁镇,酒店,周末,88.0,83.8,911,100210,途家,924,20
2026-10-26,m45,安仁第一村国际温泉度假酒店,安仁镇,酒店,工作日,55.2,53.6,691,47679,携程,689,58
2026-10-26,m45,安仁第一村国际温泉度假酒店,安仁镇,酒店,工作日,55.2,53.6,691,47679,飞猪,685,58
2026-10-26,m45,安仁第一村国际温泉度假酒店,安仁镇,酒店,工作日,55.2,53.6,691,47679,去哪儿,678,58
2026-10-26,m45,安仁第一村国际温泉度假酒店,安仁镇,酒店,工作日,55.2,53.6,691,47679,途家,711,58
2026-10-27,m45,安仁第一村国际温泉度假酒店,安仁镇,酒店,工作日,55.2,52.6,696,48024,携程,698,60
2026-10-27,m45,安仁第一村国际温泉度假酒店,安仁镇,酒店,工作日,55.2,52.6,696,48024,飞猪,694,59
2026-10-27,m45,安仁第一村国际温泉度假酒店,安仁镇,酒店,工作日,55.2,52.6,696,48024,去哪儿,684,59
2026-10-27,m45,安仁第一村国际温泉度假酒店,安仁镇,酒店,工作日,55.2,52.6,696,48024,途家,707,59
2026-10-28,m45,安仁第一村国际温泉度假酒店,安仁镇,酒店,工作日,56.0,51.0,698,48860,携程,698,61
2026-10-28,m45,安仁第一村国际温泉度假酒店,安仁镇,酒店,工作日,56.0,51.0,698,48860,飞猪,689,62
2026-10-28,m45,安仁第一村国际温泉度假酒店,安仁镇,酒店,工作日,56.0,51.0,698,48860,去哪儿,692,61
2026-10-28,m45,安仁第一村国际温泉度假酒店,安仁镇,酒店,工作日,56.0,51.0,698,48860,途家,712,61
2026-10-29,m45,安仁第一村国际温泉度假酒店,安仁镇,酒店,工作日,58.4,56.6,687,50151,携程,694,55
2026-10-29,m45,安仁第一村国际温泉度假酒店,安仁镇,酒店,工作日,58.4,56.6,687,50151,飞猪,680,54
2026-10-29,m45,安仁第一村国际温泉度假酒店,安仁镇,酒店,工作日,58.4,56.6,687,50151,去哪儿,675,54
2026-10-29,m45,安仁第一村国际温泉度假酒店,安仁镇,酒店,工作日,58.4,56.6,687,50151,途家,700,54
2026-10-30,m45,安仁第一村国际温泉度假酒店,安仁镇,酒店,工作日,57.6,54.2,690,49680,携程,691,58
2026-10-30,m45,安仁第一村国际温泉度假酒店,安仁镇,酒店,工作日,57.6,54.2,690,49680,飞猪,687,57
2026-10-30,m45,安仁第一村国际温泉度假酒店,安仁镇,酒店,工作日,57.6,54.2,690,49680,去哪儿,675,57
2026-10-30,m45,安仁第一村国际温泉度假酒店,安仁镇,酒店,工作日,57.6,54.2,690,49680,途家,706,57
2026-10-31,m45,安仁第一村国际温泉度假酒店,安仁镇,酒店,周末,89.6,88.0,913,102256,携程,908,15
2026-10-31,m45,安仁第一村国际温泉度假酒店,安仁镇,酒店,周末,89.6,88.0,913,102256,飞猪,911,15
2026-10-31,m45,安仁第一村国际温泉度假酒店,安仁镇,酒店,周末,89.6,88.0,913,102256,去哪儿,899,15
2026-10-31,m45,安仁第一村国际温泉度假酒店,安仁镇,酒店,周末,89.6,88.0,913,102256,途家,933,15
2026-10-01,m46,安仁圣索亚大酒店,安仁镇,酒店,国庆,97.7,93.8,1409,243757,飞猪,1421,11
2026-10-01,m46,安仁圣索亚大酒店,安仁镇,酒店,国庆,97.7,93.8,1409,243757,去哪儿,1408,11
2026-10-01,m46,安仁圣索亚大酒店,安仁镇,酒店,国庆,97.7,93.8,1409,243757,同程,1398,11
2026-10-02,m46,安仁圣索亚大酒店,安仁镇,酒店,国庆,98.9,93.2,1429,250075,飞猪,1440,12
2026-10-02,m46,安仁圣索亚大酒店,安仁镇,酒店,国庆,98.9,93.2,1429,250075,去哪儿,1423,12
2026-10-02,m46,安仁圣索亚大酒店,安仁镇,酒店,国庆,98.9,93.2,1429,250075,同程,1423,12
2026-10-03,m46,安仁圣索亚大酒店,安仁镇,酒店,国庆,96.0,91.9,1420,241400,飞猪,1433,14
2026-10-03,m46,安仁圣索亚大酒店,安仁镇,酒店,国庆,96.0,91.9,1420,241400,去哪儿,1416,14
2026-10-03,m46,安仁圣索亚大酒店,安仁镇,酒店,国庆,96.0,91.9,1420,241400,同程,1411,15
2026-10-04,m46,安仁圣索亚大酒店,安仁镇,酒店,国庆,95.5,88.7,1417,239473,飞猪,1423,20
2026-10-04,m46,安仁圣索亚大酒店,安仁镇,酒店,国庆,95.5,88.7,1417,239473,去哪儿,1418,20
2026-10-04,m46,安仁圣索亚大酒店,安仁镇,酒店,国庆,95.5,88.7,1417,239473,同程,1409,20
2026-10-05,m46,安仁圣索亚大酒店,安仁镇,酒店,国庆,99.4,92.8,1423,250448,飞猪,1442,13
2026-10-05,m46,安仁圣索亚大酒店,安仁镇,酒店,国庆,99.4,92.8,1423,250448,去哪儿,1418,12
2026-10-05,m46,安仁圣索亚大酒店,安仁镇,酒店,国庆,99.4,92.8,1423,250448,同程,1409,13
2026-10-06,m46,安仁圣索亚大酒店,安仁镇,酒店,国庆,98.3,93.2,1419,246906,飞猪,1435,12
2026-10-06,m46,安仁圣索亚大酒店,安仁镇,酒店,国庆,98.3,93.2,1419,246906,去哪儿,1402,12
2026-10-06,m46,安仁圣索亚大酒店,安仁镇,酒店,国庆,98.3,93.2,1419,246906,同程,1421,12
2026-10-07,m46,安仁圣索亚大酒店,安仁镇,酒店,国庆,98.9,92.5,1442,252350,飞猪,1440,13
2026-10-07,m46,安仁圣索亚大酒店,安仁镇,酒店,国庆,98.9,92.5,1442,252350,去哪儿,1443,13
2026-10-07,m46,安仁圣索亚大酒店,安仁镇,酒店,国庆,98.9,92.5,1442,252350,同程,1443,14
2026-10-08,m46,安仁圣索亚大酒店,安仁镇,酒店,国庆,99.4,91.9,1418,249568,飞猪,1417,14
2026-10-08,m46,安仁圣索亚大酒店,安仁镇,酒店,国庆,99.4,91.9,1418,249568,去哪儿,1412,14
2026-10-08,m46,安仁圣索亚大酒店,安仁镇,酒店,国庆,99.4,91.9,1418,249568,同程,1424,15
2026-10-09,m46,安仁圣索亚大酒店,安仁镇,酒店,工作日,50.3,47.5,668,59452,飞猪,673,93
2026-10-09,m46,安仁圣索亚大酒店,安仁镇,酒店,工作日,50.3,47.5,668,59452,去哪儿,666,93
2026-10-09,m46,安仁圣索亚大酒店,安仁镇,酒店,工作日,50.3,47.5,668,59452,同程,665,93
2026-10-10,m46,安仁圣索亚大酒店,安仁镇,酒店,周末,75.7,72.7,878,117652,飞猪,889,49
2026-10-10,m46,安仁圣索亚大酒店,安仁镇,酒店,周末,75.7,72.7,878,117652,去哪儿,876,48
2026-10-10,m46,安仁圣索亚大酒店,安仁镇,酒店,周末,75.7,72.7,878,117652,同程,869,48
2026-10-11,m46,安仁圣索亚大酒店,安仁镇,酒店,周末,83.1,78.9,886,130242,飞猪,893,37
2026-10-11,m46,安仁圣索亚大酒店,安仁镇,酒店,周末,83.1,78.9,886,130242,去哪儿,880,37
2026-10-11,m46,安仁圣索亚大酒店,安仁镇,酒店,周末,83.1,78.9,886,130242,同程,886,38
2026-10-12,m46,安仁圣索亚大酒店,安仁镇,酒店,工作日,56.5,52.7,677,67700,飞猪,687,84
2026-10-12,m46,安仁圣索亚大酒店,安仁镇,酒店,工作日,56.5,52.7,677,67700,去哪儿,678,83
2026-10-12,m46,安仁圣索亚大酒店,安仁镇,酒店,工作日,56.5,52.7,677,67700,同程,667,84
2026-10-13,m46,安仁圣索亚大酒店,安仁镇,酒店,工作日,50.8,47.3,683,61470,飞猪,688,93
2026-10-13,m46,安仁圣索亚大酒店,安仁镇,酒店,工作日,50.8,47.3,683,61470,去哪儿,679,93
2026-10-13,m46,安仁圣索亚大酒店,安仁镇,酒店,工作日,50.8,47.3,683,61470,同程,682,94
2026-10-14,m46,安仁圣索亚大酒店,安仁镇,酒店,工作日,47.5,43.3,665,55860,飞猪,668,100
2026-10-14,m46,安仁圣索亚大酒店,安仁镇,酒店,工作日,47.5,43.3,665,55860,去哪儿,664,100
2026-10-14,m46,安仁圣索亚大酒店,安仁镇,酒店,工作日,47.5,43.3,665,55860,同程,664,101
2026-10-15,m46,安仁圣索亚大酒店,安仁镇,酒店,工作日,52.5,49.5,674,62682,飞猪,674,89
2026-10-15,m46,安仁圣索亚大酒店,安仁镇,酒店,工作日,52.5,49.5,674,62682,去哪儿,672,89
2026-10-15,m46,安仁圣索亚大酒店,安仁镇,酒店,工作日,52.5,49.5,674,62682,同程,675,90
2026-10-16,m46,安仁圣索亚大酒店,安仁镇,酒店,工作日,45.8,44.4,674,54594,飞猪,677,98
2026-10-16,m46,安仁圣索亚大酒店,安仁镇,酒店,工作日,45.8,44.4,674,54594,去哪儿,670,98
2026-10-16,m46,安仁圣索亚大酒店,安仁镇,酒店,工作日,45.8,44.4,674,54594,同程,676,99
2026-10-17,m46,安仁圣索亚大酒店,安仁镇,酒店,周末,79.7,76.6,894,126054,飞猪,896,41
2026-10-17,m46,安仁圣索亚大酒店,安仁镇,酒店,周末,79.7,76.6,894,126054,去哪儿,899,41
2026-10-17,m46,安仁圣索亚大酒店,安仁镇,酒店,周末,79.7,76.6,894,126054,同程,888,42
2026-10-18,m46,安仁圣索亚大酒店,安仁镇,酒店,周末,76.3,72.5,875,118125,飞猪,882,49
2026-10-18,m46,安仁圣索亚大酒店,安仁镇,酒店,周末,76.3,72.5,875,118125,去哪儿,867,48
2026-10-18,m46,安仁圣索亚大酒店,安仁镇,酒店,周末,76.3,72.5,875,118125,同程,875,49
2026-10-19,m46,安仁圣索亚大酒店,安仁镇,酒店,工作日,49.2,42.7,678,58986,飞猪,675,101
2026-10-19,m46,安仁圣索亚大酒店,安仁镇,酒店,工作日,49.2,42.7,678,58986,去哪儿,676,101
2026-10-19,m46,安仁圣索亚大酒店,安仁镇,酒店,工作日,49.2,42.7,678,58986,同程,684,102
2026-10-20,m46,安仁圣索亚大酒店,安仁镇,酒店,工作日,52.0,48.2,677,62284,飞猪,685,92
2026-10-20,m46,安仁圣索亚大酒店,安仁镇,酒店,工作日,52.0,48.2,677,62284,去哪儿,672,91
2026-10-20,m46,安仁圣索亚大酒店,安仁镇,酒店,工作日,52.0,48.2,677,62284,同程,675,92
2026-10-21,m46,安仁圣索亚大酒店,安仁镇,酒店,工作日,53.7,51.6,678,64410,飞猪,682,86
2026-10-21,m46,安仁圣索亚大酒店,安仁镇,酒店,工作日,53.7,51.6,678,64410,去哪儿,674,85
2026-10-21,m46,安仁圣索亚大酒店,安仁镇,酒店,工作日,53.7,51.6,678,64410,同程,678,86
2026-10-22,m46,安仁圣索亚大酒店,安仁镇,酒店,工作日,54.2,49.9,687,65952,飞猪,689,89
2026-10-22,m46,安仁圣索亚大酒店,安仁镇,酒店,工作日,54.2,49.9,687,65952,去哪儿,691,88
2026-10-22,m46,安仁圣索亚大酒店,安仁镇,酒店,工作日,54.2,49.9,687,65952,同程,681,89
2026-10-23,m46,安仁圣索亚大酒店,安仁镇,酒店,工作日,52.0,49.5,677,62284,飞猪,684,90
2026-10-23,m46,安仁圣索亚大酒店,安仁镇,酒店,工作日,52.0,49.5,677,62284,去哪儿,671,89
2026-10-23,m46,安仁圣索亚大酒店,安仁镇,酒店,工作日,52.0,49.5,677,62284,同程,676,89
2026-10-24,m46,安仁圣索亚大酒店,安仁镇,酒店,周末,76.3,73.4,886,119610,飞猪,893,47
2026-10-24,m46,安仁圣索亚大酒店,安仁镇,酒店,周末,76.3,73.4,886,119610,去哪儿,877,47
2026-10-24,m46,安仁圣索亚大酒店,安仁镇,酒店,周末,76.3,73.4,886,119610,同程,887,47
2026-10-25,m46,安仁圣索亚大酒店,安仁镇,酒店,周末,78.0,76.1,896,123648,飞猪,907,43
2026-10-25,m46,安仁圣索亚大酒店,安仁镇,酒店,周末,78.0,76.1,896,123648,去哪儿,893,42
2026-10-25,m46,安仁圣索亚大酒店,安仁镇,酒店,周末,78.0,76.1,896,123648,同程,888,42
2026-10-26,m46,安仁圣索亚大酒店,安仁镇,酒店,工作日,50.3,46.7,675,60075,飞猪,680,94
2026-10-26,m46,安仁圣索亚大酒店,安仁镇,酒店,工作日,50.3,46.7,675,60075,去哪儿,671,94
2026-10-26,m46,安仁圣索亚大酒店,安仁镇,酒店,工作日,50.3,46.7,675,60075,同程,673,95
2026-10-27,m46,安仁圣索亚大酒店,安仁镇,酒店,工作日,59.3,58.0,702,73710,飞猪,704,74
2026-10-27,m46,安仁圣索亚大酒店,安仁镇,酒店,工作日,59.3,58.0,702,73710,去哪儿,697,74
2026-10-27,m46,安仁圣索亚大酒店,安仁镇,酒店,工作日,59.3,58.0,702,73710,同程,704,75
2026-10-28,m46,安仁圣索亚大酒店,安仁镇,酒店,工作日,52.5,50.1,685,63705,飞猪,691,88
2026-10-28,m46,安仁圣索亚大酒店,安仁镇,酒店,工作日,52.5,50.1,685,63705,去哪儿,682,88
2026-10-28,m46,安仁圣索亚大酒店,安仁镇,酒店,工作日,52.5,50.1,685,63705,同程,682,89
2026-10-29,m46,安仁圣索亚大酒店,安仁镇,酒店,工作日,53.1,50.7,694,65236,飞猪,700,87
2026-10-29,m46,安仁圣索亚大酒店,安仁镇,酒店,工作日,53.1,50.7,694,65236,去哪儿,691,87
2026-10-29,m46,安仁圣索亚大酒店,安仁镇,酒店,工作日,53.1,50.7,694,65236,同程,692,88
2026-10-30,m46,安仁圣索亚大酒店,安仁镇,酒店,工作日,51.4,48.4,681,61971,飞猪,686,91
2026-10-30,m46,安仁圣索亚大酒店,安仁镇,酒店,工作日,51.4,48.4,681,61971,去哪儿,682,91
2026-10-30,m46,安仁圣索亚大酒店,安仁镇,酒店,工作日,51.4,48.4,681,61971,同程,675,92
2026-10-31,m46,安仁圣索亚大酒店,安仁镇,酒店,周末,85.9,80.6,892,135584,飞猪,896,34
2026-10-31,m46,安仁圣索亚大酒店,安仁镇,酒店,周末,85.9,80.6,892,135584,去哪儿,890,34
2026-10-31,m46,安仁圣索亚大酒店,安仁镇,酒店,周末,85.9,80.6,892,135584,同程,891,35
2026-10-01,m47,安仁老街客栈,安仁镇,客栈,国庆,100.0,98.0,449,7633,携程,459,0
2026-10-01,m47,安仁老街客栈,安仁镇,客栈,国庆,100.0,98.0,449,7633,去哪儿,445,0
2026-10-01,m47,安仁老街客栈,安仁镇,客栈,国庆,100.0,98.0,449,7633,同程,443,1
2026-10-02,m47,安仁老街客栈,安仁镇,客栈,国庆,100.0,92.2,489,8313,携程,492,1
2026-10-02,m47,安仁老街客栈,安仁镇,客栈,国庆,100.0,92.2,489,8313,去哪儿,489,1
2026-10-02,m47,安仁老街客栈,安仁镇,客栈,国庆,100.0,92.2,489,8313,同程,486,2
2026-10-03,m47,安仁老街客栈,安仁镇,客栈,国庆,100.0,100.0,446,7582,携程,452,0
2026-10-03,m47,安仁老街客栈,安仁镇,客栈,国庆,100.0,100.0,446,7582,去哪儿,445,0
2026-10-03,m47,安仁老街客栈,安仁镇,客栈,国庆,100.0,100.0,446,7582,同程,440,0
2026-10-04,m47,安仁老街客栈,安仁镇,客栈,国庆,100.0,100.0,441,7497,携程,447,0
2026-10-04,m47,安仁老街客栈,安仁镇,客栈,国庆,100.0,100.0,441,7497,去哪儿,439,0
2026-10-04,m47,安仁老街客栈,安仁镇,客栈,国庆,100.0,100.0,441,7497,同程,438,0
2026-10-05,m47,安仁老街客栈,安仁镇,客栈,国庆,100.0,100.0,461,7837,携程,464,0
2026-10-05,m47,安仁老街客栈,安仁镇,客栈,国庆,100.0,100.0,461,7837,去哪儿,464,0
2026-10-05,m47,安仁老街客栈,安仁镇,客栈,国庆,100.0,100.0,461,7837,同程,456,0
2026-10-06,m47,安仁老街客栈,安仁镇,客栈,国庆,100.0,80.4,447,7599,携程,451,3
2026-10-06,m47,安仁老街客栈,安仁镇,客栈,国庆,100.0,80.4,447,7599,去哪儿,446,3
2026-10-06,m47,安仁老街客栈,安仁镇,客栈,国庆,100.0,80.4,447,7599,同程,444,4
2026-10-07,m47,安仁老街客栈,安仁镇,客栈,国庆,100.0,86.3,428,7276,携程,432,3
2026-10-07,m47,安仁老街客栈,安仁镇,客栈,国庆,100.0,86.3,428,7276,去哪儿,429,2
2026-10-07,m47,安仁老街客栈,安仁镇,客栈,国庆,100.0,86.3,428,7276,同程,422,2
2026-10-08,m47,安仁老街客栈,安仁镇,客栈,国庆,94.1,92.2,450,7200,携程,457,2
2026-10-08,m47,安仁老街客栈,安仁镇,客栈,国庆,94.1,92.2,450,7200,去哪儿,445,1
2026-10-08,m47,安仁老街客栈,安仁镇,客栈,国庆,94.1,92.2,450,7200,同程,449,1
2026-10-09,m47,安仁老街客栈,安仁镇,客栈,工作日,58.8,56.9,222,2220,携程,223,7
2026-10-09,m47,安仁老街客栈,安仁镇,客栈,工作日,58.8,56.9,222,2220,去哪儿,221,7
2026-10-09,m47,安仁老街客栈,安仁镇,客栈,工作日,58.8,56.9,222,2220,同程,221,8
2026-10-10,m47,安仁老街客栈,安仁镇,客栈,周末,76.5,64.7,286,3718,携程,288,6
2026-10-10,m47,安仁老街客栈,安仁镇,客栈,周末,76.5,64.7,286,3718,去哪儿,286,6
2026-10-10,m47,安仁老街客栈,安仁镇,客栈,周末,76.5,64.7,286,3718,同程,285,6
2026-10-11,m47,安仁老街客栈,安仁镇,客栈,周末,76.5,64.7,272,3536,携程,277,6
2026-10-11,m47,安仁老街客栈,安仁镇,客栈,周末,76.5,64.7,272,3536,去哪儿,271,6
2026-10-11,m47,安仁老街客栈,安仁镇,客栈,周末,76.5,64.7,272,3536,同程,268,6
2026-10-12,m47,安仁老街客栈,安仁镇,客栈,工作日,52.9,51.0,221,1989,携程,225,8
2026-10-12,m47,安仁老街客栈,安仁镇,客栈,工作日,52.9,51.0,221,1989,去哪儿,220,8
2026-10-12,m47,安仁老街客栈,安仁镇,客栈,工作日,52.9,51.0,221,1989,同程,219,9
2026-10-13,m47,安仁老街客栈,安仁镇,客栈,工作日,58.8,47.1,218,2180,携程,221,9
2026-10-13,m47,安仁老街客栈,安仁镇,客栈,工作日,58.8,47.1,218,2180,去哪儿,217,9
2026-10-13,m47,安仁老街客栈,安仁镇,客栈,工作日,58.8,47.1,218,2180,同程,216,9
2026-10-14,m47,安仁老街客栈,安仁镇,客栈,工作日,58.8,47.1,214,2140,携程,216,9
2026-10-14,m47,安仁老街客栈,安仁镇,客栈,工作日,58.8,47.1,214,2140,去哪儿,215,9
2026-10-14,m47,安仁老街客栈,安仁镇,客栈,工作日,58.8,47.1,214,2140,同程,212,9
2026-10-15,m47,安仁老街客栈,安仁镇,客栈,工作日,47.1,47.1,220,1760,携程,222,9
2026-10-15,m47,安仁老街客栈,安仁镇,客栈,工作日,47.1,47.1,220,1760,去哪儿,219,9
2026-10-15,m47,安仁老街客栈,安仁镇,客栈,工作日,47.1,47.1,220,1760,同程,218,9
2026-10-16,m47,安仁老街客栈,安仁镇,客栈,工作日,52.9,51.0,226,2034,携程,229,8
2026-10-16,m47,安仁老街客栈,安仁镇,客栈,工作日,52.9,51.0,226,2034,去哪儿,225,8
2026-10-16,m47,安仁老街客栈,安仁镇,客栈,工作日,52.9,51.0,226,2034,同程,223,9
2026-10-17,m47,安仁老街客栈,安仁镇,客栈,周末,76.5,76.5,291,3783,携程,294,4
2026-10-17,m47,安仁老街客栈,安仁镇,客栈,周末,76.5,76.5,291,3783,去哪儿,292,4
2026-10-17,m47,安仁老街客栈,安仁镇,客栈,周末,76.5,76.5,291,3783,同程,288,4
2026-10-18,m47,安仁老街客栈,安仁镇,客栈,周末,76.5,72.5,285,3705,携程,288,5
2026-10-18,m47,安仁老街客栈,安仁镇,客栈,周末,76.5,72.5,285,3705,去哪儿,283,4
2026-10-18,m47,安仁老街客栈,安仁镇,客栈,周末,76.5,72.5,285,3705,同程,283,5
2026-10-19,m47,安仁老街客栈,安仁镇,客栈,工作日,41.2,39.2,214,1498,携程,218,11
2026-10-19,m47,安仁老街客栈,安仁镇,客栈,工作日,41.2,39.2,214,1498,去哪儿,213,10
2026-10-19,m47,安仁老街客栈,安仁镇,客栈,工作日,41.2,39.2,214,1498,同程,212,10
2026-10-20,m47,安仁老街客栈,安仁镇,客栈,工作日,47.1,47.1,221,1768,携程,224,9
2026-10-20,m47,安仁老街客栈,安仁镇,客栈,工作日,47.1,47.1,221,1768,去哪儿,220,9
2026-10-20,m47,安仁老街客栈,安仁镇,客栈,工作日,47.1,47.1,221,1768,同程,218,9
2026-10-21,m47,安仁老街客栈,安仁镇,客栈,工作日,64.7,62.7,223,2453,携程,227,7
2026-10-21,m47,安仁老街客栈,安仁镇,客栈,工作日,64.7,62.7,223,2453,去哪儿,222,6
2026-10-21,m47,安仁老街客栈,安仁镇,客栈,工作日,64.7,62.7,223,2453,同程,221,6
2026-10-22,m47,安仁老街客栈,安仁镇,客栈,工作日,47.1,41.2,211,1688,携程,217,10
2026-10-22,m47,安仁老街客栈,安仁镇,客栈,工作日,47.1,41.2,211,1688,去哪儿,207,10
2026-10-22,m47,安仁老街客栈,安仁镇,客栈,工作日,47.1,41.2,211,1688,同程,209,10
2026-10-23,m47,安仁老街客栈,安仁镇,客栈,工作日,41.2,39.2,215,1505,携程,217,10
2026-10-23,m47,安仁老街客栈,安仁镇,客栈,工作日,41.2,39.2,215,1505,去哪儿,214,10
2026-10-23,m47,安仁老街客栈,安仁镇,客栈,工作日,41.2,39.2,215,1505,同程,213,11
2026-10-24,m47,安仁老街客栈,安仁镇,客栈,周末,82.4,66.7,283,3962,携程,290,6
2026-10-24,m47,安仁老街客栈,安仁镇,客栈,周末,82.4,66.7,283,3962,去哪儿,279,5
2026-10-24,m47,安仁老街客栈,安仁镇,客栈,周末,82.4,66.7,283,3962,同程,281,6
2026-10-25,m47,安仁老街客栈,安仁镇,客栈,周末,76.5,66.7,276,3588,携程,279,6
2026-10-25,m47,安仁老街客栈,安仁镇,客栈,周末,76.5,66.7,276,3588,去哪儿,275,5
2026-10-25,m47,安仁老街客栈,安仁镇,客栈,周末,76.5,66.7,276,3588,同程,275,6
2026-10-26,m47,安仁老街客栈,安仁镇,客栈,工作日,70.6,70.6,225,2700,携程,227,5
2026-10-26,m47,安仁老街客栈,安仁镇,客栈,工作日,70.6,70.6,225,2700,去哪儿,223,5
2026-10-26,m47,安仁老街客栈,安仁镇,客栈,工作日,70.6,70.6,225,2700,同程,224,5
2026-10-27,m47,安仁老街客栈,安仁镇,客栈,工作日,52.9,52.9,219,1971,携程,224,8
2026-10-27,m47,安仁老街客栈,安仁镇,客栈,工作日,52.9,52.9,219,1971,去哪儿,218,8
2026-10-27,m47,安仁老街客栈,安仁镇,客栈,工作日,52.9,52.9,219,1971,同程,216,8
2026-10-28,m47,安仁老街客栈,安仁镇,客栈,工作日,23.5,23.5,208,832,携程,211,13
2026-10-28,m47,安仁老街客栈,安仁镇,客栈,工作日,23.5,23.5,208,832,去哪儿,207,13
2026-10-28,m47,安仁老街客栈,安仁镇,客栈,工作日,23.5,23.5,208,832,同程,205,13
2026-10-29,m47,安仁老街客栈,安仁镇,客栈,工作日,64.7,58.8,222,2442,携程,225,7
2026-10-29,m47,安仁老街客栈,安仁镇,客栈,工作日,64.7,58.8,222,2442,去哪儿,222,7
2026-10-29,m47,安仁老街客栈,安仁镇,客栈,工作日,64.7,58.8,222,2442,同程,220,7
2026-10-30,m47,安仁老街客栈,安仁镇,客栈,工作日,35.3,33.3,208,1248,携程,210,11
2026-10-30,m47,安仁老街客栈,安仁镇,客栈,工作日,35.3,33.3,208,1248,去哪儿,206,11
2026-10-30,m47,安仁老街客栈,安仁镇,客栈,工作日,35.3,33.3,208,1248,同程,208,12
2026-10-31,m47,安仁老街客栈,安仁镇,客栈,周末,70.6,70.6,272,3264,携程,274,5
2026-10-31,m47,安仁老街客栈,安仁镇,客栈,周末,70.6,70.6,272,3264,去哪儿,272,5
2026-10-31,m47,安仁老街客栈,安仁镇,客栈,周末,70.6,70.6,272,3264,同程,271,5
2026-10-01,m48,安仁罗马假日假日酒店,安仁镇,酒店,国庆,99.1,96.1,1181,126367,美团,1155,4
2026-10-01,m48,安仁罗马假日假日酒店,安仁镇,酒店,国庆,99.1,96.1,1181,126367,飞猪,1182,5
2026-10-01,m48,安仁罗马假日假日酒店,安仁镇,酒店,国庆,99.1,96.1,1181,126367,去哪儿,1177,4
2026-10-01,m48,安仁罗马假日假日酒店,安仁镇,酒店,国庆,99.1,96.1,1181,126367,途家,1211,4
2026-10-02,m48,安仁罗马假日假日酒店,安仁镇,酒店,国庆,100.0,94.9,1174,126792,美团,1144,6
2026-10-02,m48,安仁罗马假日假日酒店,安仁镇,酒店,国庆,100.0,94.9,1174,126792,飞猪,1174,6
2026-10-02,m48,安仁罗马假日假日酒店,安仁镇,酒店,国庆,100.0,94.9,1174,126792,去哪儿,1159,5
2026-10-02,m48,安仁罗马假日假日酒店,安仁镇,酒店,国庆,100.0,94.9,1174,126792,途家,1219,5
2026-10-03,m48,安仁罗马假日假日酒店,安仁镇,酒店,国庆,97.2,95.8,1180,123900,美团,1153,5
2026-10-03,m48,安仁罗马假日假日酒店,安仁镇,酒店,国庆,97.2,95.8,1180,123900,飞猪,1183,5
2026-10-03,m48,安仁罗马假日假日酒店,安仁镇,酒店,国庆,97.2,95.8,1180,123900,去哪儿,1168,4
2026-10-03,m48,安仁罗马假日假日酒店,安仁镇,酒店,国庆,97.2,95.8,1180,123900,途家,1215,4
2026-10-04,m48,安仁罗马假日假日酒店,安仁镇,酒店,国庆,99.1,93.3,1158,123906,美团,1139,8
2026-10-04,m48,安仁罗马假日假日酒店,安仁镇,酒店,国庆,99.1,93.3,1158,123906,飞猪,1165,7
2026-10-04,m48,安仁罗马假日假日酒店,安仁镇,酒店,国庆,99.1,93.3,1158,123906,去哪儿,1136,7
2026-10-04,m48,安仁罗马假日假日酒店,安仁镇,酒店,国庆,99.1,93.3,1158,123906,途家,1191,7
2026-10-05,m48,安仁罗马假日假日酒店,安仁镇,酒店,国庆,92.6,88.7,1168,116800,美团,1139,13
2026-10-05,m48,安仁罗马假日假日酒店,安仁镇,酒店,国庆,92.6,88.7,1168,116800,飞猪,1168,12
2026-10-05,m48,安仁罗马假日假日酒店,安仁镇,酒店,国庆,92.6,88.7,1168,116800,去哪儿,1154,12
2026-10-05,m48,安仁罗马假日假日酒店,安仁镇,酒店,国庆,92.6,88.7,1168,116800,途家,1210,12
2026-10-06,m48,安仁罗马假日假日酒店,安仁镇,酒店,国庆,95.4,92.4,1161,119583,美团,1136,9
2026-10-06,m48,安仁罗马假日假日酒店,安仁镇,酒店,国庆,95.4,92.4,1161,119583,飞猪,1169,8
2026-10-06,m48,安仁罗马假日假日酒店,安仁镇,酒店,国庆,95.4,92.4,1161,119583,去哪儿,1147,8
2026-10-06,m48,安仁罗马假日假日酒店,安仁镇,酒店,国庆,95.4,92.4,1161,119583,途家,1191,8
2026-10-07,m48,安仁罗马假日假日酒店,安仁镇,酒店,国庆,97.2,93.3,1160,121800,美团,1139,8
2026-10-07,m48,安仁罗马假日假日酒店,安仁镇,酒店,国庆,97.2,93.3,1160,121800,飞猪,1157,7
2026-10-07,m48,安仁罗马假日假日酒店,安仁镇,酒店,国庆,97.2,93.3,1160,121800,去哪儿,1143,7
2026-10-07,m48,安仁罗马假日假日酒店,安仁镇,酒店,国庆,97.2,93.3,1160,121800,途家,1201,7
2026-10-08,m48,安仁罗马假日假日酒店,安仁镇,酒店,国庆,99.1,94.4,1170,125190,美团,1143,6
2026-10-08,m48,安仁罗马假日假日酒店,安仁镇,酒店,国庆,99.1,94.4,1170,125190,飞猪,1177,6
2026-10-08,m48,安仁罗马假日假日酒店,安仁镇,酒店,国庆,99.1,94.4,1170,125190,去哪儿,1162,6
2026-10-08,m48,安仁罗马假日假日酒店,安仁镇,酒店,国庆,99.1,94.4,1170,125190,途家,1196,6
2026-10-09,m48,安仁罗马假日假日酒店,安仁镇,酒店,工作日,43.5,42.1,552,25944,美团,541,63
2026-10-09,m48,安仁罗马假日假日酒店,安仁镇,酒店,工作日,43.5,42.1,552,25944,飞猪,551,63
2026-10-09,m48,安仁罗马假日假日酒店,安仁镇,酒店,工作日,43.5,42.1,552,25944,去哪儿,549,62
2026-10-09,m48,安仁罗马假日假日酒店,安仁镇,酒店,工作日,43.5,42.1,552,25944,途家,566,62
2026-10-10,m48,安仁罗马假日假日酒店,安仁镇,酒店,周末,86.1,80.3,732,68076,美团,710,22
2026-10-10,m48,安仁罗马假日假日酒店,安仁镇,酒店,周末,86.1,80.3,732,68076,飞猪,729,21
2026-10-10,m48,安仁罗马假日假日酒店,安仁镇,酒店,周末,86.1,80.3,732,68076,去哪儿,728,21
2026-10-10,m48,安仁罗马假日假日酒店,安仁镇,酒店,周末,86.1,80.3,732,68076,途家,761,21
2026-10-11,m48,安仁罗马假日假日酒店,安仁镇,酒店,周末,81.5,77.8,738,64944,美团,722,24
2026-10-11,m48,安仁罗马假日假日酒店,安仁镇,酒店,周末,81.5,77.8,738,64944,飞猪,734,24
2026-10-11,m48,安仁罗马假日假日酒店,安仁镇,酒店,周末,81.5,77.8,738,64944,去哪儿,731,24
2026-10-11,m48,安仁罗马假日假日酒店,安仁镇,酒店,周末,81.5,77.8,738,64944,途家,764,24
2026-10-12,m48,安仁罗马假日假日酒店,安仁镇,酒店,工作日,57.4,54.6,563,34906,美团,556,49
2026-10-12,m48,安仁罗马假日假日酒店,安仁镇,酒店,工作日,57.4,54.6,563,34906,飞猪,559,49
2026-10-12,m48,安仁罗马假日假日酒店,安仁镇,酒店,工作日,57.4,54.6,563,34906,去哪儿,558,49
2026-10-12,m48,安仁罗马假日假日酒店,安仁镇,酒店,工作日,57.4,54.6,563,34906,途家,578,49
2026-10-13,m48,安仁罗马假日假日酒店,安仁镇,酒店,工作日,54.6,52.8,560,33040,美团,548,51
2026-10-13,m48,安仁罗马假日假日酒店,安仁镇,酒店,工作日,54.6,52.8,560,33040,飞猪,560,51
2026-10-13,m48,安仁罗马假日假日酒店,安仁镇,酒店,工作日,54.6,52.8,560,33040,去哪儿,557,51
2026-10-13,m48,安仁罗马假日假日酒店,安仁镇,酒店,工作日,54.6,52.8,560,33040,途家,574,51
2026-10-14,m48,安仁罗马假日假日酒店,安仁镇,酒店,工作日,55.6,51.6,554,33240,美团,538,53
2026-10-14,m48,安仁罗马假日假日酒店,安仁镇,酒店,工作日,55.6,51.6,554,33240,飞猪,554,52
2026-10-14,m48,安仁罗马假日假日酒店,安仁镇,酒店,工作日,55.6,51.6,554,33240,去哪儿,553,52
2026-10-14,m48,安仁罗马假日假日酒店,安仁镇,酒店,工作日,55.6,51.6,554,33240,途家,572,52
2026-10-15,m48,安仁罗马假日假日酒店,安仁镇,酒店,工作日,49.1,46.1,548,29044,美团,536,59
2026-10-15,m48,安仁罗马假日假日酒店,安仁镇,酒店,工作日,49.1,46.1,548,29044,飞猪,546,58
2026-10-15,m48,安仁罗马假日假日酒店,安仁镇,酒店,工作日,49.1,46.1,548,29044,去哪儿,546,58
2026-10-15,m48,安仁罗马假日假日酒店,安仁镇,酒店,工作日,49.1,46.1,548,29044,途家,562,58
2026-10-16,m48,安仁罗马假日假日酒店,安仁镇,酒店,工作日,53.7,51.6,568,32944,美团,555,53
2026-10-16,m48,安仁罗马假日假日酒店,安仁镇,酒店,工作日,53.7,51.6,568,32944,飞猪,572,52
2026-10-16,m48,安仁罗马假日假日酒店,安仁镇,酒店,工作日,53.7,51.6,568,32944,去哪儿,560,52
2026-10-16,m48,安仁罗马假日假日酒店,安仁镇,酒店,工作日,53.7,51.6,568,32944,途家,585,52
2026-10-17,m48,安仁罗马假日假日酒店,安仁镇,酒店,周末,84.3,78.5,731,66521,美团,717,23
2026-10-17,m48,安仁罗马假日假日酒店,安仁镇,酒店,周末,84.3,78.5,731,66521,飞猪,726,24
2026-10-17,m48,安仁罗马假日假日酒店,安仁镇,酒店,周末,84.3,78.5,731,66521,去哪儿,724,23
2026-10-17,m48,安仁罗马假日假日酒店,安仁镇,酒店,周末,84.3,78.5,731,66521,途家,758,23
2026-10-18,m48,安仁罗马假日假日酒店,安仁镇,酒店,周末,79.6,73.8,720,61920,美团,705,29
2026-10-18,m48,安仁罗马假日假日酒店,安仁镇,酒店,周末,79.6,73.8,720,61920,飞猪,715,28
2026-10-18,m48,安仁罗马假日假日酒店,安仁镇,酒店,周末,79.6,73.8,720,61920,去哪儿,716,28
2026-10-18,m48,安仁罗马假日假日酒店,安仁镇,酒店,周末,79.6,73.8,720,61920,途家,742,28
2026-10-19,m48,安仁罗马假日假日酒店,安仁镇,酒店,工作日,50.0,49.8,562,30348,美团,549,55
2026-10-19,m48,安仁罗马假日假日酒店,安仁镇,酒店,工作日,50.0,49.8,562,30348,飞猪,559,54
2026-10-19,m48,安仁罗马假日假日酒店,安仁镇,酒店,工作日,50.0,49.8,562,30348,去哪儿,558,54
2026-10-19,m48,安仁罗马假日假日酒店,安仁镇,酒店,工作日,50.0,49.8,562,30348,途家,580,54
2026-10-20,m48,安仁罗马假日假日酒店,安仁镇,酒店,工作日,50.9,49.1,561,30855,美团,548,55
2026-10-20,m48,安仁罗马假日假日酒店,安仁镇,酒店,工作日,50.9,49.1,561,30855,飞猪,562,55
2026-10-20,m48,安仁罗马假日假日酒店,安仁镇,酒店,工作日,50.9,49.1,561,30855,去哪儿,557,55
2026-10-20,m48,安仁罗马假日假日酒店,安仁镇,酒店,工作日,50.9,49.1,561,30855,途家,576,55
2026-10-21,m48,安仁罗马假日假日酒店,安仁镇,酒店,工作日,54.6,50.7,565,33335,美团,556,54
2026-10-21,m48,安仁罗马假日假日酒店,安仁镇,酒店,工作日,54.6,50.7,565,33335,飞猪,564,53
2026-10-21,m48,安仁罗马假日假日酒店,安仁镇,酒店,工作日,54.6,50.7,565,33335,去哪儿,560,53
2026-10-21,m48,安仁罗马假日假日酒店,安仁镇,酒店,工作日,54.6,50.7,565,33335,途家,578,53
2026-10-22,m48,安仁罗马假日假日酒店,安仁镇,酒店,工作日,53.7,48.8,559,32422,美团,548,56
2026-10-22,m48,安仁罗马假日假日酒店,安仁镇,酒店,工作日,53.7,48.8,559,32422,飞猪,561,55
2026-10-22,m48,安仁罗马假日假日酒店,安仁镇,酒店,工作日,53.7,48.8,559,32422,去哪儿,550,55
2026-10-22,m48,安仁罗马假日假日酒店,安仁镇,酒店,工作日,53.7,48.8,559,32422,途家,577,55
2026-10-23,m48,安仁罗马假日假日酒店,安仁镇,酒店,工作日,61.1,53.7,570,37620,美团,559,50
2026-10-23,m48,安仁罗马假日假日酒店,安仁镇,酒店,工作日,61.1,53.7,570,37620,飞猪,566,50
2026-10-23,m48,安仁罗马假日假日酒店,安仁镇,酒店,工作日,61.1,53.7,570,37620,去哪儿,569,50
2026-10-23,m48,安仁罗马假日假日酒店,安仁镇,酒店,工作日,61.1,53.7,570,37620,途家,584,50
2026-10-24,m48,安仁罗马假日假日酒店,安仁镇,酒店,周末,86.1,82.4,739,68727,美团,724,19
2026-10-24,m48,安仁罗马假日假日酒店,安仁镇,酒店,周末,86.1,82.4,739,68727,飞猪,734,19
2026-10-24,m48,安仁罗马假日假日酒店,安仁镇,酒店,周末,86.1,82.4,739,68727,去哪儿,730,19
2026-10-24,m48,安仁罗马假日假日酒店,安仁镇,酒店,周末,86.1,82.4,739,68727,途家,767,19
2026-10-25,m48,安仁罗马假日假日酒店,安仁镇,酒店,周末,86.1,78.5,735,68355,美团,726,24
2026-10-25,m48,安仁罗马假日假日酒店,安仁镇,酒店,周末,86.1,78.5,735,68355,飞猪,728,23
2026-10-25,m48,安仁罗马假日假日酒店,安仁镇,酒店,周末,86.1,78.5,735,68355,去哪儿,732,23
2026-10-25,m48,安仁罗马假日假日酒店,安仁镇,酒店,周末,86.1,78.5,735,68355,途家,755,23
2026-10-26,m48,安仁罗马假日假日酒店,安仁镇,酒店,工作日,54.6,51.6,558,32922,美团,545,53
2026-10-26,m48,安仁罗马假日假日酒店,安仁镇,酒店,工作日,54.6,51.6,558,32922,飞猪,557,52
2026-10-26,m48,安仁罗马假日假日酒店,安仁镇,酒店,工作日,54.6,51.6,558,32922,去哪儿,554,52
2026-10-26,m48,安仁罗马假日假日酒店,安仁镇,酒店,工作日,54.6,51.6,558,32922,途家,575,52
2026-10-27,m48,安仁罗马假日假日酒店,安仁镇,酒店,工作日,54.6,52.5,571,33689,美团,561,51
2026-10-27,m48,安仁罗马假日假日酒店,安仁镇,酒店,工作日,54.6,52.5,571,33689,飞猪,568,52
2026-10-27,m48,安仁罗马假日假日酒店,安仁镇,酒店,工作日,54.6,52.5,571,33689,去哪儿,566,51
2026-10-27,m48,安仁罗马假日假日酒店,安仁镇,酒店,工作日,54.6,52.5,571,33689,途家,587,51
2026-10-28,m48,安仁罗马假日假日酒店,安仁镇,酒店,工作日,62.0,57.4,566,37922,美团,556,46
2026-10-28,m48,安仁罗马假日假日酒店,安仁镇,酒店,工作日,62.0,57.4,566,37922,飞猪,563,46
2026-10-28,m48,安仁罗马假日假日酒店,安仁镇,酒店,工作日,62.0,57.4,566,37922,去哪儿,559,46
2026-10-28,m48,安仁罗马假日假日酒店,安仁镇,酒店,工作日,62.0,57.4,566,37922,途家,584,46
2026-10-29,m48,安仁罗马假日假日酒店,安仁镇,酒店,工作日,55.6,54.4,563,33780,美团,549,50
2026-10-29,m48,安仁罗马假日假日酒店,安仁镇,酒店,工作日,55.6,54.4,563,33780,飞猪,562,49
2026-10-29,m48,安仁罗马假日假日酒店,安仁镇,酒店,工作日,55.6,54.4,563,33780,去哪儿,559,49
2026-10-29,m48,安仁罗马假日假日酒店,安仁镇,酒店,工作日,55.6,54.4,563,33780,途家,580,49
2026-10-30,m48,安仁罗马假日假日酒店,安仁镇,酒店,工作日,61.1,60.0,571,37686,美团,556,43
2026-10-30,m48,安仁罗马假日假日酒店,安仁镇,酒店,工作日,61.1,60.0,571,37686,飞猪,573,44
2026-10-30,m48,安仁罗马假日假日酒店,安仁镇,酒店,工作日,61.1,60.0,571,37686,去哪儿,565,43
2026-10-30,m48,安仁罗马假日假日酒店,安仁镇,酒店,工作日,61.1,60.0,571,37686,途家,588,43
2026-10-31,m48,安仁罗马假日假日酒店,安仁镇,酒店,周末,84.3,80.3,731,66521,美团,717,21
2026-10-31,m48,安仁罗马假日假日酒店,安仁镇,酒店,周末,84.3,80.3,731,66521,飞猪,730,22
2026-10-31,m48,安仁罗马假日假日酒店,安仁镇,酒店,周末,84.3,80.3,731,66521,去哪儿,723,21
2026-10-31,m48,安仁罗马假日假日酒店,安仁镇,酒店,周末,84.3,80.3,731,66521,途家,754,21
2026-10-01,m49,安仁初见客栈,安仁镇,客栈,国庆,100.0,93.8,901,18020,美团,892,1
2026-10-01,m49,安仁初见客栈,安仁镇,客栈,国庆,100.0,93.8,901,18020,飞猪,909,2
2026-10-01,m49,安仁初见客栈,安仁镇,客栈,国庆,100.0,93.8,901,18020,去哪儿,901,1
2026-10-01,m49,安仁初见客栈,安仁镇,客栈,国庆,100.0,93.8,901,18020,同程,900,1
2026-10-02,m49,安仁初见客栈,安仁镇,客栈,国庆,100.0,98.8,916,18320,美团,909,1
2026-10-02,m49,安仁初见客栈,安仁镇,客栈,国庆,100.0,98.8,916,18320,飞猪,925,0
2026-10-02,m49,安仁初见客栈,安仁镇,客栈,国庆,100.0,98.8,916,18320,去哪儿,912,0
2026-10-02,m49,安仁初见客栈,安仁镇,客栈,国庆,100.0,98.8,916,18320,同程,917,0
2026-10-03,m49,安仁初见客栈,安仁镇,客栈,国庆,100.0,87.5,912,18240,美团,904,3
2026-10-03,m49,安仁初见客栈,安仁镇,客栈,国庆,100.0,87.5,912,18240,飞猪,923,2
2026-10-03,m49,安仁初见客栈,安仁镇,客栈,国庆,100.0,87.5,912,18240,去哪儿,915,2
2026-10-03,m49,安仁初见客栈,安仁镇,客栈,国庆,100.0,87.5,912,18240,同程,907,3
2026-10-04,m49,安仁初见客栈,安仁镇,客栈,国庆,100.0,82.5,890,17800,美团,879,4
2026-10-04,m49,安仁初见客栈,安仁镇,客栈,国庆,100.0,82.5,890,17800,飞猪,898,3
2026-10-04,m49,安仁初见客栈,安仁镇,客栈,国庆,100.0,82.5,890,17800,去哪儿,892,3
2026-10-04,m49,安仁初见客栈,安仁镇,客栈,国庆,100.0,82.5,890,17800,同程,890,4
2026-10-05,m49,安仁初见客栈,安仁镇,客栈,国庆,100.0,98.8,916,18320,美团,914,0
2026-10-05,m49,安仁初见客栈,安仁镇,客栈,国庆,100.0,98.8,916,18320,飞猪,927,0
2026-10-05,m49,安仁初见客栈,安仁镇,客栈,国庆,100.0,98.8,916,18320,去哪儿,912,0
2026-10-05,m49,安仁初见客栈,安仁镇,客栈,国庆,100.0,98.8,916,18320,同程,910,1
2026-10-06,m49,安仁初见客栈,安仁镇,客栈,国庆,95.0,88.8,863,16397,美团,858,3
2026-10-06,m49,安仁初见客栈,安仁镇,客栈,国庆,95.0,88.8,863,16397,飞猪,868,2
2026-10-06,m49,安仁初见客栈,安仁镇,客栈,国庆,95.0,88.8,863,16397,去哪儿,866,2
2026-10-06,m49,安仁初见客栈,安仁镇,客栈,国庆,95.0,88.8,863,16397,同程,861,2
2026-10-07,m49,安仁初见客栈,安仁镇,客栈,国庆,100.0,88.8,863,17260,美团,847,3
2026-10-07,m49,安仁初见客栈,安仁镇,客栈,国庆,100.0,88.8,863,17260,飞猪,877,2
2026-10-07,m49,安仁初见客栈,安仁镇,客栈,国庆,100.0,88.8,863,17260,去哪儿,861,2
2026-10-07,m49,安仁初见客栈,安仁镇,客栈,国庆,100.0,88.8,863,17260,同程,865,2
2026-10-08,m49,安仁初见客栈,安仁镇,客栈,国庆,100.0,92.5,917,18340,美团,901,2
2026-10-08,m49,安仁初见客栈,安仁镇,客栈,国庆,100.0,92.5,917,18340,飞猪,927,2
2026-10-08,m49,安仁初见客栈,安仁镇,客栈,国庆,100.0,92.5,917,18340,去哪儿,919,1
2026-10-08,m49,安仁初见客栈,安仁镇,客栈,国庆,100.0,92.5,917,18340,同程,919,1
2026-10-09,m49,安仁初见客栈,安仁镇,客栈,工作日,55.0,53.8,446,4906,美团,440,9
2026-10-09,m49,安仁初见客栈,安仁镇,客栈,工作日,55.0,53.8,446,4906,飞猪,451,9
2026-10-09,m49,安仁初见客栈,安仁镇,客栈,工作日,55.0,53.8,446,4906,去哪儿,446,9
2026-10-09,m49,安仁初见客栈,安仁镇,客栈,工作日,55.0,53.8,446,4906,同程,445,10
2026-10-10,m49,安仁初见客栈,安仁镇,客栈,周末,85.0,81.3,575,9775,美团,566,4
2026-10-10,m49,安仁初见客栈,安仁镇,客栈,周末,85.0,81.3,575,9775,飞猪,576,4
2026-10-10,m49,安仁初见客栈,安仁镇,客栈,周末,85.0,81.3,575,9775,去哪儿,581,3
2026-10-10,m49,安仁初见客栈,安仁镇,客栈,周末,85.0,81.3,575,9775,同程,577,4
2026-10-11,m49,安仁初见客栈,安仁镇,客栈,周末,100.0,92.5,556,11120,美团,551,2
2026-10-11,m49,安仁初见客栈,安仁镇,客栈,周末,100.0,92.5,556,11120,飞猪,558,1
2026-10-11,m49,安仁初见客栈,安仁镇,客栈,周末,100.0,92.5,556,11120,去哪儿,561,1
2026-10-11,m49,安仁初见客栈,安仁镇,客栈,周末,100.0,92.5,556,11120,同程,554,2
2026-10-12,m49,安仁初见客栈,安仁镇,客栈,工作日,70.0,68.8,441,6174,美团,438,7
2026-10-12,m49,安仁初见客栈,安仁镇,客栈,工作日,70.0,68.8,441,6174,飞猪,448,6
2026-10-12,m49,安仁初见客栈,安仁镇,客栈,工作日,70.0,68.8,441,6174,去哪儿,440,6
2026-10-12,m49,安仁初见客栈,安仁镇,客栈,工作日,70.0,68.8,441,6174,同程,436,6
2026-10-13,m49,安仁初见客栈,安仁镇,客栈,工作日,60.0,52.5,432,5184,美团,431,10
2026-10-13,m49,安仁初见客栈,安仁镇,客栈,工作日,60.0,52.5,432,5184,飞猪,436,9
2026-10-13,m49,安仁初见客栈,安仁镇,客栈,工作日,60.0,52.5,432,5184,去哪儿,432,9
2026-10-13,m49,安仁初见客栈,安仁镇,客栈,工作日,60.0,52.5,432,5184,同程,428,10
2026-10-14,m49,安仁初见客栈,安仁镇,客栈,工作日,60.0,58.8,452,5424,美团,443,8
2026-10-14,m49,安仁初见客栈,安仁镇,客栈,工作日,60.0,58.8,452,5424,飞猪,455,8
2026-10-14,m49,安仁初见客栈,安仁镇,客栈,工作日,60.0,58.8,452,5424,去哪儿,455,8
2026-10-14,m49,安仁初见客栈,安仁镇,客栈,工作日,60.0,58.8,452,5424,同程,453,9
2026-10-15,m49,安仁初见客栈,安仁镇,客栈,工作日,55.0,51.2,438,4818,美团,436,10
2026-10-15,m49,安仁初见客栈,安仁镇,客栈,工作日,55.0,51.2,438,4818,飞猪,444,10
2026-10-15,m49,安仁初见客栈,安仁镇,客栈,工作日,55.0,51.2,438,4818,去哪儿,433,9
2026-10-15,m49,安仁初见客栈,安仁镇,客栈,工作日,55.0,51.2,438,4818,同程,440,10
2026-10-16,m49,安仁初见客栈,安仁镇,客栈,工作日,55.0,55.0,443,4873,美团,437,9
2026-10-16,m49,安仁初见客栈,安仁镇,客栈,工作日,55.0,55.0,443,4873,飞猪,447,9
2026-10-16,m49,安仁初见客栈,安仁镇,客栈,工作日,55.0,55.0,443,4873,去哪儿,447,9
2026-10-16,m49,安仁初见客栈,安仁镇,客栈,工作日,55.0,55.0,443,4873,同程,441,9
2026-10-17,m49,安仁初见客栈,安仁镇,客栈,周末,80.0,77.5,564,9024,美团,563,4
2026-10-17,m49,安仁初见客栈,安仁镇,客栈,周末,80.0,77.5,564,9024,飞猪,568,5
2026-10-17,m49,安仁初见客栈,安仁镇,客栈,周末,80.0,77.5,564,9024,去哪儿,561,4
2026-10-17,m49,安仁初见客栈,安仁镇,客栈,周末,80.0,77.5,564,9024,同程,565,5
2026-10-18,m49,安仁初见客栈,安仁镇,客栈,周末,90.0,78.8,563,10134,美团,560,5
2026-10-18,m49,安仁初见客栈,安仁镇,客栈,周末,90.0,78.8,563,10134,飞猪,566,4
2026-10-18,m49,安仁初见客栈,安仁镇,客栈,周末,90.0,78.8,563,10134,去哪儿,560,4
2026-10-18,m49,安仁初见客栈,安仁镇,客栈,周末,90.0,78.8,563,10134,同程,565,4
2026-10-19,m49,安仁初见客栈,安仁镇,客栈,工作日,70.0,62.5,437,6118,美团,431,8
2026-10-19,m49,安仁初见客栈,安仁镇,客栈,工作日,70.0,62.5,437,6118,飞猪,442,7
2026-10-19,m49,安仁初见客栈,安仁镇,客栈,工作日,70.0,62.5,437,6118,去哪儿,439,7
2026-10-19,m49,安仁初见客栈,安仁镇,客栈,工作日,70.0,62.5,437,6118,同程,436,8
2026-10-20,m49,安仁初见客栈,安仁镇,客栈,工作日,60.0,51.2,441,5292,美团,433,10
2026-10-20,m49,安仁初见客栈,安仁镇,客栈,工作日,60.0,51.2,441,5292,飞猪,443,10
2026-10-20,m49,安仁初见客栈,安仁镇,客栈,工作日,60.0,51.2,441,5292,去哪儿,445,9
2026-10-20,m49,安仁初见客栈,安仁镇,客栈,工作日,60.0,51.2,441,5292,同程,443,10
2026-10-21,m49,安仁初见客栈,安仁镇,客栈,工作日,40.0,35.0,408,3264,美团,403,13
2026-10-21,m49,安仁初见客栈,安仁镇,客栈,工作日,40.0,35.0,408,3264,飞猪,412,13
2026-10-21,m49,安仁初见客栈,安仁镇,客栈,工作日,40.0,35.0,408,3264,去哪儿,409,13
2026-10-21,m49,安仁初见客栈,安仁镇,客栈,工作日,40.0,35.0,408,3264,同程,408,13
2026-10-22,m49,安仁初见客栈,安仁镇,客栈,工作日,55.0,48.8,439,4829,美团,436,10
2026-10-22,m49,安仁初见客栈,安仁镇,客栈,工作日,55.0,48.8,439,4829,飞猪,443,10
2026-10-22,m49,安仁初见客栈,安仁镇,客栈,工作日,55.0,48.8,439,4829,去哪儿,437,10
2026-10-22,m49,安仁初见客栈,安仁镇,客栈,工作日,55.0,48.8,439,4829,同程,441,11
2026-10-23,m49,安仁初见客栈,安仁镇,客栈,工作日,45.0,38.8,422,3798,美团,422,13
2026-10-23,m49,安仁初见客栈,安仁镇,客栈,工作日,45.0,38.8,422,3798,飞猪,426,12
2026-10-23,m49,安仁初见客栈,安仁镇,客栈,工作日,45.0,38.8,422,3798,去哪儿,418,12
2026-10-23,m49,安仁初见客栈,安仁镇,客栈,工作日,45.0,38.8,422,3798,同程,422,12
2026-10-24,m49,安仁初见客栈,安仁镇,客栈,周末,95.0,87.5,572,10868,美团,568,3
2026-10-24,m49,安仁初见客栈,安仁镇,客栈,周末,95.0,87.5,572,10868,飞猪,572,2
2026-10-24,m49,安仁初见客栈,安仁镇,客栈,周末,95.0,87.5,572,10868,去哪儿,569,2
2026-10-24,m49,安仁初见客栈,安仁镇,客栈,周末,95.0,87.5,572,10868,同程,577,3
2026-10-25,m49,安仁初见客栈,安仁镇,客栈,周末,80.0,77.5,562,8992,美团,561,5
2026-10-25,m49,安仁初见客栈,安仁镇,客栈,周末,80.0,77.5,562,8992,飞猪,562,5
2026-10-25,m49,安仁初见客栈,安仁镇,客栈,周末,80.0,77.5,562,8992,去哪儿,561,4
2026-10-25,m49,安仁初见客栈,安仁镇,客栈,周末,80.0,77.5,562,8992,同程,564,4
2026-10-26,m49,安仁初见客栈,安仁镇,客栈,工作日,40.0,33.8,431,3448,美团,429,13
2026-10-26,m49,安仁初见客栈,安仁镇,客栈,工作日,40.0,33.8,431,3448,飞猪,437,14
2026-10-26,m49,安仁初见客栈,安仁镇,客栈,工作日,40.0,33.8,431,3448,去哪儿,432,13
2026-10-26,m49,安仁初见客栈,安仁镇,客栈,工作日,40.0,33.8,431,3448,同程,426,13
2026-10-27,m49,安仁初见客栈,安仁镇,客栈,工作日,45.0,43.8,433,3897,美团,430,11
2026-10-27,m49,安仁初见客栈,安仁镇,客栈,工作日,45.0,43.8,433,3897,飞猪,438,11
2026-10-27,m49,安仁初见客栈,安仁镇,客栈,工作日,45.0,43.8,433,3897,去哪儿,432,11
2026-10-27,m49,安仁初见客栈,安仁镇,客栈,工作日,45.0,43.8,433,3897,同程,431,12
2026-10-28,m49,安仁初见客栈,安仁镇,客栈,工作日,55.0,51.2,430,4730,美团,425,10
2026-10-28,m49,安仁初见客栈,安仁镇,客栈,工作日,55.0,51.2,430,4730,飞猪,433,10
2026-10-28,m49,安仁初见客栈,安仁镇,客栈,工作日,55.0,51.2,430,4730,去哪儿,431,9
2026-10-28,m49,安仁初见客栈,安仁镇,客栈,工作日,55.0,51.2,430,4730,同程,430,10
2026-10-29,m49,安仁初见客栈,安仁镇,客栈,工作日,55.0,55.0,437,4807,美团,432,9
2026-10-29,m49,安仁初见客栈,安仁镇,客栈,工作日,55.0,55.0,437,4807,飞猪,444,9
2026-10-29,m49,安仁初见客栈,安仁镇,客栈,工作日,55.0,55.0,437,4807,去哪儿,437,9
2026-10-29,m49,安仁初见客栈,安仁镇,客栈,工作日,55.0,55.0,437,4807,同程,434,9
2026-10-30,m49,安仁初见客栈,安仁镇,客栈,工作日,60.0,55.0,434,5208,美团,429,9
2026-10-30,m49,安仁初见客栈,安仁镇,客栈,工作日,60.0,55.0,434,5208,飞猪,440,9
2026-10-30,m49,安仁初见客栈,安仁镇,客栈,工作日,60.0,55.0,434,5208,去哪儿,436,9
2026-10-30,m49,安仁初见客栈,安仁镇,客栈,工作日,60.0,55.0,434,5208,同程,430,9
2026-10-31,m49,安仁初见客栈,安仁镇,客栈,周末,75.0,68.8,546,8190,美团,543,6
2026-10-31,m49,安仁初见客栈,安仁镇,客栈,周末,75.0,68.8,546,8190,飞猪,548,6
2026-10-31,m49,安仁初见客栈,安仁镇,客栈,周末,75.0,68.8,546,8190,去哪儿,548,6
2026-10-31,m49,安仁初见客栈,安仁镇,客栈,周末,75.0,68.8,546,8190,同程,545,7
2026-10-01,m50,晋原逸景温泉大酒店,晋原街道,酒店,国庆,76.9,71.0,1794,148902,美团,1777,32
2026-10-01,m50,晋原逸景温泉大酒店,晋原街道,酒店,国庆,76.9,71.0,1794,148902,去哪儿,1773,31
2026-10-01,m50,晋原逸景温泉大酒店,晋原街道,酒店,国庆,76.9,71.0,1794,148902,途家,1833,31
2026-10-02,m50,晋原逸景温泉大酒店,晋原街道,酒店,国庆,87.0,82.4,1862,175028,美团,1833,19
2026-10-02,m50,晋原逸景温泉大酒店,晋原街道,酒店,国庆,87.0,82.4,1862,175028,去哪儿,1834,19
2026-10-02,m50,晋原逸景温泉大酒店,晋原街道,酒店,国庆,87.0,82.4,1862,175028,途家,1920,19
2026-10-03,m50,晋原逸景温泉大酒店,晋原街道,酒店,国庆,74.1,66.7,1766,141280,美团,1724,36
2026-10-03,m50,晋原逸景温泉大酒店,晋原街道,酒店,国庆,74.1,66.7,1766,141280,去哪儿,1746,36
2026-10-03,m50,晋原逸景温泉大酒店,晋原街道,酒店,国庆,74.1,66.7,1766,141280,途家,1828,36
2026-10-04,m50,晋原逸景温泉大酒店,晋原街道,酒店,国庆,79.6,73.8,1809,155574,美团,1775,29
2026-10-04,m50,晋原逸景温泉大酒店,晋原街道,酒店,国庆,79.6,73.8,1809,155574,去哪儿,1787,28
2026-10-04,m50,晋原逸景温泉大酒店,晋原街道,酒店,国庆,79.6,73.8,1809,155574,途家,1865,28
2026-10-05,m50,晋原逸景温泉大酒店,晋原街道,酒店,国庆,76.9,73.8,1816,150728,美团,1778,29
2026-10-05,m50,晋原逸景温泉大酒店,晋原街道,酒店,国庆,76.9,73.8,1816,150728,去哪儿,1792,28
2026-10-05,m50,晋原逸景温泉大酒店,晋原街道,酒店,国庆,76.9,73.8,1816,150728,途家,1879,28
2026-10-06,m50,晋原逸景温泉大酒店,晋原街道,酒店,国庆,75.9,72.8,1799,147518,美团,1772,30
2026-10-06,m50,晋原逸景温泉大酒店,晋原街道,酒店,国庆,75.9,72.8,1799,147518,去哪儿,1777,29
2026-10-06,m50,晋原逸景温泉大酒店,晋原街道,酒店,国庆,75.9,72.8,1799,147518,途家,1849,29
2026-10-07,m50,晋原逸景温泉大酒店,晋原街道,酒店,国庆,83.3,82.1,1871,168390,美团,1844,20
2026-10-07,m50,晋原逸景温泉大酒店,晋原街道,酒店,国庆,83.3,82.1,1871,168390,去哪儿,1844,19
2026-10-07,m50,晋原逸景温泉大酒店,晋原街道,酒店,国庆,83.3,82.1,1871,168390,途家,1924,19
2026-10-08,m50,晋原逸景温泉大酒店,晋原街道,酒店,国庆,75.9,72.2,1858,152356,美团,1817,30
2026-10-08,m50,晋原逸景温泉大酒店,晋原街道,酒店,国庆,75.9,72.2,1858,152356,去哪儿,1829,30
2026-10-08,m50,晋原逸景温泉大酒店,晋原街道,酒店,国庆,75.9,72.2,1858,152356,途家,1927,30
2026-10-09,m50,晋原逸景温泉大酒店,晋原街道,酒店,工作日,68.5,65.4,1065,78810,美团,1045,38
2026-10-09,m50,晋原逸景温泉大酒店,晋原街道,酒店,工作日,68.5,65.4,1065,78810,去哪儿,1048,37
2026-10-09,m50,晋原逸景温泉大酒店,晋原街道,酒店,工作日,68.5,65.4,1065,78810,途家,1103,37
2026-10-10,m50,晋原逸景温泉大酒店,晋原街道,酒店,周末,79.6,76.5,1212,104232,美团,1194,26
2026-10-10,m50,晋原逸景温泉大酒店,晋原街道,酒店,周末,79.6,76.5,1212,104232,去哪儿,1197,25
2026-10-10,m50,晋原逸景温泉大酒店,晋原街道,酒店,周末,79.6,76.5,1212,104232,途家,1245,25
2026-10-11,m50,晋原逸景温泉大酒店,晋原街道,酒店,周末,84.3,78.4,1238,112658,美团,1212,24
2026-10-11,m50,晋原逸景温泉大酒店,晋原街道,酒店,周末,84.3,78.4,1238,112658,去哪儿,1220,23
2026-10-11,m50,晋原逸景温泉大酒店,晋原街道,酒店,周末,84.3,78.4,1238,112658,途家,1283,23
2026-10-12,m50,晋原逸景温泉大酒店,晋原街道,酒店,工作日,64.8,60.8,1059,74130,美团,1044,43
2026-10-12,m50,晋原逸景温泉大酒店,晋原街道,酒店,工作日,64.8,60.8,1059,74130,去哪儿,1040,42
2026-10-12,m50,晋原逸景温泉大酒店,晋原街道,酒店,工作日,64.8,60.8,1059,74130,途家,1092,42
2026-10-13,m50,晋原逸景温泉大酒店,晋原街道,酒店,工作日,68.5,64.5,1073,79402,美团,1046,39
2026-10-13,m50,晋原逸景温泉大酒店,晋原街道,酒店,工作日,68.5,64.5,1073,79402,去哪儿,1066,38
2026-10-13,m50,晋原逸景温泉大酒店,晋原街道,酒店,工作日,68.5,64.5,1073,79402,途家,1108,38
2026-10-14,m50,晋原逸景温泉大酒店,晋原街道,酒店,工作日,66.7,63.9,1049,75528,美团,1025,39
2026-10-14,m50,晋原逸景温泉大酒店,晋原街道,酒店,工作日,66.7,63.9,1049,75528,去哪儿,1046,39
2026-10-14,m50,晋原逸景温泉大酒店,晋原街道,酒店,工作日,66.7,63.9,1049,75528,途家,1077,39
2026-10-15,m50,晋原逸景温泉大酒店,晋原街道,酒店,工作日,65.7,63.9,1074,76254,美团,1046,39
2026-10-15,m50,晋原逸景温泉大酒店,晋原街道,酒店,工作日,65.7,63.9,1074,76254,去哪儿,1058,39
2026-10-15,m50,晋原逸景温泉大酒店,晋原街道,酒店,工作日,65.7,63.9,1074,76254,途家,1118,39
2026-10-16,m50,晋原逸景温泉大酒店,晋原街道,酒店,工作日,63.0,60.8,1054,71672,美团,1032,43
2026-10-16,m50,晋原逸景温泉大酒店,晋原街道,酒店,工作日,63.0,60.8,1054,71672,去哪儿,1038,42
2026-10-16,m50,晋原逸景温泉大酒店,晋原街道,酒店,工作日,63.0,60.8,1054,71672,途家,1092,42
2026-10-17,m50,晋原逸景温泉大酒店,晋原街道,酒店,周末,77.8,73.8,1201,100884,美团,1179,29
2026-10-17,m50,晋原逸景温泉大酒店,晋原街道,酒店,周末,77.8,73.8,1201,100884,去哪儿,1185,28
2026-10-17,m50,晋原逸景温泉大酒店,晋原街道,酒店,周末,77.8,73.8,1201,100884,途家,1238,28
2026-10-18,m50,晋原逸景温泉大酒店,晋原街道,酒店,周末,83.3,80.2,1218,109620,美团,1195,22
2026-10-18,m50,晋原逸景温泉大酒店,晋原街道,酒店,周末,83.3,80.2,1218,109620,去哪儿,1204,21
2026-10-18,m50,晋原逸景温泉大酒店,晋原街道,酒店,周末,83.3,80.2,1218,109620,途家,1254,21
2026-10-19,m50,晋原逸景温泉大酒店,晋原街道,酒店,工作日,63.9,62.7,1060,73140,美团,1040,41
2026-10-19,m50,晋原逸景温泉大酒店,晋原街道,酒店,工作日,63.9,62.7,1060,73140,去哪儿,1053,40
2026-10-19,m50,晋原逸景温泉大酒店,晋原街道,酒店,工作日,63.9,62.7,1060,73140,途家,1087,40
2026-10-20,m50,晋原逸景温泉大酒店,晋原街道,酒店,工作日,68.5,64.5,1073,79402,美团,1048,39
2026-10-20,m50,晋原逸景温泉大酒店,晋原街道,酒店,工作日,68.5,64.5,1073,79402,去哪儿,1067,38
2026-10-20,m50,晋原逸景温泉大酒店,晋原街道,酒店,工作日,68.5,64.5,1073,79402,途家,1104,38
2026-10-21,m50,晋原逸景温泉大酒店,晋原街道,酒店,工作日,59.3,57.4,1047,67008,美团,1024,46
2026-10-21,m50,晋原逸景温泉大酒店,晋原街道,酒店,工作日,59.3,57.4,1047,67008,去哪儿,1037,46
2026-10-21,m50,晋原逸景温泉大酒店,晋原街道,酒店,工作日,59.3,57.4,1047,67008,途家,1080,46
2026-10-22,m50,晋原逸景温泉大酒店,晋原街道,酒店,工作日,64.8,62.0,1055,73850,美团,1039,41
2026-10-22,m50,晋原逸景温泉大酒店,晋原街道,酒店,工作日,64.8,62.0,1055,73850,去哪儿,1036,41
2026-10-22,m50,晋原逸景温泉大酒店,晋原街道,酒店,工作日,64.8,62.0,1055,73850,途家,1091,41
2026-10-23,m50,晋原逸景温泉大酒店,晋原街道,酒店,工作日,71.3,62.7,1046,80542,美团,1025,41
2026-10-23,m50,晋原逸景温泉大酒店,晋原街道,酒店,工作日,71.3,62.7,1046,80542,去哪儿,1038,40
2026-10-23,m50,晋原逸景温泉大酒店,晋原街道,酒店,工作日,71.3,62.7,1046,80542,途家,1075,40
2026-10-24,m50,晋原逸景温泉大酒店,晋原街道,酒店,周末,85.2,75.6,1198,110216,美团,1171,27
2026-10-24,m50,晋原逸景温泉大酒店,晋原街道,酒店,周末,85.2,75.6,1198,110216,去哪儿,1183,26
2026-10-24,m50,晋原逸景温泉大酒店,晋原街道,酒店,周末,85.2,75.6,1198,110216,途家,1239,26
2026-10-25,m50,晋原逸景温泉大酒店,晋原街道,酒店,周末,77.8,71.3,1210,101640,美团,1186,31
2026-10-25,m50,晋原逸景温泉大酒店,晋原街道,酒店,周末,77.8,71.3,1210,101640,去哪儿,1199,31
2026-10-25,m50,晋原逸景温泉大酒店,晋原街道,酒店,周末,77.8,71.3,1210,101640,途家,1245,31
2026-10-26,m50,晋原逸景温泉大酒店,晋原街道,酒店,工作日,67.6,65.7,1070,78110,美团,1046,37
2026-10-26,m50,晋原逸景温泉大酒店,晋原街道,酒店,工作日,67.6,65.7,1070,78110,去哪儿,1063,37
2026-10-26,m50,晋原逸景温泉大酒店,晋原街道,酒店,工作日,67.6,65.7,1070,78110,途家,1102,37
2026-10-27,m50,晋原逸景温泉大酒店,晋原街道,酒店,工作日,60.2,59.0,1060,68900,美团,1034,45
2026-10-27,m50,晋原逸景温泉大酒店,晋原街道,酒店,工作日,60.2,59.0,1060,68900,去哪儿,1049,44
2026-10-27,m50,晋原逸景温泉大酒店,晋原街道,酒店,工作日,60.2,59.0,1060,68900,途家,1096,44
2026-10-28,m50,晋原逸景温泉大酒店,晋原街道,酒店,工作日,62.0,60.2,1058,70886,美团,1036,43
2026-10-28,m50,晋原逸景温泉大酒店,晋原街道,酒店,工作日,62.0,60.2,1058,70886,去哪儿,1047,43
2026-10-28,m50,晋原逸景温泉大酒店,晋原街道,酒店,工作日,62.0,60.2,1058,70886,途家,1091,43
2026-10-29,m50,晋原逸景温泉大酒店,晋原街道,酒店,工作日,62.0,58.0,1039,69613,美团,1019,46
2026-10-29,m50,晋原逸景温泉大酒店,晋原街道,酒店,工作日,62.0,58.0,1039,69613,去哪儿,1030,45
2026-10-29,m50,晋原逸景温泉大酒店,晋原街道,酒店,工作日,62.0,58.0,1039,69613,途家,1069,45
2026-10-30,m50,晋原逸景温泉大酒店,晋原街道,酒店,工作日,63.0,62.0,1052,71536,美团,1029,41
2026-10-30,m50,晋原逸景温泉大酒店,晋原街道,酒店,工作日,63.0,62.0,1052,71536,去哪儿,1045,41
2026-10-30,m50,晋原逸景温泉大酒店,晋原街道,酒店,工作日,63.0,62.0,1052,71536,途家,1082,41
2026-10-31,m50,晋原逸景温泉大酒店,晋原街道,酒店,周末,74.1,71.9,1207,96560,美团,1175,31
2026-10-31,m50,晋原逸景温泉大酒店,晋原街道,酒店,周末,74.1,71.9,1207,96560,去哪儿,1196,30
2026-10-31,m50,晋原逸景温泉大酒店,晋原街道,酒店,周末,74.1,71.9,1207,96560,途家,1249,30
2026-10-01,m51,晋原巴登国际温泉度假酒店,晋原街道,酒店,国庆,78.3,75.3,1040,161200,携程,1061,49
2026-10-01,m51,晋原巴登国际温泉度假酒店,晋原街道,酒店,国庆,78.3,75.3,1040,161200,美团,1037,49
2026-10-01,m51,晋原巴登国际温泉度假酒店,晋原街道,酒店,国庆,78.3,75.3,1040,161200,去哪儿,1022,49
2026-10-02,m51,晋原巴登国际温泉度假酒店,晋原街道,酒店,国庆,82.3,75.6,1033,168379,携程,1050,48
2026-10-02,m51,晋原巴登国际温泉度假酒店,晋原街道,酒店,国庆,82.3,75.6,1033,168379,美团,1028,49
2026-10-02,m51,晋原巴登国际温泉度假酒店,晋原街道,酒店,国庆,82.3,75.6,1033,168379,去哪儿,1022,48
2026-10-03,m51,晋原巴登国际温泉度假酒店,晋原街道,酒店,国庆,80.8,76.6,1033,165280,携程,1050,46
2026-10-03,m51,晋原巴登国际温泉度假酒店,晋原街道,酒店,国庆,80.8,76.6,1033,165280,美团,1019,47
2026-10-03,m51,晋原巴登国际温泉度假酒店,晋原街道,酒店,国庆,80.8,76.6,1033,165280,去哪儿,1030,46
2026-10-04,m51,晋原巴登国际温泉度假酒店,晋原街道,酒店,国庆,83.8,80.6,1043,173138,携程,1066,38
2026-10-04,m51,晋原巴登国际温泉度假酒店,晋原街道,酒店,国庆,83.8,80.6,1043,173138,美团,1021,39
2026-10-04,m51,晋原巴登国际温泉度假酒店,晋原街道,酒店,国庆,83.8,80.6,1043,173138,去哪儿,1042,38
2026-10-05,m51,晋原巴登国际温泉度假酒店,晋原街道,酒店,国庆,77.8,74.1,1033,159082,携程,1057,52
2026-10-05,m51,晋原巴登国际温泉度假酒店,晋原街道,酒店,国庆,77.8,74.1,1033,159082,美团,1016,51
2026-10-05,m51,晋原巴登国际温泉度假酒店,晋原街道,酒店,国庆,77.8,74.1,1033,159082,去哪儿,1025,51
2026-10-06,m51,晋原巴登国际温泉度假酒店,晋原街道,酒店,国庆,80.8,75.6,1033,165280,携程,1052,48
2026-10-06,m51,晋原巴登国际温泉度假酒店,晋原街道,酒店,国庆,80.8,75.6,1033,165280,美团,1019,49
2026-10-06,m51,晋原巴登国际温泉度假酒店,晋原街道,酒店,国庆,80.8,75.6,1033,165280,去哪儿,1028,48
2026-10-07,m51,晋原巴登国际温泉度假酒店,晋原街道,酒店,国庆,72.7,68.2,1010,145440,携程,1033,63
2026-10-07,m51,晋原巴登国际温泉度假酒店,晋原街道,酒店,国庆,72.7,68.2,1010,145440,美团,992,63
2026-10-07,m51,晋原巴登国际温泉度假酒店,晋原街道,酒店,国庆,72.7,68.2,1010,145440,去哪儿,1006,63
2026-10-08,m51,晋原巴登国际温泉度假酒店,晋原街道,酒店,国庆,82.8,81.6,1051,172364,携程,1065,36
2026-10-08,m51,晋原巴登国际温泉度假酒店,晋原街道,酒店,国庆,82.8,81.6,1051,172364,美团,1037,37
2026-10-08,m51,晋原巴登国际温泉度假酒店,晋原街道,酒店,国庆,82.8,81.6,1051,172364,去哪儿,1052,36
2026-10-09,m51,晋原巴登国际温泉度假酒店,晋原街道,酒店,工作日,74.7,71.5,608,89984,携程,618,56
2026-10-09,m51,晋原巴登国际温泉度假酒店,晋原街道,酒店,工作日,74.7,71.5,608,89984,美团,599,57
2026-10-09,m51,晋原巴登国际温泉度假酒店,晋原街道,酒店,工作日,74.7,71.5,608,89984,去哪儿,607,56
2026-10-10,m51,晋原巴登国际温泉度假酒店,晋原街道,酒店,周末,72.2,69.7,687,98241,携程,697,60
2026-10-10,m51,晋原巴登国际温泉度假酒店,晋原街道,酒店,周末,72.2,69.7,687,98241,美团,675,60
2026-10-10,m51,晋原巴登国际温泉度假酒店,晋原街道,酒店,周末,72.2,69.7,687,98241,去哪儿,688,60
2026-10-11,m51,晋原巴登国际温泉度假酒店,晋原街道,酒店,周末,75.3,69.0,680,101320,携程,687,61
2026-10-11,m51,晋原巴登国际温泉度假酒店,晋原街道,酒店,周末,75.3,69.0,680,101320,美团,669,62
2026-10-11,m51,晋原巴登国际温泉度假酒店,晋原街道,酒店,周末,75.3,69.0,680,101320,去哪儿,684,61
2026-10-12,m51,晋原巴登国际温泉度假酒店,晋原街道,酒店,工作日,71.7,67.5,605,85910,携程,615,64
2026-10-12,m51,晋原巴登国际温泉度假酒店,晋原街道,酒店,工作日,71.7,67.5,605,85910,美团,600,65
2026-10-12,m51,晋原巴登国际温泉度假酒店,晋原街道,酒店,工作日,71.7,67.5,605,85910,去哪儿,600,64
2026-10-13,m51,晋原巴登国际温泉度假酒店,晋原街道,酒店,工作日,68.2,65.0,602,81270,携程,606,69
2026-10-13,m51,晋原巴登国际温泉度假酒店,晋原街道,酒店,工作日,68.2,65.0,602,81270,美团,596,70
2026-10-13,m51,晋原巴登国际温泉度假酒店,晋原街道,酒店,工作日,68.2,65.0,602,81270,去哪儿,603,69
2026-10-14,m51,晋原巴登国际温泉度假酒店,晋原街道,酒店,工作日,73.2,68.7,608,88160,携程,621,62
2026-10-14,m51,晋原巴登国际温泉度假酒店,晋原街道,酒店,工作日,73.2,68.7,608,88160,美团,598,62
2026-10-14,m51,晋原巴登国际温泉度假酒店,晋原街道,酒店,工作日,73.2,68.7,608,88160,去哪儿,605,62
2026-10-15,m51,晋原巴登国际温泉度假酒店,晋原街道,酒店,工作日,72.7,68.5,613,88272,携程,623,62
2026-10-15,m51,晋原巴登国际温泉度假酒店,晋原街道,酒店,工作日,72.7,68.5,613,88272,美团,603,63
2026-10-15,m51,晋原巴登国际温泉度假酒店,晋原街道,酒店,工作日,72.7,68.5,613,88272,去哪儿,613,62
2026-10-16,m51,晋原巴登国际温泉度假酒店,晋原街道,酒店,工作日,73.2,69.7,618,89610,携程,629,60
2026-10-16,m51,晋原巴登国际温泉度假酒店,晋原街道,酒店,工作日,73.2,69.7,618,89610,美团,609,60
2026-10-16,m51,晋原巴登国际温泉度假酒店,晋原街道,酒店,工作日,73.2,69.7,618,89610,去哪儿,616,60
2026-10-17,m51,晋原巴登国际温泉度假酒店,晋原街道,酒店,周末,74.2,72.7,695,102165,携程,709,54
2026-10-17,m51,晋原巴登国际温泉度假酒店,晋原街道,酒店,周末,74.2,72.7,695,102165,美团,688,54
2026-10-17,m51,晋原巴登国际温泉度假酒店,晋原街道,酒店,周末,74.2,72.7,695,102165,去哪儿,688,54
2026-10-18,m51,晋原巴登国际温泉度假酒店,晋原街道,酒店,周末,74.7,72.7,695,102860,携程,706,54
2026-10-18,m51,晋原巴登国际温泉度假酒店,晋原街道,酒店,周末,74.7,72.7,695,102860,美团,687,54
2026-10-18,m51,晋原巴登国际温泉度假酒店,晋原街道,酒店,周末,74.7,72.7,695,102860,去哪儿,691,54
2026-10-19,m51,晋原巴登国际温泉度假酒店,晋原街道,酒店,工作日,72.2,67.0,607,86801,携程,613,66
2026-10-19,m51,晋原巴登国际温泉度假酒店,晋原街道,酒店,工作日,72.2,67.0,607,86801,美团,600,65
2026-10-19,m51,晋原巴登国际温泉度假酒店,晋原街道,酒店,工作日,72.2,67.0,607,86801,去哪儿,607,65
2026-10-20,m51,晋原巴登国际温泉度假酒店,晋原街道,酒店,工作日,68.2,64.6,604,81540,携程,617,70
2026-10-20,m51,晋原巴登国际温泉度假酒店,晋原街道,酒店,工作日,68.2,64.6,604,81540,美团,597,70
2026-10-20,m51,晋原巴登国际温泉度假酒店,晋原街道,酒店,工作日,68.2,64.6,604,81540,去哪儿,598,70
2026-10-21,m51,晋原巴登国际温泉度假酒店,晋原街道,酒店,工作日,68.7,65.0,607,82552,携程,622,69
2026-10-21,m51,晋原巴登国际温泉度假酒店,晋原街道,酒店,工作日,68.7,65.0,607,82552,美团,599,70
2026-10-21,m51,晋原巴登国际温泉度假酒店,晋原街道,酒店,工作日,68.7,65.0,607,82552,去哪儿,599,69
2026-10-22,m51,晋原巴登国际温泉度假酒店,晋原街道,酒店,工作日,70.7,68.5,607,84980,携程,615,62
2026-10-22,m51,晋原巴登国际温泉度假酒店,晋原街道,酒店,工作日,70.7,68.5,607,84980,美团,598,63
2026-10-22,m51,晋原巴登国际温泉度假酒店,晋原街道,酒店,工作日,70.7,68.5,607,84980,去哪儿,609,62
2026-10-23,m51,晋原巴登国际温泉度假酒店,晋原街道,酒店,工作日,72.2,68.0,612,87516,携程,622,63
2026-10-23,m51,晋原巴登国际温泉度假酒店,晋原街道,酒店,工作日,72.2,68.0,612,87516,美团,606,64
2026-10-23,m51,晋原巴登国际温泉度假酒店,晋原街道,酒店,工作日,72.2,68.0,612,87516,去哪儿,609,63
2026-10-24,m51,晋原巴登国际温泉度假酒店,晋原街道,酒店,周末,75.3,73.7,690,102810,携程,700,52
2026-10-24,m51,晋原巴登国际温泉度假酒店,晋原街道,酒店,周末,75.3,73.7,690,102810,美团,682,52
2026-10-24,m51,晋原巴登国际温泉度假酒店,晋原街道,酒店,周末,75.3,73.7,690,102810,去哪儿,688,52
2026-10-25,m51,晋原巴登国际温泉度假酒店,晋原街道,酒店,周末,69.7,67.5,685,94530,携程,688,64
2026-10-25,m51,晋原巴登国际温泉度假酒店,晋原街道,酒店,周末,69.7,67.5,685,94530,美团,682,65
2026-10-25,m51,晋原巴登国际温泉度假酒店,晋原街道,酒店,周末,69.7,67.5,685,94530,去哪儿,684,64
2026-10-26,m51,晋原巴登国际温泉度假酒店,晋原街道,酒店,工作日,67.2,64.5,603,80199,携程,616,70
2026-10-26,m51,晋原巴登国际温泉度假酒店,晋原街道,酒店,工作日,67.2,64.5,603,80199,美团,595,71
2026-10-26,m51,晋原巴登国际温泉度假酒店,晋原街道,酒店,工作日,67.2,64.5,603,80199,去哪儿,599,70
2026-10-27,m51,晋原巴登国际温泉度假酒店,晋原街道,酒店,工作日,77.3,72.1,619,94707,携程,627,55
2026-10-27,m51,晋原巴登国际温泉度假酒店,晋原街道,酒店,工作日,77.3,72.1,619,94707,美团,613,56
2026-10-27,m51,晋原巴登国际温泉度假酒店,晋原街道,酒店,工作日,77.3,72.1,619,94707,去哪儿,616,55
2026-10-28,m51,晋原巴登国际温泉度假酒店,晋原街道,酒店,工作日,74.2,68.5,612,89964,携程,621,62
2026-10-28,m51,晋原巴登国际温泉度假酒店,晋原街道,酒店,工作日,74.2,68.5,612,89964,美团,610,63
2026-10-28,m51,晋原巴登国际温泉度假酒店,晋原街道,酒店,工作日,74.2,68.5,612,89964,去哪儿,604,62
2026-10-29,m51,晋原巴登国际温泉度假酒店,晋原街道,酒店,工作日,71.2,67.8,606,85446,携程,619,64
2026-10-29,m51,晋原巴登国际温泉度假酒店,晋原街道,酒店,工作日,71.2,67.8,606,85446,美团,594,64
2026-10-29,m51,晋原巴登国际温泉度假酒店,晋原街道,酒店,工作日,71.2,67.8,606,85446,去哪儿,605,63
2026-10-30,m51,晋原巴登国际温泉度假酒店,晋原街道,酒店,工作日,66.2,64.0,609,79779,携程,623,71
2026-10-30,m51,晋原巴登国际温泉度假酒店,晋原街道,酒店,工作日,66.2,64.0,609,79779,美团,598,72
2026-10-30,m51,晋原巴登国际温泉度假酒店,晋原街道,酒店,工作日,66.2,64.0,609,79779,去哪儿,605,71
2026-10-31,m51,晋原巴登国际温泉度假酒店,晋原街道,酒店,周末,74.7,70.7,681,100788,携程,695,58
2026-10-31,m51,晋原巴登国际温泉度假酒店,晋原街道,酒店,周末,74.7,70.7,681,100788,美团,675,58
2026-10-31,m51,晋原巴登国际温泉度假酒店,晋原街道,酒店,周末,74.7,70.7,681,100788,去哪儿,672,58
2026-10-01,m52,晋原第一村国际温泉度假酒店,晋原街道,酒店,国庆,79.3,77.3,1286,113168,飞猪,1281,25
2026-10-01,m52,晋原第一村国际温泉度假酒店,晋原街道,酒店,国庆,79.3,77.3,1286,113168,去哪儿,1271,25
2026-10-01,m52,晋原第一村国际温泉度假酒店,晋原街道,酒店,国庆,79.3,77.3,1286,113168,同程,1267,26
2026-10-01,m52,晋原第一村国际温泉度假酒店,晋原街道,酒店,国庆,79.3,77.3,1286,113168,途家,1326,25
2026-10-02,m52,晋原第一村国际温泉度假酒店,晋原街道,酒店,国庆,78.4,71.2,1279,111273,飞猪,1267,32
2026-10-02,m52,晋原第一村国际温泉度假酒店,晋原街道,酒店,国庆,78.4,71.2,1279,111273,去哪儿,1273,32
2026-10-02,m52,晋原第一村国际温泉度假酒店,晋原街道,酒店,国庆,78.4,71.2,1279,111273,同程,1257,32
2026-10-02,m52,晋原第一村国际温泉度假酒店,晋原街道,酒店,国庆,78.4,71.2,1279,111273,途家,1317,32
2026-10-03,m52,晋原第一村国际温泉度假酒店,晋原街道,酒店,国庆,83.8,80.2,1301,120993,飞猪,1282,22
2026-10-03,m52,晋原第一村国际温泉度假酒店,晋原街道,酒店,国庆,83.8,80.2,1301,120993,去哪儿,1284,22
2026-10-03,m52,晋原第一村国际温泉度假酒店,晋原街道,酒店,国庆,83.8,80.2,1301,120993,同程,1286,22
2026-10-03,m52,晋原第一村国际温泉度假酒店,晋原街道,酒店,国庆,83.8,80.2,1301,120993,途家,1351,22
2026-10-04,m52,晋原第一村国际温泉度假酒店,晋原街道,酒店,国庆,80.2,75.5,1272,113208,飞猪,1285,27
2026-10-04,m52,晋原第一村国际温泉度假酒店,晋原街道,酒店,国庆,80.2,75.5,1272,113208,去哪儿,1252,27
2026-10-04,m52,晋原第一村国际温泉度假酒店,晋原街道,酒店,国庆,80.2,75.5,1272,113208,同程,1250,28
2026-10-04,m52,晋原第一村国际温泉度假酒店,晋原街道,酒店,国庆,80.2,75.5,1272,113208,途家,1301,27
2026-10-05,m52,晋原第一村国际温泉度假酒店,晋原街道,酒店,国庆,82.0,77.3,1281,116571,飞猪,1268,25
2026-10-05,m52,晋原第一村国际温泉度假酒店,晋原街道,酒店,国庆,82.0,77.3,1281,116571,去哪儿,1266,25
2026-10-05,m52,晋原第一村国际温泉度假酒店,晋原街道,酒店,国庆,82.0,77.3,1281,116571,同程,1269,26
2026-10-05,m52,晋原第一村国际温泉度假酒店,晋原街道,酒店,国庆,82.0,77.3,1281,116571,途家,1322,25
2026-10-06,m52,晋原第一村国际温泉度假酒店,晋原街道,酒店,国庆,84.7,79.7,1296,121824,飞猪,1306,23
2026-10-06,m52,晋原第一村国际温泉度假酒店,晋原街道,酒店,国庆,84.7,79.7,1296,121824,去哪儿,1267,22
2026-10-06,m52,晋原第一村国际温泉度假酒店,晋原街道,酒店,国庆,84.7,79.7,1296,121824,同程,1281,23
2026-10-06,m52,晋原第一村国际温泉度假酒店,晋原街道,酒店,国庆,84.7,79.7,1296,121824,途家,1329,22
2026-10-07,m52,晋原第一村国际温泉度假酒店,晋原街道,酒店,国庆,82.9,77.3,1285,118220,飞猪,1277,25
2026-10-07,m52,晋原第一村国际温泉度假酒店,晋原街道,酒店,国庆,82.9,77.3,1285,118220,去哪儿,1281,25
2026-10-07,m52,晋原第一村国际温泉度假酒店,晋原街道,酒店,国庆,82.9,77.3,1285,118220,同程,1264,26
2026-10-07,m52,晋原第一村国际温泉度假酒店,晋原街道,酒店,国庆,82.9,77.3,1285,118220,途家,1319,25
2026-10-08,m52,晋原第一村国际温泉度假酒店,晋原街道,酒店,国庆,88.3,84.7,1309,128282,飞猪,1304,17
2026-10-08,m52,晋原第一村国际温泉度假酒店,晋原街道,酒店,国庆,88.3,84.7,1309,128282,去哪儿,1290,17
2026-10-08,m52,晋原第一村国际温泉度假酒店,晋原街道,酒店,国庆,88.3,84.7,1309,128282,同程,1296,17
2026-10-08,m52,晋原第一村国际温泉度假酒店,晋原街道,酒店,国庆,88.3,84.7,1309,128282,途家,1347,17
2026-10-09,m52,晋原第一村国际温泉度假酒店,晋原街道,酒店,工作日,60.4,60.4,738,49446,飞猪,742,44
2026-10-09,m52,晋原第一村国际温泉度假酒店,晋原街道,酒店,工作日,60.4,60.4,738,49446,去哪儿,735,44
2026-10-09,m52,晋原第一村国际温泉度假酒店,晋原街道,酒店,工作日,60.4,60.4,738,49446,同程,720,44
2026-10-09,m52,晋原第一村国际温泉度假酒店,晋原街道,酒店,工作日,60.4,60.4,738,49446,途家,756,44
2026-10-10,m52,晋原第一村国际温泉度假酒店,晋原街道,酒店,周末,86.5,79.1,868,83328,飞猪,868,24
2026-10-10,m52,晋原第一村国际温泉度假酒店,晋原街道,酒店,周末,86.5,79.1,868,83328,去哪儿,856,23
2026-10-10,m52,晋原第一村国际温泉度假酒店,晋原街道,酒店,周末,86.5,79.1,868,83328,同程,856,23
2026-10-10,m52,晋原第一村国际温泉度假酒店,晋原街道,酒店,周末,86.5,79.1,868,83328,途家,890,23
2026-10-11,m52,晋原第一村国际温泉度假酒店,晋原街道,酒店,周末,70.3,69.1,852,66456,飞猪,842,34
2026-10-11,m52,晋原第一村国际温泉度假酒店,晋原街道,酒店,周末,70.3,69.1,852,66456,去哪儿,841,34
2026-10-11,m52,晋原第一村国际温泉度假酒店,晋原街道,酒店,周末,70.3,69.1,852,66456,同程,844,35
2026-10-11,m52,晋原第一村国际温泉度假酒店,晋原街道,酒店,周末,70.3,69.1,852,66456,途家,882,34
2026-10-12,m52,晋原第一村国际温泉度假酒店,晋原街道,酒店,工作日,55.0,53.2,730,44530,飞猪,721,52
2026-10-12,m52,晋原第一村国际温泉度假酒店,晋原街道,酒店,工作日,55.0,53.2,730,44530,去哪儿,722,52
2026-10-12,m52,晋原第一村国际温泉度假酒店,晋原街道,酒店,工作日,55.0,53.2,730,44530,同程,719,52
2026-10-12,m52,晋原第一村国际温泉度假酒店,晋原街道,酒店,工作日,55.0,53.2,730,44530,途家,756,52
2026-10-13,m52,晋原第一村国际温泉度假酒店,晋原街道,酒店,工作日,54.1,52.9,732,43920,飞猪,732,52
2026-10-13,m52,晋原第一村国际温泉度假酒店,晋原街道,酒店,工作日,54.1,52.9,732,43920,去哪儿,725,52
2026-10-13,m52,晋原第一村国际温泉度假酒店,晋原街道,酒店,工作日,54.1,52.9,732,43920,同程,720,53
2026-10-13,m52,晋原第一村国际温泉度假酒店,晋原街道,酒店,工作日,54.1,52.9,732,43920,途家,750,52
2026-10-14,m52,晋原第一村国际温泉度假酒店,晋原街道,酒店,工作日,64.0,61.9,741,52611,飞猪,743,42
2026-10-14,m52,晋原第一村国际温泉度假酒店,晋原街道,酒店,工作日,64.0,61.9,741,52611,去哪儿,731,42
2026-10-14,m52,晋原第一村国际温泉度假酒店,晋原街道,酒店,工作日,64.0,61.9,741,52611,同程,732,43
2026-10-14,m52,晋原第一村国际温泉度假酒店,晋原街道,酒店,工作日,64.0,61.9,741,52611,途家,756,42
2026-10-15,m52,晋原第一村国际温泉度假酒店,晋原街道,酒店,工作日,56.8,55.0,733,46179,飞猪,728,50
2026-10-15,m52,晋原第一村国际温泉度假酒店,晋原街道,酒店,工作日,56.8,55.0,733,46179,去哪儿,719,50
2026-10-15,m52,晋原第一村国际温泉度假酒店,晋原街道,酒店,工作日,56.8,55.0,733,46179,同程,725,50
2026-10-15,m52,晋原第一村国际温泉度假酒店,晋原街道,酒店,工作日,56.8,55.0,733,46179,途家,759,50
2026-10-16,m52,晋原第一村国际温泉度假酒店,晋原街道,酒店,工作日,60.4,58.3,739,49513,飞猪,742,46
2026-10-16,m52,晋原第一村国际温泉度假酒店,晋原街道,酒店,工作日,60.4,58.3,739,49513,去哪儿,725,46
2026-10-16,m52,晋原第一村国际温泉度假酒店,晋原街道,酒店,工作日,60.4,58.3,739,49513,同程,734,47
2026-10-16,m52,晋原第一村国际温泉度假酒店,晋原街道,酒店,工作日,60.4,58.3,739,49513,途家,756,46
2026-10-17,m52,晋原第一村国际温泉度假酒店,晋原街道,酒店,周末,69.4,67.3,846,65142,飞猪,839,36
2026-10-17,m52,晋原第一村国际温泉度假酒店,晋原街道,酒店,周末,69.4,67.3,846,65142,去哪儿,831,36
2026-10-17,m52,晋原第一村国际温泉度假酒店,晋原街道,酒店,周末,69.4,67.3,846,65142,同程,833,37
2026-10-17,m52,晋原第一村国际温泉度假酒店,晋原街道,酒店,周末,69.4,67.3,846,65142,途家,879,36
2026-10-18,m52,晋原第一村国际温泉度假酒店,晋原街道,酒店,周末,80.2,75.7,847,75383,飞猪,844,27
2026-10-18,m52,晋原第一村国际温泉度假酒店,晋原街道,酒店,周末,80.2,75.7,847,75383,去哪儿,836,27
2026-10-18,m52,晋原第一村国际温泉度假酒店,晋原街道,酒店,周末,80.2,75.7,847,75383,同程,843,27
2026-10-18,m52,晋原第一村国际温泉度假酒店,晋原街道,酒店,周末,80.2,75.7,847,75383,途家,866,27
2026-10-19,m52,晋原第一村国际温泉度假酒店,晋原街道,酒店,工作日,62.2,58.1,742,51198,飞猪,739,47
2026-10-19,m52,晋原第一村国际温泉度假酒店,晋原街道,酒店,工作日,62.2,58.1,742,51198,去哪儿,733,46
2026-10-19,m52,晋原第一村国际温泉度假酒店,晋原街道,酒店,工作日,62.2,58.1,742,51198,同程,733,47
2026-10-19,m52,晋原第一村国际温泉度假酒店,晋原街道,酒店,工作日,62.2,58.1,742,51198,途家,764,46
2026-10-20,m52,晋原第一村国际温泉度假酒店,晋原街道,酒店,工作日,57.7,56.5,737,47168,飞猪,734,48
2026-10-20,m52,晋原第一村国际温泉度假酒店,晋原街道,酒店,工作日,57.7,56.5,737,47168,去哪儿,726,48
2026-10-20,m52,晋原第一村国际温泉度假酒店,晋原街道,酒店,工作日,57.7,56.5,737,47168,同程,733,49
2026-10-20,m52,晋原第一村国际温泉度假酒店,晋原街道,酒店,工作日,57.7,56.5,737,47168,途家,753,48
2026-10-21,m52,晋原第一村国际温泉度假酒店,晋原街道,酒店,工作日,62.2,60.4,737,50853,飞猪,739,44
2026-10-21,m52,晋原第一村国际温泉度假酒店,晋原街道,酒店,工作日,62.2,60.4,737,50853,去哪儿,725,44
2026-10-21,m52,晋原第一村国际温泉度假酒店,晋原街道,酒店,工作日,62.2,60.4,737,50853,同程,729,44
2026-10-21,m52,晋原第一村国际温泉度假酒店,晋原街道,酒店,工作日,62.2,60.4,737,50853,途家,755,44
2026-10-22,m52,晋原第一村国际温泉度假酒店,晋原街道,酒店,工作日,57.7,54.7,742,47488,飞猪,737,51
2026-10-22,m52,晋原第一村国际温泉度假酒店,晋原街道,酒店,工作日,57.7,54.7,742,47488,去哪儿,735,50
2026-10-22,m52,晋原第一村国际温泉度假酒店,晋原街道,酒店,工作日,57.7,54.7,742,47488,同程,733,50
2026-10-22,m52,晋原第一村国际温泉度假酒店,晋原街道,酒店,工作日,57.7,54.7,742,47488,途家,761,50
2026-10-23,m52,晋原第一村国际温泉度假酒店,晋原街道,酒店,工作日,62.2,59.2,740,51060,飞猪,737,46
2026-10-23,m52,晋原第一村国际温泉度假酒店,晋原街道,酒店,工作日,62.2,59.2,740,51060,去哪儿,727,45
2026-10-23,m52,晋原第一村国际温泉度假酒店,晋原街道,酒店,工作日,62.2,59.2,740,51060,同程,738,45
2026-10-23,m52,晋原第一村国际温泉度假酒店,晋原街道,酒店,工作日,62.2,59.2,740,51060,途家,758,45
2026-10-24,m52,晋原第一村国际温泉度假酒店,晋原街道,酒店,周末,76.6,70.7,861,73185,飞猪,865,33
2026-10-24,m52,晋原第一村国际温泉度假酒店,晋原街道,酒店,周末,76.6,70.7,861,73185,去哪儿,843,32
2026-10-24,m52,晋原第一村国际温泉度假酒店,晋原街道,酒店,周末,76.6,70.7,861,73185,同程,854,33
2026-10-24,m52,晋原第一村国际温泉度假酒店,晋原街道,酒店,周末,76.6,70.7,861,73185,途家,880,32
2026-10-25,m52,晋原第一村国际温泉度假酒店,晋原街道,酒店,周末,80.2,79.1,874,77786,飞猪,865,24
2026-10-25,m52,晋原第一村国际温泉度假酒店,晋原街道,酒店,周末,80.2,79.1,874,77786,去哪儿,854,23
2026-10-25,m52,晋原第一村国际温泉度假酒店,晋原街道,酒店,周末,80.2,79.1,874,77786,同程,869,23
2026-10-25,m52,晋原第一村国际温泉度假酒店,晋原街道,酒店,周末,80.2,79.1,874,77786,途家,907,23
2026-10-26,m52,晋原第一村国际温泉度假酒店,晋原街道,酒店,工作日,55.0,48.6,719,43859,飞猪,718,57
2026-10-26,m52,晋原第一村国际温泉度假酒店,晋原街道,酒店,工作日,55.0,48.6,719,43859,去哪儿,712,57
2026-10-26,m52,晋原第一村国际温泉度假酒店,晋原街道,酒店,工作日,55.0,48.6,719,43859,同程,709,57
2026-10-26,m52,晋原第一村国际温泉度假酒店,晋原街道,酒店,工作日,55.0,48.6,719,43859,途家,736,57
2026-10-27,m52,晋原第一村国际温泉度假酒店,晋原街道,酒店,工作日,62.2,61.0,732,50508,飞猪,726,43
2026-10-27,m52,晋原第一村国际温泉度假酒店,晋原街道,酒店,工作日,62.2,61.0,732,50508,去哪儿,718,43
2026-10-27,m52,晋原第一村国际温泉度假酒店,晋原街道,酒店,工作日,62.2,61.0,732,50508,同程,724,44
2026-10-27,m52,晋原第一村国际温泉度假酒店,晋原街道,酒店,工作日,62.2,61.0,732,50508,途家,759,43
2026-10-28,m52,晋原第一村国际温泉度假酒店,晋原街道,酒店,工作日,61.3,58.1,738,50184,飞猪,737,47
2026-10-28,m52,晋原第一村国际温泉度假酒店,晋原街道,酒店,工作日,61.3,58.1,738,50184,去哪儿,727,46
2026-10-28,m52,晋原第一村国际温泉度假酒店,晋原街道,酒店,工作日,61.3,58.1,738,50184,同程,728,47
2026-10-28,m52,晋原第一村国际温泉度假酒店,晋原街道,酒店,工作日,61.3,58.1,738,50184,途家,759,46
2026-10-29,m52,晋原第一村国际温泉度假酒店,晋原街道,酒店,工作日,55.9,54.7,739,45818,飞猪,743,50
2026-10-29,m52,晋原第一村国际温泉度假酒店,晋原街道,酒店,工作日,55.9,54.7,739,45818,去哪儿,731,50
2026-10-29,m52,晋原第一村国际温泉度假酒店,晋原街道,酒店,工作日,55.9,54.7,739,45818,同程,725,51
2026-10-29,m52,晋原第一村国际温泉度假酒店,晋原街道,酒店,工作日,55.9,54.7,739,45818,途家,756,50
2026-10-30,m52,晋原第一村国际温泉度假酒店,晋原街道,酒店,工作日,56.8,52.9,721,45423,飞猪,721,52
2026-10-30,m52,晋原第一村国际温泉度假酒店,晋原街道,酒店,工作日,56.8,52.9,721,45423,去哪儿,711,52
2026-10-30,m52,晋原第一村国际温泉度假酒店,晋原街道,酒店,工作日,56.8,52.9,721,45423,同程,703,53
2026-10-30,m52,晋原第一村国际温泉度假酒店,晋原街道,酒店,工作日,56.8,52.9,721,45423,途家,749,52
2026-10-31,m52,晋原第一村国际温泉度假酒店,晋原街道,酒店,周末,80.2,74.8,850,75650,飞猪,847,28
2026-10-31,m52,晋原第一村国际温泉度假酒店,晋原街道,酒店,周末,80.2,74.8,850,75650,去哪儿,841,28
2026-10-31,m52,晋原第一村国际温泉度假酒店,晋原街道,酒店,周末,80.2,74.8,850,75650,同程,838,28
2026-10-31,m52,晋原第一村国际温泉度假酒店,晋原街道,酒店,周末,80.2,74.8,850,75650,途家,873,28
2026-10-01,m53,晋原逸景假日酒店,晋原街道,酒店,国庆,77.6,71.4,1492,176056,携程,1495,44
2026-10-01,m53,晋原逸景假日酒店,晋原街道,酒店,国庆,77.6,71.4,1492,176056,美团,1463,44
2026-10-01,m53,晋原逸景假日酒店,晋原街道,酒店,国庆,77.6,71.4,1492,176056,飞猪,1498,43
2026-10-01,m53,晋原逸景假日酒店,晋原街道,酒店,国庆,77.6,71.4,1492,176056,去哪儿,1469,43
2026-10-01,m53,晋原逸景假日酒店,晋原街道,酒店,国庆,77.6,71.4,1492,176056,途家,1536,43
2026-10-02,m53,晋原逸景假日酒店,晋原街道,酒店,国庆,78.3,74.1,1504,178976,携程,1510,40
2026-10-02,m53,晋原逸景假日酒店,晋原街道,酒店,国庆,78.3,74.1,1504,178976,美团,1481,40
2026-10-02,m53,晋原逸景假日酒店,晋原街道,酒店,国庆,78.3,74.1,1504,178976,飞猪,1516,39
2026-10-02,m53,晋原逸景假日酒店,晋原街道,酒店,国庆,78.3,74.1,1504,178976,去哪儿,1474,39
2026-10-02,m53,晋原逸景假日酒店,晋原街道,酒店,国庆,78.3,74.1,1504,178976,途家,1540,39
2026-10-03,m53,晋原逸景假日酒店,晋原街道,酒店,国庆,75.7,73.7,1448,166520,携程,1464,40
2026-10-03,m53,晋原逸景假日酒店,晋原街道,酒店,国庆,75.7,73.7,1448,166520,美团,1416,40
2026-10-03,m53,晋原逸景假日酒店,晋原街道,酒店,国庆,75.7,73.7,1448,166520,飞猪,1436,40
2026-10-03,m53,晋原逸景假日酒店,晋原街道,酒店,国庆,75.7,73.7,1448,166520,去哪儿,1433,40
2026-10-03,m53,晋原逸景假日酒店,晋原街道,酒店,国庆,75.7,73.7,1448,166520,途家,1489,40
2026-10-04,m53,晋原逸景假日酒店,晋原街道,酒店,国庆,81.6,77.5,1486,184264,携程,1504,34
2026-10-04,m53,晋原逸景假日酒店,晋原街道,酒店,国庆,81.6,77.5,1486,184264,美团,1459,35
2026-10-04,m53,晋原逸景假日酒店,晋原街道,酒店,国庆,81.6,77.5,1486,184264,飞猪,1472,34
2026-10-04,m53,晋原逸景假日酒店,晋原街道,酒店,国庆,81.6,77.5,1486,184264,去哪儿,1479,34
2026-10-04,m53,晋原逸景假日酒店,晋原街道,酒店,国庆,81.6,77.5,1486,184264,途家,1517,34
2026-10-05,m53,晋原逸景假日酒店,晋原街道,酒店,国庆,79.6,72.9,1468,177628,携程,1484,42
2026-10-05,m53,晋原逸景假日酒店,晋原街道,酒店,国庆,79.6,72.9,1468,177628,美团,1430,41
2026-10-05,m53,晋原逸景假日酒店,晋原街道,酒店,国庆,79.6,72.9,1468,177628,飞猪,1462,41
2026-10-05,m53,晋原逸景假日酒店,晋原街道,酒店,国庆,79.6,72.9,1468,177628,去哪儿,1447,41
2026-10-05,m53,晋原逸景假日酒店,晋原街道,酒店,国庆,79.6,72.9,1468,177628,途家,1518,41
2026-10-06,m53,晋原逸景假日酒店,晋原街道,酒店,国庆,75.0,73.3,1482,168948,携程,1486,41
2026-10-06,m53,晋原逸景假日酒店,晋原街道,酒店,国庆,75.0,73.3,1482,168948,美团,1447,41
2026-10-06,m53,晋原逸景假日酒店,晋原街道,酒店,国庆,75.0,73.3,1482,168948,飞猪,1489,41
2026-10-06,m53,晋原逸景假日酒店,晋原街道,酒店,国庆,75.0,73.3,1482,168948,去哪儿,1466,40
2026-10-06,m53,晋原逸景假日酒店,晋原街道,酒店,国庆,75.0,73.3,1482,168948,途家,1524,40
2026-10-07,m53,晋原逸景假日酒店,晋原街道,酒店,国庆,78.3,70.9,1480,176120,携程,1491,44
2026-10-07,m53,晋原逸景假日酒店,晋原街道,酒店,国庆,78.3,70.9,1480,176120,美团,1438,45
2026-10-07,m53,晋原逸景假日酒店,晋原街道,酒店,国庆,78.3,70.9,1480,176120,飞猪,1474,44
2026-10-07,m53,晋原逸景假日酒店,晋原街道,酒店,国庆,78.3,70.9,1480,176120,去哪儿,1462,44
2026-10-07,m53,晋原逸景假日酒店,晋原街道,酒店,国庆,78.3,70.9,1480,176120,途家,1537,44
2026-10-08,m53,晋原逸景假日酒店,晋原街道,酒店,国庆,77.6,71.4,1483,174994,携程,1507,43
2026-10-08,m53,晋原逸景假日酒店,晋原街道,酒店,国庆,77.6,71.4,1483,174994,美团,1439,44
2026-10-08,m53,晋原逸景假日酒店,晋原街道,酒店,国庆,77.6,71.4,1483,174994,飞猪,1472,44
2026-10-08,m53,晋原逸景假日酒店,晋原街道,酒店,国庆,77.6,71.4,1483,174994,去哪儿,1476,43
2026-10-08,m53,晋原逸景假日酒店,晋原街道,酒店,国庆,77.6,71.4,1483,174994,途家,1520,43
2026-10-09,m53,晋原逸景假日酒店,晋原街道,酒店,工作日,61.8,57.6,845,79430,携程,853,65
2026-10-09,m53,晋原逸景假日酒店,晋原街道,酒店,工作日,61.8,57.6,845,79430,美团,826,65
2026-10-09,m53,晋原逸景假日酒店,晋原街道,酒店,工作日,61.8,57.6,845,79430,飞猪,838,64
2026-10-09,m53,晋原逸景假日酒店,晋原街道,酒店,工作日,61.8,57.6,845,79430,去哪儿,840,64
2026-10-09,m53,晋原逸景假日酒店,晋原街道,酒店,工作日,61.8,57.6,845,79430,途家,868,64
2026-10-10,m53,晋原逸景假日酒店,晋原街道,酒店,周末,70.4,68.4,988,105716,携程,1005,48
2026-10-10,m53,晋原逸景假日酒店,晋原街道,酒店,周末,70.4,68.4,988,105716,美团,965,48
2026-10-10,m53,晋原逸景假日酒店,晋原街道,酒店,周末,70.4,68.4,988,105716,飞猪,983,48
2026-10-10,m53,晋原逸景假日酒店,晋原街道,酒店,周末,70.4,68.4,988,105716,去哪儿,978,48
2026-10-10,m53,晋原逸景假日酒店,晋原街道,酒店,周末,70.4,68.4,988,105716,途家,1009,48
2026-10-11,m53,晋原逸景假日酒店,晋原街道,酒店,周末,77.6,72.2,984,116112,携程,978,42
2026-10-11,m53,晋原逸景假日酒店,晋原街道,酒店,周末,77.6,72.2,984,116112,美团,961,42
2026-10-11,m53,晋原逸景假日酒店,晋原街道,酒店,周末,77.6,72.2,984,116112,飞猪,986,43
2026-10-11,m53,晋原逸景假日酒店,晋原街道,酒店,周末,77.6,72.2,984,116112,去哪儿,972,42
2026-10-11,m53,晋原逸景假日酒店,晋原街道,酒店,周末,77.6,72.2,984,116112,途家,1021,42
2026-10-12,m53,晋原逸景假日酒店,晋原街道,酒店,工作日,59.9,57.0,857,77987,携程,872,65
2026-10-12,m53,晋原逸景假日酒店,晋原街道,酒店,工作日,59.9,57.0,857,77987,美团,830,66
2026-10-12,m53,晋原逸景假日酒店,晋原街道,酒店,工作日,59.9,57.0,857,77987,飞猪,854,66
2026-10-12,m53,晋原逸景假日酒店,晋原街道,酒店,工作日,59.9,57.0,857,77987,去哪儿,845,65
2026-10-12,m53,晋原逸景假日酒店,晋原街道,酒店,工作日,59.9,57.0,857,77987,途家,884,65
2026-10-13,m53,晋原逸景假日酒店,晋原街道,酒店,工作日,59.9,57.6,846,76986,携程,863,65
2026-10-13,m53,晋原逸景假日酒店,晋原街道,酒店,工作日,59.9,57.6,846,76986,美团,824,65
2026-10-13,m53,晋原逸景假日酒店,晋原街道,酒店,工作日,59.9,57.6,846,76986,飞猪,843,64
2026-10-13,m53,晋原逸景假日酒店,晋原街道,酒店,工作日,59.9,57.6,846,76986,去哪儿,837,64
2026-10-13,m53,晋原逸景假日酒店,晋原街道,酒店,工作日,59.9,57.6,846,76986,途家,864,64
2026-10-14,m53,晋原逸景假日酒店,晋原街道,酒店,工作日,67.1,61.7,870,88740,携程,872,58
2026-10-14,m53,晋原逸景假日酒店,晋原街道,酒店,工作日,67.1,61.7,870,88740,美团,850,59
2026-10-14,m53,晋原逸景假日酒店,晋原街道,酒店,工作日,67.1,61.7,870,88740,飞猪,865,58
2026-10-14,m53,晋原逸景假日酒店,晋原街道,酒店,工作日,67.1,61.7,870,88740,去哪儿,866,58
2026-10-14,m53,晋原逸景假日酒店,晋原街道,酒店,工作日,67.1,61.7,870,88740,途家,896,58
2026-10-15,m53,晋原逸景假日酒店,晋原街道,酒店,工作日,65.8,61.7,866,86600,携程,868,58
2026-10-15,m53,晋原逸景假日酒店,晋原街道,酒店,工作日,65.8,61.7,866,86600,美团,846,58
2026-10-15,m53,晋原逸景假日酒店,晋原街道,酒店,工作日,65.8,61.7,866,86600,飞猪,865,59
2026-10-15,m53,晋原逸景假日酒店,晋原街道,酒店,工作日,65.8,61.7,866,86600,去哪儿,857,58
2026-10-15,m53,晋原逸景假日酒店,晋原街道,酒店,工作日,65.8,61.7,866,86600,途家,892,58
2026-10-16,m53,晋原逸景假日酒店,晋原街道,酒店,工作日,69.7,65.0,867,91902,携程,863,53
2026-10-16,m53,晋原逸景假日酒店,晋原街道,酒店,工作日,69.7,65.0,867,91902,美团,851,53
2026-10-16,m53,晋原逸景假日酒店,晋原街道,酒店,工作日,69.7,65.0,867,91902,飞猪,869,54
2026-10-16,m53,晋原逸景假日酒店,晋原街道,酒店,工作日,69.7,65.0,867,91902,去哪儿,865,53
2026-10-16,m53,晋原逸景假日酒店,晋原街道,酒店,工作日,69.7,65.0,867,91902,途家,886,53
2026-10-17,m53,晋原逸景假日酒店,晋原街道,酒店,周末,74.3,69.5,975,110175,携程,974,46
2026-10-17,m53,晋原逸景假日酒店,晋原街道,酒店,周末,74.3,69.5,975,110175,美团,955,47
2026-10-17,m53,晋原逸景假日酒店,晋原街道,酒店,周末,74.3,69.5,975,110175,飞猪,978,47
2026-10-17,m53,晋原逸景假日酒店,晋原街道,酒店,周末,74.3,69.5,975,110175,去哪儿,961,46
2026-10-17,m53,晋原逸景假日酒店,晋原街道,酒店,周末,74.3,69.5,975,110175,途家,1007,46
2026-10-18,m53,晋原逸景假日酒店,晋原街道,酒店,周末,69.7,68.2,985,104410,携程,998,49
2026-10-18,m53,晋原逸景假日酒店,晋原街道,酒店,周末,69.7,68.2,985,104410,美团,959,49
2026-10-18,m53,晋原逸景假日酒店,晋原街道,酒店,周末,69.7,68.2,985,104410,飞猪,978,48
2026-10-18,m53,晋原逸景假日酒店,晋原街道,酒店,周末,69.7,68.2,985,104410,去哪儿,979,48
2026-10-18,m53,晋原逸景假日酒店,晋原街道,酒店,周末,69.7,68.2,985,104410,途家,1013,48
2026-10-19,m53,晋原逸景假日酒店,晋原街道,酒店,工作日,60.5,59.1,865,79580,携程,874,62
2026-10-19,m53,晋原逸景假日酒店,晋原街道,酒店,工作日,60.5,59.1,865,79580,美团,843,63
2026-10-19,m53,晋原逸景假日酒店,晋原街道,酒店,工作日,60.5,59.1,865,79580,飞猪,867,62
2026-10-19,m53,晋原逸景假日酒店,晋原街道,酒店,工作日,60.5,59.1,865,79580,去哪儿,856,62
2026-10-19,m53,晋原逸景假日酒店,晋原街道,酒店,工作日,60.5,59.1,865,79580,途家,884,62
2026-10-20,m53,晋原逸景假日酒店,晋原街道,酒店,工作日,57.9,55.1,850,74800,携程,860,68
2026-10-20,m53,晋原逸景假日酒店,晋原街道,酒店,工作日,57.9,55.1,850,74800,美团,835,69
2026-10-20,m53,晋原逸景假日酒店,晋原街道,酒店,工作日,57.9,55.1,850,74800,飞猪,847,68
2026-10-20,m53,晋原逸景假日酒店,晋原街道,酒店,工作日,57.9,55.1,850,74800,去哪儿,834,68
2026-10-20,m53,晋原逸景假日酒店,晋原街道,酒店,工作日,57.9,55.1,850,74800,途家,875,68
2026-10-21,m53,晋原逸景假日酒店,晋原街道,酒店,工作日,59.9,56.3,861,78351,携程,875,67
2026-10-21,m53,晋原逸景假日酒店,晋原街道,酒店,工作日,59.9,56.3,861,78351,美团,838,67
2026-10-21,m53,晋原逸景假日酒店,晋原街道,酒店,工作日,59.9,56.3,861,78351,飞猪,854,66
2026-10-21,m53,晋原逸景假日酒店,晋原街道,酒店,工作日,59.9,56.3,861,78351,去哪儿,856,66
2026-10-21,m53,晋原逸景假日酒店,晋原街道,酒店,工作日,59.9,56.3,861,78351,途家,882,66
2026-10-22,m53,晋原逸景假日酒店,晋原街道,酒店,工作日,64.5,62.4,858,84084,携程,865,58
2026-10-22,m53,晋原逸景假日酒店,晋原街道,酒店,工作日,64.5,62.4,858,84084,美团,839,57
2026-10-22,m53,晋原逸景假日酒店,晋原街道,酒店,工作日,64.5,62.4,858,84084,飞猪,849,57
2026-10-22,m53,晋原逸景假日酒店,晋原街道,酒店,工作日,64.5,62.4,858,84084,去哪儿,856,57
2026-10-22,m53,晋原逸景假日酒店,晋原街道,酒店,工作日,64.5,62.4,858,84084,途家,881,57
2026-10-23,m53,晋原逸景假日酒店,晋原街道,酒店,工作日,61.8,58.9,856,80464,携程,863,62
2026-10-23,m53,晋原逸景假日酒店,晋原街道,酒店,工作日,61.8,58.9,856,80464,美团,838,63
2026-10-23,m53,晋原逸景假日酒店,晋原街道,酒店,工作日,61.8,58.9,856,80464,飞猪,853,63
2026-10-23,m53,晋原逸景假日酒店,晋原街道,酒店,工作日,61.8,58.9,856,80464,去哪儿,848,62
2026-10-23,m53,晋原逸景假日酒店,晋原街道,酒店,工作日,61.8,58.9,856,80464,途家,878,62
2026-10-24,m53,晋原逸景假日酒店,晋原街道,酒店,周末,71.1,67.6,977,105516,携程,990,49
2026-10-24,m53,晋原逸景假日酒店,晋原街道,酒店,周末,71.1,67.6,977,105516,美团,954,50
2026-10-24,m53,晋原逸景假日酒店,晋原街道,酒店,周末,71.1,67.6,977,105516,飞猪,975,49
2026-10-24,m53,晋原逸景假日酒店,晋原街道,酒店,周末,71.1,67.6,977,105516,去哪儿,963,49
2026-10-24,m53,晋原逸景假日酒店,晋原街道,酒店,周末,71.1,67.6,977,105516,途家,1004,49
2026-10-25,m53,晋原逸景假日酒店,晋原街道,酒店,周末,74.3,71.7,979,110627,携程,981,43
2026-10-25,m53,晋原逸景假日酒店,晋原街道,酒店,周末,74.3,71.7,979,110627,美团,957,43
2026-10-25,m53,晋原逸景假日酒店,晋原街道,酒店,周末,74.3,71.7,979,110627,飞猪,984,43
2026-10-25,m53,晋原逸景假日酒店,晋原街道,酒店,周末,74.3,71.7,979,110627,去哪儿,959,43
2026-10-25,m53,晋原逸景假日酒店,晋原街道,酒店,周末,74.3,71.7,979,110627,途家,1014,43
2026-10-26,m53,晋原逸景假日酒店,晋原街道,酒店,工作日,61.8,58.3,859,80746,携程,868,63
2026-10-26,m53,晋原逸景假日酒店,晋原街道,酒店,工作日,61.8,58.3,859,80746,美团,839,64
2026-10-26,m53,晋原逸景假日酒店,晋原街道,酒店,工作日,61.8,58.3,859,80746,飞猪,857,64
2026-10-26,m53,晋原逸景假日酒店,晋原街道,酒店,工作日,61.8,58.3,859,80746,去哪儿,846,63
2026-10-26,m53,晋原逸景假日酒店,晋原街道,酒店,工作日,61.8,58.3,859,80746,途家,886,63
2026-10-27,m53,晋原逸景假日酒店,晋原街道,酒店,工作日,61.2,56.4,850,79050,携程,860,66
2026-10-27,m53,晋原逸景假日酒店,晋原街道,酒店,工作日,61.2,56.4,850,79050,美团,826,67
2026-10-27,m53,晋原逸景假日酒店,晋原街道,酒店,工作日,61.2,56.4,850,79050,飞猪,856,66
2026-10-27,m53,晋原逸景假日酒店,晋原街道,酒店,工作日,61.2,56.4,850,79050,去哪儿,836,66
2026-10-27,m53,晋原逸景假日酒店,晋原街道,酒店,工作日,61.2,56.4,850,79050,途家,874,66
2026-10-28,m53,晋原逸景假日酒店,晋原街道,酒店,工作日,62.5,58.4,849,80655,携程,852,64
2026-10-28,m53,晋原逸景假日酒店,晋原街道,酒店,工作日,62.5,58.4,849,80655,美团,826,63
2026-10-28,m53,晋原逸景假日酒店,晋原街道,酒店,工作日,62.5,58.4,849,80655,飞猪,837,63
2026-10-28,m53,晋原逸景假日酒店,晋原街道,酒店,工作日,62.5,58.4,849,80655,去哪儿,846,63
2026-10-28,m53,晋原逸景假日酒店,晋原街道,酒店,工作日,62.5,58.4,849,80655,途家,882,63
2026-10-29,m53,晋原逸景假日酒店,晋原街道,酒店,工作日,75.7,68.9,865,99475,携程,867,47
2026-10-29,m53,晋原逸景假日酒店,晋原街道,酒店,工作日,75.7,68.9,865,99475,美团,852,48
2026-10-29,m53,晋原逸景假日酒店,晋原街道,酒店,工作日,75.7,68.9,865,99475,飞猪,870,47
2026-10-29,m53,晋原逸景假日酒店,晋原街道,酒店,工作日,75.7,68.9,865,99475,去哪儿,847,47
2026-10-29,m53,晋原逸景假日酒店,晋原街道,酒店,工作日,75.7,68.9,865,99475,途家,891,47
2026-10-30,m53,晋原逸景假日酒店,晋原街道,酒店,工作日,70.4,67.8,871,93197,携程,877,49
2026-10-30,m53,晋原逸景假日酒店,晋原街道,酒店,工作日,70.4,67.8,871,93197,美团,857,49
2026-10-30,m53,晋原逸景假日酒店,晋原街道,酒店,工作日,70.4,67.8,871,93197,飞猪,865,49
2026-10-30,m53,晋原逸景假日酒店,晋原街道,酒店,工作日,70.4,67.8,871,93197,去哪儿,866,49
2026-10-30,m53,晋原逸景假日酒店,晋原街道,酒店,工作日,70.4,67.8,871,93197,途家,891,49
2026-10-31,m53,晋原逸景假日酒店,晋原街道,酒店,周末,65.8,63.7,960,96000,携程,970,55
2026-10-31,m53,晋原逸景假日酒店,晋原街道,酒店,周末,65.8,63.7,960,96000,美团,943,56
2026-10-31,m53,晋原逸景假日酒店,晋原街道,酒店,周末,65.8,63.7,960,96000,飞猪,956,55
2026-10-31,m53,晋原逸景假日酒店,晋原街道,酒店,周末,65.8,63.7,960,96000,去哪儿,943,55
2026-10-31,m53,晋原逸景假日酒店,晋原街道,酒店,周末,65.8,63.7,960,96000,途家,986,55
2026-10-01,m54,晋原兰庭大酒店,晋原街道,酒店,国庆,73.6,69.7,1005,117585,携程,1004,49
2026-10-01,m54,晋原兰庭大酒店,晋原街道,酒店,国庆,73.6,69.7,1005,117585,飞猪,994,48
2026-10-01,m54,晋原兰庭大酒店,晋原街道,酒店,国庆,73.6,69.7,1005,117585,去哪儿,987,48
2026-10-01,m54,晋原兰庭大酒店,晋原街道,酒店,国庆,73.6,69.7,1005,117585,途家,1033,48
2026-10-02,m54,晋原兰庭大酒店,晋原街道,酒店,国庆,79.2,74.7,1023,128898,携程,1033,41
2026-10-02,m54,晋原兰庭大酒店,晋原街道,酒店,国庆,79.2,74.7,1023,128898,飞猪,1011,40
2026-10-02,m54,晋原兰庭大酒店,晋原街道,酒店,国庆,79.2,74.7,1023,128898,去哪儿,1004,40
2026-10-02,m54,晋原兰庭大酒店,晋原街道,酒店,国庆,79.2,74.7,1023,128898,途家,1043,40
2026-10-03,m54,晋原兰庭大酒店,晋原街道,酒店,国庆,78.6,71.1,993,124125,携程,989,46
2026-10-03,m54,晋原兰庭大酒店,晋原街道,酒店,国庆,78.6,71.1,993,124125,飞猪,987,46
2026-10-03,m54,晋原兰庭大酒店,晋原街道,酒店,国庆,78.6,71.1,993,124125,去哪儿,980,46
2026-10-03,m54,晋原兰庭大酒店,晋原街道,酒店,国庆,78.6,71.1,993,124125,途家,1017,46
2026-10-04,m54,晋原兰庭大酒店,晋原街道,酒店,国庆,82.4,77.4,1016,133096,携程,1020,36
2026-10-04,m54,晋原兰庭大酒店,晋原街道,酒店,国庆,82.4,77.4,1016,133096,飞猪,1006,36
2026-10-04,m54,晋原兰庭大酒店,晋原街道,酒店,国庆,82.4,77.4,1016,133096,去哪儿,992,36
2026-10-04,m54,晋原兰庭大酒店,晋原街道,酒店,国庆,82.4,77.4,1016,133096,途家,1044,36
2026-10-05,m54,晋原兰庭大酒店,晋原街道,酒店,国庆,81.1,76.1,1016,131064,携程,1019,38
2026-10-05,m54,晋原兰庭大酒店,晋原街道,酒店,国庆,81.1,76.1,1016,131064,飞猪,1006,38
2026-10-05,m54,晋原兰庭大酒店,晋原街道,酒店,国庆,81.1,76.1,1016,131064,去哪儿,1001,38
2026-10-05,m54,晋原兰庭大酒店,晋原街道,酒店,国庆,81.1,76.1,1016,131064,途家,1037,38
2026-10-06,m54,晋原兰庭大酒店,晋原街道,酒店,国庆,76.7,74.1,1009,123098,携程,1021,42
2026-10-06,m54,晋原兰庭大酒店,晋原街道,酒店,国庆,76.7,74.1,1009,123098,飞猪,999,41
2026-10-06,m54,晋原兰庭大酒店,晋原街道,酒店,国庆,76.7,74.1,1009,123098,去哪儿,990,41
2026-10-06,m54,晋原兰庭大酒店,晋原街道,酒店,国庆,76.7,74.1,1009,123098,途家,1026,41
2026-10-07,m54,晋原兰庭大酒店,晋原街道,酒店,国庆,83.6,81.6,1025,136325,携程,1025,29
2026-10-07,m54,晋原兰庭大酒店,晋原街道,酒店,国庆,83.6,81.6,1025,136325,飞猪,1010,30
2026-10-07,m54,晋原兰庭大酒店,晋原街道,酒店,国庆,83.6,81.6,1025,136325,去哪儿,1011,29
2026-10-07,m54,晋原兰庭大酒店,晋原街道,酒店,国庆,83.6,81.6,1025,136325,途家,1054,29
2026-10-08,m54,晋原兰庭大酒店,晋原街道,酒店,国庆,76.1,72.2,1016,122936,携程,1012,45
2026-10-08,m54,晋原兰庭大酒店,晋原街道,酒店,国庆,76.1,72.2,1016,122936,飞猪,1018,44
2026-10-08,m54,晋原兰庭大酒店,晋原街道,酒店,国庆,76.1,72.2,1016,122936,去哪儿,992,44
2026-10-08,m54,晋原兰庭大酒店,晋原街道,酒店,国庆,76.1,72.2,1016,122936,途家,1040,44
2026-10-09,m54,晋原兰庭大酒店,晋原街道,酒店,工作日,55.3,52.0,575,50600,携程,575,77
2026-10-09,m54,晋原兰庭大酒店,晋原街道,酒店,工作日,55.3,52.0,575,50600,飞猪,569,76
2026-10-09,m54,晋原兰庭大酒店,晋原街道,酒店,工作日,55.3,52.0,575,50600,去哪儿,567,76
2026-10-09,m54,晋原兰庭大酒店,晋原街道,酒店,工作日,55.3,52.0,575,50600,途家,589,76
2026-10-10,m54,晋原兰庭大酒店,晋原街道,酒店,周末,70.4,66.0,660,73920,携程,661,54
2026-10-10,m54,晋原兰庭大酒店,晋原街道,酒店,周末,70.4,66.0,660,73920,飞猪,652,54
2026-10-10,m54,晋原兰庭大酒店,晋原街道,酒店,周末,70.4,66.0,660,73920,去哪儿,655,54
2026-10-10,m54,晋原兰庭大酒店,晋原街道,酒店,周末,70.4,66.0,660,73920,途家,673,54
2026-10-11,m54,晋原兰庭大酒店,晋原街道,酒店,周末,71.1,68.6,670,75710,携程,672,50
2026-10-11,m54,晋原兰庭大酒店,晋原街道,酒店,周末,71.1,68.6,670,75710,飞猪,664,50
2026-10-11,m54,晋原兰庭大酒店,晋原街道,酒店,周末,71.1,68.6,670,75710,去哪儿,662,50
2026-10-11,m54,晋原兰庭大酒店,晋原街道,酒店,周末,71.1,68.6,670,75710,途家,682,50
2026-10-12,m54,晋原兰庭大酒店,晋原街道,酒店,工作日,66.0,63.2,587,61635,携程,592,59
2026-10-12,m54,晋原兰庭大酒店,晋原街道,酒店,工作日,66.0,63.2,587,61635,飞猪,583,59
2026-10-12,m54,晋原兰庭大酒店,晋原街道,酒店,工作日,66.0,63.2,587,61635,去哪儿,572,58
2026-10-12,m54,晋原兰庭大酒店,晋原街道,酒店,工作日,66.0,63.2,587,61635,途家,599,58
2026-10-13,m54,晋原兰庭大酒店,晋原街道,酒店,工作日,62.9,60.4,578,57800,携程,579,63
2026-10-13,m54,晋原兰庭大酒店,晋原街道,酒店,工作日,62.9,60.4,578,57800,飞猪,578,63
2026-10-13,m54,晋原兰庭大酒店,晋原街道,酒店,工作日,62.9,60.4,578,57800,去哪儿,564,63
2026-10-13,m54,晋原兰庭大酒店,晋原街道,酒店,工作日,62.9,60.4,578,57800,途家,590,63
2026-10-14,m54,晋原兰庭大酒店,晋原街道,酒店,工作日,58.5,56.6,583,54219,携程,585,69
2026-10-14,m54,晋原兰庭大酒店,晋原街道,酒店,工作日,58.5,56.6,583,54219,飞猪,578,69
2026-10-14,m54,晋原兰庭大酒店,晋原街道,酒店,工作日,58.5,56.6,583,54219,去哪儿,571,69
2026-10-14,m54,晋原兰庭大酒店,晋原街道,酒店,工作日,58.5,56.6,583,54219,途家,597,69
2026-10-15,m54,晋原兰庭大酒店,晋原街道,酒店,工作日,57.9,54.6,583,53636,携程,585,72
2026-10-15,m54,晋原兰庭大酒店,晋原街道,酒店,工作日,57.9,54.6,583,53636,飞猪,577,73
2026-10-15,m54,晋原兰庭大酒店,晋原街道,酒店,工作日,57.9,54.6,583,53636,去哪儿,573,72
2026-10-15,m54,晋原兰庭大酒店,晋原街道,酒店,工作日,57.9,54.6,583,53636,途家,597,72
2026-10-16,m54,晋原兰庭大酒店,晋原街道,酒店,工作日,62.3,59.6,580,57420,携程,583,64
2026-10-16,m54,晋原兰庭大酒店,晋原街道,酒店,工作日,62.3,59.6,580,57420,飞猪,576,65
2026-10-16,m54,晋原兰庭大酒店,晋原街道,酒店,工作日,62.3,59.6,580,57420,去哪儿,571,64
2026-10-16,m54,晋原兰庭大酒店,晋原街道,酒店,工作日,62.3,59.6,580,57420,途家,590,64
2026-10-17,m54,晋原兰庭大酒店,晋原街道,酒店,周末,72.3,70.3,668,76820,携程,670,47
2026-10-17,m54,晋原兰庭大酒店,晋原街道,酒店,周末,72.3,70.3,668,76820,飞猪,662,48
2026-10-17,m54,晋原兰庭大酒店,晋原街道,酒店,周末,72.3,70.3,668,76820,去哪儿,659,47
2026-10-17,m54,晋原兰庭大酒店,晋原街道,酒店,周末,72.3,70.3,668,76820,途家,682,47
2026-10-18,m54,晋原兰庭大酒店,晋原街道,酒店,周末,76.7,71.5,668,81496,携程,670,45
2026-10-18,m54,晋原兰庭大酒店,晋原街道,酒店,周末,76.7,71.5,668,81496,飞猪,664,46
2026-10-18,m54,晋原兰庭大酒店,晋原街道,酒店,周末,76.7,71.5,668,81496,去哪儿,656,45
2026-10-18,m54,晋原兰庭大酒店,晋原街道,酒店,周末,76.7,71.5,668,81496,途家,683,45
2026-10-19,m54,晋原兰庭大酒店,晋原街道,酒店,工作日,58.5,55.8,579,53847,携程,581,70
2026-10-19,m54,晋原兰庭大酒店,晋原街道,酒店,工作日,58.5,55.8,579,53847,飞猪,570,71
2026-10-19,m54,晋原兰庭大酒店,晋原街道,酒店,工作日,58.5,55.8,579,53847,去哪儿,572,70
2026-10-19,m54,晋原兰庭大酒店,晋原街道,酒店,工作日,58.5,55.8,579,53847,途家,592,70
2026-10-20,m54,晋原兰庭大酒店,晋原街道,酒店,工作日,58.5,56.0,581,54033,携程,587,70
2026-10-20,m54,晋原兰庭大酒店,晋原街道,酒店,工作日,58.5,56.0,581,54033,飞猪,571,70
2026-10-20,m54,晋原兰庭大酒店,晋原街道,酒店,工作日,58.5,56.0,581,54033,去哪儿,570,70
2026-10-20,m54,晋原兰庭大酒店,晋原街道,酒店,工作日,58.5,56.0,581,54033,途家,594,70
2026-10-21,m54,晋原兰庭大酒店,晋原街道,酒店,工作日,61.6,57.2,581,56938,携程,576,68
2026-10-21,m54,晋原兰庭大酒店,晋原街道,酒店,工作日,61.6,57.2,581,56938,飞猪,579,68
2026-10-21,m54,晋原兰庭大酒店,晋原街道,酒店,工作日,61.6,57.2,581,56938,去哪儿,568,68
2026-10-21,m54,晋原兰庭大酒店,晋原街道,酒店,工作日,61.6,57.2,581,56938,途家,599,68
2026-10-22,m54,晋原兰庭大酒店,晋原街道,酒店,工作日,61.0,58.3,581,56357,携程,581,67
2026-10-22,m54,晋原兰庭大酒店,晋原街道,酒店,工作日,61.0,58.3,581,56357,飞猪,580,66
2026-10-22,m54,晋原兰庭大酒店,晋原街道,酒店,工作日,61.0,58.3,581,56357,去哪儿,567,66
2026-10-22,m54,晋原兰庭大酒店,晋原街道,酒店,工作日,61.0,58.3,581,56357,途家,594,66
2026-10-23,m54,晋原兰庭大酒店,晋原街道,酒店,工作日,61.0,59.7,584,56648,携程,584,64
2026-10-23,m54,晋原兰庭大酒店,晋原街道,酒店,工作日,61.0,59.7,584,56648,飞猪,581,64
2026-10-23,m54,晋原兰庭大酒店,晋原街道,酒店,工作日,61.0,59.7,584,56648,去哪儿,575,64
2026-10-23,m54,晋原兰庭大酒店,晋原街道,酒店,工作日,61.0,59.7,584,56648,途家,596,64
2026-10-24,m54,晋原兰庭大酒店,晋原街道,酒店,周末,76.1,72.3,673,81433,携程,678,44
2026-10-24,m54,晋原兰庭大酒店,晋原街道,酒店,周末,76.1,72.3,673,81433,飞猪,668,44
2026-10-24,m54,晋原兰庭大酒店,晋原街道,酒店,周末,76.1,72.3,673,81433,去哪儿,662,44
2026-10-24,m54,晋原兰庭大酒店,晋原街道,酒店,周末,76.1,72.3,673,81433,途家,683,44
2026-10-25,m54,晋原兰庭大酒店,晋原街道,酒店,周末,73.0,70.4,681,78996,携程,688,47
2026-10-25,m54,晋原兰庭大酒店,晋原街道,酒店,周末,73.0,70.4,681,78996,飞猪,672,47
2026-10-25,m54,晋原兰庭大酒店,晋原街道,酒店,周末,73.0,70.4,681,78996,去哪儿,667,47
2026-10-25,m54,晋原兰庭大酒店,晋原街道,酒店,周末,73.0,70.4,681,78996,途家,698,47
2026-10-26,m54,晋原兰庭大酒店,晋原街道,酒店,工作日,62.9,62.1,587,58700,携程,590,60
2026-10-26,m54,晋原兰庭大酒店,晋原街道,酒店,工作日,62.9,62.1,587,58700,飞猪,582,61
2026-10-26,m54,晋原兰庭大酒店,晋原街道,酒店,工作日,62.9,62.1,587,58700,去哪儿,571,60
2026-10-26,m54,晋原兰庭大酒店,晋原街道,酒店,工作日,62.9,62.1,587,58700,途家,606,60
2026-10-27,m54,晋原兰庭大酒店,晋原街道,酒店,工作日,64.8,60.8,583,60049,携程,586,62
2026-10-27,m54,晋原兰庭大酒店,晋原街道,酒店,工作日,64.8,60.8,583,60049,飞猪,578,63
2026-10-27,m54,晋原兰庭大酒店,晋原街道,酒店,工作日,64.8,60.8,583,60049,去哪儿,572,62
2026-10-27,m54,晋原兰庭大酒店,晋原街道,酒店,工作日,64.8,60.8,583,60049,途家,596,62
2026-10-28,m54,晋原兰庭大酒店,晋原街道,酒店,工作日,62.9,60.2,586,58600,携程,586,64
2026-10-28,m54,晋原兰庭大酒店,晋原街道,酒店,工作日,62.9,60.2,586,58600,飞猪,583,63
2026-10-28,m54,晋原兰庭大酒店,晋原街道,酒店,工作日,62.9,60.2,586,58600,去哪儿,577,63
2026-10-28,m54,晋原兰庭大酒店,晋原街道,酒店,工作日,62.9,60.2,586,58600,途家,598,63
2026-10-29,m54,晋原兰庭大酒店,晋原街道,酒店,工作日,64.8,60.8,594,61182,携程,597,62
2026-10-29,m54,晋原兰庭大酒店,晋原街道,酒店,工作日,64.8,60.8,594,61182,飞猪,584,63
2026-10-29,m54,晋原兰庭大酒店,晋原街道,酒店,工作日,64.8,60.8,594,61182,去哪儿,584,62
2026-10-29,m54,晋原兰庭大酒店,晋原街道,酒店,工作日,64.8,60.8,594,61182,途家,611,62
2026-10-30,m54,晋原兰庭大酒店,晋原街道,酒店,工作日,64.8,61.6,589,60667,携程,594,61
2026-10-30,m54,晋原兰庭大酒店,晋原街道,酒店,工作日,64.8,61.6,589,60667,飞猪,583,61
2026-10-30,m54,晋原兰庭大酒店,晋原街道,酒店,工作日,64.8,61.6,589,60667,去哪儿,574,61
2026-10-30,m54,晋原兰庭大酒店,晋原街道,酒店,工作日,64.8,61.6,589,60667,途家,606,61
2026-10-31,m54,晋原兰庭大酒店,晋原街道,酒店,周末,81.1,78.5,681,87849,携程,684,34
2026-10-31,m54,晋原兰庭大酒店,晋原街道,酒店,周末,81.1,78.5,681,87849,飞猪,669,35
2026-10-31,m54,晋原兰庭大酒店,晋原街道,酒店,周末,81.1,78.5,681,87849,去哪儿,672,34
2026-10-31,m54,晋原兰庭大酒店,晋原街道,酒店,周末,81.1,78.5,681,87849,途家,697,34
2026-10-01,m55,晋原水岸客栈,晋原街道,客栈,国庆,83.9,73.4,436,11336,携程,439,9
2026-10-01,m55,晋原水岸客栈,晋原街道,客栈,国庆,83.9,73.4,436,11336,美团,426,8
2026-10-01,m55,晋原水岸客栈,晋原街道,客栈,国庆,83.9,73.4,436,11336,飞猪,436,8
2026-10-01,m55,晋原水岸客栈,晋原街道,客栈,国庆,83.9,73.4,436,11336,途家,442,8
2026-10-02,m55,晋原水岸客栈,晋原街道,客栈,国庆,87.1,70.2,446,12042,携程,445,10
2026-10-02,m55,晋原水岸客栈,晋原街道,客栈,国庆,87.1,70.2,446,12042,美团,434,9
2026-10-02,m55,晋原水岸客栈,晋原街道,客栈,国庆,87.1,70.2,446,12042,飞猪,446,9
2026-10-02,m55,晋原水岸客栈,晋原街道,客栈,国庆,87.1,70.2,446,12042,途家,457,9
2026-10-03,m55,晋原水岸客栈,晋原街道,客栈,国庆,74.2,70.2,437,10051,携程,442,9
2026-10-03,m55,晋原水岸客栈,晋原街道,客栈,国庆,74.2,70.2,437,10051,美团,425,10
2026-10-03,m55,晋原水岸客栈,晋原街道,客栈,国庆,74.2,70.2,437,10051,飞猪,435,9
2026-10-03,m55,晋原水岸客栈,晋原街道,客栈,国庆,74.2,70.2,437,10051,途家,446,9
2026-10-04,m55,晋原水岸客栈,晋原街道,客栈,国庆,83.9,82.3,465,12090,携程,467,6
2026-10-04,m55,晋原水岸客栈,晋原街道,客栈,国庆,83.9,82.3,465,12090,美团,450,6
2026-10-04,m55,晋原水岸客栈,晋原街道,客栈,国庆,83.9,82.3,465,12090,飞猪,466,5
2026-10-04,m55,晋原水岸客栈,晋原街道,客栈,国庆,83.9,82.3,465,12090,途家,478,5
2026-10-05,m55,晋原水岸客栈,晋原街道,客栈,国庆,77.4,72.6,429,10296,携程,431,9
2026-10-05,m55,晋原水岸客栈,晋原街道,客栈,国庆,77.4,72.6,429,10296,美团,419,8
2026-10-05,m55,晋原水岸客栈,晋原街道,客栈,国庆,77.4,72.6,429,10296,飞猪,427,9
2026-10-05,m55,晋原水岸客栈,晋原街道,客栈,国庆,77.4,72.6,429,10296,途家,437,8
2026-10-06,m55,晋原水岸客栈,晋原街道,客栈,国庆,90.3,90.3,448,12544,携程,451,3
2026-10-06,m55,晋原水岸客栈,晋原街道,客栈,国庆,90.3,90.3,448,12544,美团,437,3
2026-10-06,m55,晋原水岸客栈,晋原街道,客栈,国庆,90.3,90.3,448,12544,飞猪,442,3
2026-10-06,m55,晋原水岸客栈,晋原街道,客栈,国庆,90.3,90.3,448,12544,途家,463,3
2026-10-07,m55,晋原水岸客栈,晋原街道,客栈,国庆,77.4,72.6,443,10632,携程,443,9
2026-10-07,m55,晋原水岸客栈,晋原街道,客栈,国庆,77.4,72.6,443,10632,美团,431,9
2026-10-07,m55,晋原水岸客栈,晋原街道,客栈,国庆,77.4,72.6,443,10632,飞猪,443,8
2026-10-07,m55,晋原水岸客栈,晋原街道,客栈,国庆,77.4,72.6,443,10632,途家,454,8
2026-10-08,m55,晋原水岸客栈,晋原街道,客栈,国庆,77.4,77.4,457,10968,携程,457,7
2026-10-08,m55,晋原水岸客栈,晋原街道,客栈,国庆,77.4,77.4,457,10968,美团,444,7
2026-10-08,m55,晋原水岸客栈,晋原街道,客栈,国庆,77.4,77.4,457,10968,飞猪,460,7
2026-10-08,m55,晋原水岸客栈,晋原街道,客栈,国庆,77.4,77.4,457,10968,途家,465,7
2026-10-09,m55,晋原水岸客栈,晋原街道,客栈,工作日,71.0,70.2,263,5786,携程,262,9
2026-10-09,m55,晋原水岸客栈,晋原街道,客栈,工作日,71.0,70.2,263,5786,美团,257,9
2026-10-09,m55,晋原水岸客栈,晋原街道,客栈,工作日,71.0,70.2,263,5786,飞猪,263,10
2026-10-09,m55,晋原水岸客栈,晋原街道,客栈,工作日,71.0,70.2,263,5786,途家,268,9
2026-10-10,m55,晋原水岸客栈,晋原街道,客栈,周末,74.2,69.4,281,6463,携程,283,10
2026-10-10,m55,晋原水岸客栈,晋原街道,客栈,周末,74.2,69.4,281,6463,美团,274,9
2026-10-10,m55,晋原水岸客栈,晋原街道,客栈,周末,74.2,69.4,281,6463,飞猪,278,10
2026-10-10,m55,晋原水岸客栈,晋原街道,客栈,周末,74.2,69.4,281,6463,途家,288,9
2026-10-11,m55,晋原水岸客栈,晋原街道,客栈,周末,71.0,66.9,292,6424,携程,292,10
2026-10-11,m55,晋原水岸客栈,晋原街道,客栈,周末,71.0,66.9,292,6424,美团,286,11
2026-10-11,m55,晋原水岸客栈,晋原街道,客栈,周末,71.0,66.9,292,6424,飞猪,291,10
2026-10-11,m55,晋原水岸客栈,晋原街道,客栈,周末,71.0,66.9,292,6424,途家,299,10
2026-10-12,m55,晋原水岸客栈,晋原街道,客栈,工作日,58.1,58.1,254,4572,携程,254,13
2026-10-12,m55,晋原水岸客栈,晋原街道,客栈,工作日,58.1,58.1,254,4572,美团,248,13
2026-10-12,m55,晋原水岸客栈,晋原街道,客栈,工作日,58.1,58.1,254,4572,飞猪,253,13
2026-10-12,m55,晋原水岸客栈,晋原街道,客栈,工作日,58.1,58.1,254,4572,途家,260,13
2026-10-13,m55,晋原水岸客栈,晋原街道,客栈,工作日,61.3,61.3,255,4845,携程,256,12
2026-10-13,m55,晋原水岸客栈,晋原街道,客栈,工作日,61.3,61.3,255,4845,美团,248,12
2026-10-13,m55,晋原水岸客栈,晋原街道,客栈,工作日,61.3,61.3,255,4845,飞猪,252,12
2026-10-13,m55,晋原水岸客栈,晋原街道,客栈,工作日,61.3,61.3,255,4845,途家,262,12
2026-10-14,m55,晋原水岸客栈,晋原街道,客栈,工作日,61.3,61.3,253,4807,携程,253,12
2026-10-14,m55,晋原水岸客栈,晋原街道,客栈,工作日,61.3,61.3,253,4807,美团,247,12
2026-10-14,m55,晋原水岸客栈,晋原街道,客栈,工作日,61.3,61.3,253,4807,飞猪,254,12
2026-10-14,m55,晋原水岸客栈,晋原街道,客栈,工作日,61.3,61.3,253,4807,途家,258,12
2026-10-15,m55,晋原水岸客栈,晋原街道,客栈,工作日,80.6,79.0,268,6700,携程,269,6
2026-10-15,m55,晋原水岸客栈,晋原街道,客栈,工作日,80.6,79.0,268,6700,美团,261,7
2026-10-15,m55,晋原水岸客栈,晋原街道,客栈,工作日,80.6,79.0,268,6700,飞猪,268,7
2026-10-15,m55,晋原水岸客栈,晋原街道,客栈,工作日,80.6,79.0,268,6700,途家,275,6
2026-10-16,m55,晋原水岸客栈,晋原街道,客栈,工作日,64.5,56.5,252,5040,携程,254,13
2026-10-16,m55,晋原水岸客栈,晋原街道,客栈,工作日,64.5,56.5,252,5040,美团,243,14
2026-10-16,m55,晋原水岸客栈,晋原街道,客栈,工作日,64.5,56.5,252,5040,飞猪,250,14
2026-10-16,m55,晋原水岸客栈,晋原街道,客栈,工作日,64.5,56.5,252,5040,途家,259,13
2026-10-17,m55,晋原水岸客栈,晋原街道,客栈,周末,61.3,56.5,279,5301,携程,281,13
2026-10-17,m55,晋原水岸客栈,晋原街道,客栈,周末,61.3,56.5,279,5301,美团,274,14
2026-10-17,m55,晋原水岸客栈,晋原街道,客栈,周末,61.3,56.5,279,5301,飞猪,277,14
2026-10-17,m55,晋原水岸客栈,晋原街道,客栈,周末,61.3,56.5,279,5301,途家,284,13
2026-10-18,m55,晋原水岸客栈,晋原街道,客栈,周末,80.6,74.2,297,7425,携程,297,8
2026-10-18,m55,晋原水岸客栈,晋原街道,客栈,周末,80.6,74.2,297,7425,美团,291,8
2026-10-18,m55,晋原水岸客栈,晋原街道,客栈,周末,80.6,74.2,297,7425,飞猪,295,8
2026-10-18,m55,晋原水岸客栈,晋原街道,客栈,周末,80.6,74.2,297,7425,途家,306,8
2026-10-19,m55,晋原水岸客栈,晋原街道,客栈,工作日,58.1,50.0,249,4482,携程,250,15
2026-10-19,m55,晋原水岸客栈,晋原街道,客栈,工作日,58.1,50.0,249,4482,美团,243,16
2026-10-19,m55,晋原水岸客栈,晋原街道,客栈,工作日,58.1,50.0,249,4482,飞猪,247,16
2026-10-19,m55,晋原水岸客栈,晋原街道,客栈,工作日,58.1,50.0,249,4482,途家,254,15
2026-10-20,m55,晋原水岸客栈,晋原街道,客栈,工作日,61.3,47.6,248,4712,携程,250,16
2026-10-20,m55,晋原水岸客栈,晋原街道,客栈,工作日,61.3,47.6,248,4712,美团,242,17
2026-10-20,m55,晋原水岸客栈,晋原街道,客栈,工作日,61.3,47.6,248,4712,飞猪,246,16
2026-10-20,m55,晋原水岸客栈,晋原街道,客栈,工作日,61.3,47.6,248,4712,途家,255,16
2026-10-21,m55,晋原水岸客栈,晋原街道,客栈,工作日,74.2,64.5,250,5750,携程,251,11
2026-10-21,m55,晋原水岸客栈,晋原街道,客栈,工作日,74.2,64.5,250,5750,美团,244,11
2026-10-21,m55,晋原水岸客栈,晋原街道,客栈,工作日,74.2,64.5,250,5750,飞猪,248,11
2026-10-21,m55,晋原水岸客栈,晋原街道,客栈,工作日,74.2,64.5,250,5750,途家,255,11
2026-10-22,m55,晋原水岸客栈,晋原街道,客栈,工作日,71.0,67.7,265,5830,携程,266,10
2026-10-22,m55,晋原水岸客栈,晋原街道,客栈,工作日,71.0,67.7,265,5830,美团,260,10
2026-10-22,m55,晋原水岸客栈,晋原街道,客栈,工作日,71.0,67.7,265,5830,飞猪,263,10
2026-10-22,m55,晋原水岸客栈,晋原街道,客栈,工作日,71.0,67.7,265,5830,途家,271,10
2026-10-23,m55,晋原水岸客栈,晋原街道,客栈,工作日,67.7,66.9,257,5397,携程,259,10
2026-10-23,m55,晋原水岸客栈,晋原街道,客栈,工作日,67.7,66.9,257,5397,美团,249,10
2026-10-23,m55,晋原水岸客栈,晋原街道,客栈,工作日,67.7,66.9,257,5397,飞猪,256,11
2026-10-23,m55,晋原水岸客栈,晋原街道,客栈,工作日,67.7,66.9,257,5397,途家,262,10
2026-10-24,m55,晋原水岸客栈,晋原街道,客栈,周末,67.7,54.0,275,5775,携程,275,14
2026-10-24,m55,晋原水岸客栈,晋原街道,客栈,周末,67.7,54.0,275,5775,美团,269,15
2026-10-24,m55,晋原水岸客栈,晋原街道,客栈,周末,67.7,54.0,275,5775,飞猪,273,14
2026-10-24,m55,晋原水岸客栈,晋原街道,客栈,周末,67.7,54.0,275,5775,途家,284,14
2026-10-25,m55,晋原水岸客栈,晋原街道,客栈,周末,71.0,61.3,281,6182,携程,283,12
2026-10-25,m55,晋原水岸客栈,晋原街道,客栈,周末,71.0,61.3,281,6182,美团,273,12
2026-10-25,m55,晋原水岸客栈,晋原街道,客栈,周末,71.0,61.3,281,6182,飞猪,281,12
2026-10-25,m55,晋原水岸客栈,晋原街道,客栈,周末,71.0,61.3,281,6182,途家,285,12
2026-10-26,m55,晋原水岸客栈,晋原街道,客栈,工作日,61.3,61.3,247,4693,携程,248,12
2026-10-26,m55,晋原水岸客栈,晋原街道,客栈,工作日,61.3,61.3,247,4693,美团,243,12
2026-10-26,m55,晋原水岸客栈,晋原街道,客栈,工作日,61.3,61.3,247,4693,飞猪,245,12
2026-10-26,m55,晋原水岸客栈,晋原街道,客栈,工作日,61.3,61.3,247,4693,途家,250,12
2026-10-27,m55,晋原水岸客栈,晋原街道,客栈,工作日,51.6,50.8,254,4064,携程,254,15
2026-10-27,m55,晋原水岸客栈,晋原街道,客栈,工作日,51.6,50.8,254,4064,美团,247,16
2026-10-27,m55,晋原水岸客栈,晋原街道,客栈,工作日,51.6,50.8,254,4064,飞猪,252,15
2026-10-27,m55,晋原水岸客栈,晋原街道,客栈,工作日,51.6,50.8,254,4064,途家,262,15
2026-10-28,m55,晋原水岸客栈,晋原街道,客栈,工作日,48.4,41.1,247,3705,携程,248,19
2026-10-28,m55,晋原水岸客栈,晋原街道,客栈,工作日,48.4,41.1,247,3705,美团,242,18
2026-10-28,m55,晋原水岸客栈,晋原街道,客栈,工作日,48.4,41.1,247,3705,飞猪,245,18
2026-10-28,m55,晋原水岸客栈,晋原街道,客栈,工作日,48.4,41.1,247,3705,途家,254,18
2026-10-29,m55,晋原水岸客栈,晋原街道,客栈,工作日,64.5,64.5,248,4960,携程,249,11
2026-10-29,m55,晋原水岸客栈,晋原街道,客栈,工作日,64.5,64.5,248,4960,美团,241,11
2026-10-29,m55,晋原水岸客栈,晋原街道,客栈,工作日,64.5,64.5,248,4960,飞猪,248,11
2026-10-29,m55,晋原水岸客栈,晋原街道,客栈,工作日,64.5,64.5,248,4960,途家,255,11
2026-10-30,m55,晋原水岸客栈,晋原街道,客栈,工作日,64.5,62.9,250,5000,携程,250,11
2026-10-30,m55,晋原水岸客栈,晋原街道,客栈,工作日,64.5,62.9,250,5000,美团,242,12
2026-10-30,m55,晋原水岸客栈,晋原街道,客栈,工作日,64.5,62.9,250,5000,飞猪,253,12
2026-10-30,m55,晋原水岸客栈,晋原街道,客栈,工作日,64.5,62.9,250,5000,途家,255,11
2026-10-31,m55,晋原水岸客栈,晋原街道,客栈,周末,80.6,72.6,296,7400,携程,298,8
2026-10-31,m55,晋原水岸客栈,晋原街道,客栈,周末,80.6,72.6,296,7400,美团,288,9
2026-10-31,m55,晋原水岸客栈,晋原街道,客栈,周末,80.6,72.6,296,7400,飞猪,293,9
2026-10-31,m55,晋原水岸客栈,晋原街道,客栈,周末,80.6,72.6,296,7400,途家,304,8
2026-10-01,m56,晋原巴登大酒店,晋原街道,酒店,国庆,74.4,71.0,858,114972,美团,841,52
2026-10-01,m56,晋原巴登大酒店,晋原街道,酒店,国庆,74.4,71.0,858,114972,飞猪,858,52
2026-10-01,m56,晋原巴登大酒店,晋原街道,酒店,国庆,74.4,71.0,858,114972,去哪儿,847,52
2026-10-01,m56,晋原巴登大酒店,晋原街道,酒店,国庆,74.4,71.0,858,114972,同程,856,53
2026-10-01,m56,晋原巴登大酒店,晋原街道,酒店,国庆,74.4,71.0,858,114972,途家,887,52
2026-10-02,m56,晋原巴登大酒店,晋原街道,酒店,国庆,81.7,79.9,870,127890,美团,857,36
2026-10-02,m56,晋原巴登大酒店,晋原街道,酒店,国庆,81.7,79.9,870,127890,飞猪,875,37
2026-10-02,m56,晋原巴登大酒店,晋原街道,酒店,国庆,81.7,79.9,870,127890,去哪儿,867,36
2026-10-02,m56,晋原巴登大酒店,晋原街道,酒店,国庆,81.7,79.9,870,127890,同程,858,36
2026-10-02,m56,晋原巴登大酒店,晋原街道,酒店,国庆,81.7,79.9,870,127890,途家,892,36
2026-10-03,m56,晋原巴登大酒店,晋原街道,酒店,国庆,78.9,76.1,864,122688,美团,855,43
2026-10-03,m56,晋原巴登大酒店,晋原街道,酒店,国庆,78.9,76.1,864,122688,飞猪,873,43
2026-10-03,m56,晋原巴登大酒店,晋原街道,酒店,国庆,78.9,76.1,864,122688,去哪儿,859,43
2026-10-03,m56,晋原巴登大酒店,晋原街道,酒店,国庆,78.9,76.1,864,122688,同程,851,43
2026-10-03,m56,晋原巴登大酒店,晋原街道,酒店,国庆,78.9,76.1,864,122688,途家,883,43
2026-10-04,m56,晋原巴登大酒店,晋原街道,酒店,国庆,81.7,75.9,868,127596,美团,847,44
2026-10-04,m56,晋原巴登大酒店,晋原街道,酒店,国庆,81.7,75.9,868,127596,飞猪,869,44
2026-10-04,m56,晋原巴登大酒店,晋原街道,酒店,国庆,81.7,75.9,868,127596,去哪儿,865,43
2026-10-04,m56,晋原巴登大酒店,晋原街道,酒店,国庆,81.7,75.9,868,127596,同程,866,43
2026-10-04,m56,晋原巴登大酒店,晋原街道,酒店,国庆,81.7,75.9,868,127596,途家,893,43
2026-10-05,m56,晋原巴登大酒店,晋原街道,酒店,国庆,81.1,73.8,861,125706,美团,845,47
2026-10-05,m56,晋原巴登大酒店,晋原街道,酒店,国庆,81.1,73.8,861,125706,飞猪,852,47
2026-10-05,m56,晋原巴登大酒店,晋原街道,酒店,国庆,81.1,73.8,861,125706,去哪儿,855,47
2026-10-05,m56,晋原巴登大酒店,晋原街道,酒店,国庆,81.1,73.8,861,125706,同程,857,48
2026-10-05,m56,晋原巴登大酒店,晋原街道,酒店,国庆,81.1,73.8,861,125706,途家,897,47
2026-10-06,m56,晋原巴登大酒店,晋原街道,酒店,国庆,73.3,69.8,857,113124,美团,844,55
2026-10-06,m56,晋原巴登大酒店,晋原街道,酒店,国庆,73.3,69.8,857,113124,飞猪,867,54
2026-10-06,m56,晋原巴登大酒店,晋原街道,酒店,国庆,73.3,69.8,857,113124,去哪儿,852,54
2026-10-06,m56,晋原巴登大酒店,晋原街道,酒店,国庆,73.3,69.8,857,113124,同程,846,55
2026-10-06,m56,晋原巴登大酒店,晋原街道,酒店,国庆,73.3,69.8,857,113124,途家,877,54
2026-10-07,m56,晋原巴登大酒店,晋原街道,酒店,国庆,78.9,73.1,865,122830,美团,845,49
2026-10-07,m56,晋原巴登大酒店,晋原街道,酒店,国庆,78.9,73.1,865,122830,飞猪,863,48
2026-10-07,m56,晋原巴登大酒店,晋原街道,酒店,国庆,78.9,73.1,865,122830,去哪儿,856,48
2026-10-07,m56,晋原巴登大酒店,晋原街道,酒店,国庆,78.9,73.1,865,122830,同程,863,49
2026-10-07,m56,晋原巴登大酒店,晋原街道,酒店,国庆,78.9,73.1,865,122830,途家,898,48
2026-10-08,m56,晋原巴登大酒店,晋原街道,酒店,国庆,77.8,74.9,874,122360,美团,854,45
2026-10-08,m56,晋原巴登大酒店,晋原街道,酒店,国庆,77.8,74.9,874,122360,飞猪,878,45
2026-10-08,m56,晋原巴登大酒店,晋原街道,酒店,国庆,77.8,74.9,874,122360,去哪儿,867,45
2026-10-08,m56,晋原巴登大酒店,晋原街道,酒店,国庆,77.8,74.9,874,122360,同程,877,46
2026-10-08,m56,晋原巴登大酒店,晋原街道,酒店,国庆,77.8,74.9,874,122360,途家,892,45
2026-10-09,m56,晋原巴登大酒店,晋原街道,酒店,工作日,63.3,59.3,504,57456,美团,493,73
2026-10-09,m56,晋原巴登大酒店,晋原街道,酒店,工作日,63.3,59.3,504,57456,飞猪,507,73
2026-10-09,m56,晋原巴登大酒店,晋原街道,酒店,工作日,63.3,59.3,504,57456,去哪儿,499,73
2026-10-09,m56,晋原巴登大酒店,晋原街道,酒店,工作日,63.3,59.3,504,57456,同程,502,74
2026-10-09,m56,晋原巴登大酒店,晋原街道,酒店,工作日,63.3,59.3,504,57456,途家,521,73
2026-10-10,m56,晋原巴登大酒店,晋原街道,酒店,周末,80.0,77.7,580,83520,美团,572,40
2026-10-10,m56,晋原巴登大酒店,晋原街道,酒店,周末,80.0,77.7,580,83520,飞猪,582,40
2026-10-10,m56,晋原巴登大酒店,晋原街道,酒店,周末,80.0,77.7,580,83520,去哪儿,573,40
2026-10-10,m56,晋原巴登大酒店,晋原街道,酒店,周末,80.0,77.7,580,83520,同程,572,41
2026-10-10,m56,晋原巴登大酒店,晋原街道,酒店,周末,80.0,77.7,580,83520,途家,601,40
2026-10-11,m56,晋原巴登大酒店,晋原街道,酒店,周末,72.2,69.3,575,74750,美团,566,56
2026-10-11,m56,晋原巴登大酒店,晋原街道,酒店,周末,72.2,69.3,575,74750,飞猪,576,55
2026-10-11,m56,晋原巴登大酒店,晋原街道,酒店,周末,72.2,69.3,575,74750,去哪儿,566,55
2026-10-11,m56,晋原巴登大酒店,晋原街道,酒店,周末,72.2,69.3,575,74750,同程,568,55
2026-10-11,m56,晋原巴登大酒店,晋原街道,酒店,周末,72.2,69.3,575,74750,途家,598,55
2026-10-12,m56,晋原巴登大酒店,晋原街道,酒店,工作日,67.8,65.3,502,61244,美团,494,63
2026-10-12,m56,晋原巴登大酒店,晋原街道,酒店,工作日,67.8,65.3,502,61244,飞猪,501,62
2026-10-12,m56,晋原巴登大酒店,晋原街道,酒店,工作日,67.8,65.3,502,61244,去哪儿,497,62
2026-10-12,m56,晋原巴登大酒店,晋原街道,酒店,工作日,67.8,65.3,502,61244,同程,498,63
2026-10-12,m56,晋原巴登大酒店,晋原街道,酒店,工作日,67.8,65.3,502,61244,途家,518,62
2026-10-13,m56,晋原巴登大酒店,晋原街道,酒店,工作日,72.8,69.2,508,66548,美团,500,55
2026-10-13,m56,晋原巴登大酒店,晋原街道,酒店,工作日,72.8,69.2,508,66548,飞猪,511,56
2026-10-13,m56,晋原巴登大酒店,晋原街道,酒店,工作日,72.8,69.2,508,66548,去哪儿,507,55
2026-10-13,m56,晋原巴登大酒店,晋原街道,酒店,工作日,72.8,69.2,508,66548,同程,501,56
2026-10-13,m56,晋原巴登大酒店,晋原街道,酒店,工作日,72.8,69.2,508,66548,途家,522,55
2026-10-14,m56,晋原巴登大酒店,晋原街道,酒店,工作日,65.0,61.4,500,58500,美团,493,70
2026-10-14,m56,晋原巴登大酒店,晋原街道,酒店,工作日,65.0,61.4,500,58500,飞猪,498,69
2026-10-14,m56,晋原巴登大酒店,晋原街道,酒店,工作日,65.0,61.4,500,58500,去哪儿,493,69
2026-10-14,m56,晋原巴登大酒店,晋原街道,酒店,工作日,65.0,61.4,500,58500,同程,495,70
2026-10-14,m56,晋原巴登大酒店,晋原街道,酒店,工作日,65.0,61.4,500,58500,途家,520,69
2026-10-15,m56,晋原巴登大酒店,晋原街道,酒店,工作日,65.0,61.6,500,58500,美团,488,69
2026-10-15,m56,晋原巴登大酒店,晋原街道,酒店,工作日,65.0,61.6,500,58500,飞猪,500,69
2026-10-15,m56,晋原巴登大酒店,晋原街道,酒店,工作日,65.0,61.6,500,58500,去哪儿,497,69
2026-10-15,m56,晋原巴登大酒店,晋原街道,酒店,工作日,65.0,61.6,500,58500,同程,498,70
2026-10-15,m56,晋原巴登大酒店,晋原街道,酒店,工作日,65.0,61.6,500,58500,途家,516,69
2026-10-16,m56,晋原巴登大酒店,晋原街道,酒店,工作日,66.1,62.2,502,59738,美团,497,68
2026-10-16,m56,晋原巴登大酒店,晋原街道,酒店,工作日,66.1,62.2,502,59738,飞猪,503,68
2026-10-16,m56,晋原巴登大酒店,晋原街道,酒店,工作日,66.1,62.2,502,59738,去哪儿,499,68
2026-10-16,m56,晋原巴登大酒店,晋原街道,酒店,工作日,66.1,62.2,502,59738,同程,495,68
2026-10-16,m56,晋原巴登大酒店,晋原街道,酒店,工作日,66.1,62.2,502,59738,途家,515,68
2026-10-17,m56,晋原巴登大酒店,晋原街道,酒店,周末,75.6,72.0,571,77656,美团,558,51
2026-10-17,m56,晋原巴登大酒店,晋原街道,酒店,周末,75.6,72.0,571,77656,飞猪,577,51
2026-10-17,m56,晋原巴登大酒店,晋原街道,酒店,周末,75.6,72.0,571,77656,去哪儿,569,50
2026-10-17,m56,晋原巴登大酒店,晋原街道,酒店,周末,75.6,72.0,571,77656,同程,560,50
2026-10-17,m56,晋原巴登大酒店,晋原街道,酒店,周末,75.6,72.0,571,77656,途家,593,50
2026-10-18,m56,晋原巴登大酒店,晋原街道,酒店,周末,73.3,68.3,571,75372,美团,563,57
2026-10-18,m56,晋原巴登大酒店,晋原街道,酒店,周末,73.3,68.3,571,75372,飞猪,578,57
2026-10-18,m56,晋原巴登大酒店,晋原街道,酒店,周末,73.3,68.3,571,75372,去哪儿,560,57
2026-10-18,m56,晋原巴登大酒店,晋原街道,酒店,周末,73.3,68.3,571,75372,同程,564,57
2026-10-18,m56,晋原巴登大酒店,晋原街道,酒店,周末,73.3,68.3,571,75372,途家,590,57
2026-10-19,m56,晋原巴登大酒店,晋原街道,酒店,工作日,64.4,62.8,505,58580,美团,495,67
2026-10-19,m56,晋原巴登大酒店,晋原街道,酒店,工作日,64.4,62.8,505,58580,飞猪,510,67
2026-10-19,m56,晋原巴登大酒店,晋原街道,酒店,工作日,64.4,62.8,505,58580,去哪儿,503,67
2026-10-19,m56,晋原巴登大酒店,晋原街道,酒店,工作日,64.4,62.8,505,58580,同程,499,67
2026-10-19,m56,晋原巴登大酒店,晋原街道,酒店,工作日,64.4,62.8,505,58580,途家,520,67
2026-10-20,m56,晋原巴登大酒店,晋原街道,酒店,工作日,64.4,62.1,500,58000,美团,488,68
2026-10-20,m56,晋原巴登大酒店,晋原街道,酒店,工作日,64.4,62.1,500,58000,飞猪,505,68
2026-10-20,m56,晋原巴登大酒店,晋原街道,酒店,工作日,64.4,62.1,500,58000,去哪儿,499,68
2026-10-20,m56,晋原巴登大酒店,晋原街道,酒店,工作日,64.4,62.1,500,58000,同程,493,69
2026-10-20,m56,晋原巴登大酒店,晋原街道,酒店,工作日,64.4,62.1,500,58000,途家,515,68
2026-10-21,m56,晋原巴登大酒店,晋原街道,酒店,工作日,64.4,60.4,502,58232,美团,496,71
2026-10-21,m56,晋原巴登大酒店,晋原街道,酒店,工作日,64.4,60.4,502,58232,飞猪,506,71
2026-10-21,m56,晋原巴登大酒店,晋原街道,酒店,工作日,64.4,60.4,502,58232,去哪儿,495,71
2026-10-21,m56,晋原巴登大酒店,晋原街道,酒店,工作日,64.4,60.4,502,58232,同程,496,72
2026-10-21,m56,晋原巴登大酒店,晋原街道,酒店,工作日,64.4,60.4,502,58232,途家,518,71
2026-10-22,m56,晋原巴登大酒店,晋原街道,酒店,工作日,66.7,64.3,496,59520,美团,485,65
2026-10-22,m56,晋原巴登大酒店,晋原街道,酒店,工作日,66.7,64.3,496,59520,飞猪,502,64
2026-10-22,m56,晋原巴登大酒店,晋原街道,酒店,工作日,66.7,64.3,496,59520,去哪儿,489,64
2026-10-22,m56,晋原巴登大酒店,晋原街道,酒店,工作日,66.7,64.3,496,59520,同程,492,64
2026-10-22,m56,晋原巴登大酒店,晋原街道,酒店,工作日,66.7,64.3,496,59520,途家,514,64
2026-10-23,m56,晋原巴登大酒店,晋原街道,酒店,工作日,70.6,67.1,507,64389,美团,501,60
2026-10-23,m56,晋原巴登大酒店,晋原街道,酒店,工作日,70.6,67.1,507,64389,飞猪,509,59
2026-10-23,m56,晋原巴登大酒店,晋原街道,酒店,工作日,70.6,67.1,507,64389,去哪儿,506,59
2026-10-23,m56,晋原巴登大酒店,晋原街道,酒店,工作日,70.6,67.1,507,64389,同程,501,59
2026-10-23,m56,晋原巴登大酒店,晋原街道,酒店,工作日,70.6,67.1,507,64389,途家,518,59
2026-10-24,m56,晋原巴登大酒店,晋原街道,酒店,周末,70.0,66.0,571,71946,美团,556,61
2026-10-24,m56,晋原巴登大酒店,晋原街道,酒店,周末,70.0,66.0,571,71946,飞猪,579,62
2026-10-24,m56,晋原巴登大酒店,晋原街道,酒店,周末,70.0,66.0,571,71946,去哪儿,563,61
2026-10-24,m56,晋原巴登大酒店,晋原街道,酒店,周末,70.0,66.0,571,71946,同程,566,61
2026-10-24,m56,晋原巴登大酒店,晋原街道,酒店,周末,70.0,66.0,571,71946,途家,593,61
2026-10-25,m56,晋原巴登大酒店,晋原街道,酒店,周末,80.0,75.4,575,82800,美团,564,44
2026-10-25,m56,晋原巴登大酒店,晋原街道,酒店,周末,80.0,75.4,575,82800,飞猪,575,44
2026-10-25,m56,晋原巴登大酒店,晋原街道,酒店,周末,80.0,75.4,575,82800,去哪儿,571,44
2026-10-25,m56,晋原巴登大酒店,晋原街道,酒店,周末,80.0,75.4,575,82800,同程,566,45
2026-10-25,m56,晋原巴登大酒店,晋原街道,酒店,周末,80.0,75.4,575,82800,途家,599,44
2026-10-26,m56,晋原巴登大酒店,晋原街道,酒店,工作日,67.2,64.9,502,60742,美团,493,63
2026-10-26,m56,晋原巴登大酒店,晋原街道,酒店,工作日,67.2,64.9,502,60742,飞猪,501,63
2026-10-26,m56,晋原巴登大酒店,晋原街道,酒店,工作日,67.2,64.9,502,60742,去哪儿,499,63
2026-10-26,m56,晋原巴登大酒店,晋原街道,酒店,工作日,67.2,64.9,502,60742,同程,495,64
2026-10-26,m56,晋原巴登大酒店,晋原街道,酒店,工作日,67.2,64.9,502,60742,途家,520,63
2026-10-27,m56,晋原巴登大酒店,晋原街道,酒店,工作日,70.0,67.7,509,64134,美团,497,58
2026-10-27,m56,晋原巴登大酒店,晋原街道,酒店,工作日,70.0,67.7,509,64134,飞猪,512,58
2026-10-27,m56,晋原巴登大酒店,晋原街道,酒店,工作日,70.0,67.7,509,64134,去哪儿,502,58
2026-10-27,m56,晋原巴登大酒店,晋原街道,酒店,工作日,70.0,67.7,509,64134,同程,508,59
2026-10-27,m56,晋原巴登大酒店,晋原街道,酒店,工作日,70.0,67.7,509,64134,途家,526,58
2026-10-28,m56,晋原巴登大酒店,晋原街道,酒店,工作日,67.8,62.7,495,60390,美团,484,67
2026-10-28,m56,晋原巴登大酒店,晋原街道,酒店,工作日,67.8,62.7,495,60390,飞猪,497,68
2026-10-28,m56,晋原巴登大酒店,晋原街道,酒店,工作日,67.8,62.7,495,60390,去哪儿,489,67
2026-10-28,m56,晋原巴登大酒店,晋原街道,酒店,工作日,67.8,62.7,495,60390,同程,488,67
2026-10-28,m56,晋原巴登大酒店,晋原街道,酒店,工作日,67.8,62.7,495,60390,途家,515,67
2026-10-29,m56,晋原巴登大酒店,晋原街道,酒店,工作日,65.6,61.0,505,59590,美团,493,70
2026-10-29,m56,晋原巴登大酒店,晋原街道,酒店,工作日,65.6,61.0,505,59590,飞猪,500,70
2026-10-29,m56,晋原巴登大酒店,晋原街道,酒店,工作日,65.6,61.0,505,59590,去哪儿,502,70
2026-10-29,m56,晋原巴登大酒店,晋原街道,酒店,工作日,65.6,61.0,505,59590,同程,503,71
2026-10-29,m56,晋原巴登大酒店,晋原街道,酒店,工作日,65.6,61.0,505,59590,途家,525,70
2026-10-30,m56,晋原巴登大酒店,晋原街道,酒店,工作日,61.7,59.9,500,55500,美团,490,72
2026-10-30,m56,晋原巴登大酒店,晋原街道,酒店,工作日,61.7,59.9,500,55500,飞猪,501,73
2026-10-30,m56,晋原巴登大酒店,晋原街道,酒店,工作日,61.7,59.9,500,55500,去哪儿,498,72
2026-10-30,m56,晋原巴登大酒店,晋原街道,酒店,工作日,61.7,59.9,500,55500,同程,498,72
2026-10-30,m56,晋原巴登大酒店,晋原街道,酒店,工作日,61.7,59.9,500,55500,途家,514,72
2026-10-31,m56,晋原巴登大酒店,晋原街道,酒店,周末,75.6,72.6,576,78336,美团,563,50
2026-10-31,m56,晋原巴登大酒店,晋原街道,酒店,周末,75.6,72.6,576,78336,飞猪,579,49
2026-10-31,m56,晋原巴登大酒店,晋原街道,酒店,周末,75.6,72.6,576,78336,去哪儿,571,49
2026-10-31,m56,晋原巴登大酒店,晋原街道,酒店,周末,75.6,72.6,576,78336,同程,567,50
2026-10-31,m56,晋原巴登大酒店,晋原街道,酒店,周末,75.6,72.6,576,78336,途家,598,49
2026-10-01,m57,晋原罗马假日国际温泉度假酒店,晋原街道,酒店,国庆,83.0,76.9,1277,143024,携程,1272,31
2026-10-01,m57,晋原罗马假日国际温泉度假酒店,晋原街道,酒店,国庆,83.0,76.9,1277,143024,飞猪,1276,31
2026-10-01,m57,晋原罗马假日国际温泉度假酒店,晋原街道,酒店,国庆,83.0,76.9,1277,143024,同程,1254,32
2026-10-01,m57,晋原罗马假日国际温泉度假酒店,晋原街道,酒店,国庆,83.0,76.9,1277,143024,途家,1305,31
2026-10-02,m57,晋原罗马假日国际温泉度假酒店,晋原街道,酒店,国庆,78.5,73.1,1268,134408,携程,1269,37
2026-10-02,m57,晋原罗马假日国际温泉度假酒店,晋原街道,酒店,国庆,78.5,73.1,1268,134408,飞猪,1261,36
2026-10-02,m57,晋原罗马假日国际温泉度假酒店,晋原街道,酒店,国庆,78.5,73.1,1268,134408,同程,1249,36
2026-10-02,m57,晋原罗马假日国际温泉度假酒店,晋原街道,酒店,国庆,78.5,73.1,1268,134408,途家,1294,36
2026-10-03,m57,晋原罗马假日国际温泉度假酒店,晋原街道,酒店,国庆,78.5,70.9,1284,136104,携程,1291,39
2026-10-03,m57,晋原罗马假日国际温泉度假酒店,晋原街道,酒店,国庆,78.5,70.9,1284,136104,飞猪,1270,39
2026-10-03,m57,晋原罗马假日国际温泉度假酒店,晋原街道,酒店,国庆,78.5,70.9,1284,136104,同程,1255,40
2026-10-03,m57,晋原罗马假日国际温泉度假酒店,晋原街道,酒店,国庆,78.5,70.9,1284,136104,途家,1319,39
2026-10-04,m57,晋原罗马假日国际温泉度假酒店,晋原街道,酒店,国庆,81.5,79.1,1299,142890,携程,1301,28
2026-10-04,m57,晋原罗马假日国际温泉度假酒店,晋原街道,酒店,国庆,81.5,79.1,1299,142890,飞猪,1296,28
2026-10-04,m57,晋原罗马假日国际温泉度假酒店,晋原街道,酒店,国庆,81.5,79.1,1299,142890,同程,1265,29
2026-10-04,m57,晋原罗马假日国际温泉度假酒店,晋原街道,酒店,国庆,81.5,79.1,1299,142890,途家,1334,28
2026-10-05,m57,晋原罗马假日国际温泉度假酒店,晋原街道,酒店,国庆,79.3,72.4,1291,138137,携程,1299,37
2026-10-05,m57,晋原罗马假日国际温泉度假酒店,晋原街道,酒店,国庆,79.3,72.4,1291,138137,飞猪,1287,37
2026-10-05,m57,晋原罗马假日国际温泉度假酒店,晋原街道,酒店,国庆,79.3,72.4,1291,138137,同程,1261,38
2026-10-05,m57,晋原罗马假日国际温泉度假酒店,晋原街道,酒店,国庆,79.3,72.4,1291,138137,途家,1317,37
2026-10-06,m57,晋原罗马假日国际温泉度假酒店,晋原街道,酒店,国庆,78.5,74.4,1268,134408,携程,1269,34
2026-10-06,m57,晋原罗马假日国际温泉度假酒店,晋原街道,酒店,国庆,78.5,74.4,1268,134408,飞猪,1264,35
2026-10-06,m57,晋原罗马假日国际温泉度假酒店,晋原街道,酒店,国庆,78.5,74.4,1268,134408,同程,1238,35
2026-10-06,m57,晋原罗马假日国际温泉度假酒店,晋原街道,酒店,国庆,78.5,74.4,1268,134408,途家,1300,34
2026-10-07,m57,晋原罗马假日国际温泉度假酒店,晋原街道,酒店,国庆,73.3,70.4,1247,123453,携程,1250,40
2026-10-07,m57,晋原罗马假日国际温泉度假酒店,晋原街道,酒店,国庆,73.3,70.4,1247,123453,飞猪,1245,40
2026-10-07,m57,晋原罗马假日国际温泉度假酒店,晋原街道,酒店,国庆,73.3,70.4,1247,123453,同程,1220,40
2026-10-07,m57,晋原罗马假日国际温泉度假酒店,晋原街道,酒店,国庆,73.3,70.4,1247,123453,途家,1272,40
2026-10-08,m57,晋原罗马假日国际温泉度假酒店,晋原街道,酒店,国庆,81.5,76.9,1274,140140,携程,1271,32
2026-10-08,m57,晋原罗马假日国际温泉度假酒店,晋原街道,酒店,国庆,81.5,76.9,1274,140140,飞猪,1255,31
2026-10-08,m57,晋原罗马假日国际温泉度假酒店,晋原街道,酒店,国庆,81.5,76.9,1274,140140,同程,1256,31
2026-10-08,m57,晋原罗马假日国际温泉度假酒店,晋原街道,酒店,国庆,81.5,76.9,1274,140140,途家,1312,31
2026-10-09,m57,晋原罗马假日国际温泉度假酒店,晋原街道,酒店,工作日,60.7,57.6,724,59368,携程,727,58
2026-10-09,m57,晋原罗马假日国际温泉度假酒店,晋原街道,酒店,工作日,60.7,57.6,724,59368,飞猪,719,57
2026-10-09,m57,晋原罗马假日国际温泉度假酒店,晋原街道,酒店,工作日,60.7,57.6,724,59368,同程,704,57
2026-10-09,m57,晋原罗马假日国际温泉度假酒店,晋原街道,酒店,工作日,60.7,57.6,724,59368,途家,747,57
2026-10-10,m57,晋原罗马假日国际温泉度假酒店,晋原街道,酒店,周末,69.6,65.9,839,78866,携程,840,46
2026-10-10,m57,晋原罗马假日国际温泉度假酒店,晋原街道,酒店,周末,69.6,65.9,839,78866,飞猪,830,46
2026-10-10,m57,晋原罗马假日国际温泉度假酒店,晋原街道,酒店,周末,69.6,65.9,839,78866,同程,829,46
2026-10-10,m57,晋原罗马假日国际温泉度假酒店,晋原街道,酒店,周末,69.6,65.9,839,78866,途家,858,46
2026-10-11,m57,晋原罗马假日国际温泉度假酒店,晋原街道,酒店,周末,77.0,70.0,848,88192,携程,842,41
2026-10-11,m57,晋原罗马假日国际温泉度假酒店,晋原街道,酒店,周末,77.0,70.0,848,88192,飞猪,845,40
2026-10-11,m57,晋原罗马假日国际温泉度假酒店,晋原街道,酒店,周末,77.0,70.0,848,88192,同程,843,41
2026-10-11,m57,晋原罗马假日国际温泉度假酒店,晋原街道,酒店,周末,77.0,70.0,848,88192,途家,863,40
2026-10-12,m57,晋原罗马假日国际温泉度假酒店,晋原街道,酒店,工作日,65.9,61.3,738,65682,携程,740,52
2026-10-12,m57,晋原罗马假日国际温泉度假酒店,晋原街道,酒店,工作日,65.9,61.3,738,65682,飞猪,730,52
2026-10-12,m57,晋原罗马假日国际温泉度假酒店,晋原街道,酒店,工作日,65.9,61.3,738,65682,同程,725,53
2026-10-12,m57,晋原罗马假日国际温泉度假酒店,晋原街道,酒店,工作日,65.9,61.3,738,65682,途家,758,52
2026-10-13,m57,晋原罗马假日国际温泉度假酒店,晋原街道,酒店,工作日,61.5,60.6,745,61835,携程,745,53
2026-10-13,m57,晋原罗马假日国际温泉度假酒店,晋原街道,酒店,工作日,61.5,60.6,745,61835,飞猪,739,53
2026-10-13,m57,晋原罗马假日国际温泉度假酒店,晋原街道,酒店,工作日,61.5,60.6,745,61835,同程,731,54
2026-10-13,m57,晋原罗马假日国际温泉度假酒店,晋原街道,酒店,工作日,61.5,60.6,745,61835,途家,763,53
2026-10-14,m57,晋原罗马假日国际温泉度假酒店,晋原街道,酒店,工作日,65.9,62.6,750,66750,携程,747,51
2026-10-14,m57,晋原罗马假日国际温泉度假酒店,晋原街道,酒店,工作日,65.9,62.6,750,66750,飞猪,747,50
2026-10-14,m57,晋原罗马假日国际温泉度假酒店,晋原街道,酒店,工作日,65.9,62.6,750,66750,同程,735,51
2026-10-14,m57,晋原罗马假日国际温泉度假酒店,晋原街道,酒店,工作日,65.9,62.6,750,66750,途家,772,50
2026-10-15,m57,晋原罗马假日国际温泉度假酒店,晋原街道,酒店,工作日,57.0,53.9,736,56672,携程,734,62
2026-10-15,m57,晋原罗马假日国际温泉度假酒店,晋原街道,酒店,工作日,57.0,53.9,736,56672,飞猪,734,63
2026-10-15,m57,晋原罗马假日国际温泉度假酒店,晋原街道,酒店,工作日,57.0,53.9,736,56672,同程,724,62
2026-10-15,m57,晋原罗马假日国际温泉度假酒店,晋原街道,酒店,工作日,57.0,53.9,736,56672,途家,753,62
2026-10-16,m57,晋原罗马假日国际温泉度假酒店,晋原街道,酒店,工作日,68.9,65.0,744,69192,携程,749,47
2026-10-16,m57,晋原罗马假日国际温泉度假酒店,晋原街道,酒店,工作日,68.9,65.0,744,69192,飞猪,731,47
2026-10-16,m57,晋原罗马假日国际温泉度假酒店,晋原街道,酒店,工作日,68.9,65.0,744,69192,同程,735,48
2026-10-16,m57,晋原罗马假日国际温泉度假酒店,晋原街道,酒店,工作日,68.9,65.0,744,69192,途家,761,47
2026-10-17,m57,晋原罗马假日国际温泉度假酒店,晋原街道,酒店,周末,66.7,61.3,831,74790,携程,835,52
2026-10-17,m57,晋原罗马假日国际温泉度假酒店,晋原街道,酒店,周末,66.7,61.3,831,74790,飞猪,830,52
2026-10-17,m57,晋原罗马假日国际温泉度假酒店,晋原街道,酒店,周末,66.7,61.3,831,74790,同程,813,53
2026-10-17,m57,晋原罗马假日国际温泉度假酒店,晋原街道,酒店,周末,66.7,61.3,831,74790,途家,845,52
2026-10-18,m57,晋原罗马假日国际温泉度假酒店,晋原街道,酒店,周末,70.4,68.1,848,80560,携程,843,43
2026-10-18,m57,晋原罗马假日国际温泉度假酒店,晋原街道,酒店,周末,70.4,68.1,848,80560,飞猪,841,43
2026-10-18,m57,晋原罗马假日国际温泉度假酒店,晋原街道,酒店,周末,70.4,68.1,848,80560,同程,834,43
2026-10-18,m57,晋原罗马假日国际温泉度假酒店,晋原街道,酒店,周末,70.4,68.1,848,80560,途家,872,43
2026-10-19,m57,晋原罗马假日国际温泉度假酒店,晋原街道,酒店,工作日,64.4,58.5,731,63597,携程,732,56
2026-10-19,m57,晋原罗马假日国际温泉度假酒店,晋原街道,酒店,工作日,64.4,58.5,731,63597,飞猪,727,56
2026-10-19,m57,晋原罗马假日国际温泉度假酒店,晋原街道,酒店,工作日,64.4,58.5,731,63597,同程,716,56
2026-10-19,m57,晋原罗马假日国际温泉度假酒店,晋原街道,酒店,工作日,64.4,58.5,731,63597,途家,747,56
2026-10-20,m57,晋原罗马假日国际温泉度假酒店,晋原街道,酒店,工作日,64.4,61.3,749,65163,携程,748,53
2026-10-20,m57,晋原罗马假日国际温泉度假酒店,晋原街道,酒店,工作日,64.4,61.3,749,65163,飞猪,744,52
2026-10-20,m57,晋原罗马假日国际温泉度假酒店,晋原街道,酒店,工作日,64.4,61.3,749,65163,同程,740,52
2026-10-20,m57,晋原罗马假日国际温泉度假酒店,晋原街道,酒店,工作日,64.4,61.3,749,65163,途家,762,52
2026-10-21,m57,晋原罗马假日国际温泉度假酒店,晋原街道,酒店,工作日,69.6,65.7,749,70406,携程,752,46
2026-10-21,m57,晋原罗马假日国际温泉度假酒店,晋原街道,酒店,工作日,69.6,65.7,749,70406,飞猪,745,47
2026-10-21,m57,晋原罗马假日国际温泉度假酒店,晋原街道,酒店,工作日,69.6,65.7,749,70406,同程,731,46
2026-10-21,m57,晋原罗马假日国际温泉度假酒店,晋原街道,酒店,工作日,69.6,65.7,749,70406,途家,768,46
2026-10-22,m57,晋原罗马假日国际温泉度假酒店,晋原街道,酒店,工作日,65.9,62.0,746,66394,携程,747,51
2026-10-22,m57,晋原罗马假日国际温泉度假酒店,晋原街道,酒店,工作日,65.9,62.0,746,66394,飞猪,739,51
2026-10-22,m57,晋原罗马假日国际温泉度假酒店,晋原街道,酒店,工作日,65.9,62.0,746,66394,同程,739,52
2026-10-22,m57,晋原罗马假日国际温泉度假酒店,晋原街道,酒店,工作日,65.9,62.0,746,66394,途家,760,51
2026-10-23,m57,晋原罗马假日国际温泉度假酒店,晋原街道,酒店,工作日,57.0,54.6,735,56595,携程,742,61
2026-10-23,m57,晋原罗马假日国际温泉度假酒店,晋原街道,酒店,工作日,57.0,54.6,735,56595,飞猪,728,62
2026-10-23,m57,晋原罗马假日国际温泉度假酒店,晋原街道,酒店,工作日,57.0,54.6,735,56595,同程,721,61
2026-10-23,m57,晋原罗马假日国际温泉度假酒店,晋原街道,酒店,工作日,57.0,54.6,735,56595,途家,749,61
2026-10-24,m57,晋原罗马假日国际温泉度假酒店,晋原街道,酒店,周末,72.6,69.4,850,83300,携程,858,42
2026-10-24,m57,晋原罗马假日国际温泉度假酒店,晋原街道,酒店,周末,72.6,69.4,850,83300,飞猪,846,41
2026-10-24,m57,晋原罗马假日国际温泉度假酒店,晋原街道,酒店,周末,72.6,69.4,850,83300,同程,836,41
2026-10-24,m57,晋原罗马假日国际温泉度假酒店,晋原街道,酒店,周末,72.6,69.4,850,83300,途家,859,41
2026-10-25,m57,晋原罗马假日国际温泉度假酒店,晋原街道,酒店,周末,74.1,70.0,842,84200,携程,845,41
2026-10-25,m57,晋原罗马假日国际温泉度假酒店,晋原街道,酒店,周末,74.1,70.0,842,84200,飞猪,839,40
2026-10-25,m57,晋原罗马假日国际温泉度假酒店,晋原街道,酒店,周末,74.1,70.0,842,84200,同程,828,41
2026-10-25,m57,晋原罗马假日国际温泉度假酒店,晋原街道,酒店,周末,74.1,70.0,842,84200,途家,857,40
2026-10-26,m57,晋原罗马假日国际温泉度假酒店,晋原街道,酒店,工作日,69.6,67.2,747,70218,携程,749,44
2026-10-26,m57,晋原罗马假日国际温泉度假酒店,晋原街道,酒店,工作日,69.6,67.2,747,70218,飞猪,742,44
2026-10-26,m57,晋原罗马假日国际温泉度假酒店,晋原街道,酒店,工作日,69.6,67.2,747,70218,同程,733,45
2026-10-26,m57,晋原罗马假日国际温泉度假酒店,晋原街道,酒店,工作日,69.6,67.2,747,70218,途家,765,44
2026-10-27,m57,晋原罗马假日国际温泉度假酒店,晋原街道,酒店,工作日,60.7,58.5,737,60434,携程,744,56
2026-10-27,m57,晋原罗马假日国际温泉度假酒店,晋原街道,酒店,工作日,60.7,58.5,737,60434,飞猪,729,56
2026-10-27,m57,晋原罗马假日国际温泉度假酒店,晋原街道,酒店,工作日,60.7,58.5,737,60434,同程,721,56
2026-10-27,m57,晋原罗马假日国际温泉度假酒店,晋原街道,酒店,工作日,60.7,58.5,737,60434,途家,755,56
2026-10-28,m57,晋原罗马假日国际温泉度假酒店,晋原街道,酒店,工作日,61.5,59.3,745,61835,携程,750,55
2026-10-28,m57,晋原罗马假日国际温泉度假酒店,晋原街道,酒店,工作日,61.5,59.3,745,61835,飞猪,737,55
2026-10-28,m57,晋原罗马假日国际温泉度假酒店,晋原街道,酒店,工作日,61.5,59.3,745,61835,同程,729,55
2026-10-28,m57,晋原罗马假日国际温泉度假酒店,晋原街道,酒店,工作日,61.5,59.3,745,61835,途家,765,55
2026-10-29,m57,晋原罗马假日国际温泉度假酒店,晋原街道,酒店,工作日,60.7,57.8,736,60352,携程,738,57
2026-10-29,m57,晋原罗马假日国际温泉度假酒店,晋原街道,酒店,工作日,60.7,57.8,736,60352,飞猪,735,57
2026-10-29,m57,晋原罗马假日国际温泉度假酒店,晋原街道,酒店,工作日,60.7,57.8,736,60352,同程,722,57
2026-10-29,m57,晋原罗马假日国际温泉度假酒店,晋原街道,酒店,工作日,60.7,57.8,736,60352,途家,747,57
2026-10-30,m57,晋原罗马假日国际温泉度假酒店,晋原街道,酒店,工作日,58.5,56.1,734,57986,携程,736,59
2026-10-30,m57,晋原罗马假日国际温泉度假酒店,晋原街道,酒店,工作日,58.5,56.1,734,57986,飞猪,728,59
2026-10-30,m57,晋原罗马假日国际温泉度假酒店,晋原街道,酒店,工作日,58.5,56.1,734,57986,同程,716,60
2026-10-30,m57,晋原罗马假日国际温泉度假酒店,晋原街道,酒店,工作日,58.5,56.1,734,57986,途家,754,59
2026-10-31,m57,晋原罗马假日国际温泉度假酒店,晋原街道,酒店,周末,68.9,64.8,840,78120,携程,837,47
2026-10-31,m57,晋原罗马假日国际温泉度假酒店,晋原街道,酒店,周末,68.9,64.8,840,78120,飞猪,833,48
2026-10-31,m57,晋原罗马假日国际温泉度假酒店,晋原街道,酒店,周末,68.9,64.8,840,78120,同程,827,48
2026-10-31,m57,晋原罗马假日国际温泉度假酒店,晋原街道,酒店,周末,68.9,64.8,840,78120,途家,863,47
2026-10-01,m58,沙渠邑境苑温泉酒店,沙渠街道,酒店,国庆,85.0,83.0,1041,176970,携程,1046,34
2026-10-01,m58,沙渠邑境苑温泉酒店,沙渠街道,酒店,国庆,85.0,83.0,1041,176970,飞猪,1020,34
2026-10-01,m58,沙渠邑境苑温泉酒店,沙渠街道,酒店,国庆,85.0,83.0,1041,176970,途家,1058,34
2026-10-02,m58,沙渠邑境苑温泉酒店,沙渠街道,酒店,国庆,83.0,77.0,1029,170814,携程,1027,46
2026-10-02,m58,沙渠邑境苑温泉酒店,沙渠街道,酒店,国庆,83.0,77.0,1029,170814,飞猪,1019,46
2026-10-02,m58,沙渠邑境苑温泉酒店,沙渠街道,酒店,国庆,83.0,77.0,1029,170814,途家,1042,46
2026-10-03,m58,沙渠邑境苑温泉酒店,沙渠街道,酒店,国庆,80.5,77.0,1036,166796,携程,1028,46
2026-10-03,m58,沙渠邑境苑温泉酒店,沙渠街道,酒店,国庆,80.5,77.0,1036,166796,飞猪,1022,46
2026-10-03,m58,沙渠邑境苑温泉酒店,沙渠街道,酒店,国庆,80.5,77.0,1036,166796,途家,1058,46
2026-10-04,m58,沙渠邑境苑温泉酒店,沙渠街道,酒店,国庆,88.0,85.2,1047,184272,携程,1041,30
2026-10-04,m58,沙渠邑境苑温泉酒店,沙渠街道,酒店,国庆,88.0,85.2,1047,184272,飞猪,1038,30
2026-10-04,m58,沙渠邑境苑温泉酒店,沙渠街道,酒店,国庆,88.0,85.2,1047,184272,途家,1062,29
2026-10-05,m58,沙渠邑境苑温泉酒店,沙渠街道,酒店,国庆,75.0,70.3,1017,152550,携程,1009,59
2026-10-05,m58,沙渠邑境苑温泉酒店,沙渠街道,酒店,国庆,75.0,70.3,1017,152550,飞猪,1013,60
2026-10-05,m58,沙渠邑境苑温泉酒店,沙渠街道,酒店,国庆,75.0,70.3,1017,152550,途家,1030,59
2026-10-06,m58,沙渠邑境苑温泉酒店,沙渠街道,酒店,国庆,86.0,81.8,1047,180084,携程,1040,37
2026-10-06,m58,沙渠邑境苑温泉酒店,沙渠街道,酒店,国庆,86.0,81.8,1047,180084,飞猪,1034,36
2026-10-06,m58,沙渠邑境苑温泉酒店,沙渠街道,酒店,国庆,86.0,81.8,1047,180084,途家,1067,36
2026-10-07,m58,沙渠邑境苑温泉酒店,沙渠街道,酒店,国庆,81.5,76.3,1036,168868,携程,1038,47
2026-10-07,m58,沙渠邑境苑温泉酒店,沙渠街道,酒店,国庆,81.5,76.3,1036,168868,飞猪,1021,48
2026-10-07,m58,沙渠邑境苑温泉酒店,沙渠街道,酒店,国庆,81.5,76.3,1036,168868,途家,1050,47
2026-10-08,m58,沙渠邑境苑温泉酒店,沙渠街道,酒店,国庆,85.0,82.0,1035,175950,携程,1035,36
2026-10-08,m58,沙渠邑境苑温泉酒店,沙渠街道,酒店,国庆,85.0,82.0,1035,175950,飞猪,1026,36
2026-10-08,m58,沙渠邑境苑温泉酒店,沙渠街道,酒店,国庆,85.0,82.0,1035,175950,途家,1045,36
2026-10-09,m58,沙渠邑境苑温泉酒店,沙渠街道,酒店,工作日,59.5,56.8,594,70686,携程,593,87
2026-10-09,m58,沙渠邑境苑温泉酒店,沙渠街道,酒店,工作日,59.5,56.8,594,70686,飞猪,587,86
2026-10-09,m58,沙渠邑境苑温泉酒店,沙渠街道,酒店,工作日,59.5,56.8,594,70686,途家,602,86
2026-10-10,m58,沙渠邑境苑温泉酒店,沙渠街道,酒店,周末,73.5,70.3,709,104223,携程,708,59
2026-10-10,m58,沙渠邑境苑温泉酒店,沙渠街道,酒店,周末,73.5,70.3,709,104223,飞猪,697,60
2026-10-10,m58,沙渠邑境苑温泉酒店,沙渠街道,酒店,周末,73.5,70.3,709,104223,途家,723,59
2026-10-11,m58,沙渠邑境苑温泉酒店,沙渠街道,酒店,周末,73.5,67.0,716,105252,携程,717,66
2026-10-11,m58,沙渠邑境苑温泉酒店,沙渠街道,酒店,周末,73.5,67.0,716,105252,飞猪,705,66
2026-10-11,m58,沙渠邑境苑温泉酒店,沙渠街道,酒店,周末,73.5,67.0,716,105252,途家,725,66
2026-10-12,m58,沙渠邑境苑温泉酒店,沙渠街道,酒店,工作日,61.0,58.5,584,71248,携程,576,83
2026-10-12,m58,沙渠邑境苑温泉酒店,沙渠街道,酒店,工作日,61.0,58.5,584,71248,飞猪,577,83
2026-10-12,m58,沙渠邑境苑温泉酒店,沙渠街道,酒店,工作日,61.0,58.5,584,71248,途家,599,83
2026-10-13,m58,沙渠邑境苑温泉酒店,沙渠街道,酒店,工作日,57.0,53.5,584,66576,携程,583,93
2026-10-13,m58,沙渠邑境苑温泉酒店,沙渠街道,酒店,工作日,57.0,53.5,584,66576,飞猪,576,93
2026-10-13,m58,沙渠邑境苑温泉酒店,沙渠街道,酒店,工作日,57.0,53.5,584,66576,途家,593,93
2026-10-14,m58,沙渠邑境苑温泉酒店,沙渠街道,酒店,工作日,66.0,63.3,587,77484,携程,587,73
2026-10-14,m58,沙渠邑境苑温泉酒店,沙渠街道,酒店,工作日,66.0,63.3,587,77484,飞猪,578,74
2026-10-14,m58,沙渠邑境苑温泉酒店,沙渠街道,酒店,工作日,66.0,63.3,587,77484,途家,596,73
2026-10-15,m58,沙渠邑境苑温泉酒店,沙渠街道,酒店,工作日,63.0,59.5,591,74466,携程,592,81
2026-10-15,m58,沙渠邑境苑温泉酒店,沙渠街道,酒店,工作日,63.0,59.5,591,74466,飞猪,580,81
2026-10-15,m58,沙渠邑境苑温泉酒店,沙渠街道,酒店,工作日,63.0,59.5,591,74466,途家,601,81
2026-10-16,m58,沙渠邑境苑温泉酒店,沙渠街道,酒店,工作日,65.5,63.5,592,77552,携程,588,73
2026-10-16,m58,沙渠邑境苑温泉酒店,沙渠街道,酒店,工作日,65.5,63.5,592,77552,飞猪,584,73
2026-10-16,m58,沙渠邑境苑温泉酒店,沙渠街道,酒店,工作日,65.5,63.5,592,77552,途家,604,73
2026-10-17,m58,沙渠邑境苑温泉酒店,沙渠街道,酒店,周末,77.0,73.3,725,111650,携程,718,53
2026-10-17,m58,沙渠邑境苑温泉酒店,沙渠街道,酒店,周末,77.0,73.3,725,111650,飞猪,716,54
2026-10-17,m58,沙渠邑境苑温泉酒店,沙渠街道,酒店,周末,77.0,73.3,725,111650,途家,742,53
2026-10-18,m58,沙渠邑境苑温泉酒店,沙渠街道,酒店,周末,71.0,65.8,704,99968,携程,709,68
2026-10-18,m58,沙渠邑境苑温泉酒店,沙渠街道,酒店,周末,71.0,65.8,704,99968,飞猪,691,69
2026-10-18,m58,沙渠邑境苑温泉酒店,沙渠街道,酒店,周末,71.0,65.8,704,99968,途家,713,68
2026-10-19,m58,沙渠邑境苑温泉酒店,沙渠街道,酒店,工作日,54.0,52.3,586,63288,携程,584,96
2026-10-19,m58,沙渠邑境苑温泉酒店,沙渠街道,酒店,工作日,54.0,52.3,586,63288,飞猪,580,95
2026-10-19,m58,沙渠邑境苑温泉酒店,沙渠街道,酒店,工作日,54.0,52.3,586,63288,途家,595,95
2026-10-20,m58,沙渠邑境苑温泉酒店,沙渠街道,酒店,工作日,58.5,54.8,591,69147,携程,591,90
2026-10-20,m58,沙渠邑境苑温泉酒店,沙渠街道,酒店,工作日,58.5,54.8,591,69147,飞猪,582,91
2026-10-20,m58,沙渠邑境苑温泉酒店,沙渠街道,酒店,工作日,58.5,54.8,591,69147,途家,601,90
2026-10-21,m58,沙渠邑境苑温泉酒店,沙渠街道,酒店,工作日,55.0,53.5,576,63360,携程,578,93
2026-10-21,m58,沙渠邑境苑温泉酒店,沙渠街道,酒店,工作日,55.0,53.5,576,63360,飞猪,568,93
2026-10-21,m58,沙渠邑境苑温泉酒店,沙渠街道,酒店,工作日,55.0,53.5,576,63360,途家,581,93
2026-10-22,m58,沙渠邑境苑温泉酒店,沙渠街道,酒店,工作日,62.5,58.0,591,73875,携程,593,84
2026-10-22,m58,沙渠邑境苑温泉酒店,沙渠街道,酒店,工作日,62.5,58.0,591,73875,飞猪,583,84
2026-10-22,m58,沙渠邑境苑温泉酒店,沙渠街道,酒店,工作日,62.5,58.0,591,73875,途家,596,84
2026-10-23,m58,沙渠邑境苑温泉酒店,沙渠街道,酒店,工作日,56.5,53.0,583,65879,携程,583,94
2026-10-23,m58,沙渠邑境苑温泉酒店,沙渠街道,酒店,工作日,56.5,53.0,583,65879,飞猪,571,94
2026-10-23,m58,沙渠邑境苑温泉酒店,沙渠街道,酒店,工作日,56.5,53.0,583,65879,途家,596,94
2026-10-24,m58,沙渠邑境苑温泉酒店,沙渠街道,酒店,周末,75.0,70.0,706,105900,携程,702,60
2026-10-24,m58,沙渠邑境苑温泉酒店,沙渠街道,酒店,周末,75.0,70.0,706,105900,飞猪,693,60
2026-10-24,m58,沙渠邑境苑温泉酒店,沙渠街道,酒店,周末,75.0,70.0,706,105900,途家,722,60
2026-10-25,m58,沙渠邑境苑温泉酒店,沙渠街道,酒店,周末,76.0,71.0,719,109288,携程,716,58
2026-10-25,m58,沙渠邑境苑温泉酒店,沙渠街道,酒店,周末,76.0,71.0,719,109288,飞猪,714,58
2026-10-25,m58,沙渠邑境苑温泉酒店,沙渠街道,酒店,周末,76.0,71.0,719,109288,途家,726,58
2026-10-26,m58,沙渠邑境苑温泉酒店,沙渠街道,酒店,工作日,60.0,58.5,592,71040,携程,590,83
2026-10-26,m58,沙渠邑境苑温泉酒店,沙渠街道,酒店,工作日,60.0,58.5,592,71040,飞猪,582,83
2026-10-26,m58,沙渠邑境苑温泉酒店,沙渠街道,酒店,工作日,60.0,58.5,592,71040,途家,605,83
2026-10-27,m58,沙渠邑境苑温泉酒店,沙渠街道,酒店,工作日,63.0,59.2,595,74970,携程,592,82
2026-10-27,m58,沙渠邑境苑温泉酒店,沙渠街道,酒店,工作日,63.0,59.2,595,74970,飞猪,587,82
2026-10-27,m58,沙渠邑境苑温泉酒店,沙渠街道,酒店,工作日,63.0,59.2,595,74970,途家,606,81
2026-10-28,m58,沙渠邑境苑温泉酒店,沙渠街道,酒店,工作日,60.0,56.5,595,71400,携程,590,87
2026-10-28,m58,沙渠邑境苑温泉酒店,沙渠街道,酒店,工作日,60.0,56.5,595,71400,飞猪,590,87
2026-10-28,m58,沙渠邑境苑温泉酒店,沙渠街道,酒店,工作日,60.0,56.5,595,71400,途家,605,87
2026-10-29,m58,沙渠邑境苑温泉酒店,沙渠街道,酒店,工作日,70.5,66.8,604,85164,携程,600,66
2026-10-29,m58,沙渠邑境苑温泉酒店,沙渠街道,酒店,工作日,70.5,66.8,604,85164,飞猪,599,67
2026-10-29,m58,沙渠邑境苑温泉酒店,沙渠街道,酒店,工作日,70.5,66.8,604,85164,途家,612,66
2026-10-30,m58,沙渠邑境苑温泉酒店,沙渠街道,酒店,工作日,62.5,58.0,591,73875,携程,590,84
2026-10-30,m58,沙渠邑境苑温泉酒店,沙渠街道,酒店,工作日,62.5,58.0,591,73875,飞猪,584,84
2026-10-30,m58,沙渠邑境苑温泉酒店,沙渠街道,酒店,工作日,62.5,58.0,591,73875,途家,599,84
2026-10-31,m58,沙渠邑境苑温泉酒店,沙渠街道,酒店,周末,79.0,73.7,730,115340,携程,734,53
2026-10-31,m58,沙渠邑境苑温泉酒店,沙渠街道,酒店,周末,79.0,73.7,730,115340,飞猪,716,53
2026-10-31,m58,沙渠邑境苑温泉酒店,沙渠街道,酒店,周末,79.0,73.7,730,115340,途家,740,52
2026-10-01,m59,沙渠水岸客栈,沙渠街道,客栈,国庆,90.0,78.3,556,15012,携程,554,7
2026-10-01,m59,沙渠水岸客栈,沙渠街道,客栈,国庆,90.0,78.3,556,15012,途家,558,6
2026-10-02,m59,沙渠水岸客栈,沙渠街道,客栈,国庆,86.7,86.7,582,15132,携程,576,4
2026-10-02,m59,沙渠水岸客栈,沙渠街道,客栈,国庆,86.7,86.7,582,15132,途家,587,4
2026-10-03,m59,沙渠水岸客栈,沙渠街道,客栈,国庆,90.0,88.3,595,16065,携程,587,4
2026-10-03,m59,沙渠水岸客栈,沙渠街道,客栈,国庆,90.0,88.3,595,16065,途家,603,3
2026-10-04,m59,沙渠水岸客栈,沙渠街道,客栈,国庆,83.3,83.3,592,14800,携程,587,5
2026-10-04,m59,沙渠水岸客栈,沙渠街道,客栈,国庆,83.3,83.3,592,14800,途家,597,5
2026-10-05,m59,沙渠水岸客栈,沙渠街道,客栈,国庆,90.0,90.0,554,14958,携程,548,3
2026-10-05,m59,沙渠水岸客栈,沙渠街道,客栈,国庆,90.0,90.0,554,14958,途家,559,3
2026-10-06,m59,沙渠水岸客栈,沙渠街道,客栈,国庆,93.3,86.7,582,16296,携程,577,4
2026-10-06,m59,沙渠水岸客栈,沙渠街道,客栈,国庆,93.3,86.7,582,16296,途家,586,4
2026-10-07,m59,沙渠水岸客栈,沙渠街道,客栈,国庆,80.0,76.7,550,13200,携程,542,7
2026-10-07,m59,沙渠水岸客栈,沙渠街道,客栈,国庆,80.0,76.7,550,13200,途家,557,7
2026-10-08,m59,沙渠水岸客栈,沙渠街道,客栈,国庆,70.0,66.7,548,11508,携程,542,10
2026-10-08,m59,沙渠水岸客栈,沙渠街道,客栈,国庆,70.0,66.7,548,11508,途家,554,10
2026-10-09,m59,沙渠水岸客栈,沙渠街道,客栈,工作日,66.7,61.7,325,6500,携程,324,12
2026-10-09,m59,沙渠水岸客栈,沙渠街道,客栈,工作日,66.7,61.7,325,6500,途家,325,11
2026-10-10,m59,沙渠水岸客栈,沙渠街道,客栈,周末,73.3,73.3,382,8404,携程,380,8
2026-10-10,m59,沙渠水岸客栈,沙渠街道,客栈,周末,73.3,73.3,382,8404,途家,384,8
2026-10-11,m59,沙渠水岸客栈,沙渠街道,客栈,周末,90.0,90.0,408,11016,携程,402,3
2026-10-11,m59,沙渠水岸客栈,沙渠街道,客栈,周末,90.0,90.0,408,11016,途家,413,3
2026-10-12,m59,沙渠水岸客栈,沙渠街道,客栈,工作日,70.0,66.7,326,6846,携程,322,10
2026-10-12,m59,沙渠水岸客栈,沙渠街道,客栈,工作日,70.0,66.7,326,6846,途家,329,10
2026-10-13,m59,沙渠水岸客栈,沙渠街道,客栈,工作日,83.3,80.0,330,8250,携程,327,6
2026-10-13,m59,沙渠水岸客栈,沙渠街道,客栈,工作日,83.3,80.0,330,8250,途家,333,6
2026-10-14,m59,沙渠水岸客栈,沙渠街道,客栈,工作日,63.3,61.7,315,5985,携程,310,12
2026-10-14,m59,沙渠水岸客栈,沙渠街道,客栈,工作日,63.3,61.7,315,5985,途家,320,11
2026-10-15,m59,沙渠水岸客栈,沙渠街道,客栈,工作日,63.3,58.3,318,6042,携程,315,13
2026-10-15,m59,沙渠水岸客栈,沙渠街道,客栈,工作日,63.3,58.3,318,6042,途家,321,12
2026-10-16,m59,沙渠水岸客栈,沙渠街道,客栈,工作日,60.0,56.7,323,5814,携程,321,13
2026-10-16,m59,沙渠水岸客栈,沙渠街道,客栈,工作日,60.0,56.7,323,5814,途家,325,13
2026-10-17,m59,沙渠水岸客栈,沙渠街道,客栈,周末,90.0,90.0,404,10908,携程,397,3
2026-10-17,m59,沙渠水岸客栈,沙渠街道,客栈,周末,90.0,90.0,404,10908,途家,410,3
2026-10-18,m59,沙渠水岸客栈,沙渠街道,客栈,周末,80.0,76.7,396,9504,携程,392,7
2026-10-18,m59,沙渠水岸客栈,沙渠街道,客栈,周末,80.0,76.7,396,9504,途家,400,7
2026-10-19,m59,沙渠水岸客栈,沙渠街道,客栈,工作日,43.3,43.3,309,4017,携程,304,17
2026-10-19,m59,沙渠水岸客栈,沙渠街道,客栈,工作日,43.3,43.3,309,4017,途家,313,17
2026-10-20,m59,沙渠水岸客栈,沙渠街道,客栈,工作日,66.7,60.0,321,6420,携程,319,12
2026-10-20,m59,沙渠水岸客栈,沙渠街道,客栈,工作日,66.7,60.0,321,6420,途家,323,12
2026-10-21,m59,沙渠水岸客栈,沙渠街道,客栈,工作日,56.7,53.3,320,5440,携程,316,14
2026-10-21,m59,沙渠水岸客栈,沙渠街道,客栈,工作日,56.7,53.3,320,5440,途家,324,14
2026-10-22,m59,沙渠水岸客栈,沙渠街道,客栈,工作日,60.0,51.7,311,5598,携程,308,15
2026-10-22,m59,沙渠水岸客栈,沙渠街道,客栈,工作日,60.0,51.7,311,5598,途家,313,14
2026-10-23,m59,沙渠水岸客栈,沙渠街道,客栈,工作日,60.0,53.3,313,5634,携程,308,14
2026-10-23,m59,沙渠水岸客栈,沙渠街道,客栈,工作日,60.0,53.3,313,5634,途家,317,14
2026-10-24,m59,沙渠水岸客栈,沙渠街道,客栈,周末,83.3,83.3,394,9850,携程,388,5
2026-10-24,m59,沙渠水岸客栈,沙渠街道,客栈,周末,83.3,83.3,394,9850,途家,400,5
2026-10-25,m59,沙渠水岸客栈,沙渠街道,客栈,周末,66.7,66.7,383,7660,携程,379,10
2026-10-25,m59,沙渠水岸客栈,沙渠街道,客栈,周末,66.7,66.7,383,7660,途家,386,10
2026-10-26,m59,沙渠水岸客栈,沙渠街道,客栈,工作日,66.7,58.3,323,6460,携程,320,13
2026-10-26,m59,沙渠水岸客栈,沙渠街道,客栈,工作日,66.7,58.3,323,6460,途家,326,12
2026-10-27,m59,沙渠水岸客栈,沙渠街道,客栈,工作日,56.7,56.7,324,5508,携程,320,13
2026-10-27,m59,沙渠水岸客栈,沙渠街道,客栈,工作日,56.7,56.7,324,5508,途家,327,13
2026-10-28,m59,沙渠水岸客栈,沙渠街道,客栈,工作日,66.7,60.0,329,6580,携程,323,12
2026-10-28,m59,沙渠水岸客栈,沙渠街道,客栈,工作日,66.7,60.0,329,6580,途家,335,12
2026-10-29,m59,沙渠水岸客栈,沙渠街道,客栈,工作日,66.7,61.7,323,6460,携程,319,12
2026-10-29,m59,沙渠水岸客栈,沙渠街道,客栈,工作日,66.7,61.7,323,6460,途家,326,11
2026-10-30,m59,沙渠水岸客栈,沙渠街道,客栈,工作日,70.0,70.0,324,6804,携程,318,9
2026-10-30,m59,沙渠水岸客栈,沙渠街道,客栈,工作日,70.0,70.0,324,6804,途家,329,9
2026-10-31,m59,沙渠水岸客栈,沙渠街道,客栈,周末,63.3,61.7,380,7220,携程,377,12
2026-10-31,m59,沙渠水岸客栈,沙渠街道,客栈,周末,63.3,61.7,380,7220,途家,382,11
2026-10-01,m60,沙渠竹林农家乐,沙渠街道,农家乐,国庆,83.3,66.7,516,2580,美团,511,2
2026-10-01,m60,沙渠竹林农家乐,沙渠街道,农家乐,国庆,83.3,66.7,516,2580,飞猪,513,2
2026-10-01,m60,沙渠竹林农家乐,沙渠街道,农家乐,国庆,83.3,66.7,516,2580,途家,524,2
2026-10-02,m60,沙渠竹林农家乐,沙渠街道,农家乐,国庆,83.3,83.3,534,2670,美团,521,1
2026-10-02,m60,沙渠竹林农家乐,沙渠街道,农家乐,国庆,83.3,83.3,534,2670,飞猪,533,1
2026-10-02,m60,沙渠竹林农家乐,沙渠街道,农家乐,国庆,83.3,83.3,534,2670,途家,549,1
2026-10-03,m60,沙渠竹林农家乐,沙渠街道,农家乐,国庆,100.0,77.8,598,3588,美团,582,2
2026-10-03,m60,沙渠竹林农家乐,沙渠街道,农家乐,国庆,100.0,77.8,598,3588,飞猪,599,1
2026-10-03,m60,沙渠竹林农家乐,沙渠街道,农家乐,国庆,100.0,77.8,598,3588,途家,612,1
2026-10-04,m60,沙渠竹林农家乐,沙渠街道,农家乐,国庆,83.3,66.7,500,2500,美团,487,2
2026-10-04,m60,沙渠竹林农家乐,沙渠街道,农家乐,国庆,83.3,66.7,500,2500,飞猪,503,2
2026-10-04,m60,沙渠竹林农家乐,沙渠街道,农家乐,国庆,83.3,66.7,500,2500,途家,511,2
2026-10-05,m60,沙渠竹林农家乐,沙渠街道,农家乐,国庆,83.3,83.3,533,2665,美团,520,1
2026-10-05,m60,沙渠竹林农家乐,沙渠街道,农家乐,国庆,83.3,83.3,533,2665,飞猪,534,1
2026-10-05,m60,沙渠竹林农家乐,沙渠街道,农家乐,国庆,83.3,83.3,533,2665,途家,546,1
2026-10-06,m60,沙渠竹林农家乐,沙渠街道,农家乐,国庆,83.3,83.3,569,2845,美团,552,1
2026-10-06,m60,沙渠竹林农家乐,沙渠街道,农家乐,国庆,83.3,83.3,569,2845,飞猪,568,1
2026-10-06,m60,沙渠竹林农家乐,沙渠街道,农家乐,国庆,83.3,83.3,569,2845,途家,586,1
2026-10-07,m60,沙渠竹林农家乐,沙渠街道,农家乐,国庆,100.0,88.9,577,3462,美团,563,1
2026-10-07,m60,沙渠竹林农家乐,沙渠街道,农家乐,国庆,100.0,88.9,577,3462,飞猪,578,1
2026-10-07,m60,沙渠竹林农家乐,沙渠街道,农家乐,国庆,100.0,88.9,577,3462,途家,590,0
2026-10-08,m60,沙渠竹林农家乐,沙渠街道,农家乐,国庆,83.3,83.3,531,2655,美团,518,1
2026-10-08,m60,沙渠竹林农家乐,沙渠街道,农家乐,国庆,83.3,83.3,531,2655,飞猪,529,1
2026-10-08,m60,沙渠竹林农家乐,沙渠街道,农家乐,国庆,83.3,83.3,531,2655,途家,545,1
2026-10-09,m60,沙渠竹林农家乐,沙渠街道,农家乐,工作日,50.0,50.0,306,918,美团,299,3
2026-10-09,m60,沙渠竹林农家乐,沙渠街道,农家乐,工作日,50.0,50.0,306,918,飞猪,307,3
2026-10-09,m60,沙渠竹林农家乐,沙渠街道,农家乐,工作日,50.0,50.0,306,918,途家,313,3
2026-10-10,m60,沙渠竹林农家乐,沙渠街道,农家乐,周末,50.0,50.0,364,1092,美团,355,3
2026-10-10,m60,沙渠竹林农家乐,沙渠街道,农家乐,周末,50.0,50.0,364,1092,飞猪,362,3
2026-10-10,m60,沙渠竹林农家乐,沙渠街道,农家乐,周末,50.0,50.0,364,1092,途家,375,3
2026-10-11,m60,沙渠竹林农家乐,沙渠街道,农家乐,周末,83.3,61.1,356,1780,美团,347,2
2026-10-11,m60,沙渠竹林农家乐,沙渠街道,农家乐,周末,83.3,61.1,356,1780,飞猪,356,3
2026-10-11,m60,沙渠竹林农家乐,沙渠街道,农家乐,周末,83.3,61.1,356,1780,途家,364,2
2026-10-12,m60,沙渠竹林农家乐,沙渠街道,农家乐,工作日,66.7,66.7,306,1224,美团,300,2
2026-10-12,m60,沙渠竹林农家乐,沙渠街道,农家乐,工作日,66.7,66.7,306,1224,飞猪,306,2
2026-10-12,m60,沙渠竹林农家乐,沙渠街道,农家乐,工作日,66.7,66.7,306,1224,途家,313,2
2026-10-13,m60,沙渠竹林农家乐,沙渠街道,农家乐,工作日,50.0,27.8,295,885,美团,289,5
2026-10-13,m60,沙渠竹林农家乐,沙渠街道,农家乐,工作日,50.0,27.8,295,885,飞猪,293,4
2026-10-13,m60,沙渠竹林农家乐,沙渠街道,农家乐,工作日,50.0,27.8,295,885,途家,304,4
2026-10-14,m60,沙渠竹林农家乐,沙渠街道,农家乐,工作日,83.3,83.3,324,1620,美团,318,1
2026-10-14,m60,沙渠竹林农家乐,沙渠街道,农家乐,工作日,83.3,83.3,324,1620,飞猪,323,1
2026-10-14,m60,沙渠竹林农家乐,沙渠街道,农家乐,工作日,83.3,83.3,324,1620,途家,330,1
2026-10-15,m60,沙渠竹林农家乐,沙渠街道,农家乐,工作日,33.3,33.3,308,616,美团,302,4
2026-10-15,m60,沙渠竹林农家乐,沙渠街道,农家乐,工作日,33.3,33.3,308,616,飞猪,306,4
2026-10-15,m60,沙渠竹林农家乐,沙渠街道,农家乐,工作日,33.3,33.3,308,616,途家,317,4
2026-10-16,m60,沙渠竹林农家乐,沙渠街道,农家乐,工作日,83.3,83.3,334,1670,美团,326,1
2026-10-16,m60,沙渠竹林农家乐,沙渠街道,农家乐,工作日,83.3,83.3,334,1670,飞猪,332,1
2026-10-16,m60,沙渠竹林农家乐,沙渠街道,农家乐,工作日,83.3,83.3,334,1670,途家,344,1
2026-10-17,m60,沙渠竹林农家乐,沙渠街道,农家乐,周末,66.7,66.7,377,1508,美团,369,2
2026-10-17,m60,沙渠竹林农家乐,沙渠街道,农家乐,周末,66.7,66.7,377,1508,飞猪,376,2
2026-10-17,m60,沙渠竹林农家乐,沙渠街道,农家乐,周末,66.7,66.7,377,1508,途家,386,2
2026-10-18,m60,沙渠竹林农家乐,沙渠街道,农家乐,周末,66.7,61.1,374,1496,美团,364,3
2026-10-18,m60,沙渠竹林农家乐,沙渠街道,农家乐,周末,66.7,61.1,374,1496,飞猪,372,2
2026-10-18,m60,沙渠竹林农家乐,沙渠街道,农家乐,周末,66.7,61.1,374,1496,途家,385,2
2026-10-19,m60,沙渠竹林农家乐,沙渠街道,农家乐,工作日,66.7,38.9,308,1232,美团,300,4
2026-10-19,m60,沙渠竹林农家乐,沙渠街道,农家乐,工作日,66.7,38.9,308,1232,飞猪,307,4
2026-10-19,m60,沙渠竹林农家乐,沙渠街道,农家乐,工作日,66.7,38.9,308,1232,途家,316,3
2026-10-20,m60,沙渠竹林农家乐,沙渠街道,农家乐,工作日,66.7,61.1,317,1268,美团,311,3
2026-10-20,m60,沙渠竹林农家乐,沙渠街道,农家乐,工作日,66.7,61.1,317,1268,飞猪,315,2
2026-10-20,m60,沙渠竹林农家乐,沙渠街道,农家乐,工作日,66.7,61.1,317,1268,途家,325,2
2026-10-21,m60,沙渠竹林农家乐,沙渠街道,农家乐,工作日,66.7,66.7,302,1208,美团,295,2
2026-10-21,m60,沙渠竹林农家乐,沙渠街道,农家乐,工作日,66.7,66.7,302,1208,飞猪,300,2
2026-10-21,m60,沙渠竹林农家乐,沙渠街道,农家乐,工作日,66.7,66.7,302,1208,途家,310,2
2026-10-22,m60,沙渠竹林农家乐,沙渠街道,农家乐,工作日,100.0,100.0,353,2118,美团,345,0
2026-10-22,m60,沙渠竹林农家乐,沙渠街道,农家乐,工作日,100.0,100.0,353,2118,飞猪,351,0
2026-10-22,m60,沙渠竹林农家乐,沙渠街道,农家乐,工作日,100.0,100.0,353,2118,途家,362,0
2026-10-23,m60,沙渠竹林农家乐,沙渠街道,农家乐,工作日,66.7,61.1,318,1272,美团,311,3
2026-10-23,m60,沙渠竹林农家乐,沙渠街道,农家乐,工作日,66.7,61.1,318,1272,飞猪,315,2
2026-10-23,m60,沙渠竹林农家乐,沙渠街道,农家乐,工作日,66.7,61.1,318,1272,途家,327,2
2026-10-24,m60,沙渠竹林农家乐,沙渠街道,农家乐,周末,83.3,83.3,373,1865,美团,364,1
2026-10-24,m60,沙渠竹林农家乐,沙渠街道,农家乐,周末,83.3,83.3,373,1865,飞猪,371,1
2026-10-24,m60,沙渠竹林农家乐,沙渠街道,农家乐,周末,83.3,83.3,373,1865,途家,383,1
2026-10-25,m60,沙渠竹林农家乐,沙渠街道,农家乐,周末,83.3,77.8,370,1850,美团,363,2
2026-10-25,m60,沙渠竹林农家乐,沙渠街道,农家乐,周末,83.3,77.8,370,1850,飞猪,367,1
2026-10-25,m60,沙渠竹林农家乐,沙渠街道,农家乐,周末,83.3,77.8,370,1850,途家,380,1
2026-10-26,m60,沙渠竹林农家乐,沙渠街道,农家乐,工作日,33.3,27.8,306,612,美团,302,5
2026-10-26,m60,沙渠竹林农家乐,沙渠街道,农家乐,工作日,33.3,27.8,306,612,飞猪,303,4
2026-10-26,m60,沙渠竹林农家乐,沙渠街道,农家乐,工作日,33.3,27.8,306,612,途家,313,4
2026-10-27,m60,沙渠竹林农家乐,沙渠街道,农家乐,工作日,33.3,27.8,286,572,美团,277,5
2026-10-27,m60,沙渠竹林农家乐,沙渠街道,农家乐,工作日,33.3,27.8,286,572,飞猪,286,4
2026-10-27,m60,沙渠竹林农家乐,沙渠街道,农家乐,工作日,33.3,27.8,286,572,途家,294,4
2026-10-28,m60,沙渠竹林农家乐,沙渠街道,农家乐,工作日,33.3,33.3,307,614,美团,299,4
2026-10-28,m60,沙渠竹林农家乐,沙渠街道,农家乐,工作日,33.3,33.3,307,614,飞猪,306,4
2026-10-28,m60,沙渠竹林农家乐,沙渠街道,农家乐,工作日,33.3,33.3,307,614,途家,317,4
2026-10-29,m60,沙渠竹林农家乐,沙渠街道,农家乐,工作日,33.3,27.8,298,596,美团,289,4
2026-10-29,m60,沙渠竹林农家乐,沙渠街道,农家乐,工作日,33.3,27.8,298,596,飞猪,298,5
2026-10-29,m60,沙渠竹林农家乐,沙渠街道,农家乐,工作日,33.3,27.8,298,596,途家,307,4
2026-10-30,m60,沙渠竹林农家乐,沙渠街道,农家乐,工作日,33.3,27.8,285,570,美团,277,5
2026-10-30,m60,沙渠竹林农家乐,沙渠街道,农家乐,工作日,33.3,27.8,285,570,飞猪,282,4
2026-10-30,m60,沙渠竹林农家乐,沙渠街道,农家乐,工作日,33.3,27.8,285,570,途家,297,4
2026-10-31,m60,沙渠竹林农家乐,沙渠街道,农家乐,周末,50.0,44.4,363,1089,美团,354,4
2026-10-31,m60,沙渠竹林农家乐,沙渠街道,农家乐,周末,50.0,44.4,363,1089,飞猪,361,3
2026-10-31,m60,沙渠竹林农家乐,沙渠街道,农家乐,周末,50.0,44.4,363,1089,途家,374,3
2026-10-01,m61,沙渠逸景温泉大酒店,沙渠街道,酒店,国庆,87.3,79.4,1269,69795,携程,1283,13
2026-10-01,m61,沙渠逸景温泉大酒店,沙渠街道,酒店,国庆,87.3,79.4,1269,69795,美团,1228,13
2026-10-01,m61,沙渠逸景温泉大酒店,沙渠街道,酒店,国庆,87.3,79.4,1269,69795,同程,1258,13
2026-10-01,m61,沙渠逸景温泉大酒店,沙渠街道,酒店,国庆,87.3,79.4,1269,69795,途家,1306,13
2026-10-02,m61,沙渠逸景温泉大酒店,沙渠街道,酒店,国庆,88.9,85.3,1216,68096,携程,1228,10
2026-10-02,m61,沙渠逸景温泉大酒店,沙渠街道,酒店,国庆,88.9,85.3,1216,68096,美团,1187,9
2026-10-02,m61,沙渠逸景温泉大酒店,沙渠街道,酒店,国庆,88.9,85.3,1216,68096,同程,1199,9
2026-10-02,m61,沙渠逸景温泉大酒店,沙渠街道,酒店,国庆,88.9,85.3,1216,68096,途家,1251,9
2026-10-03,m61,沙渠逸景温泉大酒店,沙渠街道,酒店,国庆,87.3,85.3,1254,68970,携程,1260,10
2026-10-03,m61,沙渠逸景温泉大酒店,沙渠街道,酒店,国庆,87.3,85.3,1254,68970,美团,1222,9
2026-10-03,m61,沙渠逸景温泉大酒店,沙渠街道,酒店,国庆,87.3,85.3,1254,68970,同程,1241,9
2026-10-03,m61,沙渠逸景温泉大酒店,沙渠街道,酒店,国庆,87.3,85.3,1254,68970,途家,1293,9
2026-10-04,m61,沙渠逸景温泉大酒店,沙渠街道,酒店,国庆,81.0,79.4,1264,64464,携程,1271,13
2026-10-04,m61,沙渠逸景温泉大酒店,沙渠街道,酒店,国庆,81.0,79.4,1264,64464,美团,1251,13
2026-10-04,m61,沙渠逸景温泉大酒店,沙渠街道,酒店,国庆,81.0,79.4,1264,64464,同程,1231,13
2026-10-04,m61,沙渠逸景温泉大酒店,沙渠街道,酒店,国庆,81.0,79.4,1264,64464,途家,1302,13
2026-10-05,m61,沙渠逸景温泉大酒店,沙渠街道,酒店,国庆,87.3,80.6,1234,67870,携程,1239,13
2026-10-05,m61,沙渠逸景温泉大酒店,沙渠街道,酒店,国庆,87.3,80.6,1234,67870,美团,1201,12
2026-10-05,m61,沙渠逸景温泉大酒店,沙渠街道,酒店,国庆,87.3,80.6,1234,67870,同程,1231,12
2026-10-05,m61,沙渠逸景温泉大酒店,沙渠街道,酒店,国庆,87.3,80.6,1234,67870,途家,1264,12
2026-10-06,m61,沙渠逸景温泉大酒店,沙渠街道,酒店,国庆,87.3,79.0,1206,66330,携程,1218,13
2026-10-06,m61,沙渠逸景温泉大酒店,沙渠街道,酒店,国庆,87.3,79.0,1206,66330,美团,1175,13
2026-10-06,m61,沙渠逸景温泉大酒店,沙渠街道,酒店,国庆,87.3,79.0,1206,66330,同程,1187,14
2026-10-06,m61,沙渠逸景温泉大酒店,沙渠街道,酒店,国庆,87.3,79.0,1206,66330,途家,1242,13
2026-10-07,m61,沙渠逸景温泉大酒店,沙渠街道,酒店,国庆,87.3,83.3,1241,68255,携程,1253,11
2026-10-07,m61,沙渠逸景温泉大酒店,沙渠街道,酒店,国庆,87.3,83.3,1241,68255,美团,1217,11
2026-10-07,m61,沙渠逸景温泉大酒店,沙渠街道,酒店,国庆,87.3,83.3,1241,68255,同程,1211,10
2026-10-07,m61,沙渠逸景温泉大酒店,沙渠街道,酒店,国庆,87.3,83.3,1241,68255,途家,1283,10
2026-10-08,m61,沙渠逸景温泉大酒店,沙渠街道,酒店,国庆,85.7,80.6,1236,66744,携程,1244,12
2026-10-08,m61,沙渠逸景温泉大酒店,沙渠街道,酒店,国庆,85.7,80.6,1236,66744,美团,1198,12
2026-10-08,m61,沙渠逸景温泉大酒店,沙渠街道,酒店,国庆,85.7,80.6,1236,66744,同程,1232,13
2026-10-08,m61,沙渠逸景温泉大酒店,沙渠街道,酒店,国庆,85.7,80.6,1236,66744,途家,1269,12
2026-10-09,m61,沙渠逸景温泉大酒店,沙渠街道,酒店,工作日,46.0,44.0,680,19720,携程,683,36
2026-10-09,m61,沙渠逸景温泉大酒店,沙渠街道,酒店,工作日,46.0,44.0,680,19720,美团,669,35
2026-10-09,m61,沙渠逸景温泉大酒店,沙渠街道,酒店,工作日,46.0,44.0,680,19720,同程,676,35
2026-10-09,m61,沙渠逸景温泉大酒店,沙渠街道,酒店,工作日,46.0,44.0,680,19720,途家,693,35
2026-10-10,m61,沙渠逸景温泉大酒店,沙渠街道,酒店,周末,71.4,64.7,858,38610,携程,859,22
2026-10-10,m61,沙渠逸景温泉大酒店,沙渠街道,酒店,周末,71.4,64.7,858,38610,美团,842,23
2026-10-10,m61,沙渠逸景温泉大酒店,沙渠街道,酒店,周末,71.4,64.7,858,38610,同程,851,22
2026-10-10,m61,沙渠逸景温泉大酒店,沙渠街道,酒店,周末,71.4,64.7,858,38610,途家,881,22
2026-10-11,m61,沙渠逸景温泉大酒店,沙渠街道,酒店,周末,71.4,68.3,851,38295,携程,853,20
2026-10-11,m61,沙渠逸景温泉大酒店,沙渠街道,酒店,周末,71.4,68.3,851,38295,美团,834,20
2026-10-11,m61,沙渠逸景温泉大酒店,沙渠街道,酒店,周末,71.4,68.3,851,38295,同程,838,20
2026-10-11,m61,沙渠逸景温泉大酒店,沙渠街道,酒店,周末,71.4,68.3,851,38295,途家,878,20
2026-10-12,m61,沙渠逸景温泉大酒店,沙渠街道,酒店,工作日,63.5,58.3,703,28120,携程,706,26
2026-10-12,m61,沙渠逸景温泉大酒店,沙渠街道,酒店,工作日,63.5,58.3,703,28120,美团,694,26
2026-10-12,m61,沙渠逸景温泉大酒店,沙渠街道,酒店,工作日,63.5,58.3,703,28120,同程,692,27
2026-10-12,m61,沙渠逸景温泉大酒店,沙渠街道,酒店,工作日,63.5,58.3,703,28120,途家,721,26
2026-10-13,m61,沙渠逸景温泉大酒店,沙渠街道,酒店,工作日,46.0,42.5,686,19894,携程,692,36
2026-10-13,m61,沙渠逸景温泉大酒店,沙渠街道,酒店,工作日,46.0,42.5,686,19894,美团,666,36
2026-10-13,m61,沙渠逸景温泉大酒店,沙渠街道,酒店,工作日,46.0,42.5,686,19894,同程,676,37
2026-10-13,m61,沙渠逸景温泉大酒店,沙渠街道,酒店,工作日,46.0,42.5,686,19894,途家,709,36
2026-10-14,m61,沙渠逸景温泉大酒店,沙渠街道,酒店,工作日,55.6,50.4,704,24640,携程,716,31
2026-10-14,m61,沙渠逸景温泉大酒店,沙渠街道,酒店,工作日,55.6,50.4,704,24640,美团,684,31
2026-10-14,m61,沙渠逸景温泉大酒店,沙渠街道,酒店,工作日,55.6,50.4,704,24640,同程,696,32
2026-10-14,m61,沙渠逸景温泉大酒店,沙渠街道,酒店,工作日,55.6,50.4,704,24640,途家,719,31
2026-10-15,m61,沙渠逸景温泉大酒店,沙渠街道,酒店,工作日,63.5,59.9,707,28280,携程,716,25
2026-10-15,m61,沙渠逸景温泉大酒店,沙渠街道,酒店,工作日,63.5,59.9,707,28280,美团,692,26
2026-10-15,m61,沙渠逸景温泉大酒店,沙渠街道,酒店,工作日,63.5,59.9,707,28280,同程,698,25
2026-10-15,m61,沙渠逸景温泉大酒店,沙渠街道,酒店,工作日,63.5,59.9,707,28280,途家,723,25
2026-10-16,m61,沙渠逸景温泉大酒店,沙渠街道,酒店,工作日,60.3,56.3,702,26676,携程,709,27
2026-10-16,m61,沙渠逸景温泉大酒店,沙渠街道,酒店,工作日,60.3,56.3,702,26676,美团,684,28
2026-10-16,m61,沙渠逸景温泉大酒店,沙渠街道,酒店,工作日,60.3,56.3,702,26676,同程,695,28
2026-10-16,m61,沙渠逸景温泉大酒店,沙渠街道,酒店,工作日,60.3,56.3,702,26676,途家,718,27
2026-10-17,m61,沙渠逸景温泉大酒店,沙渠街道,酒店,周末,66.7,58.7,821,34482,携程,836,26
2026-10-17,m61,沙渠逸景温泉大酒店,沙渠街道,酒店,周末,66.7,58.7,821,34482,美团,803,26
2026-10-17,m61,沙渠逸景温泉大酒店,沙渠街道,酒店,周末,66.7,58.7,821,34482,同程,802,26
2026-10-17,m61,沙渠逸景温泉大酒店,沙渠街道,酒店,周末,66.7,58.7,821,34482,途家,843,26
2026-10-18,m61,沙渠逸景温泉大酒店,沙渠街道,酒店,周末,77.8,77.0,862,42238,携程,861,14
2026-10-18,m61,沙渠逸景温泉大酒店,沙渠街道,酒店,周末,77.8,77.0,862,42238,美团,841,15
2026-10-18,m61,沙渠逸景温泉大酒店,沙渠街道,酒店,周末,77.8,77.0,862,42238,同程,852,15
2026-10-18,m61,沙渠逸景温泉大酒店,沙渠街道,酒店,周末,77.8,77.0,862,42238,途家,892,14
2026-10-19,m61,沙渠逸景温泉大酒店,沙渠街道,酒店,工作日,54.0,49.2,694,23596,携程,698,32
2026-10-19,m61,沙渠逸景温泉大酒店,沙渠街道,酒店,工作日,54.0,49.2,694,23596,美团,673,32
2026-10-19,m61,沙渠逸景温泉大酒店,沙渠街道,酒店,工作日,54.0,49.2,694,23596,同程,689,32
2026-10-19,m61,沙渠逸景温泉大酒店,沙渠街道,酒店,工作日,54.0,49.2,694,23596,途家,715,32
2026-10-20,m61,沙渠逸景温泉大酒店,沙渠街道,酒店,工作日,57.1,50.8,693,24948,携程,697,31
2026-10-20,m61,沙渠逸景温泉大酒店,沙渠街道,酒店,工作日,57.1,50.8,693,24948,美团,678,31
2026-10-20,m61,沙渠逸景温泉大酒店,沙渠街道,酒店,工作日,57.1,50.8,693,24948,同程,683,31
2026-10-20,m61,沙渠逸景温泉大酒店,沙渠街道,酒店,工作日,57.1,50.8,693,24948,途家,715,31
2026-10-21,m61,沙渠逸景温泉大酒店,沙渠街道,酒店,工作日,49.2,45.6,684,21204,携程,696,34
2026-10-21,m61,沙渠逸景温泉大酒店,沙渠街道,酒店,工作日,49.2,45.6,684,21204,美团,664,34
2026-10-21,m61,沙渠逸景温泉大酒店,沙渠街道,酒店,工作日,49.2,45.6,684,21204,同程,675,35
2026-10-21,m61,沙渠逸景温泉大酒店,沙渠街道,酒店,工作日,49.2,45.6,684,21204,途家,700,34
2026-10-22,m61,沙渠逸景温泉大酒店,沙渠街道,酒店,工作日,57.1,57.1,705,25380,携程,714,27
2026-10-22,m61,沙渠逸景温泉大酒店,沙渠街道,酒店,工作日,57.1,57.1,705,25380,美团,681,27
2026-10-22,m61,沙渠逸景温泉大酒店,沙渠街道,酒店,工作日,57.1,57.1,705,25380,同程,694,27
2026-10-22,m61,沙渠逸景温泉大酒店,沙渠街道,酒店,工作日,57.1,57.1,705,25380,途家,730,27
2026-10-23,m61,沙渠逸景温泉大酒店,沙渠街道,酒店,工作日,54.0,45.6,695,23630,携程,698,34
2026-10-23,m61,沙渠逸景温泉大酒店,沙渠街道,酒店,工作日,54.0,45.6,695,23630,美团,678,34
2026-10-23,m61,沙渠逸景温泉大酒店,沙渠街道,酒店,工作日,54.0,45.6,695,23630,同程,685,35
2026-10-23,m61,沙渠逸景温泉大酒店,沙渠街道,酒店,工作日,54.0,45.6,695,23630,途家,718,34
2026-10-24,m61,沙渠逸景温泉大酒店,沙渠街道,酒店,周末,82.5,78.6,875,45500,携程,877,14
2026-10-24,m61,沙渠逸景温泉大酒店,沙渠街道,酒店,周末,82.5,78.6,875,45500,美团,848,13
2026-10-24,m61,沙渠逸景温泉大酒店,沙渠街道,酒店,周末,82.5,78.6,875,45500,同程,869,14
2026-10-24,m61,沙渠逸景温泉大酒店,沙渠街道,酒店,周末,82.5,78.6,875,45500,途家,904,13
2026-10-25,m61,沙渠逸景温泉大酒店,沙渠街道,酒店,周末,82.5,75.4,857,44564,携程,861,15
2026-10-25,m61,沙渠逸景温泉大酒店,沙渠街道,酒店,周末,82.5,75.4,857,44564,美团,833,16
2026-10-25,m61,沙渠逸景温泉大酒店,沙渠街道,酒店,周末,82.5,75.4,857,44564,同程,850,16
2026-10-25,m61,沙渠逸景温泉大酒店,沙渠街道,酒店,周末,82.5,75.4,857,44564,途家,885,15
2026-10-26,m61,沙渠逸景温泉大酒店,沙渠街道,酒店,工作日,57.1,51.6,683,24588,携程,692,30
2026-10-26,m61,沙渠逸景温泉大酒店,沙渠街道,酒店,工作日,57.1,51.6,683,24588,美团,672,31
2026-10-26,m61,沙渠逸景温泉大酒店,沙渠街道,酒店,工作日,57.1,51.6,683,24588,同程,677,31
2026-10-26,m61,沙渠逸景温泉大酒店,沙渠街道,酒店,工作日,57.1,51.6,683,24588,途家,691,30
2026-10-27,m61,沙渠逸景温泉大酒店,沙渠街道,酒店,工作日,57.1,53.2,689,24804,携程,695,29
2026-10-27,m61,沙渠逸景温泉大酒店,沙渠街道,酒店,工作日,57.1,53.2,689,24804,美团,666,30
2026-10-27,m61,沙渠逸景温泉大酒店,沙渠街道,酒店,工作日,57.1,53.2,689,24804,同程,684,30
2026-10-27,m61,沙渠逸景温泉大酒店,沙渠街道,酒店,工作日,57.1,53.2,689,24804,途家,711,29
2026-10-28,m61,沙渠逸景温泉大酒店,沙渠街道,酒店,工作日,60.3,57.1,704,26752,携程,714,27
2026-10-28,m61,沙渠逸景温泉大酒店,沙渠街道,酒店,工作日,60.3,57.1,704,26752,美团,679,27
2026-10-28,m61,沙渠逸景温泉大酒店,沙渠街道,酒店,工作日,60.3,57.1,704,26752,同程,695,27
2026-10-28,m61,沙渠逸景温泉大酒店,沙渠街道,酒店,工作日,60.3,57.1,704,26752,途家,728,27
2026-10-29,m61,沙渠逸景温泉大酒店,沙渠街道,酒店,工作日,54.0,45.2,678,23052,携程,684,35
2026-10-29,m61,沙渠逸景温泉大酒店,沙渠街道,酒店,工作日,54.0,45.2,678,23052,美团,658,34
2026-10-29,m61,沙渠逸景温泉大酒店,沙渠街道,酒店,工作日,54.0,45.2,678,23052,同程,671,35
2026-10-29,m61,沙渠逸景温泉大酒店,沙渠街道,酒店,工作日,54.0,45.2,678,23052,途家,699,34
2026-10-30,m61,沙渠逸景温泉大酒店,沙渠街道,酒店,工作日,57.1,55.2,689,24804,携程,688,28
2026-10-30,m61,沙渠逸景温泉大酒店,沙渠街道,酒店,工作日,57.1,55.2,689,24804,美团,681,28
2026-10-30,m61,沙渠逸景温泉大酒店,沙渠街道,酒店,工作日,57.1,55.2,689,24804,同程,676,29
2026-10-30,m61,沙渠逸景温泉大酒店,沙渠街道,酒店,工作日,57.1,55.2,689,24804,途家,709,28
2026-10-31,m61,沙渠逸景温泉大酒店,沙渠街道,酒店,周末,79.4,75.8,863,43150,携程,872,15
2026-10-31,m61,沙渠逸景温泉大酒店,沙渠街道,酒店,周末,79.4,75.8,863,43150,美团,849,16
2026-10-31,m61,沙渠逸景温泉大酒店,沙渠街道,酒店,周末,79.4,75.8,863,43150,同程,844,15
2026-10-31,m61,沙渠逸景温泉大酒店,沙渠街道,酒店,周末,79.4,75.8,863,43150,途家,886,15
2026-10-01,m62,沙渠慢时光客栈,沙渠街道,客栈,国庆,87.8,83.0,875,37625,携程,896,8
2026-10-01,m62,沙渠慢时光客栈,沙渠街道,客栈,国庆,87.8,83.0,875,37625,美团,859,9
2026-10-01,m62,沙渠慢时光客栈,沙渠街道,客栈,国庆,87.8,83.0,875,37625,同程,871,8
2026-10-02,m62,沙渠慢时光客栈,沙渠街道,客栈,国庆,79.6,78.9,862,33618,携程,880,10
2026-10-02,m62,沙渠慢时光客栈,沙渠街道,客栈,国庆,79.6,78.9,862,33618,美团,848,11
2026-10-02,m62,沙渠慢时光客栈,沙渠街道,客栈,国庆,79.6,78.9,862,33618,同程,858,10
2026-10-03,m62,沙渠慢时光客栈,沙渠街道,客栈,国庆,91.8,82.3,872,39240,携程,887,9
2026-10-03,m62,沙渠慢时光客栈,沙渠街道,客栈,国庆,91.8,82.3,872,39240,美团,853,8
2026-10-03,m62,沙渠慢时光客栈,沙渠街道,客栈,国庆,91.8,82.3,872,39240,同程,875,9
2026-10-04,m62,沙渠慢时光客栈,沙渠街道,客栈,国庆,89.8,87.1,859,37796,携程,875,6
2026-10-04,m62,沙渠慢时光客栈,沙渠街道,客栈,国庆,89.8,87.1,859,37796,美团,846,6
2026-10-04,m62,沙渠慢时光客栈,沙渠街道,客栈,国庆,89.8,87.1,859,37796,同程,857,7
2026-10-05,m62,沙渠慢时光客栈,沙渠街道,客栈,国庆,89.8,84.4,867,38148,携程,891,8
2026-10-05,m62,沙渠慢时光客栈,沙渠街道,客栈,国庆,89.8,84.4,867,38148,美团,851,8
2026-10-05,m62,沙渠慢时光客栈,沙渠街道,客栈,国庆,89.8,84.4,867,38148,同程,860,7
2026-10-06,m62,沙渠慢时光客栈,沙渠街道,客栈,国庆,87.8,85.0,843,36249,携程,856,7
2026-10-06,m62,沙渠慢时光客栈,沙渠街道,客栈,国庆,87.8,85.0,843,36249,美团,829,8
2026-10-06,m62,沙渠慢时光客栈,沙渠街道,客栈,国庆,87.8,85.0,843,36249,同程,843,7
2026-10-07,m62,沙渠慢时光客栈,沙渠街道,客栈,国庆,81.6,78.9,865,34600,携程,884,10
2026-10-07,m62,沙渠慢时光客栈,沙渠街道,客栈,国庆,81.6,78.9,865,34600,美团,858,10
2026-10-07,m62,沙渠慢时光客栈,沙渠街道,客栈,国庆,81.6,78.9,865,34600,同程,854,11
2026-10-08,m62,沙渠慢时光客栈,沙渠街道,客栈,国庆,91.8,85.0,865,38925,携程,884,7
2026-10-08,m62,沙渠慢时光客栈,沙渠街道,客栈,国庆,91.8,85.0,865,38925,美团,849,8
2026-10-08,m62,沙渠慢时光客栈,沙渠街道,客栈,国庆,91.8,85.0,865,38925,同程,863,7
2026-10-09,m62,沙渠慢时光客栈,沙渠街道,客栈,工作日,69.4,63.9,496,16864,携程,505,17
2026-10-09,m62,沙渠慢时光客栈,沙渠街道,客栈,工作日,69.4,63.9,496,16864,美团,487,18
2026-10-09,m62,沙渠慢时光客栈,沙渠街道,客栈,工作日,69.4,63.9,496,16864,同程,495,18
2026-10-10,m62,沙渠慢时光客栈,沙渠街道,客栈,周末,75.5,71.4,591,21867,携程,594,14
2026-10-10,m62,沙渠慢时光客栈,沙渠街道,客栈,周末,75.5,71.4,591,21867,美团,586,14
2026-10-10,m62,沙渠慢时光客栈,沙渠街道,客栈,周末,75.5,71.4,591,21867,同程,593,14
2026-10-11,m62,沙渠慢时光客栈,沙渠街道,客栈,周末,73.5,68.7,589,21204,携程,596,15
2026-10-11,m62,沙渠慢时光客栈,沙渠街道,客栈,周末,73.5,68.7,589,21204,美团,581,15
2026-10-11,m62,沙渠慢时光客栈,沙渠街道,客栈,周末,73.5,68.7,589,21204,同程,590,16
2026-10-12,m62,沙渠慢时光客栈,沙渠街道,客栈,工作日,59.2,55.8,492,14268,携程,502,22
2026-10-12,m62,沙渠慢时光客栈,沙渠街道,客栈,工作日,59.2,55.8,492,14268,美团,487,21
2026-10-12,m62,沙渠慢时光客栈,沙渠街道,客栈,工作日,59.2,55.8,492,14268,同程,488,22
2026-10-13,m62,沙渠慢时光客栈,沙渠街道,客栈,工作日,65.3,63.9,487,15584,携程,492,18
2026-10-13,m62,沙渠慢时光客栈,沙渠街道,客栈,工作日,65.3,63.9,487,15584,美团,479,17
2026-10-13,m62,沙渠慢时光客栈,沙渠街道,客栈,工作日,65.3,63.9,487,15584,同程,491,18
2026-10-14,m62,沙渠慢时光客栈,沙渠街道,客栈,工作日,67.3,59.9,499,16467,携程,508,19
2026-10-14,m62,沙渠慢时光客栈,沙渠街道,客栈,工作日,67.3,59.9,499,16467,美团,494,20
2026-10-14,m62,沙渠慢时光客栈,沙渠街道,客栈,工作日,67.3,59.9,499,16467,同程,494,20
2026-10-15,m62,沙渠慢时光客栈,沙渠街道,客栈,工作日,57.1,56.5,479,13412,携程,486,21
2026-10-15,m62,沙渠慢时光客栈,沙渠街道,客栈,工作日,57.1,56.5,479,13412,美团,473,22
2026-10-15,m62,沙渠慢时光客栈,沙渠街道,客栈,工作日,57.1,56.5,479,13412,同程,479,21
2026-10-16,m62,沙渠慢时光客栈,沙渠街道,客栈,工作日,57.1,56.5,490,13720,携程,497,21
2026-10-16,m62,沙渠慢时光客栈,沙渠街道,客栈,工作日,57.1,56.5,490,13720,美团,484,21
2026-10-16,m62,沙渠慢时光客栈,沙渠街道,客栈,工作日,57.1,56.5,490,13720,同程,489,22
2026-10-17,m62,沙渠慢时光客栈,沙渠街道,客栈,周末,89.8,85.7,602,26488,携程,609,7
2026-10-17,m62,沙渠慢时光客栈,沙渠街道,客栈,周末,89.8,85.7,602,26488,美团,595,7
2026-10-17,m62,沙渠慢时光客栈,沙渠街道,客栈,周末,89.8,85.7,602,26488,同程,601,7
2026-10-18,m62,沙渠慢时光客栈,沙渠街道,客栈,周末,75.5,74.1,609,22533,携程,620,12
2026-10-18,m62,沙渠慢时光客栈,沙渠街道,客栈,周末,75.5,74.1,609,22533,美团,602,13
2026-10-18,m62,沙渠慢时光客栈,沙渠街道,客栈,周末,75.5,74.1,609,22533,同程,604,13
2026-10-19,m62,沙渠慢时光客栈,沙渠街道,客栈,工作日,69.4,63.9,496,16864,携程,509,18
2026-10-19,m62,沙渠慢时光客栈,沙渠街道,客栈,工作日,69.4,63.9,496,16864,美团,487,18
2026-10-19,m62,沙渠慢时光客栈,沙渠街道,客栈,工作日,69.4,63.9,496,16864,同程,491,17
2026-10-20,m62,沙渠慢时光客栈,沙渠街道,客栈,工作日,67.3,66.7,495,16335,携程,501,16
2026-10-20,m62,沙渠慢时光客栈,沙渠街道,客栈,工作日,67.3,66.7,495,16335,美团,492,17
2026-10-20,m62,沙渠慢时光客栈,沙渠街道,客栈,工作日,67.3,66.7,495,16335,同程,492,16
2026-10-21,m62,沙渠慢时光客栈,沙渠街道,客栈,工作日,53.1,51.0,483,12558,携程,491,24
2026-10-21,m62,沙渠慢时光客栈,沙渠街道,客栈,工作日,53.1,51.0,483,12558,美团,477,24
2026-10-21,m62,沙渠慢时光客栈,沙渠街道,客栈,工作日,53.1,51.0,483,12558,同程,482,24
2026-10-22,m62,沙渠慢时光客栈,沙渠街道,客栈,工作日,65.3,58.5,504,16128,携程,513,20
2026-10-22,m62,沙渠慢时光客栈,沙渠街道,客栈,工作日,65.3,58.5,504,16128,美团,498,21
2026-10-22,m62,沙渠慢时光客栈,沙渠街道,客栈,工作日,65.3,58.5,504,16128,同程,501,20
2026-10-23,m62,沙渠慢时光客栈,沙渠街道,客栈,工作日,61.2,55.8,475,14250,携程,483,21
2026-10-23,m62,沙渠慢时光客栈,沙渠街道,客栈,工作日,61.2,55.8,475,14250,美团,469,22
2026-10-23,m62,沙渠慢时光客栈,沙渠街道,客栈,工作日,61.2,55.8,475,14250,同程,472,22
2026-10-24,m62,沙渠慢时光客栈,沙渠街道,客栈,周末,71.4,66.0,582,20370,携程,591,16
2026-10-24,m62,沙渠慢时光客栈,沙渠街道,客栈,周末,71.4,66.0,582,20370,美团,572,17
2026-10-24,m62,沙渠慢时光客栈,沙渠街道,客栈,周末,71.4,66.0,582,20370,同程,583,17
2026-10-25,m62,沙渠慢时光客栈,沙渠街道,客栈,周末,75.5,75.5,600,22200,携程,612,12
2026-10-25,m62,沙渠慢时光客栈,沙渠街道,客栈,周末,75.5,75.5,600,22200,美团,589,12
2026-10-25,m62,沙渠慢时光客栈,沙渠街道,客栈,周末,75.5,75.5,600,22200,同程,598,12
2026-10-26,m62,沙渠慢时光客栈,沙渠街道,客栈,工作日,63.3,62.6,487,15097,携程,497,18
2026-10-26,m62,沙渠慢时光客栈,沙渠街道,客栈,工作日,63.3,62.6,487,15097,美团,483,18
2026-10-26,m62,沙渠慢时光客栈,沙渠街道,客栈,工作日,63.3,62.6,487,15097,同程,482,19
2026-10-27,m62,沙渠慢时光客栈,沙渠街道,客栈,工作日,53.1,49.0,480,12480,携程,490,25
2026-10-27,m62,沙渠慢时光客栈,沙渠街道,客栈,工作日,53.1,49.0,480,12480,美团,475,25
2026-10-27,m62,沙渠慢时光客栈,沙渠街道,客栈,工作日,53.1,49.0,480,12480,同程,476,25
2026-10-28,m62,沙渠慢时光客栈,沙渠街道,客栈,工作日,71.4,64.6,490,17150,携程,498,17
2026-10-28,m62,沙渠慢时光客栈,沙渠街道,客栈,工作日,71.4,64.6,490,17150,美团,482,17
2026-10-28,m62,沙渠慢时光客栈,沙渠街道,客栈,工作日,71.4,64.6,490,17150,同程,490,18
2026-10-29,m62,沙渠慢时光客栈,沙渠街道,客栈,工作日,65.3,58.5,488,15616,携程,500,21
2026-10-29,m62,沙渠慢时光客栈,沙渠街道,客栈,工作日,65.3,58.5,488,15616,美团,478,20
2026-10-29,m62,沙渠慢时光客栈,沙渠街道,客栈,工作日,65.3,58.5,488,15616,同程,487,20
2026-10-30,m62,沙渠慢时光客栈,沙渠街道,客栈,工作日,61.2,59.2,505,15150,携程,515,20
2026-10-30,m62,沙渠慢时光客栈,沙渠街道,客栈,工作日,61.2,59.2,505,15150,美团,496,20
2026-10-30,m62,沙渠慢时光客栈,沙渠街道,客栈,工作日,61.2,59.2,505,15150,同程,503,20
2026-10-31,m62,沙渠慢时光客栈,沙渠街道,客栈,周末,77.6,71.4,587,22306,携程,597,14
2026-10-31,m62,沙渠慢时光客栈,沙渠街道,客栈,周末,77.6,71.4,587,22306,美团,578,14
2026-10-31,m62,沙渠慢时光客栈,沙渠街道,客栈,周末,77.6,71.4,587,22306,同程,585,14
2026-10-01,m63,沙渠溪谷农家乐,沙渠街道,农家乐,国庆,87.5,87.5,307,2149,携程,308,1
2026-10-01,m63,沙渠溪谷农家乐,沙渠街道,农家乐,国庆,87.5,87.5,307,2149,同程,305,1
2026-10-02,m63,沙渠溪谷农家乐,沙渠街道,农家乐,国庆,100.0,81.3,323,2584,携程,324,2
2026-10-02,m63,沙渠溪谷农家乐,沙渠街道,农家乐,国庆,100.0,81.3,323,2584,同程,321,1
2026-10-03,m63,沙渠溪谷农家乐,沙渠街道,农家乐,国庆,100.0,100.0,308,2464,携程,312,0
2026-10-03,m63,沙渠溪谷农家乐,沙渠街道,农家乐,国庆,100.0,100.0,308,2464,同程,303,0
2026-10-04,m63,沙渠溪谷农家乐,沙渠街道,农家乐,国庆,87.5,81.3,317,2219,携程,320,1
2026-10-04,m63,沙渠溪谷农家乐,沙渠街道,农家乐,国庆,87.5,81.3,317,2219,同程,314,2
2026-10-05,m63,沙渠溪谷农家乐,沙渠街道,农家乐,国庆,87.5,87.5,304,2128,携程,307,1
2026-10-05,m63,沙渠溪谷农家乐,沙渠街道,农家乐,国庆,87.5,87.5,304,2128,同程,301,1
2026-10-06,m63,沙渠溪谷农家乐,沙渠街道,农家乐,国庆,62.5,50.0,302,1510,携程,304,4
2026-10-06,m63,沙渠溪谷农家乐,沙渠街道,农家乐,国庆,62.5,50.0,302,1510,同程,299,4
2026-10-07,m63,沙渠溪谷农家乐,沙渠街道,农家乐,国庆,75.0,62.5,293,1758,携程,294,3
2026-10-07,m63,沙渠溪谷农家乐,沙渠街道,农家乐,国庆,75.0,62.5,293,1758,同程,291,3
2026-10-08,m63,沙渠溪谷农家乐,沙渠街道,农家乐,国庆,75.0,68.8,301,1806,携程,305,2
2026-10-08,m63,沙渠溪谷农家乐,沙渠街道,农家乐,国庆,75.0,68.8,301,1806,同程,296,3
2026-10-09,m63,沙渠溪谷农家乐,沙渠街道,农家乐,工作日,37.5,25.0,169,507,携程,170,6
2026-10-09,m63,沙渠溪谷农家乐,沙渠街道,农家乐,工作日,37.5,25.0,169,507,同程,168,6
2026-10-10,m63,沙渠溪谷农家乐,沙渠街道,农家乐,周末,100.0,93.8,220,1760,携程,223,0
2026-10-10,m63,沙渠溪谷农家乐,沙渠街道,农家乐,周末,100.0,93.8,220,1760,同程,217,1
2026-10-11,m63,沙渠溪谷农家乐,沙渠街道,农家乐,周末,87.5,81.3,213,1491,携程,216,1
2026-10-11,m63,沙渠溪谷农家乐,沙渠街道,农家乐,周末,87.5,81.3,213,1491,同程,209,2
2026-10-12,m63,沙渠溪谷农家乐,沙渠街道,农家乐,工作日,37.5,37.5,172,516,携程,174,5
2026-10-12,m63,沙渠溪谷农家乐,沙渠街道,农家乐,工作日,37.5,37.5,172,516,同程,170,5
2026-10-13,m63,沙渠溪谷农家乐,沙渠街道,农家乐,工作日,25.0,25.0,165,330,携程,166,6
2026-10-13,m63,沙渠溪谷农家乐,沙渠街道,农家乐,工作日,25.0,25.0,165,330,同程,163,6
2026-10-14,m63,沙渠溪谷农家乐,沙渠街道,农家乐,工作日,62.5,50.0,171,855,携程,173,4
2026-10-14,m63,沙渠溪谷农家乐,沙渠街道,农家乐,工作日,62.5,50.0,171,855,同程,168,4
2026-10-15,m63,沙渠溪谷农家乐,沙渠街道,农家乐,工作日,50.0,50.0,171,684,携程,172,4
2026-10-15,m63,沙渠溪谷农家乐,沙渠街道,农家乐,工作日,50.0,50.0,171,684,同程,170,4
2026-10-16,m63,沙渠溪谷农家乐,沙渠街道,农家乐,工作日,50.0,43.8,168,672,携程,170,4
2026-10-16,m63,沙渠溪谷农家乐,沙渠街道,农家乐,工作日,50.0,43.8,168,672,同程,166,5
2026-10-17,m63,沙渠溪谷农家乐,沙渠街道,农家乐,周末,100.0,93.8,229,1832,携程,233,0
2026-10-17,m63,沙渠溪谷农家乐,沙渠街道,农家乐,周末,100.0,93.8,229,1832,同程,225,1
2026-10-18,m63,沙渠溪谷农家乐,沙渠街道,农家乐,周末,62.5,43.8,200,1000,携程,201,4
2026-10-18,m63,沙渠溪谷农家乐,沙渠街道,农家乐,周末,62.5,43.8,200,1000,同程,198,5
2026-10-19,m63,沙渠溪谷农家乐,沙渠街道,农家乐,工作日,37.5,31.3,164,492,携程,165,5
2026-10-19,m63,沙渠溪谷农家乐,沙渠街道,农家乐,工作日,37.5,31.3,164,492,同程,162,6
2026-10-20,m63,沙渠溪谷农家乐,沙渠街道,农家乐,工作日,50.0,43.8,177,708,携程,179,5
2026-10-20,m63,沙渠溪谷农家乐,沙渠街道,农家乐,工作日,50.0,43.8,177,708,同程,175,4
2026-10-21,m63,沙渠溪谷农家乐,沙渠街道,农家乐,工作日,25.0,18.8,164,328,携程,166,6
2026-10-21,m63,沙渠溪谷农家乐,沙渠街道,农家乐,工作日,25.0,18.8,164,328,同程,161,7
2026-10-22,m63,沙渠溪谷农家乐,沙渠街道,农家乐,工作日,12.5,12.5,158,158,携程,159,7
2026-10-22,m63,沙渠溪谷农家乐,沙渠街道,农家乐,工作日,12.5,12.5,158,158,同程,156,7
2026-10-23,m63,沙渠溪谷农家乐,沙渠街道,农家乐,工作日,12.5,6.3,158,158,携程,160,8
2026-10-23,m63,沙渠溪谷农家乐,沙渠街道,农家乐,工作日,12.5,6.3,158,158,同程,156,7
2026-10-24,m63,沙渠溪谷农家乐,沙渠街道,农家乐,周末,62.5,62.5,208,1040,携程,210,3
2026-10-24,m63,沙渠溪谷农家乐,沙渠街道,农家乐,周末,62.5,62.5,208,1040,同程,205,3
2026-10-25,m63,沙渠溪谷农家乐,沙渠街道,农家乐,周末,100.0,100.0,232,1856,携程,234,0
2026-10-25,m63,沙渠溪谷农家乐,沙渠街道,农家乐,周末,100.0,100.0,232,1856,同程,230,0
2026-10-26,m63,沙渠溪谷农家乐,沙渠街道,农家乐,工作日,25.0,6.3,157,314,携程,159,7
2026-10-26,m63,沙渠溪谷农家乐,沙渠街道,农家乐,工作日,25.0,6.3,157,314,同程,154,8
2026-10-27,m63,沙渠溪谷农家乐,沙渠街道,农家乐,工作日,37.5,37.5,171,513,携程,173,5
2026-10-27,m63,沙渠溪谷农家乐,沙渠街道,农家乐,工作日,37.5,37.5,171,513,同程,169,5
2026-10-28,m63,沙渠溪谷农家乐,沙渠街道,农家乐,工作日,62.5,56.3,184,920,携程,185,3
2026-10-28,m63,沙渠溪谷农家乐,沙渠街道,农家乐,工作日,62.5,56.3,184,920,同程,183,4
2026-10-29,m63,沙渠溪谷农家乐,沙渠街道,农家乐,工作日,37.5,37.5,171,513,携程,172,5
2026-10-29,m63,沙渠溪谷农家乐,沙渠街道,农家乐,工作日,37.5,37.5,171,513,同程,170,5
2026-10-30,m63,沙渠溪谷农家乐,沙渠街道,农家乐,工作日,37.5,37.5,178,534,携程,178,5
2026-10-30,m63,沙渠溪谷农家乐,沙渠街道,农家乐,工作日,37.5,37.5,178,534,同程,178,5
2026-10-31,m63,沙渠溪谷农家乐,沙渠街道,农家乐,周末,87.5,68.8,209,1463,携程,211,3
2026-10-31,m63,沙渠溪谷农家乐,沙渠街道,农家乐,周末,87.5,68.8,209,1463,同程,207,2
2026-10-01,m64,沙渠中铁大酒店,沙渠街道,酒店,国庆,85.5,80.6,1028,157284,飞猪,1012,35
2026-10-01,m64,沙渠中铁大酒店,沙渠街道,酒店,国庆,85.5,80.6,1028,157284,同程,1013,35
2026-10-01,m64,沙渠中铁大酒店,沙渠街道,酒店,国庆,85.5,80.6,1028,157284,途家,1058,34
2026-10-02,m64,沙渠中铁大酒店,沙渠街道,酒店,国庆,83.2,79.7,1040,154960,飞猪,1032,36
2026-10-02,m64,沙渠中铁大酒店,沙渠街道,酒店,国庆,83.2,79.7,1040,154960,同程,1015,37
2026-10-02,m64,沙渠中铁大酒店,沙渠街道,酒店,国庆,83.2,79.7,1040,154960,途家,1072,36
2026-10-03,m64,沙渠中铁大酒店,沙渠街道,酒店,国庆,81.6,76.5,1045,152570,飞猪,1042,42
2026-10-03,m64,沙渠中铁大酒店,沙渠街道,酒店,国庆,81.6,76.5,1045,152570,同程,1020,42
2026-10-03,m64,沙渠中铁大酒店,沙渠街道,酒店,国庆,81.6,76.5,1045,152570,途家,1073,42
2026-10-04,m64,沙渠中铁大酒店,沙渠街道,酒店,国庆,82.1,78.6,1027,150969,飞猪,1021,38
2026-10-04,m64,沙渠中铁大酒店,沙渠街道,酒店,国庆,82.1,78.6,1027,150969,同程,1010,39
2026-10-04,m64,沙渠中铁大酒店,沙渠街道,酒店,国庆,82.1,78.6,1027,150969,途家,1050,38
2026-10-05,m64,沙渠中铁大酒店,沙渠街道,酒店,国庆,82.1,78.0,1040,152880,飞猪,1026,39
2026-10-05,m64,沙渠中铁大酒店,沙渠街道,酒店,国庆,82.1,78.0,1040,152880,同程,1031,40
2026-10-05,m64,沙渠中铁大酒店,沙渠街道,酒店,国庆,82.1,78.0,1040,152880,途家,1063,39
2026-10-06,m64,沙渠中铁大酒店,沙渠街道,酒店,国庆,79.9,73.4,1022,146146,飞猪,1012,48
2026-10-06,m64,沙渠中铁大酒店,沙渠街道,酒店,国庆,79.9,73.4,1022,146146,同程,1013,48
2026-10-06,m64,沙渠中铁大酒店,沙渠街道,酒店,国庆,79.9,73.4,1022,146146,途家,1042,47
2026-10-07,m64,沙渠中铁大酒店,沙渠街道,酒店,国庆,81.0,78.2,1039,150655,飞猪,1037,39
2026-10-07,m64,沙渠中铁大酒店,沙渠街道,酒店,国庆,81.0,78.2,1039,150655,同程,1018,39
2026-10-07,m64,沙渠中铁大酒店,沙渠街道,酒店,国庆,81.0,78.2,1039,150655,途家,1063,39
2026-10-08,m64,沙渠中铁大酒店,沙渠街道,酒店,国庆,79.3,74.3,1017,144414,飞猪,1010,46
2026-10-08,m64,沙渠中铁大酒店,沙渠街道,酒店,国庆,79.3,74.3,1017,144414,同程,1004,46
2026-10-08,m64,沙渠中铁大酒店,沙渠街道,酒店,国庆,79.3,74.3,1017,144414,途家,1038,46
2026-10-09,m64,沙渠中铁大酒店,沙渠街道,酒店,工作日,59.2,56.4,585,62010,飞猪,578,78
2026-10-09,m64,沙渠中铁大酒店,沙渠街道,酒店,工作日,59.2,56.4,585,62010,同程,580,78
2026-10-09,m64,沙渠中铁大酒店,沙渠街道,酒店,工作日,59.2,56.4,585,62010,途家,598,78
2026-10-10,m64,沙渠中铁大酒店,沙渠街道,酒店,周末,78.2,74.1,716,100240,飞猪,712,46
2026-10-10,m64,沙渠中铁大酒店,沙渠街道,酒店,周末,78.2,74.1,716,100240,同程,708,47
2026-10-10,m64,沙渠中铁大酒店,沙渠街道,酒店,周末,78.2,74.1,716,100240,途家,729,46
2026-10-11,m64,沙渠中铁大酒店,沙渠街道,酒店,周末,72.1,68.0,712,91848,飞猪,711,57
2026-10-11,m64,沙渠中铁大酒店,沙渠街道,酒店,周末,72.1,68.0,712,91848,同程,697,58
2026-10-11,m64,沙渠中铁大酒店,沙渠街道,酒店,周末,72.1,68.0,712,91848,途家,727,57
2026-10-12,m64,沙渠中铁大酒店,沙渠街道,酒店,工作日,65.4,60.1,600,70200,飞猪,593,71
2026-10-12,m64,沙渠中铁大酒店,沙渠街道,酒店,工作日,65.4,60.1,600,70200,同程,589,72
2026-10-12,m64,沙渠中铁大酒店,沙渠街道,酒店,工作日,65.4,60.1,600,70200,途家,619,71
2026-10-13,m64,沙渠中铁大酒店,沙渠街道,酒店,工作日,60.3,59.2,589,63612,飞猪,584,73
2026-10-13,m64,沙渠中铁大酒店,沙渠街道,酒店,工作日,60.3,59.2,589,63612,同程,578,73
2026-10-13,m64,沙渠中铁大酒店,沙渠街道,酒店,工作日,60.3,59.2,589,63612,途家,606,73
2026-10-14,m64,沙渠中铁大酒店,沙渠街道,酒店,工作日,61.5,57.9,585,64350,飞猪,582,76
2026-10-14,m64,沙渠中铁大酒店,沙渠街道,酒店,工作日,61.5,57.9,585,64350,同程,574,75
2026-10-14,m64,沙渠中铁大酒店,沙渠街道,酒店,工作日,61.5,57.9,585,64350,途家,600,75
2026-10-15,m64,沙渠中铁大酒店,沙渠街道,酒店,工作日,59.8,56.2,582,62274,飞猪,578,78
2026-10-15,m64,沙渠中铁大酒店,沙渠街道,酒店,工作日,59.8,56.2,582,62274,同程,574,79
2026-10-15,m64,沙渠中铁大酒店,沙渠街道,酒店,工作日,59.8,56.2,582,62274,途家,594,78
2026-10-16,m64,沙渠中铁大酒店,沙渠街道,酒店,工作日,65.4,61.5,589,68913,飞猪,589,69
2026-10-16,m64,沙渠中铁大酒店,沙渠街道,酒店,工作日,65.4,61.5,589,68913,同程,577,69
2026-10-16,m64,沙渠中铁大酒店,沙渠街道,酒店,工作日,65.4,61.5,589,68913,途家,601,69
2026-10-17,m64,沙渠中铁大酒店,沙渠街道,酒店,周末,78.2,74.7,721,100940,飞猪,716,45
2026-10-17,m64,沙渠中铁大酒店,沙渠街道,酒店,周末,78.2,74.7,721,100940,同程,711,46
2026-10-17,m64,沙渠中铁大酒店,沙渠街道,酒店,周末,78.2,74.7,721,100940,途家,737,45
2026-10-18,m64,沙渠中铁大酒店,沙渠街道,酒店,周末,79.9,76.5,719,102817,飞猪,719,42
2026-10-18,m64,沙渠中铁大酒店,沙渠街道,酒店,周末,79.9,76.5,719,102817,同程,705,42
2026-10-18,m64,沙渠中铁大酒店,沙渠街道,酒店,周末,79.9,76.5,719,102817,途家,733,42
2026-10-19,m64,沙渠中铁大酒店,沙渠街道,酒店,工作日,55.9,54.6,586,58600,飞猪,576,81
2026-10-19,m64,沙渠中铁大酒店,沙渠街道,酒店,工作日,55.9,54.6,586,58600,同程,580,82
2026-10-19,m64,沙渠中铁大酒店,沙渠街道,酒店,工作日,55.9,54.6,586,58600,途家,603,81
2026-10-20,m64,沙渠中铁大酒店,沙渠街道,酒店,工作日,64.2,59.8,589,67735,飞猪,588,72
2026-10-20,m64,沙渠中铁大酒店,沙渠街道,酒店,工作日,64.2,59.8,589,67735,同程,575,72
2026-10-20,m64,沙渠中铁大酒店,沙渠街道,酒店,工作日,64.2,59.8,589,67735,途家,603,72
2026-10-21,m64,沙渠中铁大酒店,沙渠街道,酒店,工作日,67.0,64.2,597,71640,飞猪,587,64
2026-10-21,m64,沙渠中铁大酒店,沙渠街道,酒店,工作日,67.0,64.2,597,71640,同程,589,64
2026-10-21,m64,沙渠中铁大酒店,沙渠街道,酒店,工作日,67.0,64.2,597,71640,途家,614,64
2026-10-22,m64,沙渠中铁大酒店,沙渠街道,酒店,工作日,61.5,59.6,588,64680,飞猪,583,72
2026-10-22,m64,沙渠中铁大酒店,沙渠街道,酒店,工作日,61.5,59.6,588,64680,同程,576,73
2026-10-22,m64,沙渠中铁大酒店,沙渠街道,酒店,工作日,61.5,59.6,588,64680,途家,604,72
2026-10-23,m64,沙渠中铁大酒店,沙渠街道,酒店,工作日,62.6,59.0,597,66864,飞猪,595,73
2026-10-23,m64,沙渠中铁大酒店,沙渠街道,酒店,工作日,62.6,59.0,597,66864,同程,589,74
2026-10-23,m64,沙渠中铁大酒店,沙渠街道,酒店,工作日,62.6,59.0,597,66864,途家,608,73
2026-10-24,m64,沙渠中铁大酒店,沙渠街道,酒店,周末,79.9,77.1,709,101387,飞猪,709,41
2026-10-24,m64,沙渠中铁大酒店,沙渠街道,酒店,周末,79.9,77.1,709,101387,同程,694,41
2026-10-24,m64,沙渠中铁大酒店,沙渠街道,酒店,周末,79.9,77.1,709,101387,途家,725,41
2026-10-25,m64,沙渠中铁大酒店,沙渠街道,酒店,周末,79.9,74.1,717,102531,飞猪,712,46
2026-10-25,m64,沙渠中铁大酒店,沙渠街道,酒店,周末,79.9,74.1,717,102531,同程,702,47
2026-10-25,m64,沙渠中铁大酒店,沙渠街道,酒店,周末,79.9,74.1,717,102531,途家,737,46
2026-10-26,m64,沙渠中铁大酒店,沙渠街道,酒店,工作日,62.6,55.9,583,65296,飞猪,575,79
2026-10-26,m64,沙渠中铁大酒店,沙渠街道,酒店,工作日,62.6,55.9,583,65296,同程,578,79
2026-10-26,m64,沙渠中铁大酒店,沙渠街道,酒店,工作日,62.6,55.9,583,65296,途家,597,79
2026-10-27,m64,沙渠中铁大酒店,沙渠街道,酒店,工作日,61.5,58.8,590,64900,飞猪,581,74
2026-10-27,m64,沙渠中铁大酒店,沙渠街道,酒店,工作日,61.5,58.8,590,64900,同程,586,74
2026-10-27,m64,沙渠中铁大酒店,沙渠街道,酒店,工作日,61.5,58.8,590,64900,途家,602,73
2026-10-28,m64,沙渠中铁大酒店,沙渠街道,酒店,工作日,67.6,64.1,595,71995,飞猪,593,64
2026-10-28,m64,沙渠中铁大酒店,沙渠街道,酒店,工作日,67.6,64.1,595,71995,同程,584,65
2026-10-28,m64,沙渠中铁大酒店,沙渠街道,酒店,工作日,67.6,64.1,595,71995,途家,608,64
2026-10-29,m64,沙渠中铁大酒店,沙渠街道,酒店,工作日,57.0,52.5,594,60588,飞猪,589,85
2026-10-29,m64,沙渠中铁大酒店,沙渠街道,酒店,工作日,57.0,52.5,594,60588,同程,585,85
2026-10-29,m64,沙渠中铁大酒店,沙渠街道,酒店,工作日,57.0,52.5,594,60588,途家,607,85
2026-10-30,m64,沙渠中铁大酒店,沙渠街道,酒店,工作日,63.1,60.1,590,66670,飞猪,584,72
2026-10-30,m64,沙渠中铁大酒店,沙渠街道,酒店,工作日,63.1,60.1,590,66670,同程,583,71
2026-10-30,m64,沙渠中铁大酒店,沙渠街道,酒店,工作日,63.1,60.1,590,66670,途家,602,71
2026-10-31,m64,沙渠中铁大酒店,沙渠街道,酒店,周末,73.7,71.1,711,93852,飞猪,705,52
2026-10-31,m64,沙渠中铁大酒店,沙渠街道,酒店,周末,73.7,71.1,711,93852,同程,698,52
2026-10-31,m64,沙渠中铁大酒店,沙渠街道,酒店,周末,73.7,71.1,711,93852,途家,729,51
2026-10-01,m65,沙渠老院子农家乐,沙渠街道,农家乐,国庆,80.0,45.0,598,4784,携程,607,5
2026-10-01,m65,沙渠老院子农家乐,沙渠街道,农家乐,国庆,80.0,45.0,598,4784,美团,588,6
2026-10-02,m65,沙渠老院子农家乐,沙渠街道,农家乐,国庆,80.0,75.0,623,4984,携程,631,2
2026-10-02,m65,沙渠老院子农家乐,沙渠街道,农家乐,国庆,80.0,75.0,623,4984,美团,615,3
2026-10-03,m65,沙渠老院子农家乐,沙渠街道,农家乐,国庆,80.0,70.0,599,4792,携程,608,3
2026-10-03,m65,沙渠老院子农家乐,沙渠街道,农家乐,国庆,80.0,70.0,599,4792,美团,590,3
2026-10-04,m65,沙渠老院子农家乐,沙渠街道,农家乐,国庆,90.0,90.0,622,5598,携程,632,1
2026-10-04,m65,沙渠老院子农家乐,沙渠街道,农家乐,国庆,90.0,90.0,622,5598,美团,612,1
2026-10-05,m65,沙渠老院子农家乐,沙渠街道,农家乐,国庆,100.0,85.0,631,6310,携程,644,1
2026-10-05,m65,沙渠老院子农家乐,沙渠街道,农家乐,国庆,100.0,85.0,631,6310,美团,617,2
2026-10-06,m65,沙渠老院子农家乐,沙渠街道,农家乐,国庆,80.0,75.0,648,5184,携程,663,2
2026-10-06,m65,沙渠老院子农家乐,沙渠街道,农家乐,国庆,80.0,75.0,648,5184,美团,633,3
2026-10-07,m65,沙渠老院子农家乐,沙渠街道,农家乐,国庆,80.0,75.0,641,5128,携程,651,3
2026-10-07,m65,沙渠老院子农家乐,沙渠街道,农家乐,国庆,80.0,75.0,641,5128,美团,631,2
2026-10-08,m65,沙渠老院子农家乐,沙渠街道,农家乐,国庆,90.0,90.0,607,5463,携程,616,1
2026-10-08,m65,沙渠老院子农家乐,沙渠街道,农家乐,国庆,90.0,90.0,607,5463,美团,598,1
2026-10-09,m65,沙渠老院子农家乐,沙渠街道,农家乐,工作日,60.0,45.0,359,2154,携程,365,6
2026-10-09,m65,沙渠老院子农家乐,沙渠街道,农家乐,工作日,60.0,45.0,359,2154,美团,352,5
2026-10-10,m65,沙渠老院子农家乐,沙渠街道,农家乐,周末,80.0,75.0,425,3400,携程,430,3
2026-10-10,m65,沙渠老院子农家乐,沙渠街道,农家乐,周末,80.0,75.0,425,3400,美团,419,2
2026-10-11,m65,沙渠老院子农家乐,沙渠街道,农家乐,周末,70.0,70.0,425,2975,携程,431,3
2026-10-11,m65,沙渠老院子农家乐,沙渠街道,农家乐,周末,70.0,70.0,425,2975,美团,419,3
2026-10-12,m65,沙渠老院子农家乐,沙渠街道,农家乐,工作日,40.0,35.0,346,1384,携程,351,6
2026-10-12,m65,沙渠老院子农家乐,沙渠街道,农家乐,工作日,40.0,35.0,346,1384,美团,341,7
2026-10-13,m65,沙渠老院子农家乐,沙渠街道,农家乐,工作日,60.0,45.0,346,2076,携程,353,5
2026-10-13,m65,沙渠老院子农家乐,沙渠街道,农家乐,工作日,60.0,45.0,346,2076,美团,338,6
2026-10-14,m65,沙渠老院子农家乐,沙渠街道,农家乐,工作日,50.0,45.0,343,1715,携程,351,6
2026-10-14,m65,沙渠老院子农家乐,沙渠街道,农家乐,工作日,50.0,45.0,343,1715,美团,335,5
2026-10-15,m65,沙渠老院子农家乐,沙渠街道,农家乐,工作日,40.0,35.0,334,1336,携程,339,6
2026-10-15,m65,沙渠老院子农家乐,沙渠街道,农家乐,工作日,40.0,35.0,334,1336,美团,329,7
2026-10-16,m65,沙渠老院子农家乐,沙渠街道,农家乐,工作日,40.0,35.0,341,1364,携程,347,6
2026-10-16,m65,沙渠老院子农家乐,沙渠街道,农家乐,工作日,40.0,35.0,341,1364,美团,334,7
2026-10-17,m65,沙渠老院子农家乐,沙渠街道,农家乐,周末,90.0,90.0,449,4041,携程,455,1
2026-10-17,m65,沙渠老院子农家乐,沙渠街道,农家乐,周末,90.0,90.0,449,4041,美团,442,1
2026-10-18,m65,沙渠老院子农家乐,沙渠街道,农家乐,周末,70.0,60.0,419,2933,携程,424,4
2026-10-18,m65,沙渠老院子农家乐,沙渠街道,农家乐,周末,70.0,60.0,419,2933,美团,414,4
2026-10-19,m65,沙渠老院子农家乐,沙渠街道,农家乐,工作日,30.0,25.0,344,1032,携程,347,7
2026-10-19,m65,沙渠老院子农家乐,沙渠街道,农家乐,工作日,30.0,25.0,344,1032,美团,340,8
2026-10-20,m65,沙渠老院子农家乐,沙渠街道,农家乐,工作日,50.0,45.0,346,1730,携程,353,5
2026-10-20,m65,沙渠老院子农家乐,沙渠街道,农家乐,工作日,50.0,45.0,346,1730,美团,339,6
2026-10-21,m65,沙渠老院子农家乐,沙渠街道,农家乐,工作日,70.0,55.0,351,2457,携程,355,5
2026-10-21,m65,沙渠老院子农家乐,沙渠街道,农家乐,工作日,70.0,55.0,351,2457,美团,346,4
2026-10-22,m65,沙渠老院子农家乐,沙渠街道,农家乐,工作日,70.0,55.0,383,2681,携程,388,4
2026-10-22,m65,沙渠老院子农家乐,沙渠街道,农家乐,工作日,70.0,55.0,383,2681,美团,377,5
2026-10-23,m65,沙渠老院子农家乐,沙渠街道,农家乐,工作日,50.0,45.0,351,1755,携程,359,5
2026-10-23,m65,沙渠老院子农家乐,沙渠街道,农家乐,工作日,50.0,45.0,351,1755,美团,342,6
2026-10-24,m65,沙渠老院子农家乐,沙渠街道,农家乐,周末,70.0,65.0,437,3059,携程,441,3
2026-10-24,m65,沙渠老院子农家乐,沙渠街道,农家乐,周末,70.0,65.0,437,3059,美团,432,4
2026-10-25,m65,沙渠老院子农家乐,沙渠街道,农家乐,周末,70.0,60.0,408,2856,携程,413,4
2026-10-25,m65,沙渠老院子农家乐,沙渠街道,农家乐,周末,70.0,60.0,408,2856,美团,402,4
2026-10-26,m65,沙渠老院子农家乐,沙渠街道,农家乐,工作日,80.0,70.0,360,2880,携程,366,3
2026-10-26,m65,沙渠老院子农家乐,沙渠街道,农家乐,工作日,80.0,70.0,360,2880,美团,354,3
2026-10-27,m65,沙渠老院子农家乐,沙渠街道,农家乐,工作日,50.0,45.0,343,1715,携程,346,5
2026-10-27,m65,沙渠老院子农家乐,沙渠街道,农家乐,工作日,50.0,45.0,343,1715,美团,340,6
2026-10-28,m65,沙渠老院子农家乐,沙渠街道,农家乐,工作日,80.0,75.0,381,3048,携程,387,2
2026-10-28,m65,沙渠老院子农家乐,沙渠街道,农家乐,工作日,80.0,75.0,381,3048,美团,375,3
2026-10-29,m65,沙渠老院子农家乐,沙渠街道,农家乐,工作日,80.0,80.0,366,2928,携程,370,2
2026-10-29,m65,沙渠老院子农家乐,沙渠街道,农家乐,工作日,80.0,80.0,366,2928,美团,361,2
2026-10-30,m65,沙渠老院子农家乐,沙渠街道,农家乐,工作日,70.0,65.0,361,2527,携程,369,3
2026-10-30,m65,沙渠老院子农家乐,沙渠街道,农家乐,工作日,70.0,65.0,361,2527,美团,353,4
2026-10-31,m65,沙渠老院子农家乐,沙渠街道,农家乐,周末,80.0,75.0,420,3360,携程,428,2
2026-10-31,m65,沙渠老院子农家乐,沙渠街道,农家乐,周末,80.0,75.0,420,3360,美团,411,3
2026-10-01,m66,青霞水岸客栈,青霞街道,客栈,国庆,84.2,78.1,729,23328,携程,730,8
2026-10-01,m66,青霞水岸客栈,青霞街道,客栈,国庆,84.2,78.1,729,23328,飞猪,715,9
2026-10-01,m66,青霞水岸客栈,青霞街道,客栈,国庆,84.2,78.1,729,23328,途家,741,8
2026-10-02,m66,青霞水岸客栈,青霞街道,客栈,国庆,92.1,78.9,703,24605,携程,695,8
2026-10-02,m66,青霞水岸客栈,青霞街道,客栈,国庆,92.1,78.9,703,24605,飞猪,697,8
2026-10-02,m66,青霞水岸客栈,青霞街道,客栈,国庆,92.1,78.9,703,24605,途家,718,8
2026-10-03,m66,青霞水岸客栈,青霞街道,客栈,国庆,86.8,83.3,727,23991,携程,722,7
2026-10-03,m66,青霞水岸客栈,青霞街道,客栈,国庆,86.8,83.3,727,23991,飞猪,720,6
2026-10-03,m66,青霞水岸客栈,青霞街道,客栈,国庆,86.8,83.3,727,23991,途家,740,6
2026-10-04,m66,青霞水岸客栈,青霞街道,客栈,国庆,76.3,73.7,697,20213,携程,695,10
2026-10-04,m66,青霞水岸客栈,青霞街道,客栈,国庆,76.3,73.7,697,20213,飞猪,686,10
2026-10-04,m66,青霞水岸客栈,青霞街道,客栈,国庆,76.3,73.7,697,20213,途家,711,10
2026-10-05,m66,青霞水岸客栈,青霞街道,客栈,国庆,94.7,91.2,707,25452,携程,704,3
2026-10-05,m66,青霞水岸客栈,青霞街道,客栈,国庆,94.7,91.2,707,25452,飞猪,695,4
2026-10-05,m66,青霞水岸客栈,青霞街道,客栈,国庆,94.7,91.2,707,25452,途家,722,3
2026-10-06,m66,青霞水岸客栈,青霞街道,客栈,国庆,89.5,88.6,723,24582,携程,724,5
2026-10-06,m66,青霞水岸客栈,青霞街道,客栈,国庆,89.5,88.6,723,24582,飞猪,713,4
2026-10-06,m66,青霞水岸客栈,青霞街道,客栈,国庆,89.5,88.6,723,24582,途家,731,4
2026-10-07,m66,青霞水岸客栈,青霞街道,客栈,国庆,84.2,81.6,698,22336,携程,694,7
2026-10-07,m66,青霞水岸客栈,青霞街道,客栈,国庆,84.2,81.6,698,22336,飞猪,689,7
2026-10-07,m66,青霞水岸客栈,青霞街道,客栈,国庆,84.2,81.6,698,22336,途家,710,7
2026-10-08,m66,青霞水岸客栈,青霞街道,客栈,国庆,86.8,84.2,730,24090,携程,730,6
2026-10-08,m66,青霞水岸客栈,青霞街道,客栈,国庆,86.8,84.2,730,24090,飞猪,720,6
2026-10-08,m66,青霞水岸客栈,青霞街道,客栈,国庆,86.8,84.2,730,24090,途家,741,6
2026-10-09,m66,青霞水岸客栈,青霞街道,客栈,工作日,55.3,50.9,412,8652,携程,412,19
2026-10-09,m66,青霞水岸客栈,青霞街道,客栈,工作日,55.3,50.9,412,8652,飞猪,407,19
2026-10-09,m66,青霞水岸客栈,青霞街道,客栈,工作日,55.3,50.9,412,8652,途家,418,18
2026-10-10,m66,青霞水岸客栈,青霞街道,客栈,周末,92.1,83.3,508,17780,携程,505,7
2026-10-10,m66,青霞水岸客栈,青霞街道,客栈,周末,92.1,83.3,508,17780,飞猪,505,6
2026-10-10,m66,青霞水岸客栈,青霞街道,客栈,周末,92.1,83.3,508,17780,途家,514,6
2026-10-11,m66,青霞水岸客栈,青霞街道,客栈,周末,86.8,81.6,487,16071,携程,487,7
2026-10-11,m66,青霞水岸客栈,青霞街道,客栈,周末,86.8,81.6,487,16071,飞猪,479,7
2026-10-11,m66,青霞水岸客栈,青霞街道,客栈,周末,86.8,81.6,487,16071,途家,495,7
2026-10-12,m66,青霞水岸客栈,青霞街道,客栈,工作日,55.3,50.0,397,8337,携程,397,19
2026-10-12,m66,青霞水岸客栈,青霞街道,客栈,工作日,55.3,50.0,397,8337,飞猪,391,19
2026-10-12,m66,青霞水岸客栈,青霞街道,客栈,工作日,55.3,50.0,397,8337,途家,404,19
2026-10-13,m66,青霞水岸客栈,青霞街道,客栈,工作日,52.6,50.0,396,7920,携程,395,19
2026-10-13,m66,青霞水岸客栈,青霞街道,客栈,工作日,52.6,50.0,396,7920,飞猪,390,19
2026-10-13,m66,青霞水岸客栈,青霞街道,客栈,工作日,52.6,50.0,396,7920,途家,404,19
2026-10-14,m66,青霞水岸客栈,青霞街道,客栈,工作日,60.5,57.9,408,9384,携程,407,16
2026-10-14,m66,青霞水岸客栈,青霞街道,客栈,工作日,60.5,57.9,408,9384,飞猪,400,16
2026-10-14,m66,青霞水岸客栈,青霞街道,客栈,工作日,60.5,57.9,408,9384,途家,416,16
2026-10-15,m66,青霞水岸客栈,青霞街道,客栈,工作日,42.1,42.1,397,6352,携程,396,22
2026-10-15,m66,青霞水岸客栈,青霞街道,客栈,工作日,42.1,42.1,397,6352,飞猪,391,22
2026-10-15,m66,青霞水岸客栈,青霞街道,客栈,工作日,42.1,42.1,397,6352,途家,405,22
2026-10-16,m66,青霞水岸客栈,青霞街道,客栈,工作日,52.6,49.1,393,7860,携程,390,19
2026-10-16,m66,青霞水岸客栈,青霞街道,客栈,工作日,52.6,49.1,393,7860,飞猪,388,20
2026-10-16,m66,青霞水岸客栈,青霞街道,客栈,工作日,52.6,49.1,393,7860,途家,401,19
2026-10-17,m66,青霞水岸客栈,青霞街道,客栈,周末,81.6,71.1,502,15562,携程,497,11
2026-10-17,m66,青霞水岸客栈,青霞街道,客栈,周末,81.6,71.1,502,15562,飞猪,493,11
2026-10-17,m66,青霞水岸客栈,青霞街道,客栈,周末,81.6,71.1,502,15562,途家,515,11
2026-10-18,m66,青霞水岸客栈,青霞街道,客栈,周末,86.8,81.6,509,16797,携程,507,7
2026-10-18,m66,青霞水岸客栈,青霞街道,客栈,周末,86.8,81.6,509,16797,飞猪,501,7
2026-10-18,m66,青霞水岸客栈,青霞街道,客栈,周末,86.8,81.6,509,16797,途家,519,7
2026-10-19,m66,青霞水岸客栈,青霞街道,客栈,工作日,50.0,44.7,398,7562,携程,401,21
2026-10-19,m66,青霞水岸客栈,青霞街道,客栈,工作日,50.0,44.7,398,7562,飞猪,393,21
2026-10-19,m66,青霞水岸客栈,青霞街道,客栈,工作日,50.0,44.7,398,7562,途家,401,21
2026-10-20,m66,青霞水岸客栈,青霞街道,客栈,工作日,52.6,43.9,396,7920,携程,392,22
2026-10-20,m66,青霞水岸客栈,青霞街道,客栈,工作日,52.6,43.9,396,7920,飞猪,394,21
2026-10-20,m66,青霞水岸客栈,青霞街道,客栈,工作日,52.6,43.9,396,7920,途家,402,21
2026-10-21,m66,青霞水岸客栈,青霞街道,客栈,工作日,60.5,57.9,406,9338,携程,403,16
2026-10-21,m66,青霞水岸客栈,青霞街道,客栈,工作日,60.5,57.9,406,9338,飞猪,398,16
2026-10-21,m66,青霞水岸客栈,青霞街道,客栈,工作日,60.5,57.9,406,9338,途家,416,16
2026-10-22,m66,青霞水岸客栈,青霞街道,客栈,工作日,65.8,64.9,414,10350,携程,414,13
2026-10-22,m66,青霞水岸客栈,青霞街道,客栈,工作日,65.8,64.9,414,10350,飞猪,406,14
2026-10-22,m66,青霞水岸客栈,青霞街道,客栈,工作日,65.8,64.9,414,10350,途家,422,13
2026-10-23,m66,青霞水岸客栈,青霞街道,客栈,工作日,44.7,38.6,386,6562,携程,386,23
2026-10-23,m66,青霞水岸客栈,青霞街道,客栈,工作日,44.7,38.6,386,6562,飞猪,380,24
2026-10-23,m66,青霞水岸客栈,青霞街道,客栈,工作日,44.7,38.6,386,6562,途家,392,23
2026-10-24,m66,青霞水岸客栈,青霞街道,客栈,周末,84.2,81.6,508,16256,携程,502,7
2026-10-24,m66,青霞水岸客栈,青霞街道,客栈,周末,84.2,81.6,508,16256,飞猪,505,7
2026-10-24,m66,青霞水岸客栈,青霞街道,客栈,周末,84.2,81.6,508,16256,途家,517,7
2026-10-25,m66,青霞水岸客栈,青霞街道,客栈,周末,84.2,80.7,490,15680,携程,489,7
2026-10-25,m66,青霞水岸客栈,青霞街道,客栈,周末,84.2,80.7,490,15680,飞猪,485,8
2026-10-25,m66,青霞水岸客栈,青霞街道,客栈,周末,84.2,80.7,490,15680,途家,495,7
2026-10-26,m66,青霞水岸客栈,青霞街道,客栈,工作日,55.3,43.9,389,8169,携程,386,22
2026-10-26,m66,青霞水岸客栈,青霞街道,客栈,工作日,55.3,43.9,389,8169,飞猪,385,21
2026-10-26,m66,青霞水岸客栈,青霞街道,客栈,工作日,55.3,43.9,389,8169,途家,396,21
2026-10-27,m66,青霞水岸客栈,青霞街道,客栈,工作日,55.3,51.8,390,8190,携程,388,18
2026-10-27,m66,青霞水岸客栈,青霞街道,客栈,工作日,55.3,51.8,390,8190,飞猪,384,19
2026-10-27,m66,青霞水岸客栈,青霞街道,客栈,工作日,55.3,51.8,390,8190,途家,399,18
2026-10-28,m66,青霞水岸客栈,青霞街道,客栈,工作日,52.6,50.0,399,7980,携程,399,19
2026-10-28,m66,青霞水岸客栈,青霞街道,客栈,工作日,52.6,50.0,399,7980,飞猪,393,19
2026-10-28,m66,青霞水岸客栈,青霞街道,客栈,工作日,52.6,50.0,399,7980,途家,405,19
2026-10-29,m66,青霞水岸客栈,青霞街道,客栈,工作日,42.1,38.6,398,6368,携程,397,24
2026-10-29,m66,青霞水岸客栈,青霞街道,客栈,工作日,42.1,38.6,398,6368,飞猪,394,23
2026-10-29,m66,青霞水岸客栈,青霞街道,客栈,工作日,42.1,38.6,398,6368,途家,402,23
2026-10-30,m66,青霞水岸客栈,青霞街道,客栈,工作日,68.4,67.5,409,10634,携程,410,12
2026-10-30,m66,青霞水岸客栈,青霞街道,客栈,工作日,68.4,67.5,409,10634,飞猪,402,13
2026-10-30,m66,青霞水岸客栈,青霞街道,客栈,工作日,68.4,67.5,409,10634,途家,416,12
2026-10-31,m66,青霞水岸客栈,青霞街道,客栈,周末,81.6,78.9,500,15500,携程,497,8
2026-10-31,m66,青霞水岸客栈,青霞街道,客栈,周末,81.6,78.9,500,15500,飞猪,492,8
2026-10-31,m66,青霞水岸客栈,青霞街道,客栈,周末,81.6,78.9,500,15500,途家,511,8
2026-10-01,m67,青霞李家农家乐,青霞街道,农家乐,国庆,100.0,100.0,332,2656,飞猪,333,0
2026-10-01,m67,青霞李家农家乐,青霞街道,农家乐,国庆,100.0,100.0,332,2656,去哪儿,330,0
2026-10-02,m67,青霞李家农家乐,青霞街道,农家乐,国庆,87.5,75.0,343,2401,飞猪,344,2
2026-10-02,m67,青霞李家农家乐,青霞街道,农家乐,国庆,87.5,75.0,343,2401,去哪儿,341,2
2026-10-03,m67,青霞李家农家乐,青霞街道,农家乐,国庆,75.0,68.8,332,1992,飞猪,336,3
2026-10-03,m67,青霞李家农家乐,青霞街道,农家乐,国庆,75.0,68.8,332,1992,去哪儿,327,2
2026-10-04,m67,青霞李家农家乐,青霞街道,农家乐,国庆,87.5,87.5,353,2471,飞猪,355,1
2026-10-04,m67,青霞李家农家乐,青霞街道,农家乐,国庆,87.5,87.5,353,2471,去哪儿,351,1
2026-10-05,m67,青霞李家农家乐,青霞街道,农家乐,国庆,100.0,100.0,340,2720,飞猪,339,0
2026-10-05,m67,青霞李家农家乐,青霞街道,农家乐,国庆,100.0,100.0,340,2720,去哪儿,341,0
2026-10-06,m67,青霞李家农家乐,青霞街道,农家乐,国庆,75.0,75.0,324,1944,飞猪,328,2
2026-10-06,m67,青霞李家农家乐,青霞街道,农家乐,国庆,75.0,75.0,324,1944,去哪儿,320,2
2026-10-07,m67,青霞李家农家乐,青霞街道,农家乐,国庆,87.5,75.0,326,2282,飞猪,328,2
2026-10-07,m67,青霞李家农家乐,青霞街道,农家乐,国庆,87.5,75.0,326,2282,去哪儿,324,2
2026-10-08,m67,青霞李家农家乐,青霞街道,农家乐,国庆,87.5,87.5,341,2387,飞猪,343,1
2026-10-08,m67,青霞李家农家乐,青霞街道,农家乐,国庆,87.5,87.5,341,2387,去哪儿,338,1
2026-10-09,m67,青霞李家农家乐,青霞街道,农家乐,工作日,62.5,50.0,186,930,飞猪,187,4
2026-10-09,m67,青霞李家农家乐,青霞街道,农家乐,工作日,62.5,50.0,186,930,去哪儿,184,4
2026-10-10,m67,青霞李家农家乐,青霞街道,农家乐,周末,50.0,37.5,227,908,飞猪,228,5
2026-10-10,m67,青霞李家农家乐,青霞街道,农家乐,周末,50.0,37.5,227,908,去哪儿,225,5
2026-10-11,m67,青霞李家农家乐,青霞街道,农家乐,周末,87.5,87.5,250,1750,飞猪,253,1
2026-10-11,m67,青霞李家农家乐,青霞街道,农家乐,周末,87.5,87.5,250,1750,去哪儿,247,1
2026-10-12,m67,青霞李家农家乐,青霞街道,农家乐,工作日,75.0,62.5,184,1104,飞猪,185,3
2026-10-12,m67,青霞李家农家乐,青霞街道,农家乐,工作日,75.0,62.5,184,1104,去哪儿,182,3
2026-10-13,m67,青霞李家农家乐,青霞街道,农家乐,工作日,50.0,50.0,204,816,飞猪,204,4
2026-10-13,m67,青霞李家农家乐,青霞街道,农家乐,工作日,50.0,50.0,204,816,去哪儿,203,4
2026-10-14,m67,青霞李家农家乐,青霞街道,农家乐,工作日,50.0,50.0,192,768,飞猪,193,4
2026-10-14,m67,青霞李家农家乐,青霞街道,农家乐,工作日,50.0,50.0,192,768,去哪儿,191,4
2026-10-15,m67,青霞李家农家乐,青霞街道,农家乐,工作日,25.0,18.8,182,364,飞猪,184,7
2026-10-15,m67,青霞李家农家乐,青霞街道,农家乐,工作日,25.0,18.8,182,364,去哪儿,180,6
2026-10-16,m67,青霞李家农家乐,青霞街道,农家乐,工作日,50.0,50.0,184,736,飞猪,184,4
2026-10-16,m67,青霞李家农家乐,青霞街道,农家乐,工作日,50.0,50.0,184,736,去哪儿,184,4
2026-10-17,m67,青霞李家农家乐,青霞街道,农家乐,周末,62.5,56.3,223,1115,飞猪,223,4
2026-10-17,m67,青霞李家农家乐,青霞街道,农家乐,周末,62.5,56.3,223,1115,去哪儿,222,3
2026-10-18,m67,青霞李家农家乐,青霞街道,农家乐,周末,87.5,68.8,243,1701,飞猪,245,3
2026-10-18,m67,青霞李家农家乐,青霞街道,农家乐,周末,87.5,68.8,243,1701,去哪儿,241,2
2026-10-19,m67,青霞李家农家乐,青霞街道,农家乐,工作日,37.5,37.5,185,555,飞猪,186,5
2026-10-19,m67,青霞李家农家乐,青霞街道,农家乐,工作日,37.5,37.5,185,555,去哪儿,184,5
2026-10-20,m67,青霞李家农家乐,青霞街道,农家乐,工作日,37.5,37.5,186,558,飞猪,186,5
2026-10-20,m67,青霞李家农家乐,青霞街道,农家乐,工作日,37.5,37.5,186,558,去哪儿,185,5
2026-10-21,m67,青霞李家农家乐,青霞街道,农家乐,工作日,37.5,25.0,179,537,飞猪,180,6
2026-10-21,m67,青霞李家农家乐,青霞街道,农家乐,工作日,37.5,25.0,179,537,去哪儿,177,6
2026-10-22,m67,青霞李家农家乐,青霞街道,农家乐,工作日,75.0,75.0,215,1290,飞猪,216,2
2026-10-22,m67,青霞李家农家乐,青霞街道,农家乐,工作日,75.0,75.0,215,1290,去哪儿,213,2
2026-10-23,m67,青霞李家农家乐,青霞街道,农家乐,工作日,75.0,68.8,204,1224,飞猪,205,3
2026-10-23,m67,青霞李家农家乐,青霞街道,农家乐,工作日,75.0,68.8,204,1224,去哪儿,202,2
2026-10-24,m67,青霞李家农家乐,青霞街道,农家乐,周末,37.5,37.5,221,663,飞猪,221,5
2026-10-24,m67,青霞李家农家乐,青霞街道,农家乐,周末,37.5,37.5,221,663,去哪儿,220,5
2026-10-25,m67,青霞李家农家乐,青霞街道,农家乐,周末,75.0,75.0,225,1350,飞猪,227,2
2026-10-25,m67,青霞李家农家乐,青霞街道,农家乐,周末,75.0,75.0,225,1350,去哪儿,223,2
2026-10-26,m67,青霞李家农家乐,青霞街道,农家乐,工作日,62.5,56.3,195,975,飞猪,196,4
2026-10-26,m67,青霞李家农家乐,青霞街道,农家乐,工作日,62.5,56.3,195,975,去哪儿,194,3
2026-10-27,m67,青霞李家农家乐,青霞街道,农家乐,工作日,87.5,56.3,185,1295,飞猪,185,4
2026-10-27,m67,青霞李家农家乐,青霞街道,农家乐,工作日,87.5,56.3,185,1295,去哪儿,184,3
2026-10-28,m67,青霞李家农家乐,青霞街道,农家乐,工作日,37.5,37.5,194,582,飞猪,194,5
2026-10-28,m67,青霞李家农家乐,青霞街道,农家乐,工作日,37.5,37.5,194,582,去哪儿,194,5
2026-10-29,m67,青霞李家农家乐,青霞街道,农家乐,工作日,12.5,12.5,177,177,飞猪,178,7
2026-10-29,m67,青霞李家农家乐,青霞街道,农家乐,工作日,12.5,12.5,177,177,去哪儿,176,7
2026-10-30,m67,青霞李家农家乐,青霞街道,农家乐,工作日,50.0,50.0,199,796,飞猪,199,4
2026-10-30,m67,青霞李家农家乐,青霞街道,农家乐,工作日,50.0,50.0,199,796,去哪儿,199,4
2026-10-31,m67,青霞李家农家乐,青霞街道,农家乐,周末,75.0,62.5,229,1374,飞猪,229,3
2026-10-31,m67,青霞李家农家乐,青霞街道,农家乐,周末,75.0,62.5,229,1374,去哪儿,228,3
2026-10-01,m68,青霞邑境苑大酒店,青霞街道,酒店,国庆,91.8,84.2,1553,209655,携程,1561,23
2026-10-01,m68,青霞邑境苑大酒店,青霞街道,酒店,国庆,91.8,84.2,1553,209655,飞猪,1566,23
2026-10-01,m68,青霞邑境苑大酒店,青霞街道,酒店,国庆,91.8,84.2,1553,209655,去哪儿,1552,23
2026-10-01,m68,青霞邑境苑大酒店,青霞街道,酒店,国庆,91.8,84.2,1553,209655,同程,1532,24
2026-10-02,m68,青霞邑境苑大酒店,青霞街道,酒店,国庆,89.1,87.6,1545,202395,携程,1571,18
2026-10-02,m68,青霞邑境苑大酒店,青霞街道,酒店,国庆,89.1,87.6,1545,202395,飞猪,1542,18
2026-10-02,m68,青霞邑境苑大酒店,青霞街道,酒店,国庆,89.1,87.6,1545,202395,去哪儿,1521,18
2026-10-02,m68,青霞邑境苑大酒店,青霞街道,酒店,国庆,89.1,87.6,1545,202395,同程,1545,19
2026-10-03,m68,青霞邑境苑大酒店,青霞街道,酒店,国庆,88.4,84.2,1562,203060,携程,1589,24
2026-10-03,m68,青霞邑境苑大酒店,青霞街道,酒店,国庆,88.4,84.2,1562,203060,飞猪,1562,23
2026-10-03,m68,青霞邑境苑大酒店,青霞街道,酒店,国庆,88.4,84.2,1562,203060,去哪儿,1539,23
2026-10-03,m68,青霞邑境苑大酒店,青霞街道,酒店,国庆,88.4,84.2,1562,203060,同程,1558,23
2026-10-04,m68,青霞邑境苑大酒店,青霞街道,酒店,国庆,87.1,82.1,1546,197888,携程,1571,26
2026-10-04,m68,青霞邑境苑大酒店,青霞街道,酒店,国庆,87.1,82.1,1546,197888,飞猪,1550,26
2026-10-04,m68,青霞邑境苑大酒店,青霞街道,酒店,国庆,87.1,82.1,1546,197888,去哪儿,1532,26
2026-10-04,m68,青霞邑境苑大酒店,青霞街道,酒店,国庆,87.1,82.1,1546,197888,同程,1531,27
2026-10-05,m68,青霞邑境苑大酒店,青霞街道,酒店,国庆,91.2,86.2,1540,206360,携程,1545,21
2026-10-05,m68,青霞邑境苑大酒店,青霞街道,酒店,国庆,91.2,86.2,1540,206360,飞猪,1553,20
2026-10-05,m68,青霞邑境苑大酒店,青霞街道,酒店,国庆,91.2,86.2,1540,206360,去哪儿,1523,20
2026-10-05,m68,青霞邑境苑大酒店,青霞街道,酒店,国庆,91.2,86.2,1540,206360,同程,1539,20
2026-10-06,m68,青霞邑境苑大酒店,青霞街道,酒店,国庆,88.4,84.7,1543,200590,携程,1562,23
2026-10-06,m68,青霞邑境苑大酒店,青霞街道,酒店,国庆,88.4,84.7,1543,200590,飞猪,1534,22
2026-10-06,m68,青霞邑境苑大酒店,青霞街道,酒店,国庆,88.4,84.7,1543,200590,去哪儿,1535,22
2026-10-06,m68,青霞邑境苑大酒店,青霞街道,酒店,国庆,88.4,84.7,1543,200590,同程,1542,23
2026-10-07,m68,青霞邑境苑大酒店,青霞街道,酒店,国庆,86.4,77.9,1522,193294,携程,1541,32
2026-10-07,m68,青霞邑境苑大酒店,青霞街道,酒店,国庆,86.4,77.9,1522,193294,飞猪,1528,33
2026-10-07,m68,青霞邑境苑大酒店,青霞街道,酒店,国庆,86.4,77.9,1522,193294,去哪儿,1513,32
2026-10-07,m68,青霞邑境苑大酒店,青霞街道,酒店,国庆,86.4,77.9,1522,193294,同程,1506,33
2026-10-08,m68,青霞邑境苑大酒店,青霞街道,酒店,国庆,87.1,83.0,1535,196480,携程,1550,25
2026-10-08,m68,青霞邑境苑大酒店,青霞街道,酒店,国庆,87.1,83.0,1535,196480,飞猪,1532,25
2026-10-08,m68,青霞邑境苑大酒店,青霞街道,酒店,国庆,87.1,83.0,1535,196480,去哪儿,1520,25
2026-10-08,m68,青霞邑境苑大酒店,青霞街道,酒店,国庆,87.1,83.0,1535,196480,同程,1538,25
2026-10-09,m68,青霞邑境苑大酒店,青霞街道,酒店,工作日,61.9,57.7,876,79716,携程,886,62
2026-10-09,m68,青霞邑境苑大酒店,青霞街道,酒店,工作日,61.9,57.7,876,79716,飞猪,878,62
2026-10-09,m68,青霞邑境苑大酒店,青霞街道,酒店,工作日,61.9,57.7,876,79716,去哪儿,867,62
2026-10-09,m68,青霞邑境苑大酒店,青霞街道,酒店,工作日,61.9,57.7,876,79716,同程,871,63
2026-10-10,m68,青霞邑境苑大酒店,青霞街道,酒店,周末,82.3,79.3,1070,129470,携程,1092,31
2026-10-10,m68,青霞邑境苑大酒店,青霞街道,酒店,周末,82.3,79.3,1070,129470,飞猪,1073,30
2026-10-10,m68,青霞邑境苑大酒店,青霞街道,酒店,周末,82.3,79.3,1070,129470,去哪儿,1061,30
2026-10-10,m68,青霞邑境苑大酒店,青霞街道,酒店,周末,82.3,79.3,1070,129470,同程,1053,31
2026-10-11,m68,青霞邑境苑大酒店,青霞街道,酒店,周末,79.6,74.7,1057,123669,携程,1071,37
2026-10-11,m68,青霞邑境苑大酒店,青霞街道,酒店,周末,79.6,74.7,1057,123669,飞猪,1064,37
2026-10-11,m68,青霞邑境苑大酒店,青霞街道,酒店,周末,79.6,74.7,1057,123669,去哪儿,1051,37
2026-10-11,m68,青霞邑境苑大酒店,青霞街道,酒店,周末,79.6,74.7,1057,123669,同程,1041,38
2026-10-12,m68,青霞邑境苑大酒店,青霞街道,酒店,工作日,59.2,57.5,870,75690,携程,887,63
2026-10-12,m68,青霞邑境苑大酒店,青霞街道,酒店,工作日,59.2,57.5,870,75690,飞猪,866,62
2026-10-12,m68,青霞邑境苑大酒店,青霞街道,酒店,工作日,59.2,57.5,870,75690,去哪儿,862,62
2026-10-12,m68,青霞邑境苑大酒店,青霞街道,酒店,工作日,59.2,57.5,870,75690,同程,864,63
2026-10-13,m68,青霞邑境苑大酒店,青霞街道,酒店,工作日,67.3,63.1,889,88011,携程,899,54
2026-10-13,m68,青霞邑境苑大酒店,青霞街道,酒店,工作日,67.3,63.1,889,88011,飞猪,889,54
2026-10-13,m68,青霞邑境苑大酒店,青霞街道,酒店,工作日,67.3,63.1,889,88011,去哪儿,875,54
2026-10-13,m68,青霞邑境苑大酒店,青霞街道,酒店,工作日,67.3,63.1,889,88011,同程,891,55
2026-10-14,m68,青霞邑境苑大酒店,青霞街道,酒店,工作日,64.6,59.5,877,83315,携程,886,60
2026-10-14,m68,青霞邑境苑大酒店,青霞街道,酒店,工作日,64.6,59.5,877,83315,飞猪,886,59
2026-10-14,m68,青霞邑境苑大酒店,青霞街道,酒店,工作日,64.6,59.5,877,83315,去哪儿,868,59
2026-10-14,m68,青霞邑境苑大酒店,青霞街道,酒店,工作日,64.6,59.5,877,83315,同程,868,60
2026-10-15,m68,青霞邑境苑大酒店,青霞街道,酒店,工作日,69.4,66.7,871,88842,携程,883,49
2026-10-15,m68,青霞邑境苑大酒店,青霞街道,酒店,工作日,69.4,66.7,871,88842,飞猪,874,49
2026-10-15,m68,青霞邑境苑大酒店,青霞街道,酒店,工作日,69.4,66.7,871,88842,去哪儿,867,49
2026-10-15,m68,青霞邑境苑大酒店,青霞街道,酒店,工作日,69.4,66.7,871,88842,同程,860,49
2026-10-16,m68,青霞邑境苑大酒店,青霞街道,酒店,工作日,61.2,58.0,877,78930,携程,885,62
2026-10-16,m68,青霞邑境苑大酒店,青霞街道,酒店,工作日,61.2,58.0,877,78930,飞猪,877,62
2026-10-16,m68,青霞邑境苑大酒店,青霞街道,酒店,工作日,61.2,58.0,877,78930,去哪儿,876,61
2026-10-16,m68,青霞邑境苑大酒店,青霞街道,酒店,工作日,61.2,58.0,877,78930,同程,869,62
2026-10-17,m68,青霞邑境苑大酒店,青霞街道,酒店,周末,89.1,85.7,1083,141873,携程,1100,21
2026-10-17,m68,青霞邑境苑大酒店,青霞街道,酒店,周末,89.1,85.7,1083,141873,飞猪,1092,21
2026-10-17,m68,青霞邑境苑大酒店,青霞街道,酒店,周末,89.1,85.7,1083,141873,去哪儿,1071,21
2026-10-17,m68,青霞邑境苑大酒店,青霞街道,酒店,周末,89.1,85.7,1083,141873,同程,1067,21
2026-10-18,m68,青霞邑境苑大酒店,青霞街道,酒店,周末,87.1,84.9,1079,138112,携程,1098,22
2026-10-18,m68,青霞邑境苑大酒店,青霞街道,酒店,周末,87.1,84.9,1079,138112,飞猪,1082,22
2026-10-18,m68,青霞邑境苑大酒店,青霞街道,酒店,周末,87.1,84.9,1079,138112,去哪儿,1063,22
2026-10-18,m68,青霞邑境苑大酒店,青霞街道,酒店,周末,87.1,84.9,1079,138112,同程,1071,23
2026-10-19,m68,青霞邑境苑大酒店,青霞街道,酒店,工作日,57.8,54.3,859,73015,携程,869,67
2026-10-19,m68,青霞邑境苑大酒店,青霞街道,酒店,工作日,57.8,54.3,859,73015,飞猪,864,68
2026-10-19,m68,青霞邑境苑大酒店,青霞街道,酒店,工作日,57.8,54.3,859,73015,去哪儿,851,67
2026-10-19,m68,青霞邑境苑大酒店,青霞街道,酒店,工作日,57.8,54.3,859,73015,同程,852,67
2026-10-20,m68,青霞邑境苑大酒店,青霞街道,酒店,工作日,65.3,62.4,887,85152,携程,894,55
2026-10-20,m68,青霞邑境苑大酒店,青霞街道,酒店,工作日,65.3,62.4,887,85152,飞猪,887,55
2026-10-20,m68,青霞邑境苑大酒店,青霞街道,酒店,工作日,65.3,62.4,887,85152,去哪儿,887,55
2026-10-20,m68,青霞邑境苑大酒店,青霞街道,酒店,工作日,65.3,62.4,887,85152,同程,878,56
2026-10-21,m68,青霞邑境苑大酒店,青霞街道,酒店,工作日,70.7,67.3,897,93288,携程,908,48
2026-10-21,m68,青霞邑境苑大酒店,青霞街道,酒店,工作日,70.7,67.3,897,93288,飞猪,896,48
2026-10-21,m68,青霞邑境苑大酒店,青霞街道,酒店,工作日,70.7,67.3,897,93288,去哪儿,893,48
2026-10-21,m68,青霞邑境苑大酒店,青霞街道,酒店,工作日,70.7,67.3,897,93288,同程,889,48
2026-10-22,m68,青霞邑境苑大酒店,青霞街道,酒店,工作日,60.5,57.7,871,77519,携程,890,63
2026-10-22,m68,青霞邑境苑大酒店,青霞街道,酒店,工作日,60.5,57.7,871,77519,飞猪,870,62
2026-10-22,m68,青霞邑境苑大酒店,青霞街道,酒店,工作日,60.5,57.7,871,77519,去哪儿,863,62
2026-10-22,m68,青霞邑境苑大酒店,青霞街道,酒店,工作日,60.5,57.7,871,77519,同程,862,62
2026-10-23,m68,青霞邑境苑大酒店,青霞街道,酒店,工作日,61.2,56.1,860,77400,携程,860,65
2026-10-23,m68,青霞邑境苑大酒店,青霞街道,酒店,工作日,61.2,56.1,860,77400,飞猪,870,64
2026-10-23,m68,青霞邑境苑大酒店,青霞街道,酒店,工作日,61.2,56.1,860,77400,去哪儿,856,64
2026-10-23,m68,青霞邑境苑大酒店,青霞街道,酒店,工作日,61.2,56.1,860,77400,同程,854,65
2026-10-24,m68,青霞邑境苑大酒店,青霞街道,酒店,周末,85.0,77.9,1053,131625,携程,1063,33
2026-10-24,m68,青霞邑境苑大酒店,青霞街道,酒店,周末,85.0,77.9,1053,131625,飞猪,1063,33
2026-10-24,m68,青霞邑境苑大酒店,青霞街道,酒店,周末,85.0,77.9,1053,131625,去哪儿,1047,32
2026-10-24,m68,青霞邑境苑大酒店,青霞街道,酒店,周末,85.0,77.9,1053,131625,同程,1038,32
2026-10-25,m68,青霞邑境苑大酒店,青霞街道,酒店,周末,85.7,81.6,1085,136710,携程,1108,27
2026-10-25,m68,青霞邑境苑大酒店,青霞街道,酒店,周末,85.7,81.6,1085,136710,飞猪,1089,27
2026-10-25,m68,青霞邑境苑大酒店,青霞街道,酒店,周末,85.7,81.6,1085,136710,去哪儿,1072,27
2026-10-25,m68,青霞邑境苑大酒店,青霞街道,酒店,周末,85.7,81.6,1085,136710,同程,1069,27
2026-10-26,m68,青霞邑境苑大酒店,青霞街道,酒店,工作日,63.3,60.2,881,81933,携程,895,58
2026-10-26,m68,青霞邑境苑大酒店,青霞街道,酒店,工作日,63.3,60.2,881,81933,飞猪,878,59
2026-10-26,m68,青霞邑境苑大酒店,青霞街道,酒店,工作日,63.3,60.2,881,81933,去哪儿,873,58
2026-10-26,m68,青霞邑境苑大酒店,青霞街道,酒店,工作日,63.3,60.2,881,81933,同程,876,59
2026-10-27,m68,青霞邑境苑大酒店,青霞街道,酒店,工作日,63.3,61.1,871,81003,携程,880,57
2026-10-27,m68,青霞邑境苑大酒店,青霞街道,酒店,工作日,63.3,61.1,871,81003,飞猪,880,57
2026-10-27,m68,青霞邑境苑大酒店,青霞街道,酒店,工作日,63.3,61.1,871,81003,去哪儿,861,57
2026-10-27,m68,青霞邑境苑大酒店,青霞街道,酒店,工作日,63.3,61.1,871,81003,同程,862,58
2026-10-28,m68,青霞邑境苑大酒店,青霞街道,酒店,工作日,72.8,69.2,894,95658,携程,908,45
2026-10-28,m68,青霞邑境苑大酒店,青霞街道,酒店,工作日,72.8,69.2,894,95658,飞猪,898,45
2026-10-28,m68,青霞邑境苑大酒店,青霞街道,酒店,工作日,72.8,69.2,894,95658,去哪儿,884,45
2026-10-28,m68,青霞邑境苑大酒店,青霞街道,酒店,工作日,72.8,69.2,894,95658,同程,884,46
2026-10-29,m68,青霞邑境苑大酒店,青霞街道,酒店,工作日,61.2,57.7,883,79470,携程,894,62
2026-10-29,m68,青霞邑境苑大酒店,青霞街道,酒店,工作日,61.2,57.7,883,79470,飞猪,886,62
2026-10-29,m68,青霞邑境苑大酒店,青霞街道,酒店,工作日,61.2,57.7,883,79470,去哪儿,866,62
2026-10-29,m68,青霞邑境苑大酒店,青霞街道,酒店,工作日,61.2,57.7,883,79470,同程,884,63
2026-10-30,m68,青霞邑境苑大酒店,青霞街道,酒店,工作日,64.6,61.1,863,81985,携程,880,58
2026-10-30,m68,青霞邑境苑大酒店,青霞街道,酒店,工作日,64.6,61.1,863,81985,飞猪,865,57
2026-10-30,m68,青霞邑境苑大酒店,青霞街道,酒店,工作日,64.6,61.1,863,81985,去哪儿,850,57
2026-10-30,m68,青霞邑境苑大酒店,青霞街道,酒店,工作日,64.6,61.1,863,81985,同程,857,57
2026-10-31,m68,青霞邑境苑大酒店,青霞街道,酒店,周末,74.1,69.7,1068,116412,携程,1090,45
2026-10-31,m68,青霞邑境苑大酒店,青霞街道,酒店,周末,74.1,69.7,1068,116412,飞猪,1068,44
2026-10-31,m68,青霞邑境苑大酒店,青霞街道,酒店,周末,74.1,69.7,1068,116412,去哪儿,1049,44
2026-10-31,m68,青霞邑境苑大酒店,青霞街道,酒店,周末,74.1,69.7,1068,116412,同程,1064,45
2026-10-01,m69,青霞中铁大酒店,青霞街道,酒店,国庆,81.5,78.1,1804,277816,美团,1797,41
2026-10-01,m69,青霞中铁大酒店,青霞街道,酒店,国庆,81.5,78.1,1804,277816,飞猪,1819,41
2026-10-01,m69,青霞中铁大酒店,青霞街道,酒店,国庆,81.5,78.1,1804,277816,同程,1795,42
2026-10-02,m69,青霞中铁大酒店,青霞街道,酒店,国庆,87.3,81.1,1811,298815,美团,1795,36
2026-10-02,m69,青霞中铁大酒店,青霞街道,酒店,国庆,87.3,81.1,1811,298815,飞猪,1811,35
2026-10-02,m69,青霞中铁大酒店,青霞街道,酒店,国庆,87.3,81.1,1811,298815,同程,1828,36
2026-10-03,m69,青霞中铁大酒店,青霞街道,酒店,国庆,87.8,81.8,1828,303448,美团,1814,35
2026-10-03,m69,青霞中铁大酒店,青霞街道,酒店,国庆,87.8,81.8,1828,303448,飞猪,1857,34
2026-10-03,m69,青霞中铁大酒店,青霞街道,酒店,国庆,87.8,81.8,1828,303448,同程,1812,34
2026-10-04,m69,青霞中铁大酒店,青霞街道,酒店,国庆,86.2,82.0,1842,300246,美团,1826,34
2026-10-04,m69,青霞中铁大酒店,青霞街道,酒店,国庆,86.2,82.0,1842,300246,飞猪,1868,34
2026-10-04,m69,青霞中铁大酒店,青霞街道,酒店,国庆,86.2,82.0,1842,300246,同程,1833,34
2026-10-05,m69,青霞中铁大酒店,青霞街道,酒店,国庆,86.2,81.7,1797,292911,美团,1790,34
2026-10-05,m69,青霞中铁大酒店,青霞街道,酒店,国庆,86.2,81.7,1797,292911,飞猪,1799,35
2026-10-05,m69,青霞中铁大酒店,青霞街道,酒店,国庆,86.2,81.7,1797,292911,同程,1802,35
2026-10-06,m69,青霞中铁大酒店,青霞街道,酒店,国庆,84.1,79.2,1792,284928,美团,1776,39
2026-10-06,m69,青霞中铁大酒店,青霞街道,酒店,国庆,84.1,79.2,1792,284928,飞猪,1817,39
2026-10-06,m69,青霞中铁大酒店,青霞街道,酒店,国庆,84.1,79.2,1792,284928,同程,1782,40
2026-10-07,m69,青霞中铁大酒店,青霞街道,酒店,国庆,82.0,76.5,1804,279620,美团,1786,44
2026-10-07,m69,青霞中铁大酒店,青霞街道,酒店,国庆,82.0,76.5,1804,279620,飞猪,1823,44
2026-10-07,m69,青霞中铁大酒店,青霞街道,酒店,国庆,82.0,76.5,1804,279620,同程,1803,45
2026-10-08,m69,青霞中铁大酒店,青霞街道,酒店,国庆,84.7,82.4,1835,293600,美团,1819,33
2026-10-08,m69,青霞中铁大酒店,青霞街道,酒店,国庆,84.7,82.4,1835,293600,飞猪,1854,33
2026-10-08,m69,青霞中铁大酒店,青霞街道,酒店,国庆,84.7,82.4,1835,293600,同程,1833,34
2026-10-09,m69,青霞中铁大酒店,青霞街道,酒店,工作日,54.0,51.0,1017,103734,美团,1010,93
2026-10-09,m69,青霞中铁大酒店,青霞街道,酒店,工作日,54.0,51.0,1017,103734,飞猪,1019,92
2026-10-09,m69,青霞中铁大酒店,青霞街道,酒店,工作日,54.0,51.0,1017,103734,同程,1023,93
2026-10-10,m69,青霞中铁大酒店,青霞街道,酒店,周末,81.0,76.0,1251,191403,美团,1241,46
2026-10-10,m69,青霞中铁大酒店,青霞街道,酒店,周末,81.0,76.0,1251,191403,飞猪,1268,45
2026-10-10,m69,青霞中铁大酒店,青霞街道,酒店,周末,81.0,76.0,1251,191403,同程,1243,45
2026-10-11,m69,青霞中铁大酒店,青霞街道,酒店,周末,73.5,70.0,1244,172916,美团,1226,57
2026-10-11,m69,青霞中铁大酒店,青霞街道,酒店,周末,73.5,70.0,1244,172916,飞猪,1261,56
2026-10-11,m69,青霞中铁大酒店,青霞街道,酒店,周末,73.5,70.0,1244,172916,同程,1245,57
2026-10-12,m69,青霞中铁大酒店,青霞街道,酒店,工作日,58.7,56.6,1035,114885,美团,1022,82
2026-10-12,m69,青霞中铁大酒店,青霞街道,酒店,工作日,58.7,56.6,1035,114885,飞猪,1050,82
2026-10-12,m69,青霞中铁大酒店,青霞街道,酒店,工作日,58.7,56.6,1035,114885,同程,1032,82
2026-10-13,m69,青霞中铁大酒店,青霞街道,酒店,工作日,59.3,55.9,1031,115472,美团,1018,84
2026-10-13,m69,青霞中铁大酒店,青霞街道,酒店,工作日,59.3,55.9,1031,115472,飞猪,1049,83
2026-10-13,m69,青霞中铁大酒店,青霞街道,酒店,工作日,59.3,55.9,1031,115472,同程,1027,83
2026-10-14,m69,青霞中铁大酒店,青霞街道,酒店,工作日,59.3,56.3,1029,115248,美团,1019,83
2026-10-14,m69,青霞中铁大酒店,青霞街道,酒店,工作日,59.3,56.3,1029,115248,飞猪,1043,82
2026-10-14,m69,青霞中铁大酒店,青霞街道,酒店,工作日,59.3,56.3,1029,115248,同程,1026,83
2026-10-15,m69,青霞中铁大酒店,青霞街道,酒店,工作日,60.3,56.6,1035,117990,美团,1017,82
2026-10-15,m69,青霞中铁大酒店,青霞街道,酒店,工作日,60.3,56.6,1035,117990,飞猪,1045,82
2026-10-15,m69,青霞中铁大酒店,青霞街道,酒店,工作日,60.3,56.6,1035,117990,同程,1042,82
2026-10-16,m69,青霞中铁大酒店,青霞街道,酒店,工作日,55.0,53.4,1024,106496,美团,1012,88
2026-10-16,m69,青霞中铁大酒店,青霞街道,酒店,工作日,55.0,53.4,1024,106496,飞猪,1031,88
2026-10-16,m69,青霞中铁大酒店,青霞街道,酒店,工作日,55.0,53.4,1024,106496,同程,1030,88
2026-10-17,m69,青霞中铁大酒店,青霞街道,酒店,周末,74.6,68.8,1240,174840,美团,1230,59
2026-10-17,m69,青霞中铁大酒店,青霞街道,酒店,周末,74.6,68.8,1240,174840,飞猪,1256,59
2026-10-17,m69,青霞中铁大酒店,青霞街道,酒店,周末,74.6,68.8,1240,174840,同程,1233,59
2026-10-18,m69,青霞中铁大酒店,青霞街道,酒店,周末,78.8,73.9,1247,185803,美团,1238,50
2026-10-18,m69,青霞中铁大酒店,青霞街道,酒店,周末,78.8,73.9,1247,185803,飞猪,1260,49
2026-10-18,m69,青霞中铁大酒店,青霞街道,酒店,周末,78.8,73.9,1247,185803,同程,1244,49
2026-10-19,m69,青霞中铁大酒店,青霞街道,酒店,工作日,56.6,50.8,1016,108712,美团,996,93
2026-10-19,m69,青霞中铁大酒店,青霞街道,酒店,工作日,56.6,50.8,1016,108712,飞猪,1038,93
2026-10-19,m69,青霞中铁大酒店,青霞街道,酒店,工作日,56.6,50.8,1016,108712,同程,1014,93
2026-10-20,m69,青霞中铁大酒店,青霞街道,酒店,工作日,51.9,47.3,1013,99274,美团,1003,100
2026-10-20,m69,青霞中铁大酒店,青霞街道,酒店,工作日,51.9,47.3,1013,99274,飞猪,1015,99
2026-10-20,m69,青霞中铁大酒店,青霞街道,酒店,工作日,51.9,47.3,1013,99274,同程,1020,100
2026-10-21,m69,青霞中铁大酒店,青霞街道,酒店,工作日,51.9,47.8,1010,98980,美团,995,99
2026-10-21,m69,青霞中铁大酒店,青霞街道,酒店,工作日,51.9,47.8,1010,98980,飞猪,1028,98
2026-10-21,m69,青霞中铁大酒店,青霞街道,酒店,工作日,51.9,47.8,1010,98980,同程,1007,99
2026-10-22,m69,青霞中铁大酒店,青霞街道,酒店,工作日,58.2,54.9,1028,113080,美团,1019,86
2026-10-22,m69,青霞中铁大酒店,青霞街道,酒店,工作日,58.2,54.9,1028,113080,飞猪,1035,85
2026-10-22,m69,青霞中铁大酒店,青霞街道,酒店,工作日,58.2,54.9,1028,113080,同程,1029,85
2026-10-23,m69,青霞中铁大酒店,青霞街道,酒店,工作日,56.6,53.8,1028,109996,美团,1019,88
2026-10-23,m69,青霞中铁大酒店,青霞街道,酒店,工作日,56.6,53.8,1028,109996,飞猪,1043,87
2026-10-23,m69,青霞中铁大酒店,青霞街道,酒店,工作日,56.6,53.8,1028,109996,同程,1022,87
2026-10-24,m69,青霞中铁大酒店,青霞街道,酒店,周末,78.8,76.5,1259,187591,美团,1247,45
2026-10-24,m69,青霞中铁大酒店,青霞街道,酒店,周末,78.8,76.5,1259,187591,飞猪,1268,44
2026-10-24,m69,青霞中铁大酒店,青霞街道,酒店,周末,78.8,76.5,1259,187591,同程,1263,44
2026-10-25,m69,青霞中铁大酒店,青霞街道,酒店,周末,78.8,73.7,1261,187889,美团,1247,49
2026-10-25,m69,青霞中铁大酒店,青霞街道,酒店,周末,78.8,73.7,1261,187889,飞猪,1271,50
2026-10-25,m69,青霞中铁大酒店,青霞街道,酒店,周末,78.8,73.7,1261,187889,同程,1264,50
2026-10-26,m69,青霞中铁大酒店,青霞街道,酒店,工作日,58.2,53.8,1025,112750,美团,1022,87
2026-10-26,m69,青霞中铁大酒店,青霞街道,酒店,工作日,58.2,53.8,1025,112750,飞猪,1036,87
2026-10-26,m69,青霞中铁大酒店,青霞街道,酒店,工作日,58.2,53.8,1025,112750,同程,1017,88
2026-10-27,m69,青霞中铁大酒店,青霞街道,酒店,工作日,54.0,51.7,1027,104754,美团,1022,91
2026-10-27,m69,青霞中铁大酒店,青霞街道,酒店,工作日,54.0,51.7,1027,104754,飞猪,1031,91
2026-10-27,m69,青霞中铁大酒店,青霞街道,酒店,工作日,54.0,51.7,1027,104754,同程,1028,92
2026-10-28,m69,青霞中铁大酒店,青霞街道,酒店,工作日,61.4,59.3,1029,119364,美团,1021,77
2026-10-28,m69,青霞中铁大酒店,青霞街道,酒店,工作日,61.4,59.3,1029,119364,飞猪,1043,77
2026-10-28,m69,青霞中铁大酒店,青霞街道,酒店,工作日,61.4,59.3,1029,119364,同程,1024,77
2026-10-29,m69,青霞中铁大酒店,青霞街道,酒店,工作日,58.7,57.5,1031,114441,美团,1019,81
2026-10-29,m69,青霞中铁大酒店,青霞街道,酒店,工作日,58.7,57.5,1031,114441,飞猪,1042,80
2026-10-29,m69,青霞中铁大酒店,青霞街道,酒店,工作日,58.7,57.5,1031,114441,同程,1033,80
2026-10-30,m69,青霞中铁大酒店,青霞街道,酒店,工作日,52.9,50.6,1015,101500,美团,1001,94
2026-10-30,m69,青霞中铁大酒店,青霞街道,酒店,工作日,52.9,50.6,1015,101500,飞猪,1029,93
2026-10-30,m69,青霞中铁大酒店,青霞街道,酒店,工作日,52.9,50.6,1015,101500,同程,1016,93
2026-10-31,m69,青霞中铁大酒店,青霞街道,酒店,周末,82.0,76.5,1273,197315,美团,1256,45
2026-10-31,m69,青霞中铁大酒店,青霞街道,酒店,周末,82.0,76.5,1273,197315,飞猪,1289,44
2026-10-31,m69,青霞中铁大酒店,青霞街道,酒店,周末,82.0,76.5,1273,197315,同程,1273,44
2026-10-01,m70,青霞李家农家乐,青霞街道,农家乐,国庆,93.8,93.8,414,6210,美团,414,1
2026-10-02,m70,青霞李家农家乐,青霞街道,农家乐,国庆,81.3,62.5,399,5187,美团,399,6
2026-10-03,m70,青霞李家农家乐,青霞街道,农家乐,国庆,87.5,81.3,430,6020,美团,430,3
2026-10-04,m70,青霞李家农家乐,青霞街道,农家乐,国庆,81.3,75.0,412,5356,美团,412,4
2026-10-05,m70,青霞李家农家乐,青霞街道,农家乐,国庆,87.5,81.3,425,5950,美团,425,3
2026-10-06,m70,青霞李家农家乐,青霞街道,农家乐,国庆,93.8,81.3,420,6300,美团,420,3
2026-10-07,m70,青霞李家农家乐,青霞街道,农家乐,国庆,81.3,68.8,439,5707,美团,439,5
2026-10-08,m70,青霞李家农家乐,青霞街道,农家乐,国庆,93.8,81.3,441,6615,美团,441,3
2026-10-09,m70,青霞李家农家乐,青霞街道,农家乐,工作日,62.5,56.3,233,2330,美团,233,7
2026-10-10,m70,青霞李家农家乐,青霞街道,农家乐,周末,62.5,50.0,283,2830,美团,283,8
2026-10-11,m70,青霞李家农家乐,青霞街道,农家乐,周末,56.3,50.0,285,2565,美团,285,8
2026-10-12,m70,青霞李家农家乐,青霞街道,农家乐,工作日,31.3,25.0,222,1110,美团,222,12
2026-10-13,m70,青霞李家农家乐,青霞街道,农家乐,工作日,50.0,43.8,233,1864,美团,233,9
2026-10-14,m70,青霞李家农家乐,青霞街道,农家乐,工作日,56.3,50.0,233,2097,美团,233,8
2026-10-15,m70,青霞李家农家乐,青霞街道,农家乐,工作日,75.0,75.0,254,3048,美团,254,4
2026-10-16,m70,青霞李家农家乐,青霞街道,农家乐,工作日,56.3,56.3,235,2115,美团,235,7
2026-10-17,m70,青霞李家农家乐,青霞街道,农家乐,周末,56.3,56.3,291,2619,美团,291,7
2026-10-18,m70,青霞李家农家乐,青霞街道,农家乐,周末,87.5,87.5,312,4368,美团,312,2
2026-10-19,m70,青霞李家农家乐,青霞街道,农家乐,工作日,75.0,56.3,245,2940,美团,245,7
2026-10-20,m70,青霞李家农家乐,青霞街道,农家乐,工作日,25.0,12.5,225,900,美团,225,14
2026-10-21,m70,青霞李家农家乐,青霞街道,农家乐,工作日,62.5,56.3,241,2410,美团,241,7
2026-10-22,m70,青霞李家农家乐,青霞街道,农家乐,工作日,31.3,31.3,226,1130,美团,226,11
2026-10-23,m70,青霞李家农家乐,青霞街道,农家乐,工作日,37.5,25.0,224,1344,美团,224,12
2026-10-24,m70,青霞李家农家乐,青霞街道,农家乐,周末,68.8,62.5,286,3146,美团,286,6
2026-10-25,m70,青霞李家农家乐,青霞街道,农家乐,周末,56.3,43.8,280,2520,美团,280,9
2026-10-26,m70,青霞李家农家乐,青霞街道,农家乐,工作日,50.0,43.8,239,1912,美团,239,9
2026-10-27,m70,青霞李家农家乐,青霞街道,农家乐,工作日,43.8,31.3,233,1631,美团,233,11
2026-10-28,m70,青霞李家农家乐,青霞街道,农家乐,工作日,62.5,56.3,243,2430,美团,243,7
2026-10-29,m70,青霞李家农家乐,青霞街道,农家乐,工作日,25.0,18.8,224,896,美团,224,13
2026-10-30,m70,青霞李家农家乐,青霞街道,农家乐,工作日,50.0,37.5,236,1888,美团,236,10
2026-10-31,m70,青霞李家农家乐,青霞街道,农家乐,周末,62.5,50.0,278,2780,美团,278,8
2026-10-01,m71,青霞兰庭国际温泉度假酒店,青霞街道,酒店,国庆,83.3,79.2,803,64240,美团,798,20
2026-10-01,m71,青霞兰庭国际温泉度假酒店,青霞街道,酒店,国庆,83.3,79.2,803,64240,飞猪,812,20
2026-10-01,m71,青霞兰庭国际温泉度假酒店,青霞街道,酒店,国庆,83.3,79.2,803,64240,去哪儿,807,20
2026-10-01,m71,青霞兰庭国际温泉度假酒店,青霞街道,酒店,国庆,83.3,79.2,803,64240,同程,794,20
2026-10-02,m71,青霞兰庭国际温泉度假酒店,青霞街道,酒店,国庆,83.3,79.9,798,63840,美团,799,19
2026-10-02,m71,青霞兰庭国际温泉度假酒店,青霞街道,酒店,国庆,83.3,79.9,798,63840,飞猪,799,20
2026-10-02,m71,青霞兰庭国际温泉度假酒店,青霞街道,酒店,国庆,83.3,79.9,798,63840,去哪儿,798,19
2026-10-02,m71,青霞兰庭国际温泉度假酒店,青霞街道,酒店,国庆,83.3,79.9,798,63840,同程,797,19
2026-10-03,m71,青霞兰庭国际温泉度假酒店,青霞街道,酒店,国庆,86.5,83.9,807,66981,美团,799,16
2026-10-03,m71,青霞兰庭国际温泉度假酒店,青霞街道,酒店,国庆,86.5,83.9,807,66981,飞猪,816,15
2026-10-03,m71,青霞兰庭国际温泉度假酒店,青霞街道,酒店,国庆,86.5,83.9,807,66981,去哪儿,803,15
2026-10-03,m71,青霞兰庭国际温泉度假酒店,青霞街道,酒店,国庆,86.5,83.9,807,66981,同程,809,16
2026-10-04,m71,青霞兰庭国际温泉度假酒店,青霞街道,酒店,国庆,85.4,81.0,819,67158,美团,815,19
2026-10-04,m71,青霞兰庭国际温泉度假酒店,青霞街道,酒店,国庆,85.4,81.0,819,67158,飞猪,822,18
2026-10-04,m71,青霞兰庭国际温泉度假酒店,青霞街道,酒店,国庆,85.4,81.0,819,67158,去哪儿,821,18
2026-10-04,m71,青霞兰庭国际温泉度假酒店,青霞街道,酒店,国庆,85.4,81.0,819,67158,同程,817,18
2026-10-05,m71,青霞兰庭国际温泉度假酒店,青霞街道,酒店,国庆,85.4,82.0,818,67076,美团,800,17
2026-10-05,m71,青霞兰庭国际温泉度假酒店,青霞街道,酒店,国庆,85.4,82.0,818,67076,飞猪,833,17
2026-10-05,m71,青霞兰庭国际温泉度假酒店,青霞街道,酒店,国庆,85.4,82.0,818,67076,去哪儿,819,17
2026-10-05,m71,青霞兰庭国际温泉度假酒店,青霞街道,酒店,国庆,85.4,82.0,818,67076,同程,818,18
2026-10-06,m71,青霞兰庭国际温泉度假酒店,青霞街道,酒店,国庆,82.3,75.8,784,61936,美团,776,23
2026-10-06,m71,青霞兰庭国际温泉度假酒店,青霞街道,酒店,国庆,82.3,75.8,784,61936,飞猪,786,23
2026-10-06,m71,青霞兰庭国际温泉度假酒店,青霞街道,酒店,国庆,82.3,75.8,784,61936,去哪儿,788,23
2026-10-06,m71,青霞兰庭国际温泉度假酒店,青霞街道,酒店,国庆,82.3,75.8,784,61936,同程,785,24
2026-10-07,m71,青霞兰庭国际温泉度假酒店,青霞街道,酒店,国庆,88.5,81.8,817,69445,美团,807,17
2026-10-07,m71,青霞兰庭国际温泉度假酒店,青霞街道,酒店,国庆,88.5,81.8,817,69445,飞猪,828,18
2026-10-07,m71,青霞兰庭国际温泉度假酒店,青霞街道,酒店,国庆,88.5,81.8,817,69445,去哪儿,822,17
2026-10-07,m71,青霞兰庭国际温泉度假酒店,青霞街道,酒店,国庆,88.5,81.8,817,69445,同程,811,18
2026-10-08,m71,青霞兰庭国际温泉度假酒店,青霞街道,酒店,国庆,91.7,88.3,827,72776,美团,819,11
2026-10-08,m71,青霞兰庭国际温泉度假酒店,青霞街道,酒店,国庆,91.7,88.3,827,72776,飞猪,835,11
2026-10-08,m71,青霞兰庭国际温泉度假酒店,青霞街道,酒店,国庆,91.7,88.3,827,72776,去哪儿,823,11
2026-10-08,m71,青霞兰庭国际温泉度假酒店,青霞街道,酒店,国庆,91.7,88.3,827,72776,同程,832,12
2026-10-09,m71,青霞兰庭国际温泉度假酒店,青霞街道,酒店,工作日,61.5,59.4,458,27022,美团,456,39
2026-10-09,m71,青霞兰庭国际温泉度假酒店,青霞街道,酒店,工作日,61.5,59.4,458,27022,飞猪,459,39
2026-10-09,m71,青霞兰庭国际温泉度假酒店,青霞街道,酒店,工作日,61.5,59.4,458,27022,去哪儿,457,39
2026-10-09,m71,青霞兰庭国际温泉度假酒店,青霞街道,酒店,工作日,61.5,59.4,458,27022,同程,459,39
2026-10-10,m71,青霞兰庭国际温泉度假酒店,青霞街道,酒店,周末,76.0,72.9,555,40515,美团,547,26
2026-10-10,m71,青霞兰庭国际温泉度假酒店,青霞街道,酒店,周末,76.0,72.9,555,40515,飞猪,557,26
2026-10-10,m71,青霞兰庭国际温泉度假酒店,青霞街道,酒店,周末,76.0,72.9,555,40515,去哪儿,555,26
2026-10-10,m71,青霞兰庭国际温泉度假酒店,青霞街道,酒店,周末,76.0,72.9,555,40515,同程,559,26
2026-10-11,m71,青霞兰庭国际温泉度假酒店,青霞街道,酒店,周末,69.8,66.7,546,36582,美团,544,32
2026-10-11,m71,青霞兰庭国际温泉度假酒店,青霞街道,酒店,周末,69.8,66.7,546,36582,飞猪,550,32
2026-10-11,m71,青霞兰庭国际温泉度假酒店,青霞街道,酒店,周末,69.8,66.7,546,36582,去哪儿,544,32
2026-10-11,m71,青霞兰庭国际温泉度假酒店,青霞街道,酒店,周末,69.8,66.7,546,36582,同程,546,32
2026-10-12,m71,青霞兰庭国际温泉度假酒店,青霞街道,酒店,工作日,57.3,53.6,454,24970,美团,449,44
2026-10-12,m71,青霞兰庭国际温泉度假酒店,青霞街道,酒店,工作日,57.3,53.6,454,24970,飞猪,460,45
2026-10-12,m71,青霞兰庭国际温泉度假酒店,青霞街道,酒店,工作日,57.3,53.6,454,24970,去哪儿,453,44
2026-10-12,m71,青霞兰庭国际温泉度假酒店,青霞街道,酒店,工作日,57.3,53.6,454,24970,同程,455,45
2026-10-13,m71,青霞兰庭国际温泉度假酒店,青霞街道,酒店,工作日,69.8,65.1,465,31155,美团,463,34
2026-10-13,m71,青霞兰庭国际温泉度假酒店,青霞街道,酒店,工作日,69.8,65.1,465,31155,飞猪,470,33
2026-10-13,m71,青霞兰庭国际温泉度假酒店,青霞街道,酒店,工作日,69.8,65.1,465,31155,去哪儿,463,33
2026-10-13,m71,青霞兰庭国际温泉度假酒店,青霞街道,酒店,工作日,69.8,65.1,465,31155,同程,465,34
2026-10-14,m71,青霞兰庭国际温泉度假酒店,青霞街道,酒店,工作日,64.6,60.9,459,28458,美团,457,38
2026-10-14,m71,青霞兰庭国际温泉度假酒店,青霞街道,酒店,工作日,64.6,60.9,459,28458,飞猪,467,38
2026-10-14,m71,青霞兰庭国际温泉度假酒店,青霞街道,酒店,工作日,64.6,60.9,459,28458,去哪儿,455,37
2026-10-14,m71,青霞兰庭国际温泉度假酒店,青霞街道,酒店,工作日,64.6,60.9,459,28458,同程,457,37
2026-10-15,m71,青霞兰庭国际温泉度假酒店,青霞街道,酒店,工作日,61.5,58.1,456,26904,美团,458,41
2026-10-15,m71,青霞兰庭国际温泉度假酒店,青霞街道,酒店,工作日,61.5,58.1,456,26904,飞猪,462,40
2026-10-15,m71,青霞兰庭国际温泉度假酒店,青霞街道,酒店,工作日,61.5,58.1,456,26904,去哪儿,451,40
2026-10-15,m71,青霞兰庭国际温泉度假酒店,青霞街道,酒店,工作日,61.5,58.1,456,26904,同程,454,40
2026-10-16,m71,青霞兰庭国际温泉度假酒店,青霞街道,酒店,工作日,68.8,65.4,473,31218,美团,470,34
2026-10-16,m71,青霞兰庭国际温泉度假酒店,青霞街道,酒店,工作日,68.8,65.4,473,31218,飞猪,477,33
2026-10-16,m71,青霞兰庭国际温泉度假酒店,青霞街道,酒店,工作日,68.8,65.4,473,31218,去哪儿,470,33
2026-10-16,m71,青霞兰庭国际温泉度假酒店,青霞街道,酒店,工作日,68.8,65.4,473,31218,同程,473,33
2026-10-17,m71,青霞兰庭国际温泉度假酒店,青霞街道,酒店,周末,76.0,71.6,548,40004,美团,547,28
2026-10-17,m71,青霞兰庭国际温泉度假酒店,青霞街道,酒店,周末,76.0,71.6,548,40004,飞猪,551,27
2026-10-17,m71,青霞兰庭国际温泉度假酒店,青霞街道,酒店,周末,76.0,71.6,548,40004,去哪儿,546,27
2026-10-17,m71,青霞兰庭国际温泉度假酒店,青霞街道,酒店,周末,76.0,71.6,548,40004,同程,549,27
2026-10-18,m71,青霞兰庭国际温泉度假酒店,青霞街道,酒店,周末,69.8,65.1,546,36582,美团,542,34
2026-10-18,m71,青霞兰庭国际温泉度假酒店,青霞街道,酒店,周末,69.8,65.1,546,36582,飞猪,553,33
2026-10-18,m71,青霞兰庭国际温泉度假酒店,青霞街道,酒店,周末,69.8,65.1,546,36582,去哪儿,542,33
2026-10-18,m71,青霞兰庭国际温泉度假酒店,青霞街道,酒店,周末,69.8,65.1,546,36582,同程,547,34
2026-10-19,m71,青霞兰庭国际温泉度假酒店,青霞街道,酒店,工作日,66.7,62.0,462,29568,美团,456,36
2026-10-19,m71,青霞兰庭国际温泉度假酒店,青霞街道,酒店,工作日,66.7,62.0,462,29568,飞猪,466,37
2026-10-19,m71,青霞兰庭国际温泉度假酒店,青霞街道,酒店,工作日,66.7,62.0,462,29568,去哪儿,461,36
2026-10-19,m71,青霞兰庭国际温泉度假酒店,青霞街道,酒店,工作日,66.7,62.0,462,29568,同程,465,37
2026-10-20,m71,青霞兰庭国际温泉度假酒店,青霞街道,酒店,工作日,62.5,60.4,459,27540,美团,459,38
2026-10-20,m71,青霞兰庭国际温泉度假酒店,青霞街道,酒店,工作日,62.5,60.4,459,27540,飞猪,463,38
2026-10-20,m71,青霞兰庭国际温泉度假酒店,青霞街道,酒店,工作日,62.5,60.4,459,27540,去哪儿,455,38
2026-10-20,m71,青霞兰庭国际温泉度假酒店,青霞街道,酒店,工作日,62.5,60.4,459,27540,同程,459,38
2026-10-21,m71,青霞兰庭国际温泉度假酒店,青霞街道,酒店,工作日,65.6,65.1,465,29295,美团,461,34
2026-10-21,m71,青霞兰庭国际温泉度假酒店,青霞街道,酒店,工作日,65.6,65.1,465,29295,飞猪,465,33
2026-10-21,m71,青霞兰庭国际温泉度假酒店,青霞街道,酒店,工作日,65.6,65.1,465,29295,去哪儿,467,33
2026-10-21,m71,青霞兰庭国际温泉度假酒店,青霞街道,酒店,工作日,65.6,65.1,465,29295,同程,466,34
2026-10-22,m71,青霞兰庭国际温泉度假酒店,青霞街道,酒店,工作日,68.8,64.6,465,30690,美团,456,34
2026-10-22,m71,青霞兰庭国际温泉度假酒店,青霞街道,酒店,工作日,68.8,64.6,465,30690,飞猪,471,34
2026-10-22,m71,青霞兰庭国际温泉度假酒店,青霞街道,酒店,工作日,68.8,64.6,465,30690,去哪儿,468,34
2026-10-22,m71,青霞兰庭国际温泉度假酒店,青霞街道,酒店,工作日,68.8,64.6,465,30690,同程,465,34
2026-10-23,m71,青霞兰庭国际温泉度假酒店,青霞街道,酒店,工作日,68.8,62.0,456,30096,美团,450,37
2026-10-23,m71,青霞兰庭国际温泉度假酒店,青霞街道,酒店,工作日,68.8,62.0,456,30096,飞猪,461,36
2026-10-23,m71,青霞兰庭国际温泉度假酒店,青霞街道,酒店,工作日,68.8,62.0,456,30096,去哪儿,460,36
2026-10-23,m71,青霞兰庭国际温泉度假酒店,青霞街道,酒店,工作日,68.8,62.0,456,30096,同程,454,37
2026-10-24,m71,青霞兰庭国际温泉度假酒店,青霞街道,酒店,周末,81.3,77.6,573,44694,美团,568,22
2026-10-24,m71,青霞兰庭国际温泉度假酒店,青霞街道,酒店,周末,81.3,77.6,573,44694,飞猪,576,22
2026-10-24,m71,青霞兰庭国际温泉度假酒店,青霞街道,酒店,周末,81.3,77.6,573,44694,去哪儿,569,21
2026-10-24,m71,青霞兰庭国际温泉度假酒店,青霞街道,酒店,周末,81.3,77.6,573,44694,同程,577,21
2026-10-25,m71,青霞兰庭国际温泉度假酒店,青霞街道,酒店,周末,77.1,74.7,555,41070,美团,546,24
2026-10-25,m71,青霞兰庭国际温泉度假酒店,青霞街道,酒店,周末,77.1,74.7,555,41070,飞猪,563,25
2026-10-25,m71,青霞兰庭国际温泉度假酒店,青霞街道,酒店,周末,77.1,74.7,555,41070,去哪儿,559,24
2026-10-25,m71,青霞兰庭国际温泉度假酒店,青霞街道,酒店,周末,77.1,74.7,555,41070,同程,552,24
2026-10-26,m71,青霞兰庭国际温泉度假酒店,青霞街道,酒店,工作日,65.6,63.3,459,28917,美团,455,36
2026-10-26,m71,青霞兰庭国际温泉度假酒店,青霞街道,酒店,工作日,65.6,63.3,459,28917,飞猪,461,35
2026-10-26,m71,青霞兰庭国际温泉度假酒店,青霞街道,酒店,工作日,65.6,63.3,459,28917,去哪儿,458,35
2026-10-26,m71,青霞兰庭国际温泉度假酒店,青霞街道,酒店,工作日,65.6,63.3,459,28917,同程,463,35
2026-10-27,m71,青霞兰庭国际温泉度假酒店,青霞街道,酒店,工作日,59.4,56.0,454,25878,美团,446,42
2026-10-27,m71,青霞兰庭国际温泉度假酒店,青霞街道,酒店,工作日,59.4,56.0,454,25878,飞猪,459,43
2026-10-27,m71,青霞兰庭国际温泉度假酒店,青霞街道,酒店,工作日,59.4,56.0,454,25878,去哪儿,457,42
2026-10-27,m71,青霞兰庭国际温泉度假酒店,青霞街道,酒店,工作日,59.4,56.0,454,25878,同程,453,42
2026-10-28,m71,青霞兰庭国际温泉度假酒店,青霞街道,酒店,工作日,56.3,53.1,448,24192,美团,449,45
2026-10-28,m71,青霞兰庭国际温泉度假酒店,青霞街道,酒店,工作日,56.3,53.1,448,24192,飞猪,450,45
2026-10-28,m71,青霞兰庭国际温泉度假酒店,青霞街道,酒店,工作日,56.3,53.1,448,24192,去哪儿,448,45
2026-10-28,m71,青霞兰庭国际温泉度假酒店,青霞街道,酒店,工作日,56.3,53.1,448,24192,同程,446,45
2026-10-29,m71,青霞兰庭国际温泉度假酒店,青霞街道,酒店,工作日,67.7,62.0,461,29965,美团,455,37
2026-10-29,m71,青霞兰庭国际温泉度假酒店,青霞街道,酒店,工作日,67.7,62.0,461,29965,飞猪,466,36
2026-10-29,m71,青霞兰庭国际温泉度假酒店,青霞街道,酒店,工作日,67.7,62.0,461,29965,去哪儿,462,36
2026-10-29,m71,青霞兰庭国际温泉度假酒店,青霞街道,酒店,工作日,67.7,62.0,461,29965,同程,461,37
2026-10-30,m71,青霞兰庭国际温泉度假酒店,青霞街道,酒店,工作日,64.6,59.1,459,28458,美团,454,39
2026-10-30,m71,青霞兰庭国际温泉度假酒店,青霞街道,酒店,工作日,64.6,59.1,459,28458,飞猪,462,39
2026-10-30,m71,青霞兰庭国际温泉度假酒店,青霞街道,酒店,工作日,64.6,59.1,459,28458,去哪儿,457,39
2026-10-30,m71,青霞兰庭国际温泉度假酒店,青霞街道,酒店,工作日,64.6,59.1,459,28458,同程,461,40
2026-10-31,m71,青霞兰庭国际温泉度假酒店,青霞街道,酒店,周末,79.2,78.1,571,43396,美团,564,21
2026-10-31,m71,青霞兰庭国际温泉度假酒店,青霞街道,酒店,周末,79.2,78.1,571,43396,飞猪,578,21
2026-10-31,m71,青霞兰庭国际温泉度假酒店,青霞街道,酒店,周末,79.2,78.1,571,43396,去哪儿,571,21
2026-10-31,m71,青霞兰庭国际温泉度假酒店,青霞街道,酒店,周末,79.2,78.1,571,43396,同程,572,21
2026-10-01,m72,青霞山脚客栈,青霞街道,客栈,国庆,81.6,81.6,629,19499,飞猪,632,7
2026-10-01,m72,青霞山脚客栈,青霞街道,客栈,国庆,81.6,81.6,629,19499,去哪儿,625,7
2026-10-02,m72,青霞山脚客栈,青霞街道,客栈,国庆,84.2,75.0,641,20512,飞猪,645,10
2026-10-02,m72,青霞山脚客栈,青霞街道,客栈,国庆,84.2,75.0,641,20512,去哪儿,636,9
2026-10-03,m72,青霞山脚客栈,青霞街道,客栈,国庆,94.7,88.2,634,22824,飞猪,635,5
2026-10-03,m72,青霞山脚客栈,青霞街道,客栈,国庆,94.7,88.2,634,22824,去哪儿,633,4
2026-10-04,m72,青霞山脚客栈,青霞街道,客栈,国庆,94.7,94.7,650,23400,飞猪,654,2
2026-10-04,m72,青霞山脚客栈,青霞街道,客栈,国庆,94.7,94.7,650,23400,去哪儿,646,2
2026-10-05,m72,青霞山脚客栈,青霞街道,客栈,国庆,86.8,81.6,634,20922,飞猪,635,7
2026-10-05,m72,青霞山脚客栈,青霞街道,客栈,国庆,86.8,81.6,634,20922,去哪儿,633,7
2026-10-06,m72,青霞山脚客栈,青霞街道,客栈,国庆,86.8,85.5,626,20658,飞猪,632,6
2026-10-06,m72,青霞山脚客栈,青霞街道,客栈,国庆,86.8,85.5,626,20658,去哪儿,620,5
2026-10-07,m72,青霞山脚客栈,青霞街道,客栈,国庆,86.8,84.2,638,21054,飞猪,640,6
2026-10-07,m72,青霞山脚客栈,青霞街道,客栈,国庆,86.8,84.2,638,21054,去哪儿,635,6
2026-10-08,m72,青霞山脚客栈,青霞街道,客栈,国庆,97.4,88.2,638,23606,飞猪,642,5
2026-10-08,m72,青霞山脚客栈,青霞街道,客栈,国庆,97.4,88.2,638,23606,去哪儿,633,4
2026-10-09,m72,青霞山脚客栈,青霞街道,客栈,工作日,73.7,64.5,360,10080,飞猪,360,14
2026-10-09,m72,青霞山脚客栈,青霞街道,客栈,工作日,73.7,64.5,360,10080,去哪儿,359,13
2026-10-10,m72,青霞山脚客栈,青霞街道,客栈,周末,78.9,76.3,441,13230,飞猪,443,9
2026-10-10,m72,青霞山脚客栈,青霞街道,客栈,周末,78.9,76.3,441,13230,去哪儿,439,9
2026-10-11,m72,青霞山脚客栈,青霞街道,客栈,周末,81.6,78.9,441,13671,飞猪,440,8
2026-10-11,m72,青霞山脚客栈,青霞街道,客栈,周末,81.6,78.9,441,13671,去哪儿,441,8
2026-10-12,m72,青霞山脚客栈,青霞街道,客栈,工作日,78.9,76.3,378,11340,飞猪,383,9
2026-10-12,m72,青霞山脚客栈,青霞街道,客栈,工作日,78.9,76.3,378,11340,去哪儿,372,9
2026-10-13,m72,青霞山脚客栈,青霞街道,客栈,工作日,57.9,56.6,360,7920,飞猪,363,17
2026-10-13,m72,青霞山脚客栈,青霞街道,客栈,工作日,57.9,56.6,360,7920,去哪儿,357,16
2026-10-14,m72,青霞山脚客栈,青霞街道,客栈,工作日,60.5,52.6,357,8211,飞猪,357,18
2026-10-14,m72,青霞山脚客栈,青霞街道,客栈,工作日,60.5,52.6,357,8211,去哪儿,357,18
2026-10-15,m72,青霞山脚客栈,青霞街道,客栈,工作日,63.2,60.5,359,8616,飞猪,362,15
2026-10-15,m72,青霞山脚客栈,青霞街道,客栈,工作日,63.2,60.5,359,8616,去哪儿,356,15
2026-10-16,m72,青霞山脚客栈,青霞街道,客栈,工作日,60.5,57.9,360,8280,飞猪,362,16
2026-10-16,m72,青霞山脚客栈,青霞街道,客栈,工作日,60.5,57.9,360,8280,去哪儿,357,16
2026-10-17,m72,青霞山脚客栈,青霞街道,客栈,周末,81.6,71.1,443,13733,飞猪,446,11
2026-10-17,m72,青霞山脚客栈,青霞街道,客栈,周末,81.6,71.1,443,13733,去哪儿,439,11
2026-10-18,m72,青霞山脚客栈,青霞街道,客栈,周末,81.6,78.9,429,13299,飞猪,432,8
2026-10-18,m72,青霞山脚客栈,青霞街道,客栈,周末,81.6,78.9,429,13299,去哪儿,426,8
2026-10-19,m72,青霞山脚客栈,青霞街道,客栈,工作日,65.8,57.9,356,8900,飞猪,357,16
2026-10-19,m72,青霞山脚客栈,青霞街道,客栈,工作日,65.8,57.9,356,8900,去哪儿,355,16
2026-10-20,m72,青霞山脚客栈,青霞街道,客栈,工作日,50.0,47.4,352,6688,飞猪,353,20
2026-10-20,m72,青霞山脚客栈,青霞街道,客栈,工作日,50.0,47.4,352,6688,去哪儿,350,20
2026-10-21,m72,青霞山脚客栈,青霞街道,客栈,工作日,57.9,56.6,363,7986,飞猪,363,17
2026-10-21,m72,青霞山脚客栈,青霞街道,客栈,工作日,57.9,56.6,363,7986,去哪儿,362,16
2026-10-22,m72,青霞山脚客栈,青霞街道,客栈,工作日,65.8,64.5,369,9225,飞猪,373,14
2026-10-22,m72,青霞山脚客栈,青霞街道,客栈,工作日,65.8,64.5,369,9225,去哪儿,365,13
2026-10-23,m72,青霞山脚客栈,青霞街道,客栈,工作日,55.3,50.0,351,7371,飞猪,354,19
2026-10-23,m72,青霞山脚客栈,青霞街道,客栈,工作日,55.3,50.0,351,7371,去哪儿,348,19
2026-10-24,m72,青霞山脚客栈,青霞街道,客栈,周末,76.3,67.1,429,12441,飞猪,430,13
2026-10-24,m72,青霞山脚客栈,青霞街道,客栈,周末,76.3,67.1,429,12441,去哪儿,428,12
2026-10-25,m72,青霞山脚客栈,青霞街道,客栈,周末,78.9,78.9,449,13470,飞猪,453,8
2026-10-25,m72,青霞山脚客栈,青霞街道,客栈,周末,78.9,78.9,449,13470,去哪儿,444,8
2026-10-26,m72,青霞山脚客栈,青霞街道,客栈,工作日,71.1,69.7,372,10044,飞猪,371,12
2026-10-26,m72,青霞山脚客栈,青霞街道,客栈,工作日,71.1,69.7,372,10044,去哪儿,372,11
2026-10-27,m72,青霞山脚客栈,青霞街道,客栈,工作日,47.4,47.4,352,6336,飞猪,352,20
2026-10-27,m72,青霞山脚客栈,青霞街道,客栈,工作日,47.4,47.4,352,6336,去哪儿,352,20
2026-10-28,m72,青霞山脚客栈,青霞街道,客栈,工作日,60.5,57.9,356,8188,飞猪,360,16
2026-10-28,m72,青霞山脚客栈,青霞街道,客栈,工作日,60.5,57.9,356,8188,去哪儿,352,16
2026-10-29,m72,青霞山脚客栈,青霞街道,客栈,工作日,60.5,57.9,352,8096,飞猪,355,16
2026-10-29,m72,青霞山脚客栈,青霞街道,客栈,工作日,60.5,57.9,352,8096,去哪儿,349,16
2026-10-30,m72,青霞山脚客栈,青霞街道,客栈,工作日,60.5,60.5,363,8349,飞猪,364,15
2026-10-30,m72,青霞山脚客栈,青霞街道,客栈,工作日,60.5,60.5,363,8349,去哪儿,362,15
2026-10-31,m72,青霞山脚客栈,青霞街道,客栈,周末,78.9,76.3,439,13170,飞猪,441,9
2026-10-31,m72,青霞山脚客栈,青霞街道,客栈,周末,78.9,76.3,439,13170,去哪儿,437,9
2026-10-01,m73,青霞逸景温泉大酒店,青霞街道,酒店,国庆,87.4,81.4,1531,116356,美团,1484,17
2026-10-01,m73,青霞逸景温泉大酒店,青霞街道,酒店,国庆,87.4,81.4,1531,116356,飞猪,1543,16
2026-10-01,m73,青霞逸景温泉大酒店,青霞街道,酒店,国庆,87.4,81.4,1531,116356,去哪儿,1527,16
2026-10-01,m73,青霞逸景温泉大酒店,青霞街道,酒店,国庆,87.4,81.4,1531,116356,同程,1529,16
2026-10-01,m73,青霞逸景温泉大酒店,青霞街道,酒店,国庆,87.4,81.4,1531,116356,途家,1571,16
2026-10-02,m73,青霞逸景温泉大酒店,青霞街道,酒店,国庆,92.0,85.1,1548,123840,美团,1526,13
2026-10-02,m73,青霞逸景温泉大酒店,青霞街道,酒店,国庆,92.0,85.1,1548,123840,飞猪,1547,13
2026-10-02,m73,青霞逸景温泉大酒店,青霞街道,酒店,国庆,92.0,85.1,1548,123840,去哪儿,1530,13
2026-10-02,m73,青霞逸景温泉大酒店,青霞街道,酒店,国庆,92.0,85.1,1548,123840,同程,1537,13
2026-10-02,m73,青霞逸景温泉大酒店,青霞街道,酒店,国庆,92.0,85.1,1548,123840,途家,1598,13
2026-10-03,m73,青霞逸景温泉大酒店,青霞街道,酒店,国庆,86.2,79.1,1543,115725,美团,1515,19
2026-10-03,m73,青霞逸景温泉大酒店,青霞街道,酒店,国庆,86.2,79.1,1543,115725,飞猪,1555,18
2026-10-03,m73,青霞逸景温泉大酒店,青霞街道,酒店,国庆,86.2,79.1,1543,115725,去哪儿,1518,18
2026-10-03,m73,青霞逸景温泉大酒店,青霞街道,酒店,国庆,86.2,79.1,1543,115725,同程,1544,18
2026-10-03,m73,青霞逸景温泉大酒店,青霞街道,酒店,国庆,86.2,79.1,1543,115725,途家,1584,18
2026-10-04,m73,青霞逸景温泉大酒店,青霞街道,酒店,国庆,89.7,84.8,1521,118638,美团,1487,13
2026-10-04,m73,青霞逸景温泉大酒店,青霞街道,酒店,国庆,89.7,84.8,1521,118638,飞猪,1528,14
2026-10-04,m73,青霞逸景温泉大酒店,青霞街道,酒店,国庆,89.7,84.8,1521,118638,去哪儿,1508,13
2026-10-04,m73,青霞逸景温泉大酒店,青霞街道,酒店,国庆,89.7,84.8,1521,118638,同程,1513,13
2026-10-04,m73,青霞逸景温泉大酒店,青霞街道,酒店,国庆,89.7,84.8,1521,118638,途家,1568,13
2026-10-05,m73,青霞逸景温泉大酒店,青霞街道,酒店,国庆,93.1,84.6,1555,125955,美团,1524,14
2026-10-05,m73,青霞逸景温泉大酒店,青霞街道,酒店,国庆,93.1,84.6,1555,125955,飞猪,1565,13
2026-10-05,m73,青霞逸景温泉大酒店,青霞街道,酒店,国庆,93.1,84.6,1555,125955,去哪儿,1527,13
2026-10-05,m73,青霞逸景温泉大酒店,青霞街道,酒店,国庆,93.1,84.6,1555,125955,同程,1560,14
2026-10-05,m73,青霞逸景温泉大酒店,青霞街道,酒店,国庆,93.1,84.6,1555,125955,途家,1599,13
2026-10-06,m73,青霞逸景温泉大酒店,青霞街道,酒店,国庆,80.5,77.7,1545,108150,美团,1509,20
2026-10-06,m73,青霞逸景温泉大酒店,青霞街道,酒店,国庆,80.5,77.7,1545,108150,飞猪,1545,19
2026-10-06,m73,青霞逸景温泉大酒店,青霞街道,酒店,国庆,80.5,77.7,1545,108150,去哪儿,1535,19
2026-10-06,m73,青霞逸景温泉大酒店,青霞街道,酒店,国庆,80.5,77.7,1545,108150,同程,1534,20
2026-10-06,m73,青霞逸景温泉大酒店,青霞街道,酒店,国庆,80.5,77.7,1545,108150,途家,1601,19
2026-10-07,m73,青霞逸景温泉大酒店,青霞街道,酒店,国庆,86.2,84.8,1555,116625,美团,1524,13
2026-10-07,m73,青霞逸景温泉大酒店,青霞街道,酒店,国庆,86.2,84.8,1555,116625,飞猪,1565,13
2026-10-07,m73,青霞逸景温泉大酒店,青霞街道,酒店,国庆,86.2,84.8,1555,116625,去哪儿,1533,13
2026-10-07,m73,青霞逸景温泉大酒店,青霞街道,酒店,国庆,86.2,84.8,1555,116625,同程,1543,14
2026-10-07,m73,青霞逸景温泉大酒店,青霞街道,酒店,国庆,86.2,84.8,1555,116625,途家,1610,13
2026-10-08,m73,青霞逸景温泉大酒店,青霞街道,酒店,国庆,89.7,88.5,1522,118716,美团,1493,10
2026-10-08,m73,青霞逸景温泉大酒店,青霞街道,酒店,国庆,89.7,88.5,1522,118716,飞猪,1541,10
2026-10-08,m73,青霞逸景温泉大酒店,青霞街道,酒店,国庆,89.7,88.5,1522,118716,去哪儿,1509,10
2026-10-08,m73,青霞逸景温泉大酒店,青霞街道,酒店,国庆,89.7,88.5,1522,118716,同程,1499,10
2026-10-08,m73,青霞逸景温泉大酒店,青霞街道,酒店,国庆,89.7,88.5,1522,118716,途家,1567,10
2026-10-09,m73,青霞逸景温泉大酒店,青霞街道,酒店,工作日,66.7,62.8,864,50112,美团,844,33
2026-10-09,m73,青霞逸景温泉大酒店,青霞街道,酒店,工作日,66.7,62.8,864,50112,飞猪,864,32
2026-10-09,m73,青霞逸景温泉大酒店,青霞街道,酒店,工作日,66.7,62.8,864,50112,去哪儿,866,32
2026-10-09,m73,青霞逸景温泉大酒店,青霞街道,酒店,工作日,66.7,62.8,864,50112,同程,857,33
2026-10-09,m73,青霞逸景温泉大酒店,青霞街道,酒店,工作日,66.7,62.8,864,50112,途家,891,32
2026-10-10,m73,青霞逸景温泉大酒店,青霞街道,酒店,周末,78.2,75.4,1058,71944,美团,1045,22
2026-10-10,m73,青霞逸景温泉大酒店,青霞街道,酒店,周末,78.2,75.4,1058,71944,飞猪,1064,21
2026-10-10,m73,青霞逸景温泉大酒店,青霞街道,酒店,周末,78.2,75.4,1058,71944,去哪儿,1043,21
2026-10-10,m73,青霞逸景温泉大酒店,青霞街道,酒店,周末,78.2,75.4,1058,71944,同程,1041,22
2026-10-10,m73,青霞逸景温泉大酒店,青霞街道,酒店,周末,78.2,75.4,1058,71944,途家,1097,21
2026-10-11,m73,青霞逸景温泉大酒店,青霞街道,酒店,周末,79.3,76.8,1079,74451,美团,1067,21
2026-10-11,m73,青霞逸景温泉大酒店,青霞街道,酒店,周末,79.3,76.8,1079,74451,飞猪,1092,20
2026-10-11,m73,青霞逸景温泉大酒店,青霞街道,酒店,周末,79.3,76.8,1079,74451,去哪儿,1060,20
2026-10-11,m73,青霞逸景温泉大酒店,青霞街道,酒店,周末,79.3,76.8,1079,74451,同程,1060,20
2026-10-11,m73,青霞逸景温泉大酒店,青霞街道,酒店,周末,79.3,76.8,1079,74451,途家,1116,20
2026-10-12,m73,青霞逸景温泉大酒店,青霞街道,酒店,工作日,67.8,64.4,873,51507,美团,852,31
2026-10-12,m73,青霞逸景温泉大酒店,青霞街道,酒店,工作日,67.8,64.4,873,51507,飞猪,874,31
2026-10-12,m73,青霞逸景温泉大酒店,青霞街道,酒店,工作日,67.8,64.4,873,51507,去哪儿,868,31
2026-10-12,m73,青霞逸景温泉大酒店,青霞街道,酒店,工作日,67.8,64.4,873,51507,同程,863,31
2026-10-12,m73,青霞逸景温泉大酒店,青霞街道,酒店,工作日,67.8,64.4,873,51507,途家,909,31
2026-10-13,m73,青霞逸景温泉大酒店,青霞街道,酒店,工作日,58.6,50.1,857,43707,美团,844,44
2026-10-13,m73,青霞逸景温泉大酒店,青霞街道,酒店,工作日,58.6,50.1,857,43707,飞猪,855,44
2026-10-13,m73,青霞逸景温泉大酒店,青霞街道,酒店,工作日,58.6,50.1,857,43707,去哪儿,848,43
2026-10-13,m73,青霞逸景温泉大酒店,青霞街道,酒店,工作日,58.6,50.1,857,43707,同程,852,43
2026-10-13,m73,青霞逸景温泉大酒店,青霞街道,酒店,工作日,58.6,50.1,857,43707,途家,884,43
2026-10-14,m73,青霞逸景温泉大酒店,青霞街道,酒店,工作日,67.8,66.4,879,51861,美团,863,30
2026-10-14,m73,青霞逸景温泉大酒店,青霞街道,酒店,工作日,67.8,66.4,879,51861,飞猪,876,29
2026-10-14,m73,青霞逸景温泉大酒店,青霞街道,酒店,工作日,67.8,66.4,879,51861,去哪儿,868,29
2026-10-14,m73,青霞逸景温泉大酒店,青霞街道,酒店,工作日,67.8,66.4,879,51861,同程,873,29
2026-10-14,m73,青霞逸景温泉大酒店,青霞街道,酒店,工作日,67.8,66.4,879,51861,途家,915,29
2026-10-15,m73,青霞逸景温泉大酒店,青霞街道,酒店,工作日,59.8,57.5,860,44720,美团,844,37
2026-10-15,m73,青霞逸景温泉大酒店,青霞街道,酒店,工作日,59.8,57.5,860,44720,飞猪,858,37
2026-10-15,m73,青霞逸景温泉大酒店,青霞街道,酒店,工作日,59.8,57.5,860,44720,去哪儿,850,37
2026-10-15,m73,青霞逸景温泉大酒店,青霞街道,酒店,工作日,59.8,57.5,860,44720,同程,856,37
2026-10-15,m73,青霞逸景温泉大酒店,青霞街道,酒店,工作日,59.8,57.5,860,44720,途家,891,37
2026-10-16,m73,青霞逸景温泉大酒店,青霞街道,酒店,工作日,60.9,58.6,859,45527,美团,846,36
2026-10-16,m73,青霞逸景温泉大酒店,青霞街道,酒店,工作日,60.9,58.6,859,45527,飞猪,856,36
2026-10-16,m73,青霞逸景温泉大酒店,青霞街道,酒店,工作日,60.9,58.6,859,45527,去哪儿,854,36
2026-10-16,m73,青霞逸景温泉大酒店,青霞街道,酒店,工作日,60.9,58.6,859,45527,同程,846,36
2026-10-16,m73,青霞逸景温泉大酒店,青霞街道,酒店,工作日,60.9,58.6,859,45527,途家,893,36
2026-10-17,m73,青霞逸景温泉大酒店,青霞街道,酒店,周末,78.2,67.6,1037,70516,美团,1014,28
2026-10-17,m73,青霞逸景温泉大酒店,青霞街道,酒店,周末,78.2,67.6,1037,70516,飞猪,1038,29
2026-10-17,m73,青霞逸景温泉大酒店,青霞街道,酒店,周末,78.2,67.6,1037,70516,去哪儿,1029,28
2026-10-17,m73,青霞逸景温泉大酒店,青霞街道,酒店,周末,78.2,67.6,1037,70516,同程,1031,28
2026-10-17,m73,青霞逸景温泉大酒店,青霞街道,酒店,周末,78.2,67.6,1037,70516,途家,1071,28
2026-10-18,m73,青霞逸景温泉大酒店,青霞街道,酒店,周末,78.2,73.6,1065,72420,美团,1049,23
2026-10-18,m73,青霞逸景温泉大酒店,青霞街道,酒店,周末,78.2,73.6,1065,72420,飞猪,1068,23
2026-10-18,m73,青霞逸景温泉大酒店,青霞街道,酒店,周末,78.2,73.6,1065,72420,去哪儿,1042,23
2026-10-18,m73,青霞逸景温泉大酒店,青霞街道,酒店,周末,78.2,73.6,1065,72420,同程,1056,23
2026-10-18,m73,青霞逸景温泉大酒店,青霞街道,酒店,周末,78.2,73.6,1065,72420,途家,1108,23
2026-10-19,m73,青霞逸景温泉大酒店,青霞街道,酒店,工作日,66.7,64.4,865,50170,美团,852,31
2026-10-19,m73,青霞逸景温泉大酒店,青霞街道,酒店,工作日,66.7,64.4,865,50170,飞猪,858,31
2026-10-19,m73,青霞逸景温泉大酒店,青霞街道,酒店,工作日,66.7,64.4,865,50170,去哪儿,858,31
2026-10-19,m73,青霞逸景温泉大酒店,青霞街道,酒店,工作日,66.7,64.4,865,50170,同程,862,31
2026-10-19,m73,青霞逸景温泉大酒店,青霞街道,酒店,工作日,66.7,64.4,865,50170,途家,893,31
2026-10-20,m73,青霞逸景温泉大酒店,青霞街道,酒店,工作日,60.9,55.9,859,45527,美团,840,39
2026-10-20,m73,青霞逸景温泉大酒店,青霞街道,酒店,工作日,60.9,55.9,859,45527,飞猪,859,38
2026-10-20,m73,青霞逸景温泉大酒店,青霞街道,酒店,工作日,60.9,55.9,859,45527,去哪儿,859,38
2026-10-20,m73,青霞逸景温泉大酒店,青霞街道,酒店,工作日,60.9,55.9,859,45527,同程,854,39
2026-10-20,m73,青霞逸景温泉大酒店,青霞街道,酒店,工作日,60.9,55.9,859,45527,途家,881,38
2026-10-21,m73,青霞逸景温泉大酒店,青霞街道,酒店,工作日,67.8,65.1,892,52628,美团,874,30
2026-10-21,m73,青霞逸景温泉大酒店,青霞街道,酒店,工作日,67.8,65.1,892,52628,飞猪,898,31
2026-10-21,m73,青霞逸景温泉大酒店,青霞街道,酒店,工作日,67.8,65.1,892,52628,去哪儿,875,30
2026-10-21,m73,青霞逸景温泉大酒店,青霞街道,酒店,工作日,67.8,65.1,892,52628,同程,893,31
2026-10-21,m73,青霞逸景温泉大酒店,青霞街道,酒店,工作日,67.8,65.1,892,52628,途家,918,30
2026-10-22,m73,青霞逸景温泉大酒店,青霞街道,酒店,工作日,56.3,54.7,873,42777,美团,862,40
2026-10-22,m73,青霞逸景温泉大酒店,青霞街道,酒店,工作日,56.3,54.7,873,42777,飞猪,870,39
2026-10-22,m73,青霞逸景温泉大酒店,青霞街道,酒店,工作日,56.3,54.7,873,42777,去哪儿,866,39
2026-10-22,m73,青霞逸景温泉大酒店,青霞街道,酒店,工作日,56.3,54.7,873,42777,同程,868,40
2026-10-22,m73,青霞逸景温泉大酒店,青霞街道,酒店,工作日,56.3,54.7,873,42777,途家,900,39
2026-10-23,m73,青霞逸景温泉大酒店,青霞街道,酒店,工作日,63.2,60.7,868,47740,美团,856,34
2026-10-23,m73,青霞逸景温泉大酒店,青霞街道,酒店,工作日,63.2,60.7,868,47740,飞猪,864,35
2026-10-23,m73,青霞逸景温泉大酒店,青霞街道,酒店,工作日,63.2,60.7,868,47740,去哪儿,866,34
2026-10-23,m73,青霞逸景温泉大酒店,青霞街道,酒店,工作日,63.2,60.7,868,47740,同程,864,34
2026-10-23,m73,青霞逸景温泉大酒店,青霞街道,酒店,工作日,63.2,60.7,868,47740,途家,891,34
2026-10-24,m73,青霞逸景温泉大酒店,青霞街道,酒店,周末,85.1,79.1,1070,79180,美团,1054,18
2026-10-24,m73,青霞逸景温泉大酒店,青霞街道,酒店,周末,85.1,79.1,1070,79180,飞猪,1074,18
2026-10-24,m73,青霞逸景温泉大酒店,青霞街道,酒店,周末,85.1,79.1,1070,79180,去哪儿,1064,18
2026-10-24,m73,青霞逸景温泉大酒店,青霞街道,酒店,周末,85.1,79.1,1070,79180,同程,1065,19
2026-10-24,m73,青霞逸景温泉大酒店,青霞街道,酒店,周末,85.1,79.1,1070,79180,途家,1095,18
2026-10-25,m73,青霞逸景温泉大酒店,青霞街道,酒店,周末,75.9,70.1,1053,69498,美团,1029,26
2026-10-25,m73,青霞逸景温泉大酒店,青霞街道,酒店,周末,75.9,70.1,1053,69498,飞猪,1057,26
2026-10-25,m73,青霞逸景温泉大酒店,青霞街道,酒店,周末,75.9,70.1,1053,69498,去哪儿,1060,26
2026-10-25,m73,青霞逸景温泉大酒店,青霞街道,酒店,周末,75.9,70.1,1053,69498,同程,1039,26
2026-10-25,m73,青霞逸景温泉大酒店,青霞街道,酒店,周末,75.9,70.1,1053,69498,途家,1079,26
2026-10-26,m73,青霞逸景温泉大酒店,青霞街道,酒店,工作日,70.1,65.1,873,53253,美团,856,31
2026-10-26,m73,青霞逸景温泉大酒店,青霞街道,酒店,工作日,70.1,65.1,873,53253,飞猪,868,30
2026-10-26,m73,青霞逸景温泉大酒店,青霞街道,酒店,工作日,70.1,65.1,873,53253,去哪儿,861,30
2026-10-26,m73,青霞逸景温泉大酒店,青霞街道,酒店,工作日,70.1,65.1,873,53253,同程,873,31
2026-10-26,m73,青霞逸景温泉大酒店,青霞街道,酒店,工作日,70.1,65.1,873,53253,途家,908,30
2026-10-27,m73,青霞逸景温泉大酒店,青霞街道,酒店,工作日,63.2,61.6,874,48070,美团,854,33
2026-10-27,m73,青霞逸景温泉大酒店,青霞街道,酒店,工作日,63.2,61.6,874,48070,飞猪,877,34
2026-10-27,m73,青霞逸景温泉大酒店,青霞街道,酒店,工作日,63.2,61.6,874,48070,去哪儿,867,33
2026-10-27,m73,青霞逸景温泉大酒店,青霞街道,酒店,工作日,63.2,61.6,874,48070,同程,867,34
2026-10-27,m73,青霞逸景温泉大酒店,青霞街道,酒店,工作日,63.2,61.6,874,48070,途家,905,33
2026-10-28,m73,青霞逸景温泉大酒店,青霞街道,酒店,工作日,69.0,66.2,871,52260,美团,855,30
2026-10-28,m73,青霞逸景温泉大酒店,青霞街道,酒店,工作日,69.0,66.2,871,52260,飞猪,876,29
2026-10-28,m73,青霞逸景温泉大酒店,青霞街道,酒店,工作日,69.0,66.2,871,52260,去哪儿,857,29
2026-10-28,m73,青霞逸景温泉大酒店,青霞街道,酒店,工作日,69.0,66.2,871,52260,同程,866,30
2026-10-28,m73,青霞逸景温泉大酒店,青霞街道,酒店,工作日,69.0,66.2,871,52260,途家,900,29
2026-10-29,m73,青霞逸景温泉大酒店,青霞街道,酒店,工作日,62.1,58.4,866,46764,美团,859,37
2026-10-29,m73,青霞逸景温泉大酒店,青霞街道,酒店,工作日,62.1,58.4,866,46764,飞猪,867,36
2026-10-29,m73,青霞逸景温泉大酒店,青霞街道,酒店,工作日,62.1,58.4,866,46764,去哪儿,856,36
2026-10-29,m73,青霞逸景温泉大酒店,青霞街道,酒店,工作日,62.1,58.4,866,46764,同程,858,36
2026-10-29,m73,青霞逸景温泉大酒店,青霞街道,酒店,工作日,62.1,58.4,866,46764,途家,892,36
2026-10-30,m73,青霞逸景温泉大酒店,青霞街道,酒店,工作日,60.9,56.8,866,45898,美团,849,38
2026-10-30,m73,青霞逸景温泉大酒店,青霞街道,酒店,工作日,60.9,56.8,866,45898,飞猪,870,38
2026-10-30,m73,青霞逸景温泉大酒店,青霞街道,酒店,工作日,60.9,56.8,866,45898,去哪儿,862,37
2026-10-30,m73,青霞逸景温泉大酒店,青霞街道,酒店,工作日,60.9,56.8,866,45898,同程,850,38
2026-10-30,m73,青霞逸景温泉大酒店,青霞街道,酒店,工作日,60.9,56.8,866,45898,途家,901,37
2026-10-31,m73,青霞逸景温泉大酒店,青霞街道,酒店,周末,81.6,77.9,1076,76396,美团,1058,19
2026-10-31,m73,青霞逸景温泉大酒店,青霞街道,酒店,周末,81.6,77.9,1076,76396,飞猪,1077,19
2026-10-31,m73,青霞逸景温泉大酒店,青霞街道,酒店,周末,81.6,77.9,1076,76396,去哪儿,1067,19
2026-10-31,m73,青霞逸景温泉大酒店,青霞街道,酒店,周末,81.6,77.9,1076,76396,同程,1071,20
2026-10-31,m73,青霞逸景温泉大酒店,青霞街道,酒店,周末,81.6,77.9,1076,76396,途家,1105,19
2026-10-01,m74,王泗初见客栈,王泗镇,客栈,国庆,90.0,90.0,860,15480,飞猪,853,2
2026-10-01,m74,王泗初见客栈,王泗镇,客栈,国庆,90.0,90.0,860,15480,去哪儿,844,2
2026-10-01,m74,王泗初见客栈,王泗镇,客栈,国庆,90.0,90.0,860,15480,途家,882,2
2026-10-02,m74,王泗初见客栈,王泗镇,客栈,国庆,100.0,95.0,809,16180,飞猪,800,1
2026-10-02,m74,王泗初见客栈,王泗镇,客栈,国庆,100.0,95.0,809,16180,去哪儿,793,1
2026-10-02,m74,王泗初见客栈,王泗镇,客栈,国庆,100.0,95.0,809,16180,途家,835,1
2026-10-03,m74,王泗初见客栈,王泗镇,客栈,国庆,95.0,90.0,849,16131,飞猪,846,2
2026-10-03,m74,王泗初见客栈,王泗镇,客栈,国庆,95.0,90.0,849,16131,去哪儿,825,2
2026-10-03,m74,王泗初见客栈,王泗镇,客栈,国庆,95.0,90.0,849,16131,途家,875,2
2026-10-04,m74,王泗初见客栈,王泗镇,客栈,国庆,95.0,95.0,862,16378,飞猪,856,1
2026-10-04,m74,王泗初见客栈,王泗镇,客栈,国庆,95.0,95.0,862,16378,去哪儿,854,1
2026-10-04,m74,王泗初见客栈,王泗镇,客栈,国庆,95.0,95.0,862,16378,途家,877,1
2026-10-05,m74,王泗初见客栈,王泗镇,客栈,国庆,90.0,90.0,877,15786,飞猪,880,2
2026-10-05,m74,王泗初见客栈,王泗镇,客栈,国庆,90.0,90.0,877,15786,去哪儿,867,2
2026-10-05,m74,王泗初见客栈,王泗镇,客栈,国庆,90.0,90.0,877,15786,途家,885,2
2026-10-06,m74,王泗初见客栈,王泗镇,客栈,国庆,95.0,95.0,836,15884,飞猪,833,1
2026-10-06,m74,王泗初见客栈,王泗镇,客栈,国庆,95.0,95.0,836,15884,去哪儿,823,1
2026-10-06,m74,王泗初见客栈,王泗镇,客栈,国庆,95.0,95.0,836,15884,途家,853,1
2026-10-07,m74,王泗初见客栈,王泗镇,客栈,国庆,90.0,78.3,826,14868,飞猪,822,5
2026-10-07,m74,王泗初见客栈,王泗镇,客栈,国庆,90.0,78.3,826,14868,去哪儿,817,4
2026-10-07,m74,王泗初见客栈,王泗镇,客栈,国庆,90.0,78.3,826,14868,途家,838,4
2026-10-08,m74,王泗初见客栈,王泗镇,客栈,国庆,85.0,85.0,847,14399,飞猪,840,3
2026-10-08,m74,王泗初见客栈,王泗镇,客栈,国庆,85.0,85.0,847,14399,去哪儿,835,3
2026-10-08,m74,王泗初见客栈,王泗镇,客栈,国庆,85.0,85.0,847,14399,途家,865,3
2026-10-09,m74,王泗初见客栈,王泗镇,客栈,工作日,55.0,53.3,444,4884,飞猪,441,10
2026-10-09,m74,王泗初见客栈,王泗镇,客栈,工作日,55.0,53.3,444,4884,去哪儿,439,9
2026-10-09,m74,王泗初见客栈,王泗镇,客栈,工作日,55.0,53.3,444,4884,途家,451,9
2026-10-10,m74,王泗初见客栈,王泗镇,客栈,周末,70.0,70.0,539,7546,飞猪,534,6
2026-10-10,m74,王泗初见客栈,王泗镇,客栈,周末,70.0,70.0,539,7546,去哪儿,532,6
2026-10-10,m74,王泗初见客栈,王泗镇,客栈,周末,70.0,70.0,539,7546,途家,552,6
2026-10-11,m74,王泗初见客栈,王泗镇,客栈,周末,85.0,75.0,573,9741,飞猪,566,5
2026-10-11,m74,王泗初见客栈,王泗镇,客栈,周末,85.0,75.0,573,9741,去哪儿,565,5
2026-10-11,m74,王泗初见客栈,王泗镇,客栈,周末,85.0,75.0,573,9741,途家,587,5
2026-10-12,m74,王泗初见客栈,王泗镇,客栈,工作日,50.0,48.3,437,4370,飞猪,433,11
2026-10-12,m74,王泗初见客栈,王泗镇,客栈,工作日,50.0,48.3,437,4370,去哪儿,428,10
2026-10-12,m74,王泗初见客栈,王泗镇,客栈,工作日,50.0,48.3,437,4370,途家,450,10
2026-10-13,m74,王泗初见客栈,王泗镇,客栈,工作日,55.0,50.0,446,4906,飞猪,443,10
2026-10-13,m74,王泗初见客栈,王泗镇,客栈,工作日,55.0,50.0,446,4906,去哪儿,441,10
2026-10-13,m74,王泗初见客栈,王泗镇,客栈,工作日,55.0,50.0,446,4906,途家,455,10
2026-10-14,m74,王泗初见客栈,王泗镇,客栈,工作日,60.0,55.0,439,5268,飞猪,435,9
2026-10-14,m74,王泗初见客栈,王泗镇,客栈,工作日,60.0,55.0,439,5268,去哪儿,432,9
2026-10-14,m74,王泗初见客栈,王泗镇,客栈,工作日,60.0,55.0,439,5268,途家,450,9
2026-10-15,m74,王泗初见客栈,王泗镇,客栈,工作日,60.0,55.0,447,5364,飞猪,447,9
2026-10-15,m74,王泗初见客栈,王泗镇,客栈,工作日,60.0,55.0,447,5364,去哪儿,439,9
2026-10-15,m74,王泗初见客栈,王泗镇,客栈,工作日,60.0,55.0,447,5364,途家,456,9
2026-10-16,m74,王泗初见客栈,王泗镇,客栈,工作日,60.0,60.0,457,5484,飞猪,453,8
2026-10-16,m74,王泗初见客栈,王泗镇,客栈,工作日,60.0,60.0,457,5484,去哪儿,448,8
2026-10-16,m74,王泗初见客栈,王泗镇,客栈,工作日,60.0,60.0,457,5484,途家,471,8
2026-10-17,m74,王泗初见客栈,王泗镇,客栈,周末,80.0,75.0,548,8768,飞猪,544,5
2026-10-17,m74,王泗初见客栈,王泗镇,客栈,周末,80.0,75.0,548,8768,去哪儿,536,5
2026-10-17,m74,王泗初见客栈,王泗镇,客栈,周末,80.0,75.0,548,8768,途家,563,5
2026-10-18,m74,王泗初见客栈,王泗镇,客栈,周末,85.0,85.0,565,9605,飞猪,560,3
2026-10-18,m74,王泗初见客栈,王泗镇,客栈,周末,85.0,85.0,565,9605,去哪儿,558,3
2026-10-18,m74,王泗初见客栈,王泗镇,客栈,周末,85.0,85.0,565,9605,途家,577,3
2026-10-19,m74,王泗初见客栈,王泗镇,客栈,工作日,45.0,45.0,444,3996,飞猪,443,11
2026-10-19,m74,王泗初见客栈,王泗镇,客栈,工作日,45.0,45.0,444,3996,去哪儿,436,11
2026-10-19,m74,王泗初见客栈,王泗镇,客栈,工作日,45.0,45.0,444,3996,途家,454,11
2026-10-20,m74,王泗初见客栈,王泗镇,客栈,工作日,35.0,28.3,427,2989,飞猪,423,15
2026-10-20,m74,王泗初见客栈,王泗镇,客栈,工作日,35.0,28.3,427,2989,去哪儿,420,14
2026-10-20,m74,王泗初见客栈,王泗镇,客栈,工作日,35.0,28.3,427,2989,途家,438,14
2026-10-21,m74,王泗初见客栈,王泗镇,客栈,工作日,35.0,33.3,425,2975,飞猪,425,14
2026-10-21,m74,王泗初见客栈,王泗镇,客栈,工作日,35.0,33.3,425,2975,去哪儿,414,13
2026-10-21,m74,王泗初见客栈,王泗镇,客栈,工作日,35.0,33.3,425,2975,途家,437,13
2026-10-22,m74,王泗初见客栈,王泗镇,客栈,工作日,50.0,45.0,444,4440,飞猪,443,11
2026-10-22,m74,王泗初见客栈,王泗镇,客栈,工作日,50.0,45.0,444,4440,去哪儿,431,11
2026-10-22,m74,王泗初见客栈,王泗镇,客栈,工作日,50.0,45.0,444,4440,途家,459,11
2026-10-23,m74,王泗初见客栈,王泗镇,客栈,工作日,65.0,60.0,466,6058,飞猪,461,8
2026-10-23,m74,王泗初见客栈,王泗镇,客栈,工作日,65.0,60.0,466,6058,去哪儿,461,8
2026-10-23,m74,王泗初见客栈,王泗镇,客栈,工作日,65.0,60.0,466,6058,途家,476,8
2026-10-24,m74,王泗初见客栈,王泗镇,客栈,周末,85.0,65.0,544,9248,飞猪,538,7
2026-10-24,m74,王泗初见客栈,王泗镇,客栈,周末,85.0,65.0,544,9248,去哪儿,539,7
2026-10-24,m74,王泗初见客栈,王泗镇,客栈,周末,85.0,65.0,544,9248,途家,554,7
2026-10-25,m74,王泗初见客栈,王泗镇,客栈,周末,80.0,75.0,549,8784,飞猪,548,5
2026-10-25,m74,王泗初见客栈,王泗镇,客栈,周末,80.0,75.0,549,8784,去哪儿,540,5
2026-10-25,m74,王泗初见客栈,王泗镇,客栈,周末,80.0,75.0,549,8784,途家,560,5
2026-10-26,m74,王泗初见客栈,王泗镇,客栈,工作日,55.0,53.3,447,4917,飞猪,439,10
2026-10-26,m74,王泗初见客栈,王泗镇,客栈,工作日,55.0,53.3,447,4917,去哪儿,439,9
2026-10-26,m74,王泗初见客栈,王泗镇,客栈,工作日,55.0,53.3,447,4917,途家,463,9
2026-10-27,m74,王泗初见客栈,王泗镇,客栈,工作日,45.0,43.3,437,3933,飞猪,435,12
2026-10-27,m74,王泗初见客栈,王泗镇,客栈,工作日,45.0,43.3,437,3933,去哪儿,430,11
2026-10-27,m74,王泗初见客栈,王泗镇,客栈,工作日,45.0,43.3,437,3933,途家,446,11
2026-10-28,m74,王泗初见客栈,王泗镇,客栈,工作日,25.0,23.3,420,2100,飞猪,417,16
2026-10-28,m74,王泗初见客栈,王泗镇,客栈,工作日,25.0,23.3,420,2100,去哪儿,414,15
2026-10-28,m74,王泗初见客栈,王泗镇,客栈,工作日,25.0,23.3,420,2100,途家,429,15
2026-10-29,m74,王泗初见客栈,王泗镇,客栈,工作日,40.0,33.3,443,3544,飞猪,440,14
2026-10-29,m74,王泗初见客栈,王泗镇,客栈,工作日,40.0,33.3,443,3544,去哪儿,437,13
2026-10-29,m74,王泗初见客栈,王泗镇,客栈,工作日,40.0,33.3,443,3544,途家,452,13
2026-10-30,m74,王泗初见客栈,王泗镇,客栈,工作日,60.0,60.0,448,5376,飞猪,444,8
2026-10-30,m74,王泗初见客栈,王泗镇,客栈,工作日,60.0,60.0,448,5376,去哪儿,444,8
2026-10-30,m74,王泗初见客栈,王泗镇,客栈,工作日,60.0,60.0,448,5376,途家,456,8
2026-10-31,m74,王泗初见客栈,王泗镇,客栈,周末,75.0,63.3,533,7995,飞猪,529,8
2026-10-31,m74,王泗初见客栈,王泗镇,客栈,周末,75.0,63.3,533,7995,去哪儿,524,7
2026-10-31,m74,王泗初见客栈,王泗镇,客栈,周末,75.0,63.3,533,7995,途家,546,7
2026-10-01,m75,王泗青瓦客栈,王泗镇,客栈,国庆,93.2,83.0,583,23903,美团,573,8
2026-10-01,m75,王泗青瓦客栈,王泗镇,客栈,国庆,93.2,83.0,583,23903,飞猪,579,8
2026-10-01,m75,王泗青瓦客栈,王泗镇,客栈,国庆,93.2,83.0,583,23903,去哪儿,579,7
2026-10-01,m75,王泗青瓦客栈,王泗镇,客栈,国庆,93.2,83.0,583,23903,途家,602,7
2026-10-02,m75,王泗青瓦客栈,王泗镇,客栈,国庆,93.2,90.3,598,24518,美团,586,5
2026-10-02,m75,王泗青瓦客栈,王泗镇,客栈,国庆,93.2,90.3,598,24518,飞猪,594,4
2026-10-02,m75,王泗青瓦客栈,王泗镇,客栈,国庆,93.2,90.3,598,24518,去哪儿,594,4
2026-10-02,m75,王泗青瓦客栈,王泗镇,客栈,国庆,93.2,90.3,598,24518,途家,619,4
2026-10-03,m75,王泗青瓦客栈,王泗镇,客栈,国庆,97.7,93.2,593,25499,美团,580,3
2026-10-03,m75,王泗青瓦客栈,王泗镇,客栈,国庆,97.7,93.2,593,25499,飞猪,590,3
2026-10-03,m75,王泗青瓦客栈,王泗镇,客栈,国庆,97.7,93.2,593,25499,去哪儿,589,3
2026-10-03,m75,王泗青瓦客栈,王泗镇,客栈,国庆,97.7,93.2,593,25499,途家,612,3
2026-10-04,m75,王泗青瓦客栈,王泗镇,客栈,国庆,93.2,89.8,591,24231,美团,579,5
2026-10-04,m75,王泗青瓦客栈,王泗镇,客栈,国庆,93.2,89.8,591,24231,飞猪,589,5
2026-10-04,m75,王泗青瓦客栈,王泗镇,客栈,国庆,93.2,89.8,591,24231,去哪儿,590,4
2026-10-04,m75,王泗青瓦客栈,王泗镇,客栈,国庆,93.2,89.8,591,24231,途家,604,4
2026-10-05,m75,王泗青瓦客栈,王泗镇,客栈,国庆,95.5,92.6,595,24990,美团,586,4
2026-10-05,m75,王泗青瓦客栈,王泗镇,客栈,国庆,95.5,92.6,595,24990,飞猪,595,3
2026-10-05,m75,王泗青瓦客栈,王泗镇,客栈,国庆,95.5,92.6,595,24990,去哪儿,591,3
2026-10-05,m75,王泗青瓦客栈,王泗镇,客栈,国庆,95.5,92.6,595,24990,途家,607,3
2026-10-06,m75,王泗青瓦客栈,王泗镇,客栈,国庆,93.2,92.6,600,24600,美团,584,4
2026-10-06,m75,王泗青瓦客栈,王泗镇,客栈,国庆,93.2,92.6,600,24600,飞猪,605,3
2026-10-06,m75,王泗青瓦客栈,王泗镇,客栈,国庆,93.2,92.6,600,24600,去哪儿,588,3
2026-10-06,m75,王泗青瓦客栈,王泗镇,客栈,国庆,93.2,92.6,600,24600,途家,623,3
2026-10-07,m75,王泗青瓦客栈,王泗镇,客栈,国庆,90.9,90.3,609,24360,美团,599,5
2026-10-07,m75,王泗青瓦客栈,王泗镇,客栈,国庆,90.9,90.3,609,24360,飞猪,609,4
2026-10-07,m75,王泗青瓦客栈,王泗镇,客栈,国庆,90.9,90.3,609,24360,去哪儿,601,4
2026-10-07,m75,王泗青瓦客栈,王泗镇,客栈,国庆,90.9,90.3,609,24360,途家,628,4
2026-10-08,m75,王泗青瓦客栈,王泗镇,客栈,国庆,97.7,88.6,604,25972,美团,592,5
2026-10-08,m75,王泗青瓦客栈,王泗镇,客栈,国庆,97.7,88.6,604,25972,飞猪,608,5
2026-10-08,m75,王泗青瓦客栈,王泗镇,客栈,国庆,97.7,88.6,604,25972,去哪儿,596,5
2026-10-08,m75,王泗青瓦客栈,王泗镇,客栈,国庆,97.7,88.6,604,25972,途家,618,5
2026-10-09,m75,王泗青瓦客栈,王泗镇,客栈,工作日,43.2,42.0,305,5795,美团,297,26
2026-10-09,m75,王泗青瓦客栈,王泗镇,客栈,工作日,43.2,42.0,305,5795,飞猪,304,26
2026-10-09,m75,王泗青瓦客栈,王泗镇,客栈,工作日,43.2,42.0,305,5795,去哪儿,307,25
2026-10-09,m75,王泗青瓦客栈,王泗镇,客栈,工作日,43.2,42.0,305,5795,途家,313,25
2026-10-10,m75,王泗青瓦客栈,王泗镇,客栈,周末,88.6,79.5,402,15678,美团,393,9
2026-10-10,m75,王泗青瓦客栈,王泗镇,客栈,周末,88.6,79.5,402,15678,飞猪,403,9
2026-10-10,m75,王泗青瓦客栈,王泗镇,客栈,周末,88.6,79.5,402,15678,去哪儿,398,9
2026-10-10,m75,王泗青瓦客栈,王泗镇,客栈,周末,88.6,79.5,402,15678,途家,412,9
2026-10-11,m75,王泗青瓦客栈,王泗镇,客栈,周末,72.7,67.0,377,12064,美团,370,15
2026-10-11,m75,王泗青瓦客栈,王泗镇,客栈,周末,72.7,67.0,377,12064,飞猪,379,15
2026-10-11,m75,王泗青瓦客栈,王泗镇,客栈,周末,72.7,67.0,377,12064,去哪儿,372,14
2026-10-11,m75,王泗青瓦客栈,王泗镇,客栈,周末,72.7,67.0,377,12064,途家,387,14
2026-10-12,m75,王泗青瓦客栈,王泗镇,客栈,工作日,47.7,44.9,310,6510,美团,302,25
2026-10-12,m75,王泗青瓦客栈,王泗镇,客栈,工作日,47.7,44.9,310,6510,飞猪,312,24
2026-10-12,m75,王泗青瓦客栈,王泗镇,客栈,工作日,47.7,44.9,310,6510,去哪儿,307,24
2026-10-12,m75,王泗青瓦客栈,王泗镇,客栈,工作日,47.7,44.9,310,6510,途家,319,24
2026-10-13,m75,王泗青瓦客栈,王泗镇,客栈,工作日,61.4,60.2,318,8586,美团,310,18
2026-10-13,m75,王泗青瓦客栈,王泗镇,客栈,工作日,61.4,60.2,318,8586,飞猪,317,18
2026-10-13,m75,王泗青瓦客栈,王泗镇,客栈,工作日,61.4,60.2,318,8586,去哪儿,316,17
2026-10-13,m75,王泗青瓦客栈,王泗镇,客栈,工作日,61.4,60.2,318,8586,途家,327,17
2026-10-14,m75,王泗青瓦客栈,王泗镇,客栈,工作日,43.2,38.6,301,5719,美团,293,27
2026-10-14,m75,王泗青瓦客栈,王泗镇,客栈,工作日,43.2,38.6,301,5719,飞猪,302,27
2026-10-14,m75,王泗青瓦客栈,王泗镇,客栈,工作日,43.2,38.6,301,5719,去哪儿,299,27
2026-10-14,m75,王泗青瓦客栈,王泗镇,客栈,工作日,43.2,38.6,301,5719,途家,311,27
2026-10-15,m75,王泗青瓦客栈,王泗镇,客栈,工作日,61.4,53.4,315,8505,美团,309,21
2026-10-15,m75,王泗青瓦客栈,王泗镇,客栈,工作日,61.4,53.4,315,8505,飞猪,312,21
2026-10-15,m75,王泗青瓦客栈,王泗镇,客栈,工作日,61.4,53.4,315,8505,去哪儿,312,20
2026-10-15,m75,王泗青瓦客栈,王泗镇,客栈,工作日,61.4,53.4,315,8505,途家,328,20
2026-10-16,m75,王泗青瓦客栈,王泗镇,客栈,工作日,54.5,51.7,319,7656,美团,314,22
2026-10-16,m75,王泗青瓦客栈,王泗镇,客栈,工作日,54.5,51.7,319,7656,飞猪,319,21
2026-10-16,m75,王泗青瓦客栈,王泗镇,客栈,工作日,54.5,51.7,319,7656,去哪儿,314,21
2026-10-16,m75,王泗青瓦客栈,王泗镇,客栈,工作日,54.5,51.7,319,7656,途家,330,21
2026-10-17,m75,王泗青瓦客栈,王泗镇,客栈,周末,70.5,69.9,376,11656,美团,367,14
2026-10-17,m75,王泗青瓦客栈,王泗镇,客栈,周末,70.5,69.9,376,11656,飞猪,375,13
2026-10-17,m75,王泗青瓦客栈,王泗镇,客栈,周末,70.5,69.9,376,11656,去哪儿,372,13
2026-10-17,m75,王泗青瓦客栈,王泗镇,客栈,周末,70.5,69.9,376,11656,途家,388,13
2026-10-18,m75,王泗青瓦客栈,王泗镇,客栈,周末,77.3,72.2,383,13022,美团,373,13
2026-10-18,m75,王泗青瓦客栈,王泗镇,客栈,周末,77.3,72.2,383,13022,飞猪,383,12
2026-10-18,m75,王泗青瓦客栈,王泗镇,客栈,周末,77.3,72.2,383,13022,去哪儿,380,12
2026-10-18,m75,王泗青瓦客栈,王泗镇,客栈,周末,77.3,72.2,383,13022,途家,396,12
2026-10-19,m75,王泗青瓦客栈,王泗镇,客栈,工作日,54.5,50.0,310,7440,美团,301,22
2026-10-19,m75,王泗青瓦客栈,王泗镇,客栈,工作日,54.5,50.0,310,7440,飞猪,310,22
2026-10-19,m75,王泗青瓦客栈,王泗镇,客栈,工作日,54.5,50.0,310,7440,去哪儿,305,22
2026-10-19,m75,王泗青瓦客栈,王泗镇,客栈,工作日,54.5,50.0,310,7440,途家,322,22
2026-10-20,m75,王泗青瓦客栈,王泗镇,客栈,工作日,52.3,51.7,309,7107,美团,304,22
2026-10-20,m75,王泗青瓦客栈,王泗镇,客栈,工作日,52.3,51.7,309,7107,飞猪,311,21
2026-10-20,m75,王泗青瓦客栈,王泗镇,客栈,工作日,52.3,51.7,309,7107,去哪儿,304,21
2026-10-20,m75,王泗青瓦客栈,王泗镇,客栈,工作日,52.3,51.7,309,7107,途家,317,21
2026-10-21,m75,王泗青瓦客栈,王泗镇,客栈,工作日,56.8,52.3,319,7975,美团,311,21
2026-10-21,m75,王泗青瓦客栈,王泗镇,客栈,工作日,56.8,52.3,319,7975,飞猪,320,21
2026-10-21,m75,王泗青瓦客栈,王泗镇,客栈,工作日,56.8,52.3,319,7975,去哪儿,313,21
2026-10-21,m75,王泗青瓦客栈,王泗镇,客栈,工作日,56.8,52.3,319,7975,途家,332,21
2026-10-22,m75,王泗青瓦客栈,王泗镇,客栈,工作日,63.6,56.3,314,8792,美团,305,20
2026-10-22,m75,王泗青瓦客栈,王泗镇,客栈,工作日,63.6,56.3,314,8792,飞猪,312,19
2026-10-22,m75,王泗青瓦客栈,王泗镇,客栈,工作日,63.6,56.3,314,8792,去哪儿,314,19
2026-10-22,m75,王泗青瓦客栈,王泗镇,客栈,工作日,63.6,56.3,314,8792,途家,325,19
2026-10-23,m75,王泗青瓦客栈,王泗镇,客栈,工作日,47.7,42.0,309,6489,美团,302,26
2026-10-23,m75,王泗青瓦客栈,王泗镇,客栈,工作日,47.7,42.0,309,6489,飞猪,307,26
2026-10-23,m75,王泗青瓦客栈,王泗镇,客栈,工作日,47.7,42.0,309,6489,去哪儿,306,25
2026-10-23,m75,王泗青瓦客栈,王泗镇,客栈,工作日,47.7,42.0,309,6489,途家,320,25
2026-10-24,m75,王泗青瓦客栈,王泗镇,客栈,周末,70.5,63.1,391,12121,美团,383,17
2026-10-24,m75,王泗青瓦客栈,王泗镇,客栈,周末,70.5,63.1,391,12121,飞猪,391,16
2026-10-24,m75,王泗青瓦客栈,王泗镇,客栈,周末,70.5,63.1,391,12121,去哪儿,386,16
2026-10-24,m75,王泗青瓦客栈,王泗镇,客栈,周末,70.5,63.1,391,12121,途家,405,16
2026-10-25,m75,王泗青瓦客栈,王泗镇,客栈,周末,70.5,68.2,386,11966,美团,377,14
2026-10-25,m75,王泗青瓦客栈,王泗镇,客栈,周末,70.5,68.2,386,11966,飞猪,387,14
2026-10-25,m75,王泗青瓦客栈,王泗镇,客栈,周末,70.5,68.2,386,11966,去哪儿,380,14
2026-10-25,m75,王泗青瓦客栈,王泗镇,客栈,周末,70.5,68.2,386,11966,途家,398,14
2026-10-26,m75,王泗青瓦客栈,王泗镇,客栈,工作日,47.7,47.2,318,6678,美团,312,24
2026-10-26,m75,王泗青瓦客栈,王泗镇,客栈,工作日,47.7,47.2,318,6678,飞猪,315,23
2026-10-26,m75,王泗青瓦客栈,王泗镇,客栈,工作日,47.7,47.2,318,6678,去哪儿,314,23
2026-10-26,m75,王泗青瓦客栈,王泗镇,客栈,工作日,47.7,47.2,318,6678,途家,329,23
2026-10-27,m75,王泗青瓦客栈,王泗镇,客栈,工作日,54.5,54.0,314,7536,美团,306,21
2026-10-27,m75,王泗青瓦客栈,王泗镇,客栈,工作日,54.5,54.0,314,7536,飞猪,312,20
2026-10-27,m75,王泗青瓦客栈,王泗镇,客栈,工作日,54.5,54.0,314,7536,去哪儿,311,20
2026-10-27,m75,王泗青瓦客栈,王泗镇,客栈,工作日,54.5,54.0,314,7536,途家,325,20
2026-10-28,m75,王泗青瓦客栈,王泗镇,客栈,工作日,54.5,52.3,315,7560,美团,307,21
2026-10-28,m75,王泗青瓦客栈,王泗镇,客栈,工作日,54.5,52.3,315,7560,飞猪,315,21
2026-10-28,m75,王泗青瓦客栈,王泗镇,客栈,工作日,54.5,52.3,315,7560,去哪儿,314,21
2026-10-28,m75,王泗青瓦客栈,王泗镇,客栈,工作日,54.5,52.3,315,7560,途家,325,21
2026-10-29,m75,王泗青瓦客栈,王泗镇,客栈,工作日,54.5,54.0,316,7584,美团,311,20
2026-10-29,m75,王泗青瓦客栈,王泗镇,客栈,工作日,54.5,54.0,316,7584,飞猪,317,21
2026-10-29,m75,王泗青瓦客栈,王泗镇,客栈,工作日,54.5,54.0,316,7584,去哪儿,312,20
2026-10-29,m75,王泗青瓦客栈,王泗镇,客栈,工作日,54.5,54.0,316,7584,途家,324,20
2026-10-30,m75,王泗青瓦客栈,王泗镇,客栈,工作日,47.7,43.2,311,6531,美团,304,25
2026-10-30,m75,王泗青瓦客栈,王泗镇,客栈,工作日,47.7,43.2,311,6531,飞猪,310,25
2026-10-30,m75,王泗青瓦客栈,王泗镇,客栈,工作日,47.7,43.2,311,6531,去哪儿,308,25
2026-10-30,m75,王泗青瓦客栈,王泗镇,客栈,工作日,47.7,43.2,311,6531,途家,321,25
2026-10-31,m75,王泗青瓦客栈,王泗镇,客栈,周末,79.5,76.7,394,13790,美团,385,10
2026-10-31,m75,王泗青瓦客栈,王泗镇,客栈,周末,79.5,76.7,394,13790,飞猪,395,11
2026-10-31,m75,王泗青瓦客栈,王泗镇,客栈,周末,79.5,76.7,394,13790,去哪儿,388,10
2026-10-31,m75,王泗青瓦客栈,王泗镇,客栈,周末,79.5,76.7,394,13790,途家,407,10
2026-10-01,m76,王泗豪生温泉酒店,王泗镇,酒店,国庆,97.1,94.8,1609,268703,携程,1604,9
2026-10-01,m76,王泗豪生温泉酒店,王泗镇,酒店,国庆,97.1,94.8,1609,268703,去哪儿,1593,9
2026-10-01,m76,王泗豪生温泉酒店,王泗镇,酒店,国庆,97.1,94.8,1609,268703,同程,1598,9
2026-10-01,m76,王泗豪生温泉酒店,王泗镇,酒店,国庆,97.1,94.8,1609,268703,途家,1642,9
2026-10-02,m76,王泗豪生温泉酒店,王泗镇,酒店,国庆,94.8,89.4,1605,261615,携程,1616,18
2026-10-02,m76,王泗豪生温泉酒店,王泗镇,酒店,国庆,94.8,89.4,1605,261615,去哪儿,1592,18
2026-10-02,m76,王泗豪生温泉酒店,王泗镇,酒店,国庆,94.8,89.4,1605,261615,同程,1575,19
2026-10-02,m76,王泗豪生温泉酒店,王泗镇,酒店,国庆,94.8,89.4,1605,261615,途家,1638,18
2026-10-03,m76,王泗豪生温泉酒店,王泗镇,酒店,国庆,94.8,90.0,1621,264223,携程,1627,17
2026-10-03,m76,王泗豪生温泉酒店,王泗镇,酒店,国庆,94.8,90.0,1621,264223,去哪儿,1587,17
2026-10-03,m76,王泗豪生温泉酒店,王泗镇,酒店,国庆,94.8,90.0,1621,264223,同程,1605,18
2026-10-03,m76,王泗豪生温泉酒店,王泗镇,酒店,国庆,94.8,90.0,1621,264223,途家,1665,17
2026-10-04,m76,王泗豪生温泉酒店,王泗镇,酒店,国庆,95.9,90.6,1616,266640,携程,1632,17
2026-10-04,m76,王泗豪生温泉酒店,王泗镇,酒店,国庆,95.9,90.6,1616,266640,去哪儿,1592,16
2026-10-04,m76,王泗豪生温泉酒店,王泗镇,酒店,国庆,95.9,90.6,1616,266640,同程,1584,16
2026-10-04,m76,王泗豪生温泉酒店,王泗镇,酒店,国庆,95.9,90.6,1616,266640,途家,1654,16
2026-10-05,m76,王泗豪生温泉酒店,王泗镇,酒店,国庆,96.5,94.8,1612,267592,携程,1605,9
2026-10-05,m76,王泗豪生温泉酒店,王泗镇,酒店,国庆,96.5,94.8,1612,267592,去哪儿,1599,9
2026-10-05,m76,王泗豪生温泉酒店,王泗镇,酒店,国庆,96.5,94.8,1612,267592,同程,1583,9
2026-10-05,m76,王泗豪生温泉酒店,王泗镇,酒店,国庆,96.5,94.8,1612,267592,途家,1659,9
2026-10-06,m76,王泗豪生温泉酒店,王泗镇,酒店,国庆,95.3,88.4,1619,265516,携程,1632,20
2026-10-06,m76,王泗豪生温泉酒店,王泗镇,酒店,国庆,95.3,88.4,1619,265516,去哪儿,1590,20
2026-10-06,m76,王泗豪生温泉酒店,王泗镇,酒店,国庆,95.3,88.4,1619,265516,同程,1598,20
2026-10-06,m76,王泗豪生温泉酒店,王泗镇,酒店,国庆,95.3,88.4,1619,265516,途家,1655,20
2026-10-07,m76,王泗豪生温泉酒店,王泗镇,酒店,国庆,91.3,84.6,1554,243978,携程,1566,27
2026-10-07,m76,王泗豪生温泉酒店,王泗镇,酒店,国庆,91.3,84.6,1554,243978,去哪儿,1529,26
2026-10-07,m76,王泗豪生温泉酒店,王泗镇,酒店,国庆,91.3,84.6,1554,243978,同程,1524,27
2026-10-07,m76,王泗豪生温泉酒店,王泗镇,酒店,国庆,91.3,84.6,1554,243978,途家,1595,26
2026-10-08,m76,王泗豪生温泉酒店,王泗镇,酒店,国庆,95.9,88.4,1588,262020,携程,1599,20
2026-10-08,m76,王泗豪生温泉酒店,王泗镇,酒店,国庆,95.9,88.4,1588,262020,去哪儿,1564,20
2026-10-08,m76,王泗豪生温泉酒店,王泗镇,酒店,国庆,95.9,88.4,1588,262020,同程,1576,20
2026-10-08,m76,王泗豪生温泉酒店,王泗镇,酒店,国庆,95.9,88.4,1588,262020,途家,1611,20
2026-10-09,m76,王泗豪生温泉酒店,王泗镇,酒店,工作日,54.7,51.7,843,79242,携程,850,83
2026-10-09,m76,王泗豪生温泉酒店,王泗镇,酒店,工作日,54.7,51.7,843,79242,去哪儿,837,83
2026-10-09,m76,王泗豪生温泉酒店,王泗镇,酒店,工作日,54.7,51.7,843,79242,同程,820,83
2026-10-09,m76,王泗豪生温泉酒店,王泗镇,酒店,工作日,54.7,51.7,843,79242,途家,865,83
2026-10-10,m76,王泗豪生温泉酒店,王泗镇,酒店,周末,85.5,80.7,1053,154791,携程,1057,34
2026-10-10,m76,王泗豪生温泉酒店,王泗镇,酒店,周末,85.5,80.7,1053,154791,去哪儿,1042,33
2026-10-10,m76,王泗豪生温泉酒店,王泗镇,酒店,周末,85.5,80.7,1053,154791,同程,1044,33
2026-10-10,m76,王泗豪生温泉酒店,王泗镇,酒店,周末,85.5,80.7,1053,154791,途家,1070,33
2026-10-11,m76,王泗豪生温泉酒店,王泗镇,酒店,周末,81.4,79.1,1044,146160,携程,1058,36
2026-10-11,m76,王泗豪生温泉酒店,王泗镇,酒店,周末,81.4,79.1,1044,146160,去哪儿,1029,36
2026-10-11,m76,王泗豪生温泉酒店,王泗镇,酒店,周末,81.4,79.1,1044,146160,同程,1024,36
2026-10-11,m76,王泗豪生温泉酒店,王泗镇,酒店,周末,81.4,79.1,1044,146160,途家,1065,36
2026-10-12,m76,王泗豪生温泉酒店,王泗镇,酒店,工作日,51.7,49.7,837,74493,携程,837,87
2026-10-12,m76,王泗豪生温泉酒店,王泗镇,酒店,工作日,51.7,49.7,837,74493,去哪儿,827,86
2026-10-12,m76,王泗豪生温泉酒店,王泗镇,酒店,工作日,51.7,49.7,837,74493,同程,827,87
2026-10-12,m76,王泗豪生温泉酒店,王泗镇,酒店,工作日,51.7,49.7,837,74493,途家,858,86
2026-10-13,m76,王泗豪生温泉酒店,王泗镇,酒店,工作日,59.3,56.3,860,87720,携程,866,75
2026-10-13,m76,王泗豪生温泉酒店,王泗镇,酒店,工作日,59.3,56.3,860,87720,去哪儿,851,75
2026-10-13,m76,王泗豪生温泉酒店,王泗镇,酒店,工作日,59.3,56.3,860,87720,同程,847,76
2026-10-13,m76,王泗豪生温泉酒店,王泗镇,酒店,工作日,59.3,56.3,860,87720,途家,875,75
2026-10-14,m76,王泗豪生温泉酒店,王泗镇,酒店,工作日,57.0,53.5,842,82516,携程,849,80
2026-10-14,m76,王泗豪生温泉酒店,王泗镇,酒店,工作日,57.0,53.5,842,82516,去哪儿,828,80
2026-10-14,m76,王泗豪生温泉酒店,王泗镇,酒店,工作日,57.0,53.5,842,82516,同程,826,80
2026-10-14,m76,王泗豪生温泉酒店,王泗镇,酒店,工作日,57.0,53.5,842,82516,途家,863,80
2026-10-15,m76,王泗豪生温泉酒店,王泗镇,酒店,工作日,62.8,59.7,868,93744,携程,868,69
2026-10-15,m76,王泗豪生温泉酒店,王泗镇,酒店,工作日,62.8,59.7,868,93744,去哪儿,860,69
2026-10-15,m76,王泗豪生温泉酒店,王泗镇,酒店,工作日,62.8,59.7,868,93744,同程,854,70
2026-10-15,m76,王泗豪生温泉酒店,王泗镇,酒店,工作日,62.8,59.7,868,93744,途家,889,69
2026-10-16,m76,王泗豪生温泉酒店,王泗镇,酒店,工作日,52.9,50.9,847,77077,携程,849,85
2026-10-16,m76,王泗豪生温泉酒店,王泗镇,酒店,工作日,52.9,50.9,847,77077,去哪儿,837,84
2026-10-16,m76,王泗豪生温泉酒店,王泗镇,酒店,工作日,52.9,50.9,847,77077,同程,837,85
2026-10-16,m76,王泗豪生温泉酒店,王泗镇,酒店,工作日,52.9,50.9,847,77077,途家,863,84
2026-10-17,m76,王泗豪生温泉酒店,王泗镇,酒店,周末,80.8,76.7,1047,145533,携程,1049,40
2026-10-17,m76,王泗豪生温泉酒店,王泗镇,酒店,周末,80.8,76.7,1047,145533,去哪儿,1032,40
2026-10-17,m76,王泗豪生温泉酒店,王泗镇,酒店,周末,80.8,76.7,1047,145533,同程,1030,40
2026-10-17,m76,王泗豪生温泉酒店,王泗镇,酒店,周末,80.8,76.7,1047,145533,途家,1077,40
2026-10-18,m76,王泗豪生温泉酒店,王泗镇,酒店,周末,78.5,75.6,1039,140265,携程,1044,42
2026-10-18,m76,王泗豪生温泉酒店,王泗镇,酒店,周末,78.5,75.6,1039,140265,去哪儿,1019,42
2026-10-18,m76,王泗豪生温泉酒店,王泗镇,酒店,周末,78.5,75.6,1039,140265,同程,1027,42
2026-10-18,m76,王泗豪生温泉酒店,王泗镇,酒店,周末,78.5,75.6,1039,140265,途家,1066,42
2026-10-19,m76,王泗豪生温泉酒店,王泗镇,酒店,工作日,57.0,52.9,863,84574,携程,868,81
2026-10-19,m76,王泗豪生温泉酒店,王泗镇,酒店,工作日,57.0,52.9,863,84574,去哪儿,850,81
2026-10-19,m76,王泗豪生温泉酒店,王泗镇,酒店,工作日,57.0,52.9,863,84574,同程,847,81
2026-10-19,m76,王泗豪生温泉酒店,王泗镇,酒店,工作日,57.0,52.9,863,84574,途家,887,81
2026-10-20,m76,王泗豪生温泉酒店,王泗镇,酒店,工作日,59.9,57.4,861,88683,携程,864,74
2026-10-20,m76,王泗豪生温泉酒店,王泗镇,酒店,工作日,59.9,57.4,861,88683,去哪儿,852,73
2026-10-20,m76,王泗豪生温泉酒店,王泗镇,酒店,工作日,59.9,57.4,861,88683,同程,847,73
2026-10-20,m76,王泗豪生温泉酒店,王泗镇,酒店,工作日,59.9,57.4,861,88683,途家,881,73
2026-10-21,m76,王泗豪生温泉酒店,王泗镇,酒店,工作日,52.3,50.0,849,76410,携程,856,86
2026-10-21,m76,王泗豪生温泉酒店,王泗镇,酒店,工作日,52.3,50.0,849,76410,去哪儿,836,86
2026-10-21,m76,王泗豪生温泉酒店,王泗镇,酒店,工作日,52.3,50.0,849,76410,同程,837,86
2026-10-21,m76,王泗豪生温泉酒店,王泗镇,酒店,工作日,52.3,50.0,849,76410,途家,867,86
2026-10-22,m76,王泗豪生温泉酒店,王泗镇,酒店,工作日,52.3,49.3,847,76230,携程,851,88
2026-10-22,m76,王泗豪生温泉酒店,王泗镇,酒店,工作日,52.3,49.3,847,76230,去哪儿,830,87
2026-10-22,m76,王泗豪生温泉酒店,王泗镇,酒店,工作日,52.3,49.3,847,76230,同程,839,87
2026-10-22,m76,王泗豪生温泉酒店,王泗镇,酒店,工作日,52.3,49.3,847,76230,途家,867,87
2026-10-23,m76,王泗豪生温泉酒店,王泗镇,酒店,工作日,55.2,54.7,846,80370,携程,849,78
2026-10-23,m76,王泗豪生温泉酒店,王泗镇,酒店,工作日,55.2,54.7,846,80370,去哪儿,834,78
2026-10-23,m76,王泗豪生温泉酒店,王泗镇,酒店,工作日,55.2,54.7,846,80370,同程,831,78
2026-10-23,m76,王泗豪生温泉酒店,王泗镇,酒店,工作日,55.2,54.7,846,80370,途家,871,78
2026-10-24,m76,王泗豪生温泉酒店,王泗镇,酒店,周末,84.3,80.2,1059,153555,携程,1062,34
2026-10-24,m76,王泗豪生温泉酒店,王泗镇,酒店,周末,84.3,80.2,1059,153555,去哪儿,1037,34
2026-10-24,m76,王泗豪生温泉酒店,王泗镇,酒店,周末,84.3,80.2,1059,153555,同程,1050,34
2026-10-24,m76,王泗豪生温泉酒店,王泗镇,酒店,周末,84.3,80.2,1059,153555,途家,1086,34
2026-10-25,m76,王泗豪生温泉酒店,王泗镇,酒店,周末,82.6,75.6,1050,149100,携程,1055,42
2026-10-25,m76,王泗豪生温泉酒店,王泗镇,酒店,周末,82.6,75.6,1050,149100,去哪儿,1027,42
2026-10-25,m76,王泗豪生温泉酒店,王泗镇,酒店,周末,82.6,75.6,1050,149100,同程,1045,42
2026-10-25,m76,王泗豪生温泉酒店,王泗镇,酒店,周末,82.6,75.6,1050,149100,途家,1072,42
2026-10-26,m76,王泗豪生温泉酒店,王泗镇,酒店,工作日,57.0,55.7,843,82614,携程,844,76
2026-10-26,m76,王泗豪生温泉酒店,王泗镇,酒店,工作日,57.0,55.7,843,82614,去哪儿,837,76
2026-10-26,m76,王泗豪生温泉酒店,王泗镇,酒店,工作日,57.0,55.7,843,82614,同程,829,77
2026-10-26,m76,王泗豪生温泉酒店,王泗镇,酒店,工作日,57.0,55.7,843,82614,途家,862,76
2026-10-27,m76,王泗豪生温泉酒店,王泗镇,酒店,工作日,54.1,50.0,848,78864,携程,860,86
2026-10-27,m76,王泗豪生温泉酒店,王泗镇,酒店,工作日,54.1,50.0,848,78864,去哪儿,838,86
2026-10-27,m76,王泗豪生温泉酒店,王泗镇,酒店,工作日,54.1,50.0,848,78864,同程,833,86
2026-10-27,m76,王泗豪生温泉酒店,王泗镇,酒店,工作日,54.1,50.0,848,78864,途家,862,86
2026-10-28,m76,王泗豪生温泉酒店,王泗镇,酒店,工作日,62.2,59.7,862,92234,携程,867,70
2026-10-28,m76,王泗豪生温泉酒店,王泗镇,酒店,工作日,62.2,59.7,862,92234,去哪儿,850,69
2026-10-28,m76,王泗豪生温泉酒店,王泗镇,酒店,工作日,62.2,59.7,862,92234,同程,850,69
2026-10-28,m76,王泗豪生温泉酒店,王泗镇,酒店,工作日,62.2,59.7,862,92234,途家,880,69
2026-10-29,m76,王泗豪生温泉酒店,王泗镇,酒店,工作日,58.7,55.7,848,85648,携程,860,77
2026-10-29,m76,王泗豪生温泉酒店,王泗镇,酒店,工作日,58.7,55.7,848,85648,去哪儿,835,76
2026-10-29,m76,王泗豪生温泉酒店,王泗镇,酒店,工作日,58.7,55.7,848,85648,同程,839,76
2026-10-29,m76,王泗豪生温泉酒店,王泗镇,酒店,工作日,58.7,55.7,848,85648,途家,858,76
2026-10-30,m76,王泗豪生温泉酒店,王泗镇,酒店,工作日,54.7,52.2,857,80558,携程,856,82
2026-10-30,m76,王泗豪生温泉酒店,王泗镇,酒店,工作日,54.7,52.2,857,80558,去哪儿,846,82
2026-10-30,m76,王泗豪生温泉酒店,王泗镇,酒店,工作日,54.7,52.2,857,80558,同程,836,83
2026-10-30,m76,王泗豪生温泉酒店,王泗镇,酒店,工作日,54.7,52.2,857,80558,途家,890,82
2026-10-31,m76,王泗豪生温泉酒店,王泗镇,酒店,周末,89.5,85.9,1046,161084,携程,1057,24
2026-10-31,m76,王泗豪生温泉酒店,王泗镇,酒店,周末,89.5,85.9,1046,161084,去哪儿,1036,24
2026-10-31,m76,王泗豪生温泉酒店,王泗镇,酒店,周末,89.5,85.9,1046,161084,同程,1025,25
2026-10-31,m76,王泗豪生温泉酒店,王泗镇,酒店,周末,89.5,85.9,1046,161084,途家,1064,24
2026-10-01,m77,王泗豪生假日酒店,王泗镇,酒店,国庆,97.4,93.9,1548,173376,携程,1566,7
2026-10-01,m77,王泗豪生假日酒店,王泗镇,酒店,国庆,97.4,93.9,1548,173376,飞猪,1524,7
2026-10-01,m77,王泗豪生假日酒店,王泗镇,酒店,国庆,97.4,93.9,1548,173376,同程,1520,7
2026-10-01,m77,王泗豪生假日酒店,王泗镇,酒店,国庆,97.4,93.9,1548,173376,途家,1582,7
2026-10-02,m77,王泗豪生假日酒店,王泗镇,酒店,国庆,93.0,88.3,1528,163496,携程,1544,13
2026-10-02,m77,王泗豪生假日酒店,王泗镇,酒店,国庆,93.0,88.3,1528,163496,飞猪,1517,14
2026-10-02,m77,王泗豪生假日酒店,王泗镇,酒店,国庆,93.0,88.3,1528,163496,同程,1505,14
2026-10-02,m77,王泗豪生假日酒店,王泗镇,酒店,国庆,93.0,88.3,1528,163496,途家,1547,13
2026-10-03,m77,王泗豪生假日酒店,王泗镇,酒店,国庆,88.7,85.0,1517,154734,携程,1520,17
2026-10-03,m77,王泗豪生假日酒店,王泗镇,酒店,国庆,88.7,85.0,1517,154734,飞猪,1498,17
2026-10-03,m77,王泗豪生假日酒店,王泗镇,酒店,国庆,88.7,85.0,1517,154734,同程,1497,18
2026-10-03,m77,王泗豪生假日酒店,王泗镇,酒店,国庆,88.7,85.0,1517,154734,途家,1554,17
2026-10-04,m77,王泗豪生假日酒店,王泗镇,酒店,国庆,90.4,85.0,1514,157456,携程,1511,17
2026-10-04,m77,王泗豪生假日酒店,王泗镇,酒店,国庆,90.4,85.0,1514,157456,飞猪,1509,18
2026-10-04,m77,王泗豪生假日酒店,王泗镇,酒店,国庆,90.4,85.0,1514,157456,同程,1498,17
2026-10-04,m77,王泗豪生假日酒店,王泗镇,酒店,国庆,90.4,85.0,1514,157456,途家,1536,17
2026-10-05,m77,王泗豪生假日酒店,王泗镇,酒店,国庆,92.2,88.5,1531,162286,携程,1536,13
2026-10-05,m77,王泗豪生假日酒店,王泗镇,酒店,国庆,92.2,88.5,1531,162286,飞猪,1517,13
2026-10-05,m77,王泗豪生假日酒店,王泗镇,酒店,国庆,92.2,88.5,1531,162286,同程,1504,14
2026-10-05,m77,王泗豪生假日酒店,王泗镇,酒店,国庆,92.2,88.5,1531,162286,途家,1565,13
2026-10-06,m77,王泗豪生假日酒店,王泗镇,酒店,国庆,94.8,88.5,1536,167424,携程,1533,14
2026-10-06,m77,王泗豪生假日酒店,王泗镇,酒店,国庆,94.8,88.5,1536,167424,飞猪,1533,13
2026-10-06,m77,王泗豪生假日酒店,王泗镇,酒店,国庆,94.8,88.5,1536,167424,同程,1510,13
2026-10-06,m77,王泗豪生假日酒店,王泗镇,酒店,国庆,94.8,88.5,1536,167424,途家,1566,13
2026-10-07,m77,王泗豪生假日酒店,王泗镇,酒店,国庆,93.9,86.1,1510,163080,携程,1519,16
2026-10-07,m77,王泗豪生假日酒店,王泗镇,酒店,国庆,93.9,86.1,1510,163080,飞猪,1504,16
2026-10-07,m77,王泗豪生假日酒店,王泗镇,酒店,国庆,93.9,86.1,1510,163080,同程,1473,16
2026-10-07,m77,王泗豪生假日酒店,王泗镇,酒店,国庆,93.9,86.1,1510,163080,途家,1544,16
2026-10-08,m77,王泗豪生假日酒店,王泗镇,酒店,国庆,93.9,90.0,1544,166752,携程,1546,12
2026-10-08,m77,王泗豪生假日酒店,王泗镇,酒店,国庆,93.9,90.0,1544,166752,飞猪,1533,11
2026-10-08,m77,王泗豪生假日酒店,王泗镇,酒店,国庆,93.9,90.0,1544,166752,同程,1517,12
2026-10-08,m77,王泗豪生假日酒店,王泗镇,酒店,国庆,93.9,90.0,1544,166752,途家,1578,11
2026-10-09,m77,王泗豪生假日酒店,王泗镇,酒店,工作日,59.1,56.3,821,55828,携程,814,50
2026-10-09,m77,王泗豪生假日酒店,王泗镇,酒店,工作日,59.1,56.3,821,55828,飞猪,817,50
2026-10-09,m77,王泗豪生假日酒店,王泗镇,酒店,工作日,59.1,56.3,821,55828,同程,807,51
2026-10-09,m77,王泗豪生假日酒店,王泗镇,酒店,工作日,59.1,56.3,821,55828,途家,845,50
2026-10-10,m77,王泗豪生假日酒店,王泗镇,酒店,周末,85.2,79.8,1016,99568,携程,1024,23
2026-10-10,m77,王泗豪生假日酒店,王泗镇,酒店,周末,85.2,79.8,1016,99568,飞猪,1017,24
2026-10-10,m77,王泗豪生假日酒店,王泗镇,酒店,周末,85.2,79.8,1016,99568,同程,990,23
2026-10-10,m77,王泗豪生假日酒店,王泗镇,酒店,周末,85.2,79.8,1016,99568,途家,1033,23
2026-10-11,m77,王泗豪生假日酒店,王泗镇,酒店,周末,86.1,81.7,1014,100386,携程,1015,21
2026-10-11,m77,王泗豪生假日酒店,王泗镇,酒店,周末,86.1,81.7,1014,100386,飞猪,1010,21
2026-10-11,m77,王泗豪生假日酒店,王泗镇,酒店,周末,86.1,81.7,1014,100386,同程,994,21
2026-10-11,m77,王泗豪生假日酒店,王泗镇,酒店,周末,86.1,81.7,1014,100386,途家,1037,21
2026-10-12,m77,王泗豪生假日酒店,王泗镇,酒店,工作日,60.0,52.8,809,55821,携程,812,54
2026-10-12,m77,王泗豪生假日酒店,王泗镇,酒店,工作日,60.0,52.8,809,55821,飞猪,800,55
2026-10-12,m77,王泗豪生假日酒店,王泗镇,酒店,工作日,60.0,52.8,809,55821,同程,795,54
2026-10-12,m77,王泗豪生假日酒店,王泗镇,酒店,工作日,60.0,52.8,809,55821,途家,827,54
2026-10-13,m77,王泗豪生假日酒店,王泗镇,酒店,工作日,57.4,52.8,812,53592,携程,816,54
2026-10-13,m77,王泗豪生假日酒店,王泗镇,酒店,工作日,57.4,52.8,812,53592,飞猪,807,54
2026-10-13,m77,王泗豪生假日酒店,王泗镇,酒店,工作日,57.4,52.8,812,53592,同程,794,55
2026-10-13,m77,王泗豪生假日酒店,王泗镇,酒店,工作日,57.4,52.8,812,53592,途家,832,54
2026-10-14,m77,王泗豪生假日酒店,王泗镇,酒店,工作日,49.6,48.3,799,45543,携程,804,59
2026-10-14,m77,王泗豪生假日酒店,王泗镇,酒店,工作日,49.6,48.3,799,45543,飞猪,802,60
2026-10-14,m77,王泗豪生假日酒店,王泗镇,酒店,工作日,49.6,48.3,799,45543,同程,780,60
2026-10-14,m77,王泗豪生假日酒店,王泗镇,酒店,工作日,49.6,48.3,799,45543,途家,811,59
2026-10-15,m77,王泗豪生假日酒店,王泗镇,酒店,工作日,63.5,59.8,813,59349,携程,821,46
2026-10-15,m77,王泗豪生假日酒店,王泗镇,酒店,工作日,63.5,59.8,813,59349,飞猪,809,46
2026-10-15,m77,王泗豪生假日酒店,王泗镇,酒店,工作日,63.5,59.8,813,59349,同程,794,47
2026-10-15,m77,王泗豪生假日酒店,王泗镇,酒店,工作日,63.5,59.8,813,59349,途家,829,46
2026-10-16,m77,王泗豪生假日酒店,王泗镇,酒店,工作日,61.7,57.2,821,58291,携程,823,49
2026-10-16,m77,王泗豪生假日酒店,王泗镇,酒店,工作日,61.7,57.2,821,58291,飞猪,817,49
2026-10-16,m77,王泗豪生假日酒店,王泗镇,酒店,工作日,61.7,57.2,821,58291,同程,802,50
2026-10-16,m77,王泗豪生假日酒店,王泗镇,酒店,工作日,61.7,57.2,821,58291,途家,840,49
2026-10-17,m77,王泗豪生假日酒店,王泗镇,酒店,周末,85.2,81.7,1010,98980,携程,1013,21
2026-10-17,m77,王泗豪生假日酒店,王泗镇,酒店,周末,85.2,81.7,1010,98980,飞猪,1003,21
2026-10-17,m77,王泗豪生假日酒店,王泗镇,酒店,周末,85.2,81.7,1010,98980,同程,991,21
2026-10-17,m77,王泗豪生假日酒店,王泗镇,酒店,周末,85.2,81.7,1010,98980,途家,1031,21
2026-10-18,m77,王泗豪生假日酒店,王泗镇,酒店,周末,83.5,78.0,989,94944,携程,989,25
2026-10-18,m77,王泗豪生假日酒店,王泗镇,酒店,周末,83.5,78.0,989,94944,飞猪,984,25
2026-10-18,m77,王泗豪生假日酒店,王泗镇,酒店,周末,83.5,78.0,989,94944,同程,973,26
2026-10-18,m77,王泗豪生假日酒店,王泗镇,酒店,周末,83.5,78.0,989,94944,途家,1010,25
2026-10-19,m77,王泗豪生假日酒店,王泗镇,酒店,工作日,60.9,57.6,819,57330,携程,826,49
2026-10-19,m77,王泗豪生假日酒店,王泗镇,酒店,工作日,60.9,57.6,819,57330,飞猪,810,49
2026-10-19,m77,王泗豪生假日酒店,王泗镇,酒店,工作日,60.9,57.6,819,57330,同程,804,49
2026-10-19,m77,王泗豪生假日酒店,王泗镇,酒店,工作日,60.9,57.6,819,57330,途家,834,48
2026-10-20,m77,王泗豪生假日酒店,王泗镇,酒店,工作日,68.7,66.1,843,66597,携程,846,39
2026-10-20,m77,王泗豪生假日酒店,王泗镇,酒店,工作日,68.7,66.1,843,66597,飞猪,836,39
2026-10-20,m77,王泗豪生假日酒店,王泗镇,酒店,工作日,68.7,66.1,843,66597,同程,827,39
2026-10-20,m77,王泗豪生假日酒店,王泗镇,酒店,工作日,68.7,66.1,843,66597,途家,863,39
2026-10-21,m77,王泗豪生假日酒店,王泗镇,酒店,工作日,53.9,49.3,807,50034,携程,813,59
2026-10-21,m77,王泗豪生假日酒店,王泗镇,酒店,工作日,53.9,49.3,807,50034,飞猪,797,58
2026-10-21,m77,王泗豪生假日酒店,王泗镇,酒店,工作日,53.9,49.3,807,50034,同程,789,58
2026-10-21,m77,王泗豪生假日酒店,王泗镇,酒店,工作日,53.9,49.3,807,50034,途家,828,58
2026-10-22,m77,王泗豪生假日酒店,王泗镇,酒店,工作日,59.1,53.7,822,55896,携程,828,53
2026-10-22,m77,王泗豪生假日酒店,王泗镇,酒店,工作日,59.1,53.7,822,55896,飞猪,813,53
2026-10-22,m77,王泗豪生假日酒店,王泗镇,酒店,工作日,59.1,53.7,822,55896,同程,808,54
2026-10-22,m77,王泗豪生假日酒店,王泗镇,酒店,工作日,59.1,53.7,822,55896,途家,840,53
2026-10-23,m77,王泗豪生假日酒店,王泗镇,酒店,工作日,62.6,61.5,833,59976,携程,835,44
2026-10-23,m77,王泗豪生假日酒店,王泗镇,酒店,工作日,62.6,61.5,833,59976,飞猪,828,44
2026-10-23,m77,王泗豪生假日酒店,王泗镇,酒店,工作日,62.6,61.5,833,59976,同程,814,45
2026-10-23,m77,王泗豪生假日酒店,王泗镇,酒店,工作日,62.6,61.5,833,59976,途家,855,44
2026-10-24,m77,王泗豪生假日酒店,王泗镇,酒店,周末,79.1,75.4,995,90545,携程,996,28
2026-10-24,m77,王泗豪生假日酒店,王泗镇,酒店,周末,79.1,75.4,995,90545,飞猪,988,28
2026-10-24,m77,王泗豪生假日酒店,王泗镇,酒店,周末,79.1,75.4,995,90545,同程,978,29
2026-10-24,m77,王泗豪生假日酒店,王泗镇,酒店,周末,79.1,75.4,995,90545,途家,1016,28
2026-10-25,m77,王泗豪生假日酒店,王泗镇,酒店,周末,87.8,78.9,994,100394,携程,996,24
2026-10-25,m77,王泗豪生假日酒店,王泗镇,酒店,周末,87.8,78.9,994,100394,飞猪,998,25
2026-10-25,m77,王泗豪生假日酒店,王泗镇,酒店,周末,87.8,78.9,994,100394,同程,976,24
2026-10-25,m77,王泗豪生假日酒店,王泗镇,酒店,周末,87.8,78.9,994,100394,途家,1007,24
2026-10-26,m77,王泗豪生假日酒店,王泗镇,酒店,工作日,62.6,59.8,824,59328,携程,824,47
2026-10-26,m77,王泗豪生假日酒店,王泗镇,酒店,工作日,62.6,59.8,824,59328,飞猪,823,46
2026-10-26,m77,王泗豪生假日酒店,王泗镇,酒店,工作日,62.6,59.8,824,59328,同程,809,46
2026-10-26,m77,王泗豪生假日酒店,王泗镇,酒店,工作日,62.6,59.8,824,59328,途家,838,46
2026-10-27,m77,王泗豪生假日酒店,王泗镇,酒店,工作日,53.0,51.1,817,49837,携程,821,56
2026-10-27,m77,王泗豪生假日酒店,王泗镇,酒店,工作日,53.0,51.1,817,49837,飞猪,812,56
2026-10-27,m77,王泗豪生假日酒店,王泗镇,酒店,工作日,53.0,51.1,817,49837,同程,802,57
2026-10-27,m77,王泗豪生假日酒店,王泗镇,酒店,工作日,53.0,51.1,817,49837,途家,832,56
2026-10-28,m77,王泗豪生假日酒店,王泗镇,酒店,工作日,66.1,65.0,836,63536,携程,833,40
2026-10-28,m77,王泗豪生假日酒店,王泗镇,酒店,工作日,66.1,65.0,836,63536,飞猪,827,40
2026-10-28,m77,王泗豪生假日酒店,王泗镇,酒店,工作日,66.1,65.0,836,63536,同程,819,41
2026-10-28,m77,王泗豪生假日酒店,王泗镇,酒店,工作日,66.1,65.0,836,63536,途家,863,40
2026-10-29,m77,王泗豪生假日酒店,王泗镇,酒店,工作日,54.8,53.3,815,51345,携程,817,54
2026-10-29,m77,王泗豪生假日酒店,王泗镇,酒店,工作日,54.8,53.3,815,51345,飞猪,812,54
2026-10-29,m77,王泗豪生假日酒店,王泗镇,酒店,工作日,54.8,53.3,815,51345,同程,805,54
2026-10-29,m77,王泗豪生假日酒店,王泗镇,酒店,工作日,54.8,53.3,815,51345,途家,827,53
2026-10-30,m77,王泗豪生假日酒店,王泗镇,酒店,工作日,68.7,65.4,841,66439,携程,835,40
2026-10-30,m77,王泗豪生假日酒店,王泗镇,酒店,工作日,68.7,65.4,841,66439,飞猪,841,40
2026-10-30,m77,王泗豪生假日酒店,王泗镇,酒店,工作日,68.7,65.4,841,66439,同程,830,40
2026-10-30,m77,王泗豪生假日酒店,王泗镇,酒店,工作日,68.7,65.4,841,66439,途家,858,39
2026-10-31,m77,王泗豪生假日酒店,王泗镇,酒店,周末,84.3,77.2,1015,98455,携程,1014,26
2026-10-31,m77,王泗豪生假日酒店,王泗镇,酒店,周末,84.3,77.2,1015,98455,飞猪,1004,26
2026-10-31,m77,王泗豪生假日酒店,王泗镇,酒店,周末,84.3,77.2,1015,98455,同程,1003,27
2026-10-31,m77,王泗豪生假日酒店,王泗镇,酒店,周末,84.3,77.2,1015,98455,途家,1038,26
2026-10-01,m78,王泗初见客栈,王泗镇,客栈,国庆,89.1,88.0,534,21894,美团,530,5
2026-10-01,m78,王泗初见客栈,王泗镇,客栈,国庆,89.1,88.0,534,21894,飞猪,538,6
2026-10-02,m78,王泗初见客栈,王泗镇,客栈,国庆,97.8,90.2,547,24615,美团,541,5
2026-10-02,m78,王泗初见客栈,王泗镇,客栈,国庆,97.8,90.2,547,24615,飞猪,553,4
2026-10-03,m78,王泗初见客栈,王泗镇,客栈,国庆,97.8,80.4,523,23535,美团,516,9
2026-10-03,m78,王泗初见客栈,王泗镇,客栈,国庆,97.8,80.4,523,23535,飞猪,530,9
2026-10-04,m78,王泗初见客栈,王泗镇,客栈,国庆,97.8,87.0,540,24300,美团,533,6
2026-10-04,m78,王泗初见客栈,王泗镇,客栈,国庆,97.8,87.0,540,24300,飞猪,547,6
2026-10-05,m78,王泗初见客栈,王泗镇,客栈,国庆,91.3,87.0,540,22680,美团,537,6
2026-10-05,m78,王泗初见客栈,王泗镇,客栈,国庆,91.3,87.0,540,22680,飞猪,543,6
2026-10-06,m78,王泗初见客栈,王泗镇,客栈,国庆,95.7,90.2,535,23540,美团,529,5
2026-10-06,m78,王泗初见客栈,王泗镇,客栈,国庆,95.7,90.2,535,23540,飞猪,541,4
2026-10-07,m78,王泗初见客栈,王泗镇,客栈,国庆,93.5,83.7,532,22876,美团,527,8
2026-10-07,m78,王泗初见客栈,王泗镇,客栈,国庆,93.5,83.7,532,22876,飞猪,537,7
2026-10-08,m78,王泗初见客栈,王泗镇,客栈,国庆,93.5,87.0,539,23177,美团,532,6
2026-10-08,m78,王泗初见客栈,王泗镇,客栈,国庆,93.5,87.0,539,23177,飞猪,545,6
2026-10-09,m78,王泗初见客栈,王泗镇,客栈,工作日,52.2,50.0,284,6816,美团,281,23
2026-10-09,m78,王泗初见客栈,王泗镇,客栈,工作日,52.2,50.0,284,6816,飞猪,286,23
2026-10-10,m78,王泗初见客栈,王泗镇,客栈,周末,76.1,75.0,359,12565,美团,357,12
2026-10-10,m78,王泗初见客栈,王泗镇,客栈,周末,76.1,75.0,359,12565,飞猪,360,11
2026-10-11,m78,王泗初见客栈,王泗镇,客栈,周末,91.3,85.9,354,14868,美团,349,7
2026-10-11,m78,王泗初见客栈,王泗镇,客栈,周末,91.3,85.9,354,14868,飞猪,358,6
2026-10-12,m78,王泗初见客栈,王泗镇,客栈,工作日,54.3,50.0,285,7125,美团,282,23
2026-10-12,m78,王泗初见客栈,王泗镇,客栈,工作日,54.3,50.0,285,7125,飞猪,287,23
2026-10-13,m78,王泗初见客栈,王泗镇,客栈,工作日,58.7,57.6,286,7722,美团,283,20
2026-10-13,m78,王泗初见客栈,王泗镇,客栈,工作日,58.7,57.6,286,7722,飞猪,288,19
2026-10-14,m78,王泗初见客栈,王泗镇,客栈,工作日,58.7,54.3,284,7668,美团,281,21
2026-10-14,m78,王泗初见客栈,王泗镇,客栈,工作日,58.7,54.3,284,7668,飞猪,286,21
2026-10-15,m78,王泗初见客栈,王泗镇,客栈,工作日,54.3,47.8,290,7250,美团,287,24
2026-10-15,m78,王泗初见客栈,王泗镇,客栈,工作日,54.3,47.8,290,7250,飞猪,292,24
2026-10-16,m78,王泗初见客栈,王泗镇,客栈,工作日,56.5,52.2,290,7540,美团,284,22
2026-10-16,m78,王泗初见客栈,王泗镇,客栈,工作日,56.5,52.2,290,7540,飞猪,295,22
2026-10-17,m78,王泗初见客栈,王泗镇,客栈,周末,89.1,84.8,354,14514,美团,350,7
2026-10-17,m78,王泗初见客栈,王泗镇,客栈,周末,89.1,84.8,354,14514,飞猪,358,7
2026-10-18,m78,王泗初见客栈,王泗镇,客栈,周末,91.3,89.1,354,14868,美团,351,5
2026-10-18,m78,王泗初见客栈,王泗镇,客栈,周末,91.3,89.1,354,14868,飞猪,356,5
2026-10-19,m78,王泗初见客栈,王泗镇,客栈,工作日,65.2,64.1,296,8880,美团,292,17
2026-10-19,m78,王泗初见客栈,王泗镇,客栈,工作日,65.2,64.1,296,8880,飞猪,299,16
2026-10-20,m78,王泗初见客栈,王泗镇,客栈,工作日,43.5,43.5,283,5660,美团,281,26
2026-10-20,m78,王泗初见客栈,王泗镇,客栈,工作日,43.5,43.5,283,5660,飞猪,285,26
2026-10-21,m78,王泗初见客栈,王泗镇,客栈,工作日,56.5,56.5,280,7280,美团,278,20
2026-10-21,m78,王泗初见客栈,王泗镇,客栈,工作日,56.5,56.5,280,7280,飞猪,282,20
2026-10-22,m78,王泗初见客栈,王泗镇,客栈,工作日,58.7,56.5,291,7857,美团,287,20
2026-10-22,m78,王泗初见客栈,王泗镇,客栈,工作日,58.7,56.5,291,7857,飞猪,295,20
2026-10-23,m78,王泗初见客栈,王泗镇,客栈,工作日,50.0,47.8,283,6509,美团,280,24
2026-10-23,m78,王泗初见客栈,王泗镇,客栈,工作日,50.0,47.8,283,6509,飞猪,285,24
2026-10-24,m78,王泗初见客栈,王泗镇,客栈,周末,82.6,79.3,360,13680,美团,355,9
2026-10-24,m78,王泗初见客栈,王泗镇,客栈,周末,82.6,79.3,360,13680,飞猪,365,10
2026-10-25,m78,王泗初见客栈,王泗镇,客栈,周末,82.6,75.0,343,13034,美团,337,12
2026-10-25,m78,王泗初见客栈,王泗镇,客栈,周末,82.6,75.0,343,13034,飞猪,348,11
2026-10-26,m78,王泗初见客栈,王泗镇,客栈,工作日,47.8,44.6,285,6270,美团,282,25
2026-10-26,m78,王泗初见客栈,王泗镇,客栈,工作日,47.8,44.6,285,6270,飞猪,287,26
2026-10-27,m78,王泗初见客栈,王泗镇,客栈,工作日,50.0,47.8,280,6440,美团,276,24
2026-10-27,m78,王泗初见客栈,王泗镇,客栈,工作日,50.0,47.8,280,6440,飞猪,283,24
2026-10-28,m78,王泗初见客栈,王泗镇,客栈,工作日,58.7,54.3,290,7830,美团,284,21
2026-10-28,m78,王泗初见客栈,王泗镇,客栈,工作日,58.7,54.3,290,7830,飞猪,295,21
2026-10-29,m78,王泗初见客栈,王泗镇,客栈,工作日,39.1,33.7,276,4968,美团,272,30
2026-10-29,m78,王泗初见客栈,王泗镇,客栈,工作日,39.1,33.7,276,4968,飞猪,279,31
2026-10-30,m78,王泗初见客栈,王泗镇,客栈,工作日,45.7,41.3,277,5817,美团,273,27
2026-10-30,m78,王泗初见客栈,王泗镇,客栈,工作日,45.7,41.3,277,5817,飞猪,280,27
2026-10-31,m78,王泗初见客栈,王泗镇,客栈,周末,84.8,82.6,356,13884,美团,353,8
2026-10-31,m78,王泗初见客栈,王泗镇,客栈,周末,84.8,82.6,356,13884,飞猪,358,8
2026-10-01,m79,新场逸景温泉酒店,新场镇,酒店,国庆,97.3,92.5,1411,206006,美团,1398,12
2026-10-01,m79,新场逸景温泉酒店,新场镇,酒店,国庆,97.3,92.5,1411,206006,飞猪,1427,11
2026-10-01,m79,新场逸景温泉酒店,新场镇,酒店,国庆,97.3,92.5,1411,206006,去哪儿,1416,11
2026-10-01,m79,新场逸景温泉酒店,新场镇,酒店,国庆,97.3,92.5,1411,206006,同程,1403,11
2026-10-02,m79,新场逸景温泉酒店,新场镇,酒店,国庆,99.3,93.0,1419,211431,美团,1407,11
2026-10-02,m79,新场逸景温泉酒店,新场镇,酒店,国庆,99.3,93.0,1419,211431,飞猪,1423,11
2026-10-02,m79,新场逸景温泉酒店,新场镇,酒店,国庆,99.3,93.0,1419,211431,去哪儿,1422,10
2026-10-02,m79,新场逸景温泉酒店,新场镇,酒店,国庆,99.3,93.0,1419,211431,同程,1423,10
2026-10-03,m79,新场逸景温泉酒店,新场镇,酒店,国庆,96.7,89.3,1400,203000,美团,1398,16
2026-10-03,m79,新场逸景温泉酒店,新场镇,酒店,国庆,96.7,89.3,1400,203000,飞猪,1405,16
2026-10-03,m79,新场逸景温泉酒店,新场镇,酒店,国庆,96.7,89.3,1400,203000,去哪儿,1394,16
2026-10-03,m79,新场逸景温泉酒店,新场镇,酒店,国庆,96.7,89.3,1400,203000,同程,1402,16
2026-10-04,m79,新场逸景温泉酒店,新场镇,酒店,国庆,95.3,90.5,1383,197769,美团,1374,14
2026-10-04,m79,新场逸景温泉酒店,新场镇,酒店,国庆,95.3,90.5,1383,197769,飞猪,1393,14
2026-10-04,m79,新场逸景温泉酒店,新场镇,酒店,国庆,95.3,90.5,1383,197769,去哪儿,1379,14
2026-10-04,m79,新场逸景温泉酒店,新场镇,酒店,国庆,95.3,90.5,1383,197769,同程,1385,15
2026-10-05,m79,新场逸景温泉酒店,新场镇,酒店,国庆,97.3,95.2,1412,206152,美团,1400,7
2026-10-05,m79,新场逸景温泉酒店,新场镇,酒店,国庆,97.3,95.2,1412,206152,飞猪,1430,7
2026-10-05,m79,新场逸景温泉酒店,新场镇,酒店,国庆,97.3,95.2,1412,206152,去哪儿,1410,7
2026-10-05,m79,新场逸景温泉酒店,新场镇,酒店,国庆,97.3,95.2,1412,206152,同程,1408,8
2026-10-06,m79,新场逸景温泉酒店,新场镇,酒店,国庆,94.0,85.0,1404,197964,美团,1397,23
2026-10-06,m79,新场逸景温泉酒店,新场镇,酒店,国庆,94.0,85.0,1404,197964,飞猪,1412,22
2026-10-06,m79,新场逸景温泉酒店,新场镇,酒店,国庆,94.0,85.0,1404,197964,去哪儿,1408,22
2026-10-06,m79,新场逸景温泉酒店,新场镇,酒店,国庆,94.0,85.0,1404,197964,同程,1398,23
2026-10-07,m79,新场逸景温泉酒店,新场镇,酒店,国庆,98.7,93.7,1409,208532,美团,1402,10
2026-10-07,m79,新场逸景温泉酒店,新场镇,酒店,国庆,98.7,93.7,1409,208532,飞猪,1408,9
2026-10-07,m79,新场逸景温泉酒店,新场镇,酒店,国庆,98.7,93.7,1409,208532,去哪儿,1414,9
2026-10-07,m79,新场逸景温泉酒店,新场镇,酒店,国庆,98.7,93.7,1409,208532,同程,1411,10
2026-10-08,m79,新场逸景温泉酒店,新场镇,酒店,国庆,100.0,93.8,1405,210750,美团,1400,9
2026-10-08,m79,新场逸景温泉酒店,新场镇,酒店,国庆,100.0,93.8,1405,210750,飞猪,1412,9
2026-10-08,m79,新场逸景温泉酒店,新场镇,酒店,国庆,100.0,93.8,1405,210750,去哪儿,1411,9
2026-10-08,m79,新场逸景温泉酒店,新场镇,酒店,国庆,100.0,93.8,1405,210750,同程,1398,10
2026-10-09,m79,新场逸景温泉酒店,新场镇,酒店,工作日,59.3,56.5,685,60965,美团,680,66
2026-10-09,m79,新场逸景温泉酒店,新场镇,酒店,工作日,59.3,56.5,685,60965,飞猪,695,65
2026-10-09,m79,新场逸景温泉酒店,新场镇,酒店,工作日,59.3,56.5,685,60965,去哪儿,681,65
2026-10-09,m79,新场逸景温泉酒店,新场镇,酒店,工作日,59.3,56.5,685,60965,同程,683,65
2026-10-10,m79,新场逸景温泉酒店,新场镇,酒店,周末,88.0,83.8,887,117084,美团,883,24
2026-10-10,m79,新场逸景温泉酒店,新场镇,酒店,周末,88.0,83.8,887,117084,飞猪,892,24
2026-10-10,m79,新场逸景温泉酒店,新场镇,酒店,周末,88.0,83.8,887,117084,去哪儿,886,24
2026-10-10,m79,新场逸景温泉酒店,新场镇,酒店,周末,88.0,83.8,887,117084,同程,887,25
2026-10-11,m79,新场逸景温泉酒店,新场镇,酒店,周末,80.0,75.0,887,106440,美团,876,38
2026-10-11,m79,新场逸景温泉酒店,新场镇,酒店,周末,80.0,75.0,887,106440,飞猪,903,37
2026-10-11,m79,新场逸景温泉酒店,新场镇,酒店,周末,80.0,75.0,887,106440,去哪儿,887,37
2026-10-11,m79,新场逸景温泉酒店,新场镇,酒店,周末,80.0,75.0,887,106440,同程,882,38
2026-10-12,m79,新场逸景温泉酒店,新场镇,酒店,工作日,50.0,47.2,674,50550,美团,667,79
2026-10-12,m79,新场逸景温泉酒店,新场镇,酒店,工作日,50.0,47.2,674,50550,飞猪,681,79
2026-10-12,m79,新场逸景温泉酒店,新场镇,酒店,工作日,50.0,47.2,674,50550,去哪儿,672,79
2026-10-12,m79,新场逸景温泉酒店,新场镇,酒店,工作日,50.0,47.2,674,50550,同程,676,80
2026-10-13,m79,新场逸景温泉酒店,新场镇,酒店,工作日,59.3,58.0,684,60876,美团,687,63
2026-10-13,m79,新场逸景温泉酒店,新场镇,酒店,工作日,59.3,58.0,684,60876,飞猪,688,63
2026-10-13,m79,新场逸景温泉酒店,新场镇,酒店,工作日,59.3,58.0,684,60876,去哪儿,684,63
2026-10-13,m79,新场逸景温泉酒店,新场镇,酒店,工作日,59.3,58.0,684,60876,同程,676,63
2026-10-14,m79,新场逸景温泉酒店,新场镇,酒店,工作日,54.0,51.3,683,55323,美团,672,73
2026-10-14,m79,新场逸景温泉酒店,新场镇,酒店,工作日,54.0,51.3,683,55323,飞猪,694,73
2026-10-14,m79,新场逸景温泉酒店,新场镇,酒店,工作日,54.0,51.3,683,55323,去哪儿,681,73
2026-10-14,m79,新场逸景温泉酒店,新场镇,酒店,工作日,54.0,51.3,683,55323,同程,683,73
2026-10-15,m79,新场逸景温泉酒店,新场镇,酒店,工作日,50.7,47.8,675,51300,美团,672,78
2026-10-15,m79,新场逸景温泉酒店,新场镇,酒店,工作日,50.7,47.8,675,51300,飞猪,679,78
2026-10-15,m79,新场逸景温泉酒店,新场镇,酒店,工作日,50.7,47.8,675,51300,去哪儿,670,78
2026-10-15,m79,新场逸景温泉酒店,新场镇,酒店,工作日,50.7,47.8,675,51300,同程,677,79
2026-10-16,m79,新场逸景温泉酒店,新场镇,酒店,工作日,56.0,51.0,681,57204,美团,679,74
2026-10-16,m79,新场逸景温泉酒店,新场镇,酒店,工作日,56.0,51.0,681,57204,飞猪,683,73
2026-10-16,m79,新场逸景温泉酒店,新场镇,酒店,工作日,56.0,51.0,681,57204,去哪儿,680,73
2026-10-16,m79,新场逸景温泉酒店,新场镇,酒店,工作日,56.0,51.0,681,57204,同程,683,74
2026-10-17,m79,新场逸景温泉酒店,新场镇,酒店,周末,81.3,75.8,886,108092,美团,872,36
2026-10-17,m79,新场逸景温泉酒店,新场镇,酒店,周末,81.3,75.8,886,108092,飞猪,893,36
2026-10-17,m79,新场逸景温泉酒店,新场镇,酒店,周末,81.3,75.8,886,108092,去哪儿,897,36
2026-10-17,m79,新场逸景温泉酒店,新场镇,酒店,周末,81.3,75.8,886,108092,同程,883,37
2026-10-18,m79,新场逸景温泉酒店,新场镇,酒店,周末,85.3,81.0,877,112256,美团,867,28
2026-10-18,m79,新场逸景温泉酒店,新场镇,酒店,周末,85.3,81.0,877,112256,飞猪,886,29
2026-10-18,m79,新场逸景温泉酒店,新场镇,酒店,周末,85.3,81.0,877,112256,去哪儿,873,28
2026-10-18,m79,新场逸景温泉酒店,新场镇,酒店,周末,85.3,81.0,877,112256,同程,881,29
2026-10-19,m79,新场逸景温泉酒店,新场镇,酒店,工作日,54.7,51.7,679,55678,美团,669,73
2026-10-19,m79,新场逸景温泉酒店,新场镇,酒店,工作日,54.7,51.7,679,55678,飞猪,681,72
2026-10-19,m79,新场逸景温泉酒店,新场镇,酒店,工作日,54.7,51.7,679,55678,去哪儿,688,72
2026-10-19,m79,新场逸景温泉酒店,新场镇,酒店,工作日,54.7,51.7,679,55678,同程,679,73
2026-10-20,m79,新场逸景温泉酒店,新场镇,酒店,工作日,56.7,54.5,675,57375,美团,661,68
2026-10-20,m79,新场逸景温泉酒店,新场镇,酒店,工作日,56.7,54.5,675,57375,飞猪,684,68
2026-10-20,m79,新场逸景温泉酒店,新场镇,酒店,工作日,56.7,54.5,675,57375,去哪儿,673,68
2026-10-20,m79,新场逸景温泉酒店,新场镇,酒店,工作日,56.7,54.5,675,57375,同程,683,69
2026-10-21,m79,新场逸景温泉酒店,新场镇,酒店,工作日,48.0,46.3,668,48096,美团,664,81
2026-10-21,m79,新场逸景温泉酒店,新场镇,酒店,工作日,48.0,46.3,668,48096,飞猪,674,80
2026-10-21,m79,新场逸景温泉酒店,新场镇,酒店,工作日,48.0,46.3,668,48096,去哪儿,668,80
2026-10-21,m79,新场逸景温泉酒店,新场镇,酒店,工作日,48.0,46.3,668,48096,同程,664,81
2026-10-22,m79,新场逸景温泉酒店,新场镇,酒店,工作日,52.0,50.7,691,53898,美团,685,74
2026-10-22,m79,新场逸景温泉酒店,新场镇,酒店,工作日,52.0,50.7,691,53898,飞猪,695,74
2026-10-22,m79,新场逸景温泉酒店,新场镇,酒店,工作日,52.0,50.7,691,53898,去哪儿,690,74
2026-10-22,m79,新场逸景温泉酒店,新场镇,酒店,工作日,52.0,50.7,691,53898,同程,692,74
2026-10-23,m79,新场逸景温泉酒店,新场镇,酒店,工作日,59.3,57.8,694,61766,美团,689,64
2026-10-23,m79,新场逸景温泉酒店,新场镇,酒店,工作日,59.3,57.8,694,61766,飞猪,708,63
2026-10-23,m79,新场逸景温泉酒店,新场镇,酒店,工作日,59.3,57.8,694,61766,去哪儿,688,63
2026-10-23,m79,新场逸景温泉酒店,新场镇,酒店,工作日,59.3,57.8,694,61766,同程,691,63
2026-10-24,m79,新场逸景温泉酒店,新场镇,酒店,周末,82.0,78.3,887,109101,美团,875,33
2026-10-24,m79,新场逸景温泉酒店,新场镇,酒店,周末,82.0,78.3,887,109101,飞猪,895,32
2026-10-24,m79,新场逸景温泉酒店,新场镇,酒店,周末,82.0,78.3,887,109101,去哪儿,886,32
2026-10-24,m79,新场逸景温泉酒店,新场镇,酒店,周末,82.0,78.3,887,109101,同程,890,33
2026-10-25,m79,新场逸景温泉酒店,新场镇,酒店,周末,79.3,75.8,885,105315,美团,881,37
2026-10-25,m79,新场逸景温泉酒店,新场镇,酒店,周末,79.3,75.8,885,105315,飞猪,887,36
2026-10-25,m79,新场逸景温泉酒店,新场镇,酒店,周末,79.3,75.8,885,105315,去哪儿,887,36
2026-10-25,m79,新场逸景温泉酒店,新场镇,酒店,周末,79.3,75.8,885,105315,同程,884,36
2026-10-26,m79,新场逸景温泉酒店,新场镇,酒店,工作日,56.7,53.2,676,57460,美团,668,71
2026-10-26,m79,新场逸景温泉酒店,新场镇,酒店,工作日,56.7,53.2,676,57460,飞猪,683,70
2026-10-26,m79,新场逸景温泉酒店,新场镇,酒店,工作日,56.7,53.2,676,57460,去哪儿,680,70
2026-10-26,m79,新场逸景温泉酒店,新场镇,酒店,工作日,56.7,53.2,676,57460,同程,673,70
2026-10-27,m79,新场逸景温泉酒店,新场镇,酒店,工作日,58.0,52.8,671,58377,美团,662,71
2026-10-27,m79,新场逸景温泉酒店,新场镇,酒店,工作日,58.0,52.8,671,58377,飞猪,681,71
2026-10-27,m79,新场逸景温泉酒店,新场镇,酒店,工作日,58.0,52.8,671,58377,去哪儿,672,70
2026-10-27,m79,新场逸景温泉酒店,新场镇,酒店,工作日,58.0,52.8,671,58377,同程,670,71
2026-10-28,m79,新场逸景温泉酒店,新场镇,酒店,工作日,53.3,49.2,670,53600,美团,661,77
2026-10-28,m79,新场逸景温泉酒店,新场镇,酒店,工作日,53.3,49.2,670,53600,飞猪,673,76
2026-10-28,m79,新场逸景温泉酒店,新场镇,酒店,工作日,53.3,49.2,670,53600,去哪儿,674,76
2026-10-28,m79,新场逸景温泉酒店,新场镇,酒店,工作日,53.3,49.2,670,53600,同程,670,76
2026-10-29,m79,新场逸景温泉酒店,新场镇,酒店,工作日,50.7,47.5,672,51072,美团,661,79
2026-10-29,m79,新场逸景温泉酒店,新场镇,酒店,工作日,50.7,47.5,672,51072,飞猪,682,79
2026-10-29,m79,新场逸景温泉酒店,新场镇,酒店,工作日,50.7,47.5,672,51072,去哪儿,670,78
2026-10-29,m79,新场逸景温泉酒店,新场镇,酒店,工作日,50.7,47.5,672,51072,同程,675,79
2026-10-30,m79,新场逸景温泉酒店,新场镇,酒店,工作日,56.7,54.3,680,57800,美团,670,69
2026-10-30,m79,新场逸景温泉酒店,新场镇,酒店,工作日,56.7,54.3,680,57800,飞猪,691,68
2026-10-30,m79,新场逸景温泉酒店,新场镇,酒店,工作日,56.7,54.3,680,57800,去哪儿,679,68
2026-10-30,m79,新场逸景温泉酒店,新场镇,酒店,工作日,56.7,54.3,680,57800,同程,678,69
2026-10-31,m79,新场逸景温泉酒店,新场镇,酒店,周末,84.0,81.0,911,114786,美团,898,29
2026-10-31,m79,新场逸景温泉酒店,新场镇,酒店,周末,84.0,81.0,911,114786,飞猪,923,28
2026-10-31,m79,新场逸景温泉酒店,新场镇,酒店,周末,84.0,81.0,911,114786,去哪儿,906,28
2026-10-31,m79,新场逸景温泉酒店,新场镇,酒店,周末,84.0,81.0,911,114786,同程,915,29
2026-10-01,m80,新场山泉农家乐,新场镇,农家乐,国庆,100.0,92.9,353,4942,去哪儿,353,1
2026-10-02,m80,新场山泉农家乐,新场镇,农家乐,国庆,100.0,100.0,338,4732,去哪儿,338,0
2026-10-03,m80,新场山泉农家乐,新场镇,农家乐,国庆,100.0,71.4,335,4690,去哪儿,335,4
2026-10-04,m80,新场山泉农家乐,新场镇,农家乐,国庆,100.0,92.9,366,5124,去哪儿,366,1
2026-10-05,m80,新场山泉农家乐,新场镇,农家乐,国庆,100.0,100.0,359,5026,去哪儿,359,0
2026-10-06,m80,新场山泉农家乐,新场镇,农家乐,国庆,100.0,92.9,365,5110,去哪儿,365,1
2026-10-07,m80,新场山泉农家乐,新场镇,农家乐,国庆,100.0,100.0,361,5054,去哪儿,361,0
2026-10-08,m80,新场山泉农家乐,新场镇,农家乐,国庆,92.9,85.7,334,4342,去哪儿,334,2
2026-10-09,m80,新场山泉农家乐,新场镇,农家乐,工作日,21.4,21.4,159,477,去哪儿,159,11
2026-10-10,m80,新场山泉农家乐,新场镇,农家乐,周末,64.3,64.3,203,1827,去哪儿,203,5
2026-10-11,m80,新场山泉农家乐,新场镇,农家乐,周末,71.4,71.4,222,2220,去哪儿,222,4
2026-10-12,m80,新场山泉农家乐,新场镇,农家乐,工作日,21.4,21.4,160,480,去哪儿,160,11
2026-10-13,m80,新场山泉农家乐,新场镇,农家乐,工作日,50.0,50.0,164,1148,去哪儿,164,7
2026-10-14,m80,新场山泉农家乐,新场镇,农家乐,工作日,42.9,42.9,165,990,去哪儿,165,8
2026-10-15,m80,新场山泉农家乐,新场镇,农家乐,工作日,35.7,35.7,164,820,去哪儿,164,9
2026-10-16,m80,新场山泉农家乐,新场镇,农家乐,工作日,35.7,35.7,161,805,去哪儿,161,9
2026-10-17,m80,新场山泉农家乐,新场镇,农家乐,周末,71.4,64.3,212,2120,去哪儿,212,5
2026-10-18,m80,新场山泉农家乐,新场镇,农家乐,周末,64.3,50.0,217,1953,去哪儿,217,7
2026-10-19,m80,新场山泉农家乐,新场镇,农家乐,工作日,50.0,42.9,164,1148,去哪儿,164,8
2026-10-20,m80,新场山泉农家乐,新场镇,农家乐,工作日,42.9,35.7,167,1002,去哪儿,167,9
2026-10-21,m80,新场山泉农家乐,新场镇,农家乐,工作日,50.0,50.0,164,1148,去哪儿,164,7
2026-10-22,m80,新场山泉农家乐,新场镇,农家乐,工作日,57.1,57.1,177,1416,去哪儿,177,6
2026-10-23,m80,新场山泉农家乐,新场镇,农家乐,工作日,42.9,35.7,167,1002,去哪儿,167,9
2026-10-24,m80,新场山泉农家乐,新场镇,农家乐,周末,57.1,57.1,207,1656,去哪儿,207,6
2026-10-25,m80,新场山泉农家乐,新场镇,农家乐,周末,71.4,64.3,213,2130,去哪儿,213,5
2026-10-26,m80,新场山泉农家乐,新场镇,农家乐,工作日,42.9,42.9,169,1014,去哪儿,169,8
2026-10-27,m80,新场山泉农家乐,新场镇,农家乐,工作日,35.7,35.7,165,825,去哪儿,165,9
2026-10-28,m80,新场山泉农家乐,新场镇,农家乐,工作日,42.9,42.9,163,978,去哪儿,163,8
2026-10-29,m80,新场山泉农家乐,新场镇,农家乐,工作日,35.7,35.7,160,800,去哪儿,160,9
2026-10-30,m80,新场山泉农家乐,新场镇,农家乐,工作日,42.9,35.7,166,996,去哪儿,166,9
2026-10-31,m80,新场山泉农家乐,新场镇,农家乐,周末,100.0,100.0,233,3262,去哪儿,233,0
2026-10-01,m81,新场水岸客栈,新场镇,客栈,国庆,100.0,90.6,436,13952,飞猪,434,3
2026-10-01,m81,新场水岸客栈,新场镇,客栈,国庆,100.0,90.6,436,13952,去哪儿,426,3
2026-10-01,m81,新场水岸客栈,新场镇,客栈,国庆,100.0,90.6,436,13952,途家,448,3
2026-10-02,m81,新场水岸客栈,新场镇,客栈,国庆,100.0,100.0,431,13792,飞猪,429,0
2026-10-02,m81,新场水岸客栈,新场镇,客栈,国庆,100.0,100.0,431,13792,去哪儿,419,0
2026-10-02,m81,新场水岸客栈,新场镇,客栈,国庆,100.0,100.0,431,13792,途家,444,0
2026-10-03,m81,新场水岸客栈,新场镇,客栈,国庆,100.0,96.9,444,14208,飞猪,437,1
2026-10-03,m81,新场水岸客栈,新场镇,客栈,国庆,100.0,96.9,444,14208,去哪儿,438,1
2026-10-03,m81,新场水岸客栈,新场镇,客栈,国庆,100.0,96.9,444,14208,途家,458,1
2026-10-04,m81,新场水岸客栈,新场镇,客栈,国庆,93.8,87.5,437,13110,飞猪,440,4
2026-10-04,m81,新场水岸客栈,新场镇,客栈,国庆,93.8,87.5,437,13110,去哪儿,425,4
2026-10-04,m81,新场水岸客栈,新场镇,客栈,国庆,93.8,87.5,437,13110,途家,445,4
2026-10-05,m81,新场水岸客栈,新场镇,客栈,国庆,96.9,96.9,443,13733,飞猪,437,1
2026-10-05,m81,新场水岸客栈,新场镇,客栈,国庆,96.9,96.9,443,13733,去哪儿,435,1
2026-10-05,m81,新场水岸客栈,新场镇,客栈,国庆,96.9,96.9,443,13733,途家,456,1
2026-10-06,m81,新场水岸客栈,新场镇,客栈,国庆,96.9,90.6,440,13640,飞猪,435,3
2026-10-06,m81,新场水岸客栈,新场镇,客栈,国庆,96.9,90.6,440,13640,去哪儿,436,3
2026-10-06,m81,新场水岸客栈,新场镇,客栈,国庆,96.9,90.6,440,13640,途家,450,3
2026-10-07,m81,新场水岸客栈,新场镇,客栈,国庆,96.9,93.8,448,13888,飞猪,447,2
2026-10-07,m81,新场水岸客栈,新场镇,客栈,国庆,96.9,93.8,448,13888,去哪儿,438,2
2026-10-07,m81,新场水岸客栈,新场镇,客栈,国庆,96.9,93.8,448,13888,途家,458,2
2026-10-08,m81,新场水岸客栈,新场镇,客栈,国庆,93.8,90.6,430,12900,飞猪,429,3
2026-10-08,m81,新场水岸客栈,新场镇,客栈,国庆,93.8,90.6,430,12900,去哪儿,420,3
2026-10-08,m81,新场水岸客栈,新场镇,客栈,国庆,93.8,90.6,430,12900,途家,441,3
2026-10-09,m81,新场水岸客栈,新场镇,客栈,工作日,43.8,43.8,206,2884,飞猪,205,18
2026-10-09,m81,新场水岸客栈,新场镇,客栈,工作日,43.8,43.8,206,2884,去哪儿,203,18
2026-10-09,m81,新场水岸客栈,新场镇,客栈,工作日,43.8,43.8,206,2884,途家,211,18
2026-10-10,m81,新场水岸客栈,新场镇,客栈,周末,78.1,75.0,269,6725,飞猪,266,8
2026-10-10,m81,新场水岸客栈,新场镇,客栈,周末,78.1,75.0,269,6725,去哪儿,264,8
2026-10-10,m81,新场水岸客栈,新场镇,客栈,周末,78.1,75.0,269,6725,途家,276,8
2026-10-11,m81,新场水岸客栈,新场镇,客栈,周末,87.5,81.3,279,7812,飞猪,275,6
2026-10-11,m81,新场水岸客栈,新场镇,客栈,周末,87.5,81.3,279,7812,去哪儿,276,6
2026-10-11,m81,新场水岸客栈,新场镇,客栈,周末,87.5,81.3,279,7812,途家,285,6
2026-10-12,m81,新场水岸客栈,新场镇,客栈,工作日,56.3,53.1,211,3798,飞猪,211,15
2026-10-12,m81,新场水岸客栈,新场镇,客栈,工作日,56.3,53.1,211,3798,去哪儿,208,15
2026-10-12,m81,新场水岸客栈,新场镇,客栈,工作日,56.3,53.1,211,3798,途家,215,15
2026-10-13,m81,新场水岸客栈,新场镇,客栈,工作日,40.6,40.6,209,2717,飞猪,208,19
2026-10-13,m81,新场水岸客栈,新场镇,客栈,工作日,40.6,40.6,209,2717,去哪儿,206,19
2026-10-13,m81,新场水岸客栈,新场镇,客栈,工作日,40.6,40.6,209,2717,途家,214,19
2026-10-14,m81,新场水岸客栈,新场镇,客栈,工作日,50.0,46.9,208,3328,飞猪,208,17
2026-10-14,m81,新场水岸客栈,新场镇,客栈,工作日,50.0,46.9,208,3328,去哪儿,205,17
2026-10-14,m81,新场水岸客栈,新场镇,客栈,工作日,50.0,46.9,208,3328,途家,212,17
2026-10-15,m81,新场水岸客栈,新场镇,客栈,工作日,56.3,56.3,211,3798,飞猪,210,14
2026-10-15,m81,新场水岸客栈,新场镇,客栈,工作日,56.3,56.3,211,3798,去哪儿,207,14
2026-10-15,m81,新场水岸客栈,新场镇,客栈,工作日,56.3,56.3,211,3798,途家,215,14
2026-10-16,m81,新场水岸客栈,新场镇,客栈,工作日,46.9,43.8,208,3120,飞猪,207,18
2026-10-16,m81,新场水岸客栈,新场镇,客栈,工作日,46.9,43.8,208,3120,去哪儿,204,18
2026-10-16,m81,新场水岸客栈,新场镇,客栈,工作日,46.9,43.8,208,3120,途家,214,18
2026-10-17,m81,新场水岸客栈,新场镇,客栈,周末,90.6,83.3,288,8352,飞猪,288,6
2026-10-17,m81,新场水岸客栈,新场镇,客栈,周末,90.6,83.3,288,8352,去哪儿,283,5
2026-10-17,m81,新场水岸客栈,新场镇,客栈,周末,90.6,83.3,288,8352,途家,293,5
2026-10-18,m81,新场水岸客栈,新场镇,客栈,周末,84.4,84.4,283,7641,飞猪,282,5
2026-10-18,m81,新场水岸客栈,新场镇,客栈,周末,84.4,84.4,283,7641,去哪儿,277,5
2026-10-18,m81,新场水岸客栈,新场镇,客栈,周末,84.4,84.4,283,7641,途家,291,5
2026-10-19,m81,新场水岸客栈,新场镇,客栈,工作日,62.5,62.5,215,4300,飞猪,213,12
2026-10-19,m81,新场水岸客栈,新场镇,客栈,工作日,62.5,62.5,215,4300,去哪儿,213,12
2026-10-19,m81,新场水岸客栈,新场镇,客栈,工作日,62.5,62.5,215,4300,途家,219,12
2026-10-20,m81,新场水岸客栈,新场镇,客栈,工作日,62.5,52.1,212,4240,飞猪,210,16
2026-10-20,m81,新场水岸客栈,新场镇,客栈,工作日,62.5,52.1,212,4240,去哪儿,210,15
2026-10-20,m81,新场水岸客栈,新场镇,客栈,工作日,62.5,52.1,212,4240,途家,216,15
2026-10-21,m81,新场水岸客栈,新场镇,客栈,工作日,62.5,59.4,221,4420,飞猪,218,13
2026-10-21,m81,新场水岸客栈,新场镇,客栈,工作日,62.5,59.4,221,4420,去哪儿,217,13
2026-10-21,m81,新场水岸客栈,新场镇,客栈,工作日,62.5,59.4,221,4420,途家,227,13
2026-10-22,m81,新场水岸客栈,新场镇,客栈,工作日,56.3,53.1,215,3870,飞猪,213,15
2026-10-22,m81,新场水岸客栈,新场镇,客栈,工作日,56.3,53.1,215,3870,去哪儿,211,15
2026-10-22,m81,新场水岸客栈,新场镇,客栈,工作日,56.3,53.1,215,3870,途家,221,15
2026-10-23,m81,新场水岸客栈,新场镇,客栈,工作日,62.5,56.3,208,4160,飞猪,208,14
2026-10-23,m81,新场水岸客栈,新场镇,客栈,工作日,62.5,56.3,208,4160,去哪儿,205,14
2026-10-23,m81,新场水岸客栈,新场镇,客栈,工作日,62.5,56.3,208,4160,途家,212,14
2026-10-24,m81,新场水岸客栈,新场镇,客栈,周末,93.8,89.6,283,8490,飞猪,283,4
2026-10-24,m81,新场水岸客栈,新场镇,客栈,周末,93.8,89.6,283,8490,去哪儿,278,3
2026-10-24,m81,新场水岸客栈,新场镇,客栈,周末,93.8,89.6,283,8490,途家,289,3
2026-10-25,m81,新场水岸客栈,新场镇,客栈,周末,78.1,74.0,275,6875,飞猪,272,9
2026-10-25,m81,新场水岸客栈,新场镇,客栈,周末,78.1,74.0,275,6875,去哪儿,268,8
2026-10-25,m81,新场水岸客栈,新场镇,客栈,周末,78.1,74.0,275,6875,途家,284,8
2026-10-26,m81,新场水岸客栈,新场镇,客栈,工作日,62.5,55.2,210,4200,飞猪,209,15
2026-10-26,m81,新场水岸客栈,新场镇,客栈,工作日,62.5,55.2,210,4200,去哪儿,205,14
2026-10-26,m81,新场水岸客栈,新场镇,客栈,工作日,62.5,55.2,210,4200,途家,215,14
2026-10-27,m81,新场水岸客栈,新场镇,客栈,工作日,53.1,52.1,213,3621,飞猪,210,16
2026-10-27,m81,新场水岸客栈,新场镇,客栈,工作日,53.1,52.1,213,3621,去哪儿,210,15
2026-10-27,m81,新场水岸客栈,新场镇,客栈,工作日,53.1,52.1,213,3621,途家,218,15
2026-10-28,m81,新场水岸客栈,新场镇,客栈,工作日,65.6,64.6,216,4536,飞猪,213,12
2026-10-28,m81,新场水岸客栈,新场镇,客栈,工作日,65.6,64.6,216,4536,去哪儿,213,11
2026-10-28,m81,新场水岸客栈,新场镇,客栈,工作日,65.6,64.6,216,4536,途家,221,11
2026-10-29,m81,新场水岸客栈,新场镇,客栈,工作日,56.3,49.0,214,3852,飞猪,212,17
2026-10-29,m81,新场水岸客栈,新场镇,客栈,工作日,56.3,49.0,214,3852,去哪儿,211,16
2026-10-29,m81,新场水岸客栈,新场镇,客栈,工作日,56.3,49.0,214,3852,途家,220,16
2026-10-30,m81,新场水岸客栈,新场镇,客栈,工作日,53.1,52.1,206,3502,飞猪,205,16
2026-10-30,m81,新场水岸客栈,新场镇,客栈,工作日,53.1,52.1,206,3502,去哪儿,203,15
2026-10-30,m81,新场水岸客栈,新场镇,客栈,工作日,53.1,52.1,206,3502,途家,211,15
2026-10-31,m81,新场水岸客栈,新场镇,客栈,周末,90.6,84.4,278,8062,飞猪,276,5
2026-10-31,m81,新场水岸客栈,新场镇,客栈,周末,90.6,84.4,278,8062,去哪儿,272,5
2026-10-31,m81,新场水岸客栈,新场镇,客栈,周末,90.6,84.4,278,8062,途家,285,5
2026-10-01,m82,新场青瓦客栈,新场镇,客栈,国庆,97.7,89.8,985,42355,飞猪,997,4
2026-10-01,m82,新场青瓦客栈,新场镇,客栈,国庆,97.7,89.8,985,42355,同程,973,5
2026-10-02,m82,新场青瓦客栈,新场镇,客栈,国庆,97.7,90.9,970,41710,飞猪,980,4
2026-10-02,m82,新场青瓦客栈,新场镇,客栈,国庆,97.7,90.9,970,41710,同程,959,4
2026-10-03,m82,新场青瓦客栈,新场镇,客栈,国庆,93.2,86.4,972,39852,飞猪,978,6
2026-10-03,m82,新场青瓦客栈,新场镇,客栈,国庆,93.2,86.4,972,39852,同程,965,6
2026-10-04,m82,新场青瓦客栈,新场镇,客栈,国庆,100.0,94.3,961,42284,飞猪,964,2
2026-10-04,m82,新场青瓦客栈,新场镇,客栈,国庆,100.0,94.3,961,42284,同程,957,3
2026-10-05,m82,新场青瓦客栈,新场镇,客栈,国庆,95.5,88.6,988,41496,飞猪,989,5
2026-10-05,m82,新场青瓦客栈,新场镇,客栈,国庆,95.5,88.6,988,41496,同程,986,5
2026-10-06,m82,新场青瓦客栈,新场镇,客栈,国庆,100.0,94.3,964,42416,飞猪,968,3
2026-10-06,m82,新场青瓦客栈,新场镇,客栈,国庆,100.0,94.3,964,42416,同程,960,2
2026-10-07,m82,新场青瓦客栈,新场镇,客栈,国庆,100.0,90.9,979,43076,飞猪,986,4
2026-10-07,m82,新场青瓦客栈,新场镇,客栈,国庆,100.0,90.9,979,43076,同程,972,4
2026-10-08,m82,新场青瓦客栈,新场镇,客栈,国庆,97.7,95.5,945,40635,飞猪,950,2
2026-10-08,m82,新场青瓦客栈,新场镇,客栈,国庆,97.7,95.5,945,40635,同程,940,2
2026-10-09,m82,新场青瓦客栈,新场镇,客栈,工作日,45.5,45.5,463,9260,飞猪,464,24
2026-10-09,m82,新场青瓦客栈,新场镇,客栈,工作日,45.5,45.5,463,9260,同程,461,24
2026-10-10,m82,新场青瓦客栈,新场镇,客栈,周末,81.8,70.5,609,21924,飞猪,612,13
2026-10-10,m82,新场青瓦客栈,新场镇,客栈,周末,81.8,70.5,609,21924,同程,605,13
2026-10-11,m82,新场青瓦客栈,新场镇,客栈,周末,79.5,77.3,611,21385,飞猪,614,10
2026-10-11,m82,新场青瓦客栈,新场镇,客栈,周末,79.5,77.3,611,21385,同程,608,10
2026-10-12,m82,新场青瓦客栈,新场镇,客栈,工作日,52.3,46.6,446,10258,飞猪,451,24
2026-10-12,m82,新场青瓦客栈,新场镇,客栈,工作日,52.3,46.6,446,10258,同程,441,23
2026-10-13,m82,新场青瓦客栈,新场镇,客栈,工作日,43.2,42.0,452,8588,飞猪,455,25
2026-10-13,m82,新场青瓦客栈,新场镇,客栈,工作日,43.2,42.0,452,8588,同程,448,26
2026-10-14,m82,新场青瓦客栈,新场镇,客栈,工作日,52.3,51.1,466,10718,飞猪,464,21
2026-10-14,m82,新场青瓦客栈,新场镇,客栈,工作日,52.3,51.1,466,10718,同程,467,22
2026-10-15,m82,新场青瓦客栈,新场镇,客栈,工作日,59.1,48.9,457,11882,飞猪,461,23
2026-10-15,m82,新场青瓦客栈,新场镇,客栈,工作日,59.1,48.9,457,11882,同程,452,22
2026-10-16,m82,新场青瓦客栈,新场镇,客栈,工作日,45.5,43.2,457,9140,飞猪,462,25
2026-10-16,m82,新场青瓦客栈,新场镇,客栈,工作日,45.5,43.2,457,9140,同程,451,25
2026-10-17,m82,新场青瓦客栈,新场镇,客栈,周末,88.6,85.2,628,24492,飞猪,633,6
2026-10-17,m82,新场青瓦客栈,新场镇,客栈,周末,88.6,85.2,628,24492,同程,622,7
2026-10-18,m82,新场青瓦客栈,新场镇,客栈,周末,86.4,86.4,612,23256,飞猪,620,6
2026-10-18,m82,新场青瓦客栈,新场镇,客栈,周末,86.4,86.4,612,23256,同程,604,6
2026-10-19,m82,新场青瓦客栈,新场镇,客栈,工作日,52.3,47.7,450,10350,飞猪,453,23
2026-10-19,m82,新场青瓦客栈,新场镇,客栈,工作日,52.3,47.7,450,10350,同程,446,23
2026-10-20,m82,新场青瓦客栈,新场镇,客栈,工作日,50.0,48.9,465,10230,飞猪,466,23
2026-10-20,m82,新场青瓦客栈,新场镇,客栈,工作日,50.0,48.9,465,10230,同程,463,22
2026-10-21,m82,新场青瓦客栈,新场镇,客栈,工作日,54.5,53.4,465,11160,飞猪,465,21
2026-10-21,m82,新场青瓦客栈,新场镇,客栈,工作日,54.5,53.4,465,11160,同程,464,20
2026-10-22,m82,新场青瓦客栈,新场镇,客栈,工作日,50.0,46.6,470,10340,飞猪,472,23
2026-10-22,m82,新场青瓦客栈,新场镇,客栈,工作日,50.0,46.6,470,10340,同程,467,24
2026-10-23,m82,新场青瓦客栈,新场镇,客栈,工作日,45.5,43.2,445,8900,飞猪,445,25
2026-10-23,m82,新场青瓦客栈,新场镇,客栈,工作日,45.5,43.2,445,8900,同程,444,25
2026-10-24,m82,新场青瓦客栈,新场镇,客栈,周末,79.5,78.4,594,20790,飞猪,600,9
2026-10-24,m82,新场青瓦客栈,新场镇,客栈,周末,79.5,78.4,594,20790,同程,587,10
2026-10-25,m82,新场青瓦客栈,新场镇,客栈,周末,75.0,71.6,596,19668,飞猪,598,12
2026-10-25,m82,新场青瓦客栈,新场镇,客栈,周末,75.0,71.6,596,19668,同程,593,13
2026-10-26,m82,新场青瓦客栈,新场镇,客栈,工作日,54.5,52.3,471,11304,飞猪,476,21
2026-10-26,m82,新场青瓦客栈,新场镇,客栈,工作日,54.5,52.3,471,11304,同程,465,21
2026-10-27,m82,新场青瓦客栈,新场镇,客栈,工作日,50.0,47.7,461,10142,飞猪,465,23
2026-10-27,m82,新场青瓦客栈,新场镇,客栈,工作日,50.0,47.7,461,10142,同程,457,23
2026-10-28,m82,新场青瓦客栈,新场镇,客栈,工作日,50.0,46.6,465,10230,飞猪,466,24
2026-10-28,m82,新场青瓦客栈,新场镇,客栈,工作日,50.0,46.6,465,10230,同程,464,23
2026-10-29,m82,新场青瓦客栈,新场镇,客栈,工作日,59.1,56.8,470,12220,飞猪,474,19
2026-10-29,m82,新场青瓦客栈,新场镇,客栈,工作日,59.1,56.8,470,12220,同程,465,19
2026-10-30,m82,新场青瓦客栈,新场镇,客栈,工作日,54.5,51.1,461,11064,飞猪,462,21
2026-10-30,m82,新场青瓦客栈,新场镇,客栈,工作日,54.5,51.1,461,11064,同程,459,22
2026-10-31,m82,新场青瓦客栈,新场镇,客栈,周末,81.8,76.1,598,21528,飞猪,597,11
2026-10-31,m82,新场青瓦客栈,新场镇,客栈,周末,81.8,76.1,598,21528,同程,599,10
2026-10-01,m83,新场刘家农家乐,新场镇,农家乐,国庆,93.8,91.7,619,9285,美团,610,2
2026-10-01,m83,新场刘家农家乐,新场镇,农家乐,国庆,93.8,91.7,619,9285,同程,612,1
2026-10-01,m83,新场刘家农家乐,新场镇,农家乐,国庆,93.8,91.7,619,9285,途家,634,1
2026-10-02,m83,新场刘家农家乐,新场镇,农家乐,国庆,100.0,83.3,625,10000,美团,617,3
2026-10-02,m83,新场刘家农家乐,新场镇,农家乐,国庆,100.0,83.3,625,10000,同程,618,3
2026-10-02,m83,新场刘家农家乐,新场镇,农家乐,国庆,100.0,83.3,625,10000,途家,640,2
2026-10-03,m83,新场刘家农家乐,新场镇,农家乐,国庆,93.8,81.3,615,9225,美团,604,3
2026-10-03,m83,新场刘家农家乐,新场镇,农家乐,国庆,93.8,81.3,615,9225,同程,610,3
2026-10-03,m83,新场刘家农家乐,新场镇,农家乐,国庆,93.8,81.3,615,9225,途家,631,3
2026-10-04,m83,新场刘家农家乐,新场镇,农家乐,国庆,100.0,85.4,643,10288,美团,631,3
2026-10-04,m83,新场刘家农家乐,新场镇,农家乐,国庆,100.0,85.4,643,10288,同程,643,2
2026-10-04,m83,新场刘家农家乐,新场镇,农家乐,国庆,100.0,85.4,643,10288,途家,655,2
2026-10-05,m83,新场刘家农家乐,新场镇,农家乐,国庆,100.0,97.9,654,10464,美团,639,1
2026-10-05,m83,新场刘家农家乐,新场镇,农家乐,国庆,100.0,97.9,654,10464,同程,642,0
2026-10-05,m83,新场刘家农家乐,新场镇,农家乐,国庆,100.0,97.9,654,10464,途家,680,0
2026-10-06,m83,新场刘家农家乐,新场镇,农家乐,国庆,93.8,91.7,655,9825,美团,638,1
2026-10-06,m83,新场刘家农家乐,新场镇,农家乐,国庆,93.8,91.7,655,9825,同程,649,2
2026-10-06,m83,新场刘家农家乐,新场镇,农家乐,国庆,93.8,91.7,655,9825,途家,678,1
2026-10-07,m83,新场刘家农家乐,新场镇,农家乐,国庆,100.0,100.0,660,10560,美团,647,0
2026-10-07,m83,新场刘家农家乐,新场镇,农家乐,国庆,100.0,100.0,660,10560,同程,652,0
2026-10-07,m83,新场刘家农家乐,新场镇,农家乐,国庆,100.0,100.0,660,10560,途家,682,0
2026-10-08,m83,新场刘家农家乐,新场镇,农家乐,国庆,93.8,91.7,616,9240,美团,597,2
2026-10-08,m83,新场刘家农家乐,新场镇,农家乐,国庆,93.8,91.7,616,9240,同程,614,1
2026-10-08,m83,新场刘家农家乐,新场镇,农家乐,国庆,93.8,91.7,616,9240,途家,637,1
2026-10-09,m83,新场刘家农家乐,新场镇,农家乐,工作日,43.8,41.7,292,2044,美团,285,9
2026-10-09,m83,新场刘家农家乐,新场镇,农家乐,工作日,43.8,41.7,292,2044,同程,288,10
2026-10-09,m83,新场刘家农家乐,新场镇,农家乐,工作日,43.8,41.7,292,2044,途家,303,9
2026-10-10,m83,新场刘家农家乐,新场镇,农家乐,周末,75.0,72.9,402,4824,美团,394,4
2026-10-10,m83,新场刘家农家乐,新场镇,农家乐,周末,75.0,72.9,402,4824,同程,397,5
2026-10-10,m83,新场刘家农家乐,新场镇,农家乐,周末,75.0,72.9,402,4824,途家,415,4
2026-10-11,m83,新场刘家农家乐,新场镇,农家乐,周末,87.5,79.2,407,5698,美团,400,3
2026-10-11,m83,新场刘家农家乐,新场镇,农家乐,周末,87.5,79.2,407,5698,同程,401,4
2026-10-11,m83,新场刘家农家乐,新场镇,农家乐,周末,87.5,79.2,407,5698,途家,420,3
2026-10-12,m83,新场刘家农家乐,新场镇,农家乐,工作日,37.5,37.5,291,1746,美团,284,10
2026-10-12,m83,新场刘家农家乐,新场镇,农家乐,工作日,37.5,37.5,291,1746,同程,290,10
2026-10-12,m83,新场刘家农家乐,新场镇,农家乐,工作日,37.5,37.5,291,1746,途家,299,10
2026-10-13,m83,新场刘家农家乐,新场镇,农家乐,工作日,43.8,33.3,299,2093,美团,291,11
2026-10-13,m83,新场刘家农家乐,新场镇,农家乐,工作日,43.8,33.3,299,2093,同程,297,11
2026-10-13,m83,新场刘家农家乐,新场镇,农家乐,工作日,43.8,33.3,299,2093,途家,308,10
2026-10-14,m83,新场刘家农家乐,新场镇,农家乐,工作日,43.8,41.7,308,2156,美团,302,9
2026-10-14,m83,新场刘家农家乐,新场镇,农家乐,工作日,43.8,41.7,308,2156,同程,305,10
2026-10-14,m83,新场刘家农家乐,新场镇,农家乐,工作日,43.8,41.7,308,2156,途家,318,9
2026-10-15,m83,新场刘家农家乐,新场镇,农家乐,工作日,56.3,54.2,311,2799,美团,305,8
2026-10-15,m83,新场刘家农家乐,新场镇,农家乐,工作日,56.3,54.2,311,2799,同程,310,7
2026-10-15,m83,新场刘家农家乐,新场镇,农家乐,工作日,56.3,54.2,311,2799,途家,318,7
2026-10-16,m83,新场刘家农家乐,新场镇,农家乐,工作日,56.3,47.9,307,2763,美团,300,8
2026-10-16,m83,新场刘家农家乐,新场镇,农家乐,工作日,56.3,47.9,307,2763,同程,304,9
2026-10-16,m83,新场刘家农家乐,新场镇,农家乐,工作日,56.3,47.9,307,2763,途家,318,8
2026-10-17,m83,新场刘家农家乐,新场镇,农家乐,周末,75.0,75.0,386,4632,美团,378,4
2026-10-17,m83,新场刘家农家乐,新场镇,农家乐,周末,75.0,75.0,386,4632,同程,383,4
2026-10-17,m83,新场刘家农家乐,新场镇,农家乐,周末,75.0,75.0,386,4632,途家,398,4
2026-10-18,m83,新场刘家农家乐,新场镇,农家乐,周末,81.3,79.2,418,5434,美团,407,3
2026-10-18,m83,新场刘家农家乐,新场镇,农家乐,周末,81.3,79.2,418,5434,同程,413,4
2026-10-18,m83,新场刘家农家乐,新场镇,农家乐,周末,81.3,79.2,418,5434,途家,433,3
2026-10-19,m83,新场刘家农家乐,新场镇,农家乐,工作日,37.5,35.4,296,1776,美团,291,11
2026-10-19,m83,新场刘家农家乐,新场镇,农家乐,工作日,37.5,35.4,296,1776,同程,295,10
2026-10-19,m83,新场刘家农家乐,新场镇,农家乐,工作日,37.5,35.4,296,1776,途家,303,10
2026-10-20,m83,新场刘家农家乐,新场镇,农家乐,工作日,62.5,56.3,299,2990,美团,291,7
2026-10-20,m83,新场刘家农家乐,新场镇,农家乐,工作日,62.5,56.3,299,2990,同程,295,7
2026-10-20,m83,新场刘家农家乐,新场镇,农家乐,工作日,62.5,56.3,299,2990,途家,311,7
2026-10-21,m83,新场刘家农家乐,新场镇,农家乐,工作日,37.5,33.3,300,1800,美团,293,11
2026-10-21,m83,新场刘家农家乐,新场镇,农家乐,工作日,37.5,33.3,300,1800,同程,299,11
2026-10-21,m83,新场刘家农家乐,新场镇,农家乐,工作日,37.5,33.3,300,1800,途家,309,10
2026-10-22,m83,新场刘家农家乐,新场镇,农家乐,工作日,56.3,54.2,316,2844,美团,310,7
2026-10-22,m83,新场刘家农家乐,新场镇,农家乐,工作日,56.3,54.2,316,2844,同程,314,8
2026-10-22,m83,新场刘家农家乐,新场镇,农家乐,工作日,56.3,54.2,316,2844,途家,324,7
2026-10-23,m83,新场刘家农家乐,新场镇,农家乐,工作日,56.3,54.2,310,2790,美团,304,7
2026-10-23,m83,新场刘家农家乐,新场镇,农家乐,工作日,56.3,54.2,310,2790,同程,305,8
2026-10-23,m83,新场刘家农家乐,新场镇,农家乐,工作日,56.3,54.2,310,2790,途家,321,7
2026-10-24,m83,新场刘家农家乐,新场镇,农家乐,周末,68.8,60.4,401,4411,美团,395,7
2026-10-24,m83,新场刘家农家乐,新场镇,农家乐,周末,68.8,60.4,401,4411,同程,396,6
2026-10-24,m83,新场刘家农家乐,新场镇,农家乐,周末,68.8,60.4,401,4411,途家,413,6
2026-10-25,m83,新场刘家农家乐,新场镇,农家乐,周末,68.8,64.6,376,4136,美团,368,6
2026-10-25,m83,新场刘家农家乐,新场镇,农家乐,周末,68.8,64.6,376,4136,同程,372,6
2026-10-25,m83,新场刘家农家乐,新场镇,农家乐,周末,68.8,64.6,376,4136,途家,387,5
2026-10-26,m83,新场刘家农家乐,新场镇,农家乐,工作日,56.3,47.9,305,2745,美团,299,8
2026-10-26,m83,新场刘家农家乐,新场镇,农家乐,工作日,56.3,47.9,305,2745,同程,301,9
2026-10-26,m83,新场刘家农家乐,新场镇,农家乐,工作日,56.3,47.9,305,2745,途家,316,8
2026-10-27,m83,新场刘家农家乐,新场镇,农家乐,工作日,75.0,72.9,319,3828,美团,312,5
2026-10-27,m83,新场刘家农家乐,新场镇,农家乐,工作日,75.0,72.9,319,3828,同程,313,4
2026-10-27,m83,新场刘家农家乐,新场镇,农家乐,工作日,75.0,72.9,319,3828,途家,331,4
2026-10-28,m83,新场刘家农家乐,新场镇,农家乐,工作日,37.5,35.4,293,1758,美团,288,11
2026-10-28,m83,新场刘家农家乐,新场镇,农家乐,工作日,37.5,35.4,293,1758,同程,291,10
2026-10-28,m83,新场刘家农家乐,新场镇,农家乐,工作日,37.5,35.4,293,1758,途家,300,10
2026-10-29,m83,新场刘家农家乐,新场镇,农家乐,工作日,68.8,66.7,330,3630,美团,323,5
2026-10-29,m83,新场刘家农家乐,新场镇,农家乐,工作日,68.8,66.7,330,3630,同程,327,6
2026-10-29,m83,新场刘家农家乐,新场镇,农家乐,工作日,68.8,66.7,330,3630,途家,341,5
2026-10-30,m83,新场刘家农家乐,新场镇,农家乐,工作日,43.8,41.7,292,2044,美团,288,10
2026-10-30,m83,新场刘家农家乐,新场镇,农家乐,工作日,43.8,41.7,292,2044,同程,290,9
2026-10-30,m83,新场刘家农家乐,新场镇,农家乐,工作日,43.8,41.7,292,2044,途家,298,9
2026-10-31,m83,新场刘家农家乐,新场镇,农家乐,周末,75.0,66.7,379,4548,美团,371,6
2026-10-31,m83,新场刘家农家乐,新场镇,农家乐,周末,75.0,66.7,379,4548,同程,375,5
2026-10-31,m83,新场刘家农家乐,新场镇,农家乐,周末,75.0,66.7,379,4548,途家,391,5
2026-10-01,m84,悦来老院子农家乐,悦来镇,农家乐,国庆,85.7,76.2,382,4584,携程,384,3
2026-10-01,m84,悦来老院子农家乐,悦来镇,农家乐,国庆,85.7,76.2,382,4584,美团,372,4
2026-10-01,m84,悦来老院子农家乐,悦来镇,农家乐,国庆,85.7,76.2,382,4584,途家,389,3
2026-10-02,m84,悦来老院子农家乐,悦来镇,农家乐,国庆,100.0,100.0,390,5460,携程,386,0
2026-10-02,m84,悦来老院子农家乐,悦来镇,农家乐,国庆,100.0,100.0,390,5460,美团,382,0
2026-10-02,m84,悦来老院子农家乐,悦来镇,农家乐,国庆,100.0,100.0,390,5460,途家,402,0
2026-10-03,m84,悦来老院子农家乐,悦来镇,农家乐,国庆,92.9,83.3,396,5148,携程,396,2
2026-10-03,m84,悦来老院子农家乐,悦来镇,农家乐,国庆,92.9,83.3,396,5148,美团,387,3
2026-10-03,m84,悦来老院子农家乐,悦来镇,农家乐,国庆,92.9,83.3,396,5148,途家,405,2
2026-10-04,m84,悦来老院子农家乐,悦来镇,农家乐,国庆,100.0,97.6,383,5362,携程,383,0
2026-10-04,m84,悦来老院子农家乐,悦来镇,农家乐,国庆,100.0,97.6,383,5362,美团,375,1
2026-10-04,m84,悦来老院子农家乐,悦来镇,农家乐,国庆,100.0,97.6,383,5362,途家,391,0
2026-10-05,m84,悦来老院子农家乐,悦来镇,农家乐,国庆,92.9,90.5,401,5213,携程,403,1
2026-10-05,m84,悦来老院子农家乐,悦来镇,农家乐,国庆,92.9,90.5,401,5213,美团,386,2
2026-10-05,m84,悦来老院子农家乐,悦来镇,农家乐,国庆,92.9,90.5,401,5213,途家,415,1
2026-10-06,m84,悦来老院子农家乐,悦来镇,农家乐,国庆,92.9,92.9,382,4966,携程,381,1
2026-10-06,m84,悦来老院子农家乐,悦来镇,农家乐,国庆,92.9,92.9,382,4966,美团,373,1
2026-10-06,m84,悦来老院子农家乐,悦来镇,农家乐,国庆,92.9,92.9,382,4966,途家,392,1
2026-10-07,m84,悦来老院子农家乐,悦来镇,农家乐,国庆,85.7,64.3,367,4404,携程,368,5
2026-10-07,m84,悦来老院子农家乐,悦来镇,农家乐,国庆,85.7,64.3,367,4404,美团,355,5
2026-10-07,m84,悦来老院子农家乐,悦来镇,农家乐,国庆,85.7,64.3,367,4404,途家,378,5
2026-10-08,m84,悦来老院子农家乐,悦来镇,农家乐,国庆,100.0,92.9,373,5222,携程,377,1
2026-10-08,m84,悦来老院子农家乐,悦来镇,农家乐,国庆,100.0,92.9,373,5222,美团,363,1
2026-10-08,m84,悦来老院子农家乐,悦来镇,农家乐,国庆,100.0,92.9,373,5222,途家,380,1
2026-10-09,m84,悦来老院子农家乐,悦来镇,农家乐,工作日,50.0,47.6,200,1400,携程,202,7
2026-10-09,m84,悦来老院子农家乐,悦来镇,农家乐,工作日,50.0,47.6,200,1400,美团,194,8
2026-10-09,m84,悦来老院子农家乐,悦来镇,农家乐,工作日,50.0,47.6,200,1400,途家,205,7
2026-10-10,m84,悦来老院子农家乐,悦来镇,农家乐,周末,85.7,83.3,252,3024,携程,252,2
2026-10-10,m84,悦来老院子农家乐,悦来镇,农家乐,周末,85.7,83.3,252,3024,美团,246,3
2026-10-10,m84,悦来老院子农家乐,悦来镇,农家乐,周末,85.7,83.3,252,3024,途家,258,2
2026-10-11,m84,悦来老院子农家乐,悦来镇,农家乐,周末,64.3,61.9,252,2268,携程,252,5
2026-10-11,m84,悦来老院子农家乐,悦来镇,农家乐,周末,64.3,61.9,252,2268,美团,245,6
2026-10-11,m84,悦来老院子农家乐,悦来镇,农家乐,周末,64.3,61.9,252,2268,途家,258,5
2026-10-12,m84,悦来老院子农家乐,悦来镇,农家乐,工作日,50.0,38.1,203,1421,携程,204,9
2026-10-12,m84,悦来老院子农家乐,悦来镇,农家乐,工作日,50.0,38.1,203,1421,美团,198,9
2026-10-12,m84,悦来老院子农家乐,悦来镇,农家乐,工作日,50.0,38.1,203,1421,途家,207,8
2026-10-13,m84,悦来老院子农家乐,悦来镇,农家乐,工作日,35.7,33.3,196,980,携程,196,9
2026-10-13,m84,悦来老院子农家乐,悦来镇,农家乐,工作日,35.7,33.3,196,980,美团,190,10
2026-10-13,m84,悦来老院子农家乐,悦来镇,农家乐,工作日,35.7,33.3,196,980,途家,201,9
2026-10-14,m84,悦来老院子农家乐,悦来镇,农家乐,工作日,50.0,47.6,208,1456,携程,210,8
2026-10-14,m84,悦来老院子农家乐,悦来镇,农家乐,工作日,50.0,47.6,208,1456,美团,202,7
2026-10-14,m84,悦来老院子农家乐,悦来镇,农家乐,工作日,50.0,47.6,208,1456,途家,212,7
2026-10-15,m84,悦来老院子农家乐,悦来镇,农家乐,工作日,57.1,54.8,201,1608,携程,201,6
2026-10-15,m84,悦来老院子农家乐,悦来镇,农家乐,工作日,57.1,54.8,201,1608,美团,197,7
2026-10-15,m84,悦来老院子农家乐,悦来镇,农家乐,工作日,57.1,54.8,201,1608,途家,206,6
2026-10-16,m84,悦来老院子农家乐,悦来镇,农家乐,工作日,71.4,54.8,210,2100,携程,210,7
2026-10-16,m84,悦来老院子农家乐,悦来镇,农家乐,工作日,71.4,54.8,210,2100,美团,204,6
2026-10-16,m84,悦来老院子农家乐,悦来镇,农家乐,工作日,71.4,54.8,210,2100,途家,217,6
2026-10-17,m84,悦来老院子农家乐,悦来镇,农家乐,周末,92.9,90.5,263,3419,携程,265,2
2026-10-17,m84,悦来老院子农家乐,悦来镇,农家乐,周末,92.9,90.5,263,3419,美团,256,1
2026-10-17,m84,悦来老院子农家乐,悦来镇,农家乐,周末,92.9,90.5,263,3419,途家,269,1
2026-10-18,m84,悦来老院子农家乐,悦来镇,农家乐,周末,85.7,83.3,266,3192,携程,266,3
2026-10-18,m84,悦来老院子农家乐,悦来镇,农家乐,周末,85.7,83.3,266,3192,美团,258,2
2026-10-18,m84,悦来老院子农家乐,悦来镇,农家乐,周末,85.7,83.3,266,3192,途家,273,2
2026-10-19,m84,悦来老院子农家乐,悦来镇,农家乐,工作日,50.0,50.0,200,1400,携程,199,7
2026-10-19,m84,悦来老院子农家乐,悦来镇,农家乐,工作日,50.0,50.0,200,1400,美团,195,7
2026-10-19,m84,悦来老院子农家乐,悦来镇,农家乐,工作日,50.0,50.0,200,1400,途家,206,7
2026-10-20,m84,悦来老院子农家乐,悦来镇,农家乐,工作日,71.4,61.9,205,2050,携程,206,5
2026-10-20,m84,悦来老院子农家乐,悦来镇,农家乐,工作日,71.4,61.9,205,2050,美团,200,6
2026-10-20,m84,悦来老院子农家乐,悦来镇,农家乐,工作日,71.4,61.9,205,2050,途家,210,5
2026-10-21,m84,悦来老院子农家乐,悦来镇,农家乐,工作日,64.3,54.8,206,1854,携程,207,6
2026-10-21,m84,悦来老院子农家乐,悦来镇,农家乐,工作日,64.3,54.8,206,1854,美团,201,7
2026-10-21,m84,悦来老院子农家乐,悦来镇,农家乐,工作日,64.3,54.8,206,1854,途家,211,6
2026-10-22,m84,悦来老院子农家乐,悦来镇,农家乐,工作日,64.3,64.3,214,1926,携程,215,5
2026-10-22,m84,悦来老院子农家乐,悦来镇,农家乐,工作日,64.3,64.3,214,1926,美团,208,5
2026-10-22,m84,悦来老院子农家乐,悦来镇,农家乐,工作日,64.3,64.3,214,1926,途家,220,5
2026-10-23,m84,悦来老院子农家乐,悦来镇,农家乐,工作日,35.7,35.7,192,960,携程,192,9
2026-10-23,m84,悦来老院子农家乐,悦来镇,农家乐,工作日,35.7,35.7,192,960,美团,187,9
2026-10-23,m84,悦来老院子农家乐,悦来镇,农家乐,工作日,35.7,35.7,192,960,途家,196,9
2026-10-24,m84,悦来老院子农家乐,悦来镇,农家乐,周末,92.9,90.5,249,3237,携程,250,1
2026-10-24,m84,悦来老院子农家乐,悦来镇,农家乐,周末,92.9,90.5,249,3237,美团,242,2
2026-10-24,m84,悦来老院子农家乐,悦来镇,农家乐,周末,92.9,90.5,249,3237,途家,256,1
2026-10-25,m84,悦来老院子农家乐,悦来镇,农家乐,周末,85.7,76.2,252,3024,携程,252,4
2026-10-25,m84,悦来老院子农家乐,悦来镇,农家乐,周末,85.7,76.2,252,3024,美团,245,3
2026-10-25,m84,悦来老院子农家乐,悦来镇,农家乐,周末,85.7,76.2,252,3024,途家,259,3
2026-10-26,m84,悦来老院子农家乐,悦来镇,农家乐,工作日,50.0,47.6,203,1421,携程,206,7
2026-10-26,m84,悦来老院子农家乐,悦来镇,农家乐,工作日,50.0,47.6,203,1421,美团,196,8
2026-10-26,m84,悦来老院子农家乐,悦来镇,农家乐,工作日,50.0,47.6,203,1421,途家,207,7
2026-10-27,m84,悦来老院子农家乐,悦来镇,农家乐,工作日,57.1,47.6,204,1632,携程,205,7
2026-10-27,m84,悦来老院子农家乐,悦来镇,农家乐,工作日,57.1,47.6,204,1632,美团,200,8
2026-10-27,m84,悦来老院子农家乐,悦来镇,农家乐,工作日,57.1,47.6,204,1632,途家,208,7
2026-10-28,m84,悦来老院子农家乐,悦来镇,农家乐,工作日,71.4,64.3,218,2180,携程,218,5
2026-10-28,m84,悦来老院子农家乐,悦来镇,农家乐,工作日,71.4,64.3,218,2180,美团,211,5
2026-10-28,m84,悦来老院子农家乐,悦来镇,农家乐,工作日,71.4,64.3,218,2180,途家,224,5
2026-10-29,m84,悦来老院子农家乐,悦来镇,农家乐,工作日,42.9,42.9,200,1200,携程,202,8
2026-10-29,m84,悦来老院子农家乐,悦来镇,农家乐,工作日,42.9,42.9,200,1200,美团,194,8
2026-10-29,m84,悦来老院子农家乐,悦来镇,农家乐,工作日,42.9,42.9,200,1200,途家,204,8
2026-10-30,m84,悦来老院子农家乐,悦来镇,农家乐,工作日,57.1,54.8,207,1656,携程,208,7
2026-10-30,m84,悦来老院子农家乐,悦来镇,农家乐,工作日,57.1,54.8,207,1656,美团,202,6
2026-10-30,m84,悦来老院子农家乐,悦来镇,农家乐,工作日,57.1,54.8,207,1656,途家,212,6
2026-10-31,m84,悦来老院子农家乐,悦来镇,农家乐,周末,71.4,61.9,249,2490,携程,249,5
2026-10-31,m84,悦来老院子农家乐,悦来镇,农家乐,周末,71.4,61.9,249,2490,美团,241,6
2026-10-31,m84,悦来老院子农家乐,悦来镇,农家乐,周末,71.4,61.9,249,2490,途家,256,5
2026-10-01,m85,悦来老院子农家乐,悦来镇,农家乐,国庆,90.0,90.0,586,10548,去哪儿,571,2
2026-10-01,m85,悦来老院子农家乐,悦来镇,农家乐,国庆,90.0,90.0,586,10548,途家,593,2
2026-10-01,m85,悦来老院子农家乐,悦来镇,农家乐,国庆,90.0,90.0,586,10548,途家,593,2
2026-10-02,m85,悦来老院子农家乐,悦来镇,农家乐,国庆,95.0,90.0,608,11552,去哪儿,592,2
2026-10-02,m85,悦来老院子农家乐,悦来镇,农家乐,国庆,95.0,90.0,608,11552,途家,616,2
2026-10-02,m85,悦来老院子农家乐,悦来镇,农家乐,国庆,95.0,90.0,608,11552,途家,616,2
2026-10-03,m85,悦来老院子农家乐,悦来镇,农家乐,国庆,95.0,95.0,607,11533,去哪儿,592,1
2026-10-03,m85,悦来老院子农家乐,悦来镇,农家乐,国庆,95.0,95.0,607,11533,途家,614,1
2026-10-03,m85,悦来老院子农家乐,悦来镇,农家乐,国庆,95.0,95.0,607,11533,途家,614,1
2026-10-04,m85,悦来老院子农家乐,悦来镇,农家乐,国庆,95.0,85.0,575,10925,去哪儿,558,3
2026-10-04,m85,悦来老院子农家乐,悦来镇,农家乐,国庆,95.0,85.0,575,10925,途家,584,3
2026-10-04,m85,悦来老院子农家乐,悦来镇,农家乐,国庆,95.0,85.0,575,10925,途家,584,3
2026-10-05,m85,悦来老院子农家乐,悦来镇,农家乐,国庆,100.0,90.0,631,12620,去哪儿,615,2
2026-10-05,m85,悦来老院子农家乐,悦来镇,农家乐,国庆,100.0,90.0,631,12620,途家,639,2
2026-10-05,m85,悦来老院子农家乐,悦来镇,农家乐,国庆,100.0,90.0,631,12620,途家,639,2
2026-10-06,m85,悦来老院子农家乐,悦来镇,农家乐,国庆,90.0,90.0,574,10332,去哪儿,555,2
2026-10-06,m85,悦来老院子农家乐,悦来镇,农家乐,国庆,90.0,90.0,574,10332,途家,584,2
2026-10-06,m85,悦来老院子农家乐,悦来镇,农家乐,国庆,90.0,90.0,574,10332,途家,584,2
2026-10-07,m85,悦来老院子农家乐,悦来镇,农家乐,国庆,100.0,95.0,595,11900,去哪儿,583,1
2026-10-07,m85,悦来老院子农家乐,悦来镇,农家乐,国庆,100.0,95.0,595,11900,途家,601,1
2026-10-07,m85,悦来老院子农家乐,悦来镇,农家乐,国庆,100.0,95.0,595,11900,途家,601,1
2026-10-08,m85,悦来老院子农家乐,悦来镇,农家乐,国庆,100.0,95.0,590,11800,去哪儿,573,1
2026-10-08,m85,悦来老院子农家乐,悦来镇,农家乐,国庆,100.0,95.0,590,11800,途家,599,1
2026-10-08,m85,悦来老院子农家乐,悦来镇,农家乐,国庆,100.0,95.0,590,11800,途家,599,1
2026-10-09,m85,悦来老院子农家乐,悦来镇,农家乐,工作日,50.0,50.0,314,3140,去哪儿,307,10
2026-10-09,m85,悦来老院子农家乐,悦来镇,农家乐,工作日,50.0,50.0,314,3140,途家,318,10
2026-10-09,m85,悦来老院子农家乐,悦来镇,农家乐,工作日,50.0,50.0,314,3140,途家,318,10
2026-10-10,m85,悦来老院子农家乐,悦来镇,农家乐,周末,85.0,75.0,388,6596,去哪儿,377,5
2026-10-10,m85,悦来老院子农家乐,悦来镇,农家乐,周末,85.0,75.0,388,6596,途家,394,5
2026-10-10,m85,悦来老院子农家乐,悦来镇,农家乐,周末,85.0,75.0,388,6596,途家,394,5
2026-10-11,m85,悦来老院子农家乐,悦来镇,农家乐,周末,75.0,60.0,379,5685,去哪儿,372,8
2026-10-11,m85,悦来老院子农家乐,悦来镇,农家乐,周末,75.0,60.0,379,5685,途家,383,8
2026-10-11,m85,悦来老院子农家乐,悦来镇,农家乐,周末,75.0,60.0,379,5685,途家,383,8
2026-10-12,m85,悦来老院子农家乐,悦来镇,农家乐,工作日,40.0,35.0,309,2472,去哪儿,300,13
2026-10-12,m85,悦来老院子农家乐,悦来镇,农家乐,工作日,40.0,35.0,309,2472,途家,314,13
2026-10-12,m85,悦来老院子农家乐,悦来镇,农家乐,工作日,40.0,35.0,309,2472,途家,314,13
2026-10-13,m85,悦来老院子农家乐,悦来镇,农家乐,工作日,55.0,50.0,306,3366,去哪儿,301,10
2026-10-13,m85,悦来老院子农家乐,悦来镇,农家乐,工作日,55.0,50.0,306,3366,途家,309,10
2026-10-13,m85,悦来老院子农家乐,悦来镇,农家乐,工作日,55.0,50.0,306,3366,途家,309,10
2026-10-14,m85,悦来老院子农家乐,悦来镇,农家乐,工作日,65.0,65.0,318,4134,去哪儿,309,7
2026-10-14,m85,悦来老院子农家乐,悦来镇,农家乐,工作日,65.0,65.0,318,4134,途家,322,7
2026-10-14,m85,悦来老院子农家乐,悦来镇,农家乐,工作日,65.0,65.0,318,4134,途家,322,7
2026-10-15,m85,悦来老院子农家乐,悦来镇,农家乐,工作日,55.0,55.0,311,3421,去哪儿,301,9
2026-10-15,m85,悦来老院子农家乐,悦来镇,农家乐,工作日,55.0,55.0,311,3421,途家,316,9
2026-10-15,m85,悦来老院子农家乐,悦来镇,农家乐,工作日,55.0,55.0,311,3421,途家,316,9
2026-10-16,m85,悦来老院子农家乐,悦来镇,农家乐,工作日,35.0,35.0,303,2121,去哪儿,292,13
2026-10-16,m85,悦来老院子农家乐,悦来镇,农家乐,工作日,35.0,35.0,303,2121,途家,309,13
2026-10-16,m85,悦来老院子农家乐,悦来镇,农家乐,工作日,35.0,35.0,303,2121,途家,309,13
2026-10-17,m85,悦来老院子农家乐,悦来镇,农家乐,周末,80.0,80.0,409,6544,去哪儿,396,4
2026-10-17,m85,悦来老院子农家乐,悦来镇,农家乐,周末,80.0,80.0,409,6544,途家,415,4
2026-10-17,m85,悦来老院子农家乐,悦来镇,农家乐,周末,80.0,80.0,409,6544,途家,415,4
2026-10-18,m85,悦来老院子农家乐,悦来镇,农家乐,周末,80.0,75.0,390,6240,去哪儿,379,5
2026-10-18,m85,悦来老院子农家乐,悦来镇,农家乐,周末,80.0,75.0,390,6240,途家,395,5
2026-10-18,m85,悦来老院子农家乐,悦来镇,农家乐,周末,80.0,75.0,390,6240,途家,395,5
2026-10-19,m85,悦来老院子农家乐,悦来镇,农家乐,工作日,55.0,50.0,304,3344,去哪儿,297,10
2026-10-19,m85,悦来老院子农家乐,悦来镇,农家乐,工作日,55.0,50.0,304,3344,途家,307,10
2026-10-19,m85,悦来老院子农家乐,悦来镇,农家乐,工作日,55.0,50.0,304,3344,途家,307,10
2026-10-20,m85,悦来老院子农家乐,悦来镇,农家乐,工作日,80.0,80.0,334,5344,去哪儿,324,4
2026-10-20,m85,悦来老院子农家乐,悦来镇,农家乐,工作日,80.0,80.0,334,5344,途家,339,4
2026-10-20,m85,悦来老院子农家乐,悦来镇,农家乐,工作日,80.0,80.0,334,5344,途家,339,4
2026-10-21,m85,悦来老院子农家乐,悦来镇,农家乐,工作日,60.0,55.0,321,3852,去哪儿,312,9
2026-10-21,m85,悦来老院子农家乐,悦来镇,农家乐,工作日,60.0,55.0,321,3852,途家,326,9
2026-10-21,m85,悦来老院子农家乐,悦来镇,农家乐,工作日,60.0,55.0,321,3852,途家,326,9
2026-10-22,m85,悦来老院子农家乐,悦来镇,农家乐,工作日,35.0,35.0,297,2079,去哪儿,288,13
2026-10-22,m85,悦来老院子农家乐,悦来镇,农家乐,工作日,35.0,35.0,297,2079,途家,302,13
2026-10-22,m85,悦来老院子农家乐,悦来镇,农家乐,工作日,35.0,35.0,297,2079,途家,302,13
2026-10-23,m85,悦来老院子农家乐,悦来镇,农家乐,工作日,50.0,50.0,324,3240,去哪儿,315,10
2026-10-23,m85,悦来老院子农家乐,悦来镇,农家乐,工作日,50.0,50.0,324,3240,途家,328,10
2026-10-23,m85,悦来老院子农家乐,悦来镇,农家乐,工作日,50.0,50.0,324,3240,途家,328,10
2026-10-24,m85,悦来老院子农家乐,悦来镇,农家乐,周末,75.0,75.0,399,5985,去哪儿,388,5
2026-10-24,m85,悦来老院子农家乐,悦来镇,农家乐,周末,75.0,75.0,399,5985,途家,405,5
2026-10-24,m85,悦来老院子农家乐,悦来镇,农家乐,周末,75.0,75.0,399,5985,途家,405,5
2026-10-25,m85,悦来老院子农家乐,悦来镇,农家乐,周末,75.0,75.0,385,5775,去哪儿,376,5
2026-10-25,m85,悦来老院子农家乐,悦来镇,农家乐,周末,75.0,75.0,385,5775,途家,389,5
2026-10-25,m85,悦来老院子农家乐,悦来镇,农家乐,周末,75.0,75.0,385,5775,途家,389,5
2026-10-26,m85,悦来老院子农家乐,悦来镇,农家乐,工作日,55.0,55.0,316,3476,去哪儿,309,9
2026-10-26,m85,悦来老院子农家乐,悦来镇,农家乐,工作日,55.0,55.0,316,3476,途家,320,9
2026-10-26,m85,悦来老院子农家乐,悦来镇,农家乐,工作日,55.0,55.0,316,3476,途家,320,9
2026-10-27,m85,悦来老院子农家乐,悦来镇,农家乐,工作日,60.0,55.0,325,3900,去哪儿,317,9
2026-10-27,m85,悦来老院子农家乐,悦来镇,农家乐,工作日,60.0,55.0,325,3900,途家,329,9
2026-10-27,m85,悦来老院子农家乐,悦来镇,农家乐,工作日,60.0,55.0,325,3900,途家,329,9
2026-10-28,m85,悦来老院子农家乐,悦来镇,农家乐,工作日,45.0,45.0,294,2646,去哪儿,287,11
2026-10-28,m85,悦来老院子农家乐,悦来镇,农家乐,工作日,45.0,45.0,294,2646,途家,298,11
2026-10-28,m85,悦来老院子农家乐,悦来镇,农家乐,工作日,45.0,45.0,294,2646,途家,298,11
2026-10-29,m85,悦来老院子农家乐,悦来镇,农家乐,工作日,65.0,65.0,343,4459,去哪儿,332,7
2026-10-29,m85,悦来老院子农家乐,悦来镇,农家乐,工作日,65.0,65.0,343,4459,途家,349,7
2026-10-29,m85,悦来老院子农家乐,悦来镇,农家乐,工作日,65.0,65.0,343,4459,途家,349,7
2026-10-30,m85,悦来老院子农家乐,悦来镇,农家乐,工作日,45.0,40.0,321,2889,去哪儿,312,12
2026-10-30,m85,悦来老院子农家乐,悦来镇,农家乐,工作日,45.0,40.0,321,2889,途家,325,12
2026-10-30,m85,悦来老院子农家乐,悦来镇,农家乐,工作日,45.0,40.0,321,2889,途家,325,12
2026-10-31,m85,悦来老院子农家乐,悦来镇,农家乐,周末,95.0,80.0,387,7353,去哪儿,378,4
2026-10-31,m85,悦来老院子农家乐,悦来镇,农家乐,周末,95.0,80.0,387,7353,途家,391,4
2026-10-31,m85,悦来老院子农家乐,悦来镇,农家乐,周末,95.0,80.0,387,7353,途家,391,4
2026-10-01,m86,悦来水岸客栈,悦来镇,客栈,国庆,89.3,87.5,472,11800,美团,471,4
2026-10-01,m86,悦来水岸客栈,悦来镇,客栈,国庆,89.3,87.5,472,11800,同程,473,3
2026-10-02,m86,悦来水岸客栈,悦来镇,客栈,国庆,96.4,94.6,479,12933,美团,475,2
2026-10-02,m86,悦来水岸客栈,悦来镇,客栈,国庆,96.4,94.6,479,12933,同程,483,1
2026-10-03,m86,悦来水岸客栈,悦来镇,客栈,国庆,92.9,92.9,497,12922,美团,492,2
2026-10-03,m86,悦来水岸客栈,悦来镇,客栈,国庆,92.9,92.9,497,12922,同程,502,2
2026-10-04,m86,悦来水岸客栈,悦来镇,客栈,国庆,100.0,100.0,492,13776,美团,487,0
2026-10-04,m86,悦来水岸客栈,悦来镇,客栈,国庆,100.0,100.0,492,13776,同程,497,0
2026-10-05,m86,悦来水岸客栈,悦来镇,客栈,国庆,92.9,82.1,487,12662,美团,484,5
2026-10-05,m86,悦来水岸客栈,悦来镇,客栈,国庆,92.9,82.1,487,12662,同程,490,5
2026-10-06,m86,悦来水岸客栈,悦来镇,客栈,国庆,92.9,78.6,482,12532,美团,477,6
2026-10-06,m86,悦来水岸客栈,悦来镇,客栈,国庆,92.9,78.6,482,12532,同程,486,6
2026-10-07,m86,悦来水岸客栈,悦来镇,客栈,国庆,92.9,89.3,490,12740,美团,486,3
2026-10-07,m86,悦来水岸客栈,悦来镇,客栈,国庆,92.9,89.3,490,12740,同程,494,3
2026-10-08,m86,悦来水岸客栈,悦来镇,客栈,国庆,92.9,78.6,480,12480,美团,475,6
2026-10-08,m86,悦来水岸客栈,悦来镇,客栈,国庆,92.9,78.6,480,12480,同程,484,6
2026-10-09,m86,悦来水岸客栈,悦来镇,客栈,工作日,25.0,23.2,241,1687,美团,240,22
2026-10-09,m86,悦来水岸客栈,悦来镇,客栈,工作日,25.0,23.2,241,1687,同程,241,21
2026-10-10,m86,悦来水岸客栈,悦来镇,客栈,周末,78.6,78.6,318,6996,美团,316,6
2026-10-10,m86,悦来水岸客栈,悦来镇,客栈,周末,78.6,78.6,318,6996,同程,320,6
2026-10-11,m86,悦来水岸客栈,悦来镇,客栈,周末,92.9,89.3,326,8476,美团,326,3
2026-10-11,m86,悦来水岸客栈,悦来镇,客栈,周末,92.9,89.3,326,8476,同程,325,3
2026-10-12,m86,悦来水岸客栈,悦来镇,客栈,工作日,60.7,60.7,264,4488,美团,263,11
2026-10-12,m86,悦来水岸客栈,悦来镇,客栈,工作日,60.7,60.7,264,4488,同程,264,11
2026-10-13,m86,悦来水岸客栈,悦来镇,客栈,工作日,57.1,55.4,252,4032,美团,252,13
2026-10-13,m86,悦来水岸客栈,悦来镇,客栈,工作日,57.1,55.4,252,4032,同程,251,12
2026-10-14,m86,悦来水岸客栈,悦来镇,客栈,工作日,46.4,44.6,251,3263,美团,250,15
2026-10-14,m86,悦来水岸客栈,悦来镇,客栈,工作日,46.4,44.6,251,3263,同程,251,16
2026-10-15,m86,悦来水岸客栈,悦来镇,客栈,工作日,53.6,51.8,255,3825,美团,253,14
2026-10-15,m86,悦来水岸客栈,悦来镇,客栈,工作日,53.6,51.8,255,3825,同程,256,13
2026-10-16,m86,悦来水岸客栈,悦来镇,客栈,工作日,50.0,48.2,250,3500,美团,247,15
2026-10-16,m86,悦来水岸客栈,悦来镇,客栈,工作日,50.0,48.2,250,3500,同程,252,14
2026-10-17,m86,悦来水岸客栈,悦来镇,客栈,周末,78.6,69.6,312,6864,美团,309,8
2026-10-17,m86,悦来水岸客栈,悦来镇,客栈,周末,78.6,69.6,312,6864,同程,314,9
2026-10-18,m86,悦来水岸客栈,悦来镇,客栈,周末,78.6,69.6,300,6600,美团,299,9
2026-10-18,m86,悦来水岸客栈,悦来镇,客栈,周末,78.6,69.6,300,6600,同程,301,8
2026-10-19,m86,悦来水岸客栈,悦来镇,客栈,工作日,46.4,44.6,252,3276,美团,251,15
2026-10-19,m86,悦来水岸客栈,悦来镇,客栈,工作日,46.4,44.6,252,3276,同程,253,16
2026-10-20,m86,悦来水岸客栈,悦来镇,客栈,工作日,67.9,57.1,257,4883,美团,256,12
2026-10-20,m86,悦来水岸客栈,悦来镇,客栈,工作日,67.9,57.1,257,4883,同程,258,12
2026-10-21,m86,悦来水岸客栈,悦来镇,客栈,工作日,57.1,57.1,256,4096,美团,254,12
2026-10-21,m86,悦来水岸客栈,悦来镇,客栈,工作日,57.1,57.1,256,4096,同程,258,12
2026-10-22,m86,悦来水岸客栈,悦来镇,客栈,工作日,57.1,50.0,251,4016,美团,250,14
2026-10-22,m86,悦来水岸客栈,悦来镇,客栈,工作日,57.1,50.0,251,4016,同程,251,14
2026-10-23,m86,悦来水岸客栈,悦来镇,客栈,工作日,67.9,64.3,259,4921,美团,258,10
2026-10-23,m86,悦来水岸客栈,悦来镇,客栈,工作日,67.9,64.3,259,4921,同程,259,10
2026-10-24,m86,悦来水岸客栈,悦来镇,客栈,周末,85.7,75.0,315,7560,美团,313,7
2026-10-24,m86,悦来水岸客栈,悦来镇,客栈,周末,85.7,75.0,315,7560,同程,317,7
2026-10-25,m86,悦来水岸客栈,悦来镇,客栈,周末,89.3,87.5,324,8100,美团,321,3
2026-10-25,m86,悦来水岸客栈,悦来镇,客栈,周末,89.3,87.5,324,8100,同程,327,4
2026-10-26,m86,悦来水岸客栈,悦来镇,客栈,工作日,50.0,44.6,251,3514,美团,249,16
2026-10-26,m86,悦来水岸客栈,悦来镇,客栈,工作日,50.0,44.6,251,3514,同程,252,15
2026-10-27,m86,悦来水岸客栈,悦来镇,客栈,工作日,60.7,60.7,258,4386,美团,255,11
2026-10-27,m86,悦来水岸客栈,悦来镇,客栈,工作日,60.7,60.7,258,4386,同程,260,11
2026-10-28,m86,悦来水岸客栈,悦来镇,客栈,工作日,50.0,48.2,246,3444,美团,245,14
2026-10-28,m86,悦来水岸客栈,悦来镇,客栈,工作日,50.0,48.2,246,3444,同程,246,15
2026-10-29,m86,悦来水岸客栈,悦来镇,客栈,工作日,60.7,55.4,253,4301,美团,253,12
2026-10-29,m86,悦来水岸客栈,悦来镇,客栈,工作日,60.7,55.4,253,4301,同程,253,13
2026-10-30,m86,悦来水岸客栈,悦来镇,客栈,工作日,46.4,39.3,241,3133,美团,239,17
2026-10-30,m86,悦来水岸客栈,悦来镇,客栈,工作日,46.4,39.3,241,3133,同程,243,17
2026-10-31,m86,悦来水岸客栈,悦来镇,客栈,周末,75.0,75.0,310,6510,美团,307,7
2026-10-31,m86,悦来水岸客栈,悦来镇,客栈,周末,75.0,75.0,310,6510,同程,313,7
2026-10-01,m87,悦来云居客栈,悦来镇,客栈,国庆,100.0,91.1,1001,48048,携程,1012,5
2026-10-01,m87,悦来云居客栈,悦来镇,客栈,国庆,100.0,91.1,1001,48048,美团,992,4
2026-10-01,m87,悦来云居客栈,悦来镇,客栈,国庆,100.0,91.1,1001,48048,飞猪,999,4
2026-10-01,m87,悦来云居客栈,悦来镇,客栈,国庆,100.0,91.1,1001,48048,同程,1000,4
2026-10-02,m87,悦来云居客栈,悦来镇,客栈,国庆,100.0,99.0,989,47472,携程,1004,0
2026-10-02,m87,悦来云居客栈,悦来镇,客栈,国庆,100.0,99.0,989,47472,美团,972,1
2026-10-02,m87,悦来云居客栈,悦来镇,客栈,国庆,100.0,99.0,989,47472,飞猪,996,1
2026-10-02,m87,悦来云居客栈,悦来镇,客栈,国庆,100.0,99.0,989,47472,同程,984,0
2026-10-03,m87,悦来云居客栈,悦来镇,客栈,国庆,93.8,92.7,993,44685,携程,1010,3
2026-10-03,m87,悦来云居客栈,悦来镇,客栈,国庆,93.8,92.7,993,44685,美团,980,4
2026-10-03,m87,悦来云居客栈,悦来镇,客栈,国庆,93.8,92.7,993,44685,飞猪,991,3
2026-10-03,m87,悦来云居客栈,悦来镇,客栈,国庆,93.8,92.7,993,44685,同程,989,4
2026-10-04,m87,悦来云居客栈,悦来镇,客栈,国庆,97.9,93.2,994,46718,携程,1009,3
2026-10-04,m87,悦来云居客栈,悦来镇,客栈,国庆,97.9,93.2,994,46718,美团,980,3
2026-10-04,m87,悦来云居客栈,悦来镇,客栈,国庆,97.9,93.2,994,46718,飞猪,998,4
2026-10-04,m87,悦来云居客栈,悦来镇,客栈,国庆,97.9,93.2,994,46718,同程,989,3
2026-10-05,m87,悦来云居客栈,悦来镇,客栈,国庆,97.9,89.1,989,46483,携程,1003,5
2026-10-05,m87,悦来云居客栈,悦来镇,客栈,国庆,97.9,89.1,989,46483,美团,980,5
2026-10-05,m87,悦来云居客栈,悦来镇,客栈,国庆,97.9,89.1,989,46483,飞猪,987,5
2026-10-05,m87,悦来云居客栈,悦来镇,客栈,国庆,97.9,89.1,989,46483,同程,985,6
2026-10-06,m87,悦来云居客栈,悦来镇,客栈,国庆,93.8,89.1,985,44325,携程,1005,5
2026-10-06,m87,悦来云居客栈,悦来镇,客栈,国庆,93.8,89.1,985,44325,美团,971,5
2026-10-06,m87,悦来云居客栈,悦来镇,客栈,国庆,93.8,89.1,985,44325,飞猪,992,6
2026-10-06,m87,悦来云居客栈,悦来镇,客栈,国庆,93.8,89.1,985,44325,同程,973,5
2026-10-07,m87,悦来云居客栈,悦来镇,客栈,国庆,93.8,92.7,1021,45945,携程,1027,4
2026-10-07,m87,悦来云居客栈,悦来镇,客栈,国庆,93.8,92.7,1021,45945,美团,1011,4
2026-10-07,m87,悦来云居客栈,悦来镇,客栈,国庆,93.8,92.7,1021,45945,飞猪,1031,3
2026-10-07,m87,悦来云居客栈,悦来镇,客栈,国庆,93.8,92.7,1021,45945,同程,1013,3
2026-10-08,m87,悦来云居客栈,悦来镇,客栈,国庆,97.9,89.1,1037,48739,携程,1043,5
2026-10-08,m87,悦来云居客栈,悦来镇,客栈,国庆,97.9,89.1,1037,48739,美团,1025,5
2026-10-08,m87,悦来云居客栈,悦来镇,客栈,国庆,97.9,89.1,1037,48739,飞猪,1048,5
2026-10-08,m87,悦来云居客栈,悦来镇,客栈,国庆,97.9,89.1,1037,48739,同程,1032,6
2026-10-09,m87,悦来云居客栈,悦来镇,客栈,工作日,52.1,49.0,534,13350,携程,533,24
2026-10-09,m87,悦来云居客栈,悦来镇,客栈,工作日,52.1,49.0,534,13350,美团,531,25
2026-10-09,m87,悦来云居客栈,悦来镇,客栈,工作日,52.1,49.0,534,13350,飞猪,540,25
2026-10-09,m87,悦来云居客栈,悦来镇,客栈,工作日,52.1,49.0,534,13350,同程,533,24
2026-10-10,m87,悦来云居客栈,悦来镇,客栈,周末,77.1,74.0,656,24272,携程,666,13
2026-10-10,m87,悦来云居客栈,悦来镇,客栈,周末,77.1,74.0,656,24272,美团,648,12
2026-10-10,m87,悦来云居客栈,悦来镇,客栈,周末,77.1,74.0,656,24272,飞猪,662,12
2026-10-10,m87,悦来云居客栈,悦来镇,客栈,周末,77.1,74.0,656,24272,同程,648,13
2026-10-11,m87,悦来云居客栈,悦来镇,客栈,周末,85.4,80.2,661,27101,携程,671,10
2026-10-11,m87,悦来云居客栈,悦来镇,客栈,周末,85.4,80.2,661,27101,美团,650,10
2026-10-11,m87,悦来云居客栈,悦来镇,客栈,周末,85.4,80.2,661,27101,飞猪,667,9
2026-10-11,m87,悦来云居客栈,悦来镇,客栈,周末,85.4,80.2,661,27101,同程,657,9
2026-10-12,m87,悦来云居客栈,悦来镇,客栈,工作日,43.8,42.7,512,10752,携程,518,28
2026-10-12,m87,悦来云居客栈,悦来镇,客栈,工作日,43.8,42.7,512,10752,美团,507,27
2026-10-12,m87,悦来云居客栈,悦来镇,客栈,工作日,43.8,42.7,512,10752,飞猪,513,28
2026-10-12,m87,悦来云居客栈,悦来镇,客栈,工作日,43.8,42.7,512,10752,同程,511,27
2026-10-13,m87,悦来云居客栈,悦来镇,客栈,工作日,47.9,43.8,518,11914,携程,523,27
2026-10-13,m87,悦来云居客栈,悦来镇,客栈,工作日,47.9,43.8,518,11914,美团,511,27
2026-10-13,m87,悦来云居客栈,悦来镇,客栈,工作日,47.9,43.8,518,11914,飞猪,520,27
2026-10-13,m87,悦来云居客栈,悦来镇,客栈,工作日,47.9,43.8,518,11914,同程,516,27
2026-10-14,m87,悦来云居客栈,悦来镇,客栈,工作日,47.9,44.8,520,11960,携程,533,26
2026-10-14,m87,悦来云居客栈,悦来镇,客栈,工作日,47.9,44.8,520,11960,美团,508,27
2026-10-14,m87,悦来云居客栈,悦来镇,客栈,工作日,47.9,44.8,520,11960,飞猪,522,27
2026-10-14,m87,悦来云居客栈,悦来镇,客栈,工作日,47.9,44.8,520,11960,同程,518,26
2026-10-15,m87,悦来云居客栈,悦来镇,客栈,工作日,58.3,50.5,532,14896,携程,536,24
2026-10-15,m87,悦来云居客栈,悦来镇,客栈,工作日,58.3,50.5,532,14896,美团,528,24
2026-10-15,m87,悦来云居客栈,悦来镇,客栈,工作日,58.3,50.5,532,14896,飞猪,536,23
2026-10-15,m87,悦来云居客栈,悦来镇,客栈,工作日,58.3,50.5,532,14896,同程,528,24
2026-10-16,m87,悦来云居客栈,悦来镇,客栈,工作日,58.3,57.3,540,15120,携程,550,20
2026-10-16,m87,悦来云居客栈,悦来镇,客栈,工作日,58.3,57.3,540,15120,美团,534,21
2026-10-16,m87,悦来云居客栈,悦来镇,客栈,工作日,58.3,57.3,540,15120,飞猪,540,21
2026-10-16,m87,悦来云居客栈,悦来镇,客栈,工作日,58.3,57.3,540,15120,同程,535,20
2026-10-17,m87,悦来云居客栈,悦来镇,客栈,周末,79.2,74.5,638,24244,携程,649,13
2026-10-17,m87,悦来云居客栈,悦来镇,客栈,周末,79.2,74.5,638,24244,美团,625,12
2026-10-17,m87,悦来云居客栈,悦来镇,客栈,周末,79.2,74.5,638,24244,飞猪,642,12
2026-10-17,m87,悦来云居客栈,悦来镇,客栈,周末,79.2,74.5,638,24244,同程,635,12
2026-10-18,m87,悦来云居客栈,悦来镇,客栈,周末,77.1,74.5,635,23495,携程,645,12
2026-10-18,m87,悦来云居客栈,悦来镇,客栈,周末,77.1,74.5,635,23495,美团,626,12
2026-10-18,m87,悦来云居客栈,悦来镇,客栈,周末,77.1,74.5,635,23495,飞猪,638,12
2026-10-18,m87,悦来云居客栈,悦来镇,客栈,周末,77.1,74.5,635,23495,同程,632,13
2026-10-19,m87,悦来云居客栈,悦来镇,客栈,工作日,58.3,57.3,535,14980,携程,545,20
2026-10-19,m87,悦来云居客栈,悦来镇,客栈,工作日,58.3,57.3,535,14980,美团,529,21
2026-10-19,m87,悦来云居客栈,悦来镇,客栈,工作日,58.3,57.3,535,14980,飞猪,533,21
2026-10-19,m87,悦来云居客栈,悦来镇,客栈,工作日,58.3,57.3,535,14980,同程,531,20
2026-10-20,m87,悦来云居客栈,悦来镇,客栈,工作日,54.2,49.5,529,13754,携程,542,25
2026-10-20,m87,悦来云居客栈,悦来镇,客栈,工作日,54.2,49.5,529,13754,美团,523,24
2026-10-20,m87,悦来云居客栈,悦来镇,客栈,工作日,54.2,49.5,529,13754,飞猪,528,24
2026-10-20,m87,悦来云居客栈,悦来镇,客栈,工作日,54.2,49.5,529,13754,同程,524,24
2026-10-21,m87,悦来云居客栈,悦来镇,客栈,工作日,50.0,47.4,518,12432,携程,523,25
2026-10-21,m87,悦来云居客栈,悦来镇,客栈,工作日,50.0,47.4,518,12432,美团,508,26
2026-10-21,m87,悦来云居客栈,悦来镇,客栈,工作日,50.0,47.4,518,12432,飞猪,525,25
2026-10-21,m87,悦来云居客栈,悦来镇,客栈,工作日,50.0,47.4,518,12432,同程,517,25
2026-10-22,m87,悦来云居客栈,悦来镇,客栈,工作日,58.3,52.6,531,14868,携程,535,23
2026-10-22,m87,悦来云居客栈,悦来镇,客栈,工作日,58.3,52.6,531,14868,美团,521,23
2026-10-22,m87,悦来云居客栈,悦来镇,客栈,工作日,58.3,52.6,531,14868,飞猪,534,22
2026-10-22,m87,悦来云居客栈,悦来镇,客栈,工作日,58.3,52.6,531,14868,同程,532,23
2026-10-23,m87,悦来云居客栈,悦来镇,客栈,工作日,52.1,46.9,518,12950,携程,527,26
2026-10-23,m87,悦来云居客栈,悦来镇,客栈,工作日,52.1,46.9,518,12950,美团,507,26
2026-10-23,m87,悦来云居客栈,悦来镇,客栈,工作日,52.1,46.9,518,12950,飞猪,520,25
2026-10-23,m87,悦来云居客栈,悦来镇,客栈,工作日,52.1,46.9,518,12950,同程,518,25
2026-10-24,m87,悦来云居客栈,悦来镇,客栈,周末,81.3,81.3,673,26247,携程,684,9
2026-10-24,m87,悦来云居客栈,悦来镇,客栈,周末,81.3,81.3,673,26247,美团,664,9
2026-10-24,m87,悦来云居客栈,悦来镇,客栈,周末,81.3,81.3,673,26247,飞猪,675,9
2026-10-24,m87,悦来云居客栈,悦来镇,客栈,周末,81.3,81.3,673,26247,同程,670,9
2026-10-25,m87,悦来云居客栈,悦来镇,客栈,周末,79.2,76.0,666,25308,携程,685,12
2026-10-25,m87,悦来云居客栈,悦来镇,客栈,周末,79.2,76.0,666,25308,美团,652,12
2026-10-25,m87,悦来云居客栈,悦来镇,客栈,周末,79.2,76.0,666,25308,飞猪,663,11
2026-10-25,m87,悦来云居客栈,悦来镇,客栈,周末,79.2,76.0,666,25308,同程,663,11
2026-10-26,m87,悦来云居客栈,悦来镇,客栈,工作日,58.3,56.3,536,15008,携程,544,21
2026-10-26,m87,悦来云居客栈,悦来镇,客栈,工作日,58.3,56.3,536,15008,美团,527,21
2026-10-26,m87,悦来云居客栈,悦来镇,客栈,工作日,58.3,56.3,536,15008,飞猪,539,21
2026-10-26,m87,悦来云居客栈,悦来镇,客栈,工作日,58.3,56.3,536,15008,同程,534,21
2026-10-27,m87,悦来云居客栈,悦来镇,客栈,工作日,60.4,55.2,526,15254,携程,536,21
2026-10-27,m87,悦来云居客栈,悦来镇,客栈,工作日,60.4,55.2,526,15254,美团,514,22
2026-10-27,m87,悦来云居客栈,悦来镇,客栈,工作日,60.4,55.2,526,15254,飞猪,527,22
2026-10-27,m87,悦来云居客栈,悦来镇,客栈,工作日,60.4,55.2,526,15254,同程,527,21
2026-10-28,m87,悦来云居客栈,悦来镇,客栈,工作日,50.0,44.3,508,12192,携程,516,26
2026-10-28,m87,悦来云居客栈,悦来镇,客栈,工作日,50.0,44.3,508,12192,美团,501,27
2026-10-28,m87,悦来云居客栈,悦来镇,客栈,工作日,50.0,44.3,508,12192,飞猪,510,27
2026-10-28,m87,悦来云居客栈,悦来镇,客栈,工作日,50.0,44.3,508,12192,同程,503,27
2026-10-29,m87,悦来云居客栈,悦来镇,客栈,工作日,47.9,46.9,531,12213,携程,537,26
2026-10-29,m87,悦来云居客栈,悦来镇,客栈,工作日,47.9,46.9,531,12213,美团,523,25
2026-10-29,m87,悦来云居客栈,悦来镇,客栈,工作日,47.9,46.9,531,12213,飞猪,531,26
2026-10-29,m87,悦来云居客栈,悦来镇,客栈,工作日,47.9,46.9,531,12213,同程,531,25
2026-10-30,m87,悦来云居客栈,悦来镇,客栈,工作日,60.4,59.9,529,15341,携程,534,19
2026-10-30,m87,悦来云居客栈,悦来镇,客栈,工作日,60.4,59.9,529,15341,美团,523,20
2026-10-30,m87,悦来云居客栈,悦来镇,客栈,工作日,60.4,59.9,529,15341,飞猪,536,19
2026-10-30,m87,悦来云居客栈,悦来镇,客栈,工作日,60.4,59.9,529,15341,同程,524,19
2026-10-31,m87,悦来云居客栈,悦来镇,客栈,周末,72.9,63.5,615,21525,携程,621,17
2026-10-31,m87,悦来云居客栈,悦来镇,客栈,周末,72.9,63.5,615,21525,美团,605,18
2026-10-31,m87,悦来云居客栈,悦来镇,客栈,周末,72.9,63.5,615,21525,飞猪,623,17
2026-10-31,m87,悦来云居客栈,悦来镇,客栈,周末,72.9,63.5,615,21525,同程,612,18
2026-10-01,m88,悦来老院子农家乐,悦来镇,农家乐,国庆,100.0,91.7,570,10260,美团,558,2
2026-10-01,m88,悦来老院子农家乐,悦来镇,农家乐,国庆,100.0,91.7,570,10260,途家,581,1
2026-10-02,m88,悦来老院子农家乐,悦来镇,农家乐,国庆,83.3,72.2,514,7710,美团,500,5
2026-10-02,m88,悦来老院子农家乐,悦来镇,农家乐,国庆,83.3,72.2,514,7710,途家,528,5
2026-10-03,m88,悦来老院子农家乐,悦来镇,农家乐,国庆,94.4,91.7,564,9588,美团,547,2
2026-10-03,m88,悦来老院子农家乐,悦来镇,农家乐,国庆,94.4,91.7,564,9588,途家,580,1
2026-10-04,m88,悦来老院子农家乐,悦来镇,农家乐,国庆,88.9,88.9,560,8960,美团,546,2
2026-10-04,m88,悦来老院子农家乐,悦来镇,农家乐,国庆,88.9,88.9,560,8960,途家,573,2
2026-10-05,m88,悦来老院子农家乐,悦来镇,农家乐,国庆,94.4,91.7,596,10132,美团,580,2
2026-10-05,m88,悦来老院子农家乐,悦来镇,农家乐,国庆,94.4,91.7,596,10132,途家,612,1
2026-10-06,m88,悦来老院子农家乐,悦来镇,农家乐,国庆,100.0,80.6,557,10026,美团,540,4
2026-10-06,m88,悦来老院子农家乐,悦来镇,农家乐,国庆,100.0,80.6,557,10026,途家,573,3
2026-10-07,m88,悦来老院子农家乐,悦来镇,农家乐,国庆,88.9,86.1,564,9024,美团,552,3
2026-10-07,m88,悦来老院子农家乐,悦来镇,农家乐,国庆,88.9,86.1,564,9024,途家,575,2
2026-10-08,m88,悦来老院子农家乐,悦来镇,农家乐,国庆,94.4,94.4,552,9384,美团,538,1
2026-10-08,m88,悦来老院子农家乐,悦来镇,农家乐,国庆,94.4,94.4,552,9384,途家,565,1
2026-10-09,m88,悦来老院子农家乐,悦来镇,农家乐,工作日,55.6,52.8,302,3020,美团,293,9
2026-10-09,m88,悦来老院子农家乐,悦来镇,农家乐,工作日,55.6,52.8,302,3020,途家,310,8
2026-10-10,m88,悦来老院子农家乐,悦来镇,农家乐,周末,83.3,80.6,384,5760,美团,373,4
2026-10-10,m88,悦来老院子农家乐,悦来镇,农家乐,周末,83.3,80.6,384,5760,途家,394,3
2026-10-11,m88,悦来老院子农家乐,悦来镇,农家乐,周末,66.7,58.3,353,4236,美团,343,8
2026-10-11,m88,悦来老院子农家乐,悦来镇,农家乐,周末,66.7,58.3,353,4236,途家,363,7
2026-10-12,m88,悦来老院子农家乐,悦来镇,农家乐,工作日,44.4,33.3,282,2256,美团,275,12
2026-10-12,m88,悦来老院子农家乐,悦来镇,农家乐,工作日,44.4,33.3,282,2256,途家,288,12
2026-10-13,m88,悦来老院子农家乐,悦来镇,农家乐,工作日,38.9,36.1,292,2044,美团,284,12
2026-10-13,m88,悦来老院子农家乐,悦来镇,农家乐,工作日,38.9,36.1,292,2044,途家,299,11
2026-10-14,m88,悦来老院子农家乐,悦来镇,农家乐,工作日,61.1,61.1,296,3256,美团,289,7
2026-10-14,m88,悦来老院子农家乐,悦来镇,农家乐,工作日,61.1,61.1,296,3256,途家,302,7
2026-10-15,m88,悦来老院子农家乐,悦来镇,农家乐,工作日,66.7,61.1,306,3672,美团,298,7
2026-10-15,m88,悦来老院子农家乐,悦来镇,农家乐,工作日,66.7,61.1,306,3672,途家,313,7
2026-10-16,m88,悦来老院子农家乐,悦来镇,农家乐,工作日,27.8,22.2,279,1395,美团,270,14
2026-10-16,m88,悦来老院子农家乐,悦来镇,农家乐,工作日,27.8,22.2,279,1395,途家,287,14
2026-10-17,m88,悦来老院子农家乐,悦来镇,农家乐,周末,66.7,63.9,379,4548,美团,369,7
2026-10-17,m88,悦来老院子农家乐,悦来镇,农家乐,周末,66.7,63.9,379,4548,途家,388,6
2026-10-18,m88,悦来老院子农家乐,悦来镇,农家乐,周末,94.4,83.3,384,6528,美团,374,3
2026-10-18,m88,悦来老院子农家乐,悦来镇,农家乐,周末,94.4,83.3,384,6528,途家,393,3
2026-10-19,m88,悦来老院子农家乐,悦来镇,农家乐,工作日,38.9,38.9,297,2079,美团,289,11
2026-10-19,m88,悦来老院子农家乐,悦来镇,农家乐,工作日,38.9,38.9,297,2079,途家,305,11
2026-10-20,m88,悦来老院子农家乐,悦来镇,农家乐,工作日,55.6,47.2,298,2980,美团,288,10
2026-10-20,m88,悦来老院子农家乐,悦来镇,农家乐,工作日,55.6,47.2,298,2980,途家,307,9
2026-10-21,m88,悦来老院子农家乐,悦来镇,农家乐,工作日,44.4,44.4,298,2384,美团,291,10
2026-10-21,m88,悦来老院子农家乐,悦来镇,农家乐,工作日,44.4,44.4,298,2384,途家,304,10
2026-10-22,m88,悦来老院子农家乐,悦来镇,农家乐,工作日,38.9,38.9,281,1967,美团,276,11
2026-10-22,m88,悦来老院子农家乐,悦来镇,农家乐,工作日,38.9,38.9,281,1967,途家,286,11
2026-10-23,m88,悦来老院子农家乐,悦来镇,农家乐,工作日,33.3,27.8,292,1752,美团,283,13
2026-10-23,m88,悦来老院子农家乐,悦来镇,农家乐,工作日,33.3,27.8,292,1752,途家,300,13
2026-10-24,m88,悦来老院子农家乐,悦来镇,农家乐,周末,77.8,72.2,365,5110,美团,356,5
2026-10-24,m88,悦来老院子农家乐,悦来镇,农家乐,周末,77.8,72.2,365,5110,途家,374,5
2026-10-25,m88,悦来老院子农家乐,悦来镇,农家乐,周末,72.2,66.7,370,4810,美团,361,6
2026-10-25,m88,悦来老院子农家乐,悦来镇,农家乐,周末,72.2,66.7,370,4810,途家,378,6
2026-10-26,m88,悦来老院子农家乐,悦来镇,农家乐,工作日,61.1,52.8,292,3212,美团,285,9
2026-10-26,m88,悦来老院子农家乐,悦来镇,农家乐,工作日,61.1,52.8,292,3212,途家,299,8
2026-10-27,m88,悦来老院子农家乐,悦来镇,农家乐,工作日,77.8,63.9,304,4256,美团,297,7
2026-10-27,m88,悦来老院子农家乐,悦来镇,农家乐,工作日,77.8,63.9,304,4256,途家,311,6
2026-10-28,m88,悦来老院子农家乐,悦来镇,农家乐,工作日,72.2,63.9,315,4095,美团,305,7
2026-10-28,m88,悦来老院子农家乐,悦来镇,农家乐,工作日,72.2,63.9,315,4095,途家,325,6
2026-10-29,m88,悦来老院子农家乐,悦来镇,农家乐,工作日,33.3,27.8,290,1740,美团,282,13
2026-10-29,m88,悦来老院子农家乐,悦来镇,农家乐,工作日,33.3,27.8,290,1740,途家,297,13
2026-10-30,m88,悦来老院子农家乐,悦来镇,农家乐,工作日,38.9,36.1,294,2058,美团,289,12
2026-10-30,m88,悦来老院子农家乐,悦来镇,农家乐,工作日,38.9,36.1,294,2058,途家,299,11
2026-10-31,m88,悦来老院子农家乐,悦来镇,农家乐,周末,77.8,75.0,378,5292,美团,368,5
2026-10-31,m88,悦来老院子农家乐,悦来镇,农家乐,周末,77.8,75.0,378,5292,途家,387,4
2026-10-01,m89,䢺江初见客栈,䢺江镇,客栈,国庆,100.0,96.3,986,26622,去哪儿,963,1
2026-10-01,m89,䢺江初见客栈,䢺江镇,客栈,国庆,100.0,96.3,986,26622,途家,1008,1
2026-10-02,m89,䢺江初见客栈,䢺江镇,客栈,国庆,96.3,96.3,977,25402,去哪儿,954,1
2026-10-02,m89,䢺江初见客栈,䢺江镇,客栈,国庆,96.3,96.3,977,25402,途家,999,1
2026-10-03,m89,䢺江初见客栈,䢺江镇,客栈,国庆,85.2,85.2,980,22540,去哪儿,960,4
2026-10-03,m89,䢺江初见客栈,䢺江镇,客栈,国庆,85.2,85.2,980,22540,途家,1000,4
2026-10-04,m89,䢺江初见客栈,䢺江镇,客栈,国庆,96.3,92.6,925,24050,去哪儿,907,2
2026-10-04,m89,䢺江初见客栈,䢺江镇,客栈,国庆,96.3,92.6,925,24050,途家,943,2
2026-10-05,m89,䢺江初见客栈,䢺江镇,客栈,国庆,100.0,96.3,987,26649,去哪儿,969,1
2026-10-05,m89,䢺江初见客栈,䢺江镇,客栈,国庆,100.0,96.3,987,26649,途家,1004,1
2026-10-06,m89,䢺江初见客栈,䢺江镇,客栈,国庆,92.6,92.6,965,24125,去哪儿,951,2
2026-10-06,m89,䢺江初见客栈,䢺江镇,客栈,国庆,92.6,92.6,965,24125,途家,979,2
2026-10-07,m89,䢺江初见客栈,䢺江镇,客栈,国庆,92.6,85.2,968,24200,去哪儿,953,4
2026-10-07,m89,䢺江初见客栈,䢺江镇,客栈,国庆,92.6,85.2,968,24200,途家,982,4
2026-10-08,m89,䢺江初见客栈,䢺江镇,客栈,国庆,96.3,96.3,969,25194,去哪儿,951,1
2026-10-08,m89,䢺江初见客栈,䢺江镇,客栈,国庆,96.3,96.3,969,25194,途家,987,1
2026-10-09,m89,䢺江初见客栈,䢺江镇,客栈,工作日,44.4,40.7,493,5916,去哪儿,482,16
2026-10-09,m89,䢺江初见客栈,䢺江镇,客栈,工作日,44.4,40.7,493,5916,途家,504,16
2026-10-10,m89,䢺江初见客栈,䢺江镇,客栈,周末,88.9,77.8,644,15456,去哪儿,636,6
2026-10-10,m89,䢺江初见客栈,䢺江镇,客栈,周末,88.9,77.8,644,15456,途家,652,6
2026-10-11,m89,䢺江初见客栈,䢺江镇,客栈,周末,92.6,85.2,633,15825,去哪儿,619,4
2026-10-11,m89,䢺江初见客栈,䢺江镇,客栈,周末,92.6,85.2,633,15825,途家,646,4
2026-10-12,m89,䢺江初见客栈,䢺江镇,客栈,工作日,48.1,48.1,508,6604,去哪儿,496,14
2026-10-12,m89,䢺江初见客栈,䢺江镇,客栈,工作日,48.1,48.1,508,6604,途家,519,14
2026-10-13,m89,䢺江初见客栈,䢺江镇,客栈,工作日,74.1,70.4,543,10860,去哪儿,527,8
2026-10-13,m89,䢺江初见客栈,䢺江镇,客栈,工作日,74.1,70.4,543,10860,途家,559,8
2026-10-14,m89,䢺江初见客栈,䢺江镇,客栈,工作日,63.0,59.3,502,8534,去哪儿,493,11
2026-10-14,m89,䢺江初见客栈,䢺江镇,客栈,工作日,63.0,59.3,502,8534,途家,510,11
2026-10-15,m89,䢺江初见客栈,䢺江镇,客栈,工作日,66.7,63.0,520,9360,去哪儿,508,10
2026-10-15,m89,䢺江初见客栈,䢺江镇,客栈,工作日,66.7,63.0,520,9360,途家,532,10
2026-10-16,m89,䢺江初见客栈,䢺江镇,客栈,工作日,55.6,48.1,497,7455,去哪儿,488,14
2026-10-16,m89,䢺江初见客栈,䢺江镇,客栈,工作日,55.6,48.1,497,7455,途家,505,14
2026-10-17,m89,䢺江初见客栈,䢺江镇,客栈,周末,85.2,85.2,653,15019,去哪儿,641,4
2026-10-17,m89,䢺江初见客栈,䢺江镇,客栈,周末,85.2,85.2,653,15019,途家,665,4
2026-10-18,m89,䢺江初见客栈,䢺江镇,客栈,周末,70.4,70.4,615,11685,去哪儿,602,8
2026-10-18,m89,䢺江初见客栈,䢺江镇,客栈,周末,70.4,70.4,615,11685,途家,627,8
2026-10-19,m89,䢺江初见客栈,䢺江镇,客栈,工作日,55.6,55.6,498,7470,去哪儿,487,12
2026-10-19,m89,䢺江初见客栈,䢺江镇,客栈,工作日,55.6,55.6,498,7470,途家,509,12
2026-10-20,m89,䢺江初见客栈,䢺江镇,客栈,工作日,48.1,48.1,503,6539,去哪儿,492,14
2026-10-20,m89,䢺江初见客栈,䢺江镇,客栈,工作日,48.1,48.1,503,6539,途家,514,14
2026-10-21,m89,䢺江初见客栈,䢺江镇,客栈,工作日,55.6,51.9,526,7890,去哪儿,515,13
2026-10-21,m89,䢺江初见客栈,䢺江镇,客栈,工作日,55.6,51.9,526,7890,途家,537,13
2026-10-22,m89,䢺江初见客栈,䢺江镇,客栈,工作日,70.4,70.4,536,10184,去哪儿,524,8
2026-10-22,m89,䢺江初见客栈,䢺江镇,客栈,工作日,70.4,70.4,536,10184,途家,547,8
2026-10-23,m89,䢺江初见客栈,䢺江镇,客栈,工作日,51.9,44.4,505,7070,去哪儿,496,15
2026-10-23,m89,䢺江初见客栈,䢺江镇,客栈,工作日,51.9,44.4,505,7070,途家,513,15
2026-10-24,m89,䢺江初见客栈,䢺江镇,客栈,周末,88.9,85.2,639,15336,去哪儿,624,4
2026-10-24,m89,䢺江初见客栈,䢺江镇,客栈,周末,88.9,85.2,639,15336,途家,654,4
2026-10-25,m89,䢺江初见客栈,䢺江镇,客栈,周末,77.8,77.8,636,13356,去哪儿,625,6
2026-10-25,m89,䢺江初见客栈,䢺江镇,客栈,周末,77.8,77.8,636,13356,途家,647,6
2026-10-26,m89,䢺江初见客栈,䢺江镇,客栈,工作日,37.0,33.3,499,4990,去哪儿,491,18
2026-10-26,m89,䢺江初见客栈,䢺江镇,客栈,工作日,37.0,33.3,499,4990,途家,506,18
2026-10-27,m89,䢺江初见客栈,䢺江镇,客栈,工作日,70.4,70.4,536,10184,去哪儿,527,8
2026-10-27,m89,䢺江初见客栈,䢺江镇,客栈,工作日,70.4,70.4,536,10184,途家,544,8
2026-10-28,m89,䢺江初见客栈,䢺江镇,客栈,工作日,44.4,44.4,503,6036,去哪儿,491,15
2026-10-28,m89,䢺江初见客栈,䢺江镇,客栈,工作日,44.4,44.4,503,6036,途家,515,15
2026-10-29,m89,䢺江初见客栈,䢺江镇,客栈,工作日,55.6,55.6,506,7590,去哪儿,496,12
2026-10-29,m89,䢺江初见客栈,䢺江镇,客栈,工作日,55.6,55.6,506,7590,途家,515,12
2026-10-30,m89,䢺江初见客栈,䢺江镇,客栈,工作日,55.6,55.6,516,7740,去哪儿,501,12
2026-10-30,m89,䢺江初见客栈,䢺江镇,客栈,工作日,55.6,55.6,516,7740,途家,530,12
2026-10-31,m89,䢺江初见客栈,䢺江镇,客栈,周末,81.5,77.8,641,14102,去哪儿,627,6
2026-10-31,m89,䢺江初见客栈,䢺江镇,客栈,周末,81.5,77.8,641,14102,途家,655,6
2026-10-01,m90,䢺江张家农家乐,䢺江镇,农家乐,国庆,83.3,72.2,511,2555,携程,521,2
2026-10-01,m90,䢺江张家农家乐,䢺江镇,农家乐,国庆,83.3,72.2,511,2555,美团,500,2
2026-10-01,m90,䢺江张家农家乐,䢺江镇,农家乐,国庆,83.3,72.2,511,2555,飞猪,512,1
2026-10-02,m90,䢺江张家农家乐,䢺江镇,农家乐,国庆,100.0,100.0,551,3306,携程,557,0
2026-10-02,m90,䢺江张家农家乐,䢺江镇,农家乐,国庆,100.0,100.0,551,3306,美团,538,0
2026-10-02,m90,䢺江张家农家乐,䢺江镇,农家乐,国庆,100.0,100.0,551,3306,飞猪,558,0
2026-10-03,m90,䢺江张家农家乐,䢺江镇,农家乐,国庆,83.3,77.8,519,2595,携程,525,1
2026-10-03,m90,䢺江张家农家乐,䢺江镇,农家乐,国庆,83.3,77.8,519,2595,美团,511,2
2026-10-03,m90,䢺江张家农家乐,䢺江镇,农家乐,国庆,83.3,77.8,519,2595,飞猪,522,1
2026-10-04,m90,䢺江张家农家乐,䢺江镇,农家乐,国庆,100.0,72.2,501,3006,携程,509,1
2026-10-04,m90,䢺江张家农家乐,䢺江镇,农家乐,国庆,100.0,72.2,501,3006,美团,489,2
2026-10-04,m90,䢺江张家农家乐,䢺江镇,农家乐,国庆,100.0,72.2,501,3006,飞猪,506,2
2026-10-05,m90,䢺江张家农家乐,䢺江镇,农家乐,国庆,100.0,94.4,557,3342,携程,564,0
2026-10-05,m90,䢺江张家农家乐,䢺江镇,农家乐,国庆,100.0,94.4,557,3342,美团,550,0
2026-10-05,m90,䢺江张家农家乐,䢺江镇,农家乐,国庆,100.0,94.4,557,3342,飞猪,558,1
2026-10-06,m90,䢺江张家农家乐,䢺江镇,农家乐,国庆,66.7,44.4,477,1908,携程,483,3
2026-10-06,m90,䢺江张家农家乐,䢺江镇,农家乐,国庆,66.7,44.4,477,1908,美团,468,4
2026-10-06,m90,䢺江张家农家乐,䢺江镇,农家乐,国庆,66.7,44.4,477,1908,飞猪,481,3
2026-10-07,m90,䢺江张家农家乐,䢺江镇,农家乐,国庆,100.0,94.4,537,3222,携程,545,0
2026-10-07,m90,䢺江张家农家乐,䢺江镇,农家乐,国庆,100.0,94.4,537,3222,美团,525,1
2026-10-07,m90,䢺江张家农家乐,䢺江镇,农家乐,国庆,100.0,94.4,537,3222,飞猪,540,0
2026-10-08,m90,䢺江张家农家乐,䢺江镇,农家乐,国庆,100.0,94.4,515,3090,携程,521,1
2026-10-08,m90,䢺江张家农家乐,䢺江镇,农家乐,国庆,100.0,94.4,515,3090,美团,509,0
2026-10-08,m90,䢺江张家农家乐,䢺江镇,农家乐,国庆,100.0,94.4,515,3090,飞猪,516,0
2026-10-09,m90,䢺江张家农家乐,䢺江镇,农家乐,工作日,33.3,33.3,265,530,携程,270,4
2026-10-09,m90,䢺江张家农家乐,䢺江镇,农家乐,工作日,33.3,33.3,265,530,美团,259,4
2026-10-09,m90,䢺江张家农家乐,䢺江镇,农家乐,工作日,33.3,33.3,265,530,飞猪,267,4
2026-10-10,m90,䢺江张家农家乐,䢺江镇,农家乐,周末,66.7,61.1,336,1344,携程,342,3
2026-10-10,m90,䢺江张家农家乐,䢺江镇,农家乐,周末,66.7,61.1,336,1344,美团,328,2
2026-10-10,m90,䢺江张家农家乐,䢺江镇,农家乐,周末,66.7,61.1,336,1344,飞猪,337,2
2026-10-11,m90,䢺江张家农家乐,䢺江镇,农家乐,周末,66.7,61.1,330,1320,携程,335,2
2026-10-11,m90,䢺江张家农家乐,䢺江镇,农家乐,周末,66.7,61.1,330,1320,美团,326,3
2026-10-11,m90,䢺江张家农家乐,䢺江镇,农家乐,周末,66.7,61.1,330,1320,飞猪,329,2
2026-10-12,m90,䢺江张家农家乐,䢺江镇,农家乐,工作日,83.3,83.3,289,1445,携程,295,1
2026-10-12,m90,䢺江张家农家乐,䢺江镇,农家乐,工作日,83.3,83.3,289,1445,美团,283,1
2026-10-12,m90,䢺江张家农家乐,䢺江镇,农家乐,工作日,83.3,83.3,289,1445,飞猪,289,1
2026-10-13,m90,䢺江张家农家乐,䢺江镇,农家乐,工作日,16.7,16.7,267,267,携程,268,5
2026-10-13,m90,䢺江张家农家乐,䢺江镇,农家乐,工作日,16.7,16.7,267,267,美团,264,5
2026-10-13,m90,䢺江张家农家乐,䢺江镇,农家乐,工作日,16.7,16.7,267,267,飞猪,268,5
2026-10-14,m90,䢺江张家农家乐,䢺江镇,农家乐,工作日,83.3,66.7,298,1490,携程,304,2
2026-10-14,m90,䢺江张家农家乐,䢺江镇,农家乐,工作日,83.3,66.7,298,1490,美团,294,2
2026-10-14,m90,䢺江张家农家乐,䢺江镇,农家乐,工作日,83.3,66.7,298,1490,飞猪,297,2
2026-10-15,m90,䢺江张家农家乐,䢺江镇,农家乐,工作日,16.7,11.1,266,266,携程,271,5
2026-10-15,m90,䢺江张家农家乐,䢺江镇,农家乐,工作日,16.7,11.1,266,266,美团,262,6
2026-10-15,m90,䢺江张家农家乐,䢺江镇,农家乐,工作日,16.7,11.1,266,266,飞猪,266,5
2026-10-16,m90,䢺江张家农家乐,䢺江镇,农家乐,工作日,33.3,33.3,263,526,携程,268,4
2026-10-16,m90,䢺江张家农家乐,䢺江镇,农家乐,工作日,33.3,33.3,263,526,美团,257,4
2026-10-16,m90,䢺江张家农家乐,䢺江镇,农家乐,工作日,33.3,33.3,263,526,飞猪,264,4
2026-10-17,m90,䢺江张家农家乐,䢺江镇,农家乐,周末,33.3,33.3,319,638,携程,322,4
2026-10-17,m90,䢺江张家农家乐,䢺江镇,农家乐,周末,33.3,33.3,319,638,美团,316,4
2026-10-17,m90,䢺江张家农家乐,䢺江镇,农家乐,周末,33.3,33.3,319,638,飞猪,320,4
2026-10-18,m90,䢺江张家农家乐,䢺江镇,农家乐,周末,50.0,50.0,310,930,携程,317,3
2026-10-18,m90,䢺江张家农家乐,䢺江镇,农家乐,周末,50.0,50.0,310,930,美团,305,3
2026-10-18,m90,䢺江张家农家乐,䢺江镇,农家乐,周末,50.0,50.0,310,930,飞猪,308,3
2026-10-19,m90,䢺江张家农家乐,䢺江镇,农家乐,工作日,33.3,27.8,261,522,携程,265,4
2026-10-19,m90,䢺江张家农家乐,䢺江镇,农家乐,工作日,33.3,27.8,261,522,美团,256,4
2026-10-19,m90,䢺江张家农家乐,䢺江镇,农家乐,工作日,33.3,27.8,261,522,飞猪,263,5
2026-10-20,m90,䢺江张家农家乐,䢺江镇,农家乐,工作日,66.7,66.7,288,1152,携程,290,2
2026-10-20,m90,䢺江张家农家乐,䢺江镇,农家乐,工作日,66.7,66.7,288,1152,美团,286,2
2026-10-20,m90,䢺江张家农家乐,䢺江镇,农家乐,工作日,66.7,66.7,288,1152,飞猪,288,2
2026-10-21,m90,䢺江张家农家乐,䢺江镇,农家乐,工作日,33.3,16.7,262,524,携程,263,5
2026-10-21,m90,䢺江张家农家乐,䢺江镇,农家乐,工作日,33.3,16.7,262,524,美团,259,5
2026-10-21,m90,䢺江张家农家乐,䢺江镇,农家乐,工作日,33.3,16.7,262,524,飞猪,264,5
2026-10-22,m90,䢺江张家农家乐,䢺江镇,农家乐,工作日,33.3,16.7,258,516,携程,263,5
2026-10-22,m90,䢺江张家农家乐,䢺江镇,农家乐,工作日,33.3,16.7,258,516,美团,252,5
2026-10-22,m90,䢺江张家农家乐,䢺江镇,农家乐,工作日,33.3,16.7,258,516,飞猪,258,5
2026-10-23,m90,䢺江张家农家乐,䢺江镇,农家乐,工作日,0.0,0.0,248,0,携程,253,6
2026-10-23,m90,䢺江张家农家乐,䢺江镇,农家乐,工作日,0.0,0.0,248,0,美团,243,6
2026-10-23,m90,䢺江张家农家乐,䢺江镇,农家乐,工作日,0.0,0.0,248,0,飞猪,248,6
2026-10-24,m90,䢺江张家农家乐,䢺江镇,农家乐,周末,66.7,66.7,348,1392,携程,355,2
2026-10-24,m90,䢺江张家农家乐,䢺江镇,农家乐,周末,66.7,66.7,348,1392,美团,342,2
2026-10-24,m90,䢺江张家农家乐,䢺江镇,农家乐,周末,66.7,66.7,348,1392,飞猪,346,2
2026-10-25,m90,䢺江张家农家乐,䢺江镇,农家乐,周末,83.3,61.1,351,1755,携程,357,3
2026-10-25,m90,䢺江张家农家乐,䢺江镇,农家乐,周末,83.3,61.1,351,1755,美团,344,2
2026-10-25,m90,䢺江张家农家乐,䢺江镇,农家乐,周末,83.3,61.1,351,1755,飞猪,353,2
2026-10-26,m90,䢺江张家农家乐,䢺江镇,农家乐,工作日,50.0,38.9,275,825,携程,277,4
2026-10-26,m90,䢺江张家农家乐,䢺江镇,农家乐,工作日,50.0,38.9,275,825,美团,272,3
2026-10-26,m90,䢺江张家农家乐,䢺江镇,农家乐,工作日,50.0,38.9,275,825,飞猪,275,4
2026-10-27,m90,䢺江张家农家乐,䢺江镇,农家乐,工作日,66.7,61.1,271,1084,携程,273,2
2026-10-27,m90,䢺江张家农家乐,䢺江镇,农家乐,工作日,66.7,61.1,271,1084,美团,268,3
2026-10-27,m90,䢺江张家农家乐,䢺江镇,农家乐,工作日,66.7,61.1,271,1084,飞猪,273,2
2026-10-28,m90,䢺江张家农家乐,䢺江镇,农家乐,工作日,33.3,27.8,262,524,携程,269,4
2026-10-28,m90,䢺江张家农家乐,䢺江镇,农家乐,工作日,33.3,27.8,262,524,美团,256,5
2026-10-28,m90,䢺江张家农家乐,䢺江镇,农家乐,工作日,33.3,27.8,262,524,飞猪,261,4
2026-10-29,m90,䢺江张家农家乐,䢺江镇,农家乐,工作日,50.0,50.0,267,801,携程,271,3
2026-10-29,m90,䢺江张家农家乐,䢺江镇,农家乐,工作日,50.0,50.0,267,801,美团,263,3
2026-10-29,m90,䢺江张家农家乐,䢺江镇,农家乐,工作日,50.0,50.0,267,801,飞猪,266,3
2026-10-30,m90,䢺江张家农家乐,䢺江镇,农家乐,工作日,50.0,50.0,276,828,携程,281,3
2026-10-30,m90,䢺江张家农家乐,䢺江镇,农家乐,工作日,50.0,50.0,276,828,美团,270,3
2026-10-30,m90,䢺江张家农家乐,䢺江镇,农家乐,工作日,50.0,50.0,276,828,飞猪,276,3
2026-10-31,m90,䢺江张家农家乐,䢺江镇,农家乐,周末,66.7,61.1,334,1336,携程,337,2
2026-10-31,m90,䢺江张家农家乐,䢺江镇,农家乐,周末,66.7,61.1,334,1336,美团,328,3
2026-10-31,m90,䢺江张家农家乐,䢺江镇,农家乐,周末,66.7,61.1,334,1336,飞猪,337,2
2026-10-01,m91,䢺江中铁假日酒店,䢺江镇,酒店,国庆,95.2,89.4,1298,229746,美团,1287,20
2026-10-01,m91,䢺江中铁假日酒店,䢺江镇,酒店,国庆,95.2,89.4,1298,229746,飞猪,1313,19
2026-10-01,m91,䢺江中铁假日酒店,䢺江镇,酒店,国庆,95.2,89.4,1298,229746,同程,1293,20
2026-10-02,m91,䢺江中铁假日酒店,䢺江镇,酒店,国庆,96.2,95.0,1317,235743,美团,1309,10
2026-10-02,m91,䢺江中铁假日酒店,䢺江镇,酒店,国庆,96.2,95.0,1317,235743,飞猪,1333,9
2026-10-02,m91,䢺江中铁假日酒店,䢺江镇,酒店,国庆,96.2,95.0,1317,235743,同程,1310,9
2026-10-03,m91,䢺江中铁假日酒店,䢺江镇,酒店,国庆,97.3,95.2,1306,236386,美团,1289,9
2026-10-03,m91,䢺江中铁假日酒店,䢺江镇,酒店,国庆,97.3,95.2,1306,236386,飞猪,1313,9
2026-10-03,m91,䢺江中铁假日酒店,䢺江镇,酒店,国庆,97.3,95.2,1306,236386,同程,1316,9
2026-10-04,m91,䢺江中铁假日酒店,䢺江镇,酒店,国庆,92.5,86.0,1272,218784,美团,1259,26
2026-10-04,m91,䢺江中铁假日酒店,䢺江镇,酒店,国庆,92.5,86.0,1272,218784,飞猪,1273,26
2026-10-04,m91,䢺江中铁假日酒店,䢺江镇,酒店,国庆,92.5,86.0,1272,218784,同程,1285,26
2026-10-05,m91,䢺江中铁假日酒店,䢺江镇,酒店,国庆,90.3,86.9,1290,216720,美团,1279,24
2026-10-05,m91,䢺江中铁假日酒店,䢺江镇,酒店,国庆,90.3,86.9,1290,216720,飞猪,1297,25
2026-10-05,m91,䢺江中铁假日酒店,䢺江镇,酒店,国庆,90.3,86.9,1290,216720,同程,1293,24
2026-10-06,m91,䢺江中铁假日酒店,䢺江镇,酒店,国庆,91.9,85.7,1301,222471,美团,1280,27
2026-10-06,m91,䢺江中铁假日酒店,䢺江镇,酒店,国庆,91.9,85.7,1301,222471,飞猪,1320,27
2026-10-06,m91,䢺江中铁假日酒店,䢺江镇,酒店,国庆,91.9,85.7,1301,222471,同程,1304,26
2026-10-07,m91,䢺江中铁假日酒店,䢺江镇,酒店,国庆,90.3,83.5,1272,213696,美团,1261,31
2026-10-07,m91,䢺江中铁假日酒店,䢺江镇,酒店,国庆,90.3,83.5,1272,213696,飞猪,1287,31
2026-10-07,m91,䢺江中铁假日酒店,䢺江镇,酒店,国庆,90.3,83.5,1272,213696,同程,1268,30
2026-10-08,m91,䢺江中铁假日酒店,䢺江镇,酒店,国庆,93.5,85.7,1297,225678,美团,1289,27
2026-10-08,m91,䢺江中铁假日酒店,䢺江镇,酒店,国庆,93.5,85.7,1297,225678,飞猪,1315,27
2026-10-08,m91,䢺江中铁假日酒店,䢺江镇,酒店,国庆,93.5,85.7,1297,225678,同程,1286,26
2026-10-09,m91,䢺江中铁假日酒店,䢺江镇,酒店,工作日,53.2,52.2,682,67518,美团,672,89
2026-10-09,m91,䢺江中铁假日酒店,䢺江镇,酒店,工作日,53.2,52.2,682,67518,飞猪,692,89
2026-10-09,m91,䢺江中铁假日酒店,䢺江镇,酒店,工作日,53.2,52.2,682,67518,同程,682,89
2026-10-10,m91,䢺江中铁假日酒店,䢺江镇,酒店,周末,81.2,74.7,831,125481,美团,818,47
2026-10-10,m91,䢺江中铁假日酒店,䢺江镇,酒店,周末,81.2,74.7,831,125481,飞猪,844,47
2026-10-10,m91,䢺江中铁假日酒店,䢺江镇,酒店,周末,81.2,74.7,831,125481,同程,830,47
2026-10-11,m91,䢺江中铁假日酒店,䢺江镇,酒店,周末,81.2,77.1,859,129709,美团,851,43
2026-10-11,m91,䢺江中铁假日酒店,䢺江镇,酒店,周末,81.2,77.1,859,129709,飞猪,864,42
2026-10-11,m91,䢺江中铁假日酒店,䢺江镇,酒店,周末,81.2,77.1,859,129709,同程,861,43
2026-10-12,m91,䢺江中铁假日酒店,䢺江镇,酒店,工作日,55.4,53.4,685,70555,美团,683,86
2026-10-12,m91,䢺江中铁假日酒店,䢺江镇,酒店,工作日,55.4,53.4,685,70555,飞猪,689,87
2026-10-12,m91,䢺江中铁假日酒店,䢺江镇,酒店,工作日,55.4,53.4,685,70555,同程,682,87
2026-10-13,m91,䢺江中铁假日酒店,䢺江镇,酒店,工作日,55.9,52.9,685,71240,美团,679,88
2026-10-13,m91,䢺江中铁假日酒店,䢺江镇,酒店,工作日,55.9,52.9,685,71240,飞猪,687,87
2026-10-13,m91,䢺江中铁假日酒店,䢺江镇,酒店,工作日,55.9,52.9,685,71240,同程,690,88
2026-10-14,m91,䢺江中铁假日酒店,䢺江镇,酒店,工作日,53.2,50.7,689,68211,美团,683,92
2026-10-14,m91,䢺江中铁假日酒店,䢺江镇,酒店,工作日,53.2,50.7,689,68211,飞猪,691,91
2026-10-14,m91,䢺江中铁假日酒店,䢺江镇,酒店,工作日,53.2,50.7,689,68211,同程,694,92
2026-10-15,m91,䢺江中铁假日酒店,䢺江镇,酒店,工作日,57.5,55.0,687,73509,美团,683,84
2026-10-15,m91,䢺江中铁假日酒店,䢺江镇,酒店,工作日,57.5,55.0,687,73509,飞猪,696,83
2026-10-15,m91,䢺江中铁假日酒店,䢺江镇,酒店,工作日,57.5,55.0,687,73509,同程,682,84
2026-10-16,m91,䢺江中铁假日酒店,䢺江镇,酒店,工作日,55.9,52.9,683,71032,美团,676,88
2026-10-16,m91,䢺江中铁假日酒店,䢺江镇,酒店,工作日,55.9,52.9,683,71032,飞猪,690,87
2026-10-16,m91,䢺江中铁假日酒店,䢺江镇,酒店,工作日,55.9,52.9,683,71032,同程,684,88
2026-10-17,m91,䢺江中铁假日酒店,䢺江镇,酒店,周末,82.8,77.2,848,130592,美团,840,42
2026-10-17,m91,䢺江中铁假日酒店,䢺江镇,酒店,周末,82.8,77.2,848,130592,飞猪,850,42
2026-10-17,m91,䢺江中铁假日酒店,䢺江镇,酒店,周末,82.8,77.2,848,130592,同程,854,43
2026-10-18,m91,䢺江中铁假日酒店,䢺江镇,酒店,周末,79.0,75.4,853,125391,美团,841,46
2026-10-18,m91,䢺江中铁假日酒店,䢺江镇,酒店,周末,79.0,75.4,853,125391,飞猪,862,45
2026-10-18,m91,䢺江中铁假日酒店,䢺江镇,酒店,周末,79.0,75.4,853,125391,同程,857,46
2026-10-19,m91,䢺江中铁假日酒店,䢺江镇,酒店,工作日,57.0,53.0,686,72716,美团,680,87
2026-10-19,m91,䢺江中铁假日酒店,䢺江镇,酒店,工作日,57.0,53.0,686,72716,飞猪,693,88
2026-10-19,m91,䢺江中铁假日酒店,䢺江镇,酒店,工作日,57.0,53.0,686,72716,同程,686,87
2026-10-20,m91,䢺江中铁假日酒店,䢺江镇,酒店,工作日,57.5,53.0,686,73402,美团,683,87
2026-10-20,m91,䢺江中铁假日酒店,䢺江镇,酒店,工作日,57.5,53.0,686,73402,飞猪,688,87
2026-10-20,m91,䢺江中铁假日酒店,䢺江镇,酒店,工作日,57.5,53.0,686,73402,同程,687,88
2026-10-21,m91,䢺江中铁假日酒店,䢺江镇,酒店,工作日,55.9,53.9,695,72280,美团,686,86
2026-10-21,m91,䢺江中铁假日酒店,䢺江镇,酒店,工作日,55.9,53.9,695,72280,飞猪,704,85
2026-10-21,m91,䢺江中铁假日酒店,䢺江镇,酒店,工作日,55.9,53.9,695,72280,同程,696,86
2026-10-22,m91,䢺江中铁假日酒店,䢺江镇,酒店,工作日,53.2,50.7,681,67419,美团,678,92
2026-10-22,m91,䢺江中铁假日酒店,䢺江镇,酒店,工作日,53.2,50.7,681,67419,飞猪,688,91
2026-10-22,m91,䢺江中铁假日酒店,䢺江镇,酒店,工作日,53.2,50.7,681,67419,同程,678,92
2026-10-23,m91,䢺江中铁假日酒店,䢺江镇,酒店,工作日,55.4,52.2,681,70143,美团,671,89
2026-10-23,m91,䢺江中铁假日酒店,䢺江镇,酒店,工作日,55.4,52.2,681,70143,飞猪,685,89
2026-10-23,m91,䢺江中铁假日酒店,䢺江镇,酒店,工作日,55.4,52.2,681,70143,同程,688,89
2026-10-24,m91,䢺江中铁假日酒店,䢺江镇,酒店,周末,79.0,74.4,839,123333,美团,832,47
2026-10-24,m91,䢺江中铁假日酒店,䢺江镇,酒店,周末,79.0,74.4,839,123333,飞猪,852,48
2026-10-24,m91,䢺江中铁假日酒店,䢺江镇,酒店,周末,79.0,74.4,839,123333,同程,833,48
2026-10-25,m91,䢺江中铁假日酒店,䢺江镇,酒店,周末,86.0,82.3,856,136960,美团,851,33
2026-10-25,m91,䢺江中铁假日酒店,䢺江镇,酒店,周末,86.0,82.3,856,136960,飞猪,862,33
2026-10-25,m91,䢺江中铁假日酒店,䢺江镇,酒店,周末,86.0,82.3,856,136960,同程,855,33
2026-10-26,m91,䢺江中铁假日酒店,䢺江镇,酒店,工作日,55.9,52.9,686,71344,美团,684,88
2026-10-26,m91,䢺江中铁假日酒店,䢺江镇,酒店,工作日,55.9,52.9,686,71344,飞猪,691,87
2026-10-26,m91,䢺江中铁假日酒店,䢺江镇,酒店,工作日,55.9,52.9,686,71344,同程,683,88
2026-10-27,m91,䢺江中铁假日酒店,䢺江镇,酒店,工作日,48.4,47.1,678,61020,美团,663,98
2026-10-27,m91,䢺江中铁假日酒店,䢺江镇,酒店,工作日,48.4,47.1,678,61020,飞猪,687,98
2026-10-27,m91,䢺江中铁假日酒店,䢺江镇,酒店,工作日,48.4,47.1,678,61020,同程,685,99
2026-10-28,m91,䢺江中铁假日酒店,䢺江镇,酒店,工作日,51.6,48.6,678,65088,美团,673,96
2026-10-28,m91,䢺江中铁假日酒店,䢺江镇,酒店,工作日,51.6,48.6,678,65088,飞猪,681,95
2026-10-28,m91,䢺江中铁假日酒店,䢺江镇,酒店,工作日,51.6,48.6,678,65088,同程,679,96
2026-10-29,m91,䢺江中铁假日酒店,䢺江镇,酒店,工作日,57.5,55.7,691,73937,美团,687,83
2026-10-29,m91,䢺江中铁假日酒店,䢺江镇,酒店,工作日,57.5,55.7,691,73937,飞猪,696,82
2026-10-29,m91,䢺江中铁假日酒店,䢺江镇,酒店,工作日,57.5,55.7,691,73937,同程,689,82
2026-10-30,m91,䢺江中铁假日酒店,䢺江镇,酒店,工作日,61.3,57.3,696,79344,美团,684,80
2026-10-30,m91,䢺江中铁假日酒店,䢺江镇,酒店,工作日,61.3,57.3,696,79344,飞猪,704,79
2026-10-30,m91,䢺江中铁假日酒店,䢺江镇,酒店,工作日,61.3,57.3,696,79344,同程,701,79
2026-10-31,m91,䢺江中铁假日酒店,䢺江镇,酒店,周末,84.4,79.9,840,131880,美团,829,38
2026-10-31,m91,䢺江中铁假日酒店,䢺江镇,酒店,周末,84.4,79.9,840,131880,飞猪,849,37
2026-10-31,m91,䢺江中铁假日酒店,䢺江镇,酒店,周末,84.4,79.9,840,131880,同程,843,37
2026-10-01,m92,䢺江中铁假日酒店,䢺江镇,酒店,国庆,95.5,87.4,1613,203238,携程,1632,17
2026-10-01,m92,䢺江中铁假日酒店,䢺江镇,酒店,国庆,95.5,87.4,1613,203238,美团,1597,17
2026-10-01,m92,䢺江中铁假日酒店,䢺江镇,酒店,国庆,95.5,87.4,1613,203238,飞猪,1620,16
2026-10-01,m92,䢺江中铁假日酒店,䢺江镇,酒店,国庆,95.5,87.4,1613,203238,去哪儿,1600,16
2026-10-01,m92,䢺江中铁假日酒店,䢺江镇,酒店,国庆,95.5,87.4,1613,203238,同程,1616,17
2026-10-02,m92,䢺江中铁假日酒店,䢺江镇,酒店,国庆,93.9,89.4,1625,201500,携程,1648,14
2026-10-02,m92,䢺江中铁假日酒店,䢺江镇,酒店,国庆,93.9,89.4,1625,201500,美团,1599,14
2026-10-02,m92,䢺江中铁假日酒店,䢺江镇,酒店,国庆,93.9,89.4,1625,201500,飞猪,1634,14
2026-10-02,m92,䢺江中铁假日酒店,䢺江镇,酒店,国庆,93.9,89.4,1625,201500,去哪儿,1624,14
2026-10-02,m92,䢺江中铁假日酒店,䢺江镇,酒店,国庆,93.9,89.4,1625,201500,同程,1621,14
2026-10-03,m92,䢺江中铁假日酒店,䢺江镇,酒店,国庆,95.5,90.5,1615,203490,携程,1641,12
2026-10-03,m92,䢺江中铁假日酒店,䢺江镇,酒店,国庆,95.5,90.5,1615,203490,美团,1595,13
2026-10-03,m92,䢺江中铁假日酒店,䢺江镇,酒店,国庆,95.5,90.5,1615,203490,飞猪,1634,13
2026-10-03,m92,䢺江中铁假日酒店,䢺江镇,酒店,国庆,95.5,90.5,1615,203490,去哪儿,1600,12
2026-10-03,m92,䢺江中铁假日酒店,䢺江镇,酒店,国庆,95.5,90.5,1615,203490,同程,1606,13
2026-10-04,m92,䢺江中铁假日酒店,䢺江镇,酒店,国庆,95.5,90.0,1618,203868,携程,1647,13
2026-10-04,m92,䢺江中铁假日酒店,䢺江镇,酒店,国庆,95.5,90.0,1618,203868,美团,1591,14
2026-10-04,m92,䢺江中铁假日酒店,䢺江镇,酒店,国庆,95.5,90.0,1618,203868,飞猪,1626,13
2026-10-04,m92,䢺江中铁假日酒店,䢺江镇,酒店,国庆,95.5,90.0,1618,203868,去哪儿,1610,13
2026-10-04,m92,䢺江中铁假日酒店,䢺江镇,酒店,国庆,95.5,90.0,1618,203868,同程,1616,13
2026-10-05,m92,䢺江中铁假日酒店,䢺江镇,酒店,国庆,93.2,90.2,1610,198030,携程,1635,13
2026-10-05,m92,䢺江中铁假日酒店,䢺江镇,酒店,国庆,93.2,90.2,1610,198030,美团,1601,13
2026-10-05,m92,䢺江中铁假日酒店,䢺江镇,酒店,国庆,93.2,90.2,1610,198030,飞猪,1627,13
2026-10-05,m92,䢺江中铁假日酒店,䢺江镇,酒店,国庆,93.2,90.2,1610,198030,去哪儿,1589,13
2026-10-05,m92,䢺江中铁假日酒店,䢺江镇,酒店,国庆,93.2,90.2,1610,198030,同程,1599,13
2026-10-06,m92,䢺江中铁假日酒店,䢺江镇,酒店,国庆,93.2,87.6,1588,195324,携程,1610,17
2026-10-06,m92,䢺江中铁假日酒店,䢺江镇,酒店,国庆,93.2,87.6,1588,195324,美团,1558,16
2026-10-06,m92,䢺江中铁假日酒店,䢺江镇,酒店,国庆,93.2,87.6,1588,195324,飞猪,1593,16
2026-10-06,m92,䢺江中铁假日酒店,䢺江镇,酒店,国庆,93.2,87.6,1588,195324,去哪儿,1579,16
2026-10-06,m92,䢺江中铁假日酒店,䢺江镇,酒店,国庆,93.2,87.6,1588,195324,同程,1600,17
2026-10-07,m92,䢺江中铁假日酒店,䢺江镇,酒店,国庆,97.0,91.5,1632,208896,携程,1667,11
2026-10-07,m92,䢺江中铁假日酒店,䢺江镇,酒店,国庆,97.0,91.5,1632,208896,美团,1616,11
2026-10-07,m92,䢺江中铁假日酒店,䢺江镇,酒店,国庆,97.0,91.5,1632,208896,飞猪,1630,11
2026-10-07,m92,䢺江中铁假日酒店,䢺江镇,酒店,国庆,97.0,91.5,1632,208896,去哪儿,1619,11
2026-10-07,m92,䢺江中铁假日酒店,䢺江镇,酒店,国庆,97.0,91.5,1632,208896,同程,1626,12
2026-10-08,m92,䢺江中铁假日酒店,䢺江镇,酒店,国庆,96.2,90.6,1606,203962,携程,1632,12
2026-10-08,m92,䢺江中铁假日酒店,䢺江镇,酒店,国庆,96.2,90.6,1606,203962,美团,1566,12
2026-10-08,m92,䢺江中铁假日酒店,䢺江镇,酒店,国庆,96.2,90.6,1606,203962,飞猪,1627,13
2026-10-08,m92,䢺江中铁假日酒店,䢺江镇,酒店,国庆,96.2,90.6,1606,203962,去哪儿,1611,12
2026-10-08,m92,䢺江中铁假日酒店,䢺江镇,酒店,国庆,96.2,90.6,1606,203962,同程,1594,13
2026-10-09,m92,䢺江中铁假日酒店,䢺江镇,酒店,工作日,51.5,48.8,849,57732,携程,856,67
2026-10-09,m92,䢺江中铁假日酒店,䢺江镇,酒店,工作日,51.5,48.8,849,57732,美团,845,68
2026-10-09,m92,䢺江中铁假日酒店,䢺江镇,酒店,工作日,51.5,48.8,849,57732,飞猪,852,68
2026-10-09,m92,䢺江中铁假日酒店,䢺江镇,酒店,工作日,51.5,48.8,849,57732,去哪儿,848,67
2026-10-09,m92,䢺江中铁假日酒店,䢺江镇,酒店,工作日,51.5,48.8,849,57732,同程,844,68
2026-10-10,m92,䢺江中铁假日酒店,䢺江镇,酒店,周末,75.0,68.9,1028,101772,携程,1047,41
2026-10-10,m92,䢺江中铁假日酒店,䢺江镇,酒店,周末,75.0,68.9,1028,101772,美团,1013,41
2026-10-10,m92,䢺江中铁假日酒店,䢺江镇,酒店,周末,75.0,68.9,1028,101772,飞猪,1024,41
2026-10-10,m92,䢺江中铁假日酒店,䢺江镇,酒店,周末,75.0,68.9,1028,101772,去哪儿,1034,41
2026-10-10,m92,䢺江中铁假日酒店,䢺江镇,酒店,周末,75.0,68.9,1028,101772,同程,1024,41
2026-10-11,m92,䢺江中铁假日酒店,䢺江镇,酒店,周末,78.0,75.0,1053,108459,携程,1074,33
2026-10-11,m92,䢺江中铁假日酒店,䢺江镇,酒店,周末,78.0,75.0,1053,108459,美团,1030,33
2026-10-11,m92,䢺江中铁假日酒店,䢺江镇,酒店,周末,78.0,75.0,1053,108459,飞猪,1061,33
2026-10-11,m92,䢺江中铁假日酒店,䢺江镇,酒店,周末,78.0,75.0,1053,108459,去哪儿,1050,33
2026-10-11,m92,䢺江中铁假日酒店,䢺江镇,酒店,周末,78.0,75.0,1053,108459,同程,1049,33
2026-10-12,m92,䢺江中铁假日酒店,䢺江镇,酒店,工作日,48.5,44.5,842,53888,携程,858,73
2026-10-12,m92,䢺江中铁假日酒店,䢺江镇,酒店,工作日,48.5,44.5,842,53888,美团,829,73
2026-10-12,m92,䢺江中铁假日酒店,䢺江镇,酒店,工作日,48.5,44.5,842,53888,飞猪,846,74
2026-10-12,m92,䢺江中铁假日酒店,䢺江镇,酒店,工作日,48.5,44.5,842,53888,去哪儿,839,73
2026-10-12,m92,䢺江中铁假日酒店,䢺江镇,酒店,工作日,48.5,44.5,842,53888,同程,836,73
2026-10-13,m92,䢺江中铁假日酒店,䢺江镇,酒店,工作日,56.8,52.9,866,64950,携程,886,62
2026-10-13,m92,䢺江中铁假日酒店,䢺江镇,酒店,工作日,56.8,52.9,866,64950,美团,853,63
2026-10-13,m92,䢺江中铁假日酒店,䢺江镇,酒店,工作日,56.8,52.9,866,64950,飞猪,866,62
2026-10-13,m92,䢺江中铁假日酒店,䢺江镇,酒店,工作日,56.8,52.9,866,64950,去哪儿,859,62
2026-10-13,m92,䢺江中铁假日酒店,䢺江镇,酒店,工作日,56.8,52.9,866,64950,同程,865,62
2026-10-14,m92,䢺江中铁假日酒店,䢺江镇,酒店,工作日,54.5,49.8,840,60480,携程,846,66
2026-10-14,m92,䢺江中铁假日酒店,䢺江镇,酒店,工作日,54.5,49.8,840,60480,美团,836,67
2026-10-14,m92,䢺江中铁假日酒店,䢺江镇,酒店,工作日,54.5,49.8,840,60480,飞猪,843,66
2026-10-14,m92,䢺江中铁假日酒店,䢺江镇,酒店,工作日,54.5,49.8,840,60480,去哪儿,842,66
2026-10-14,m92,䢺江中铁假日酒店,䢺江镇,酒店,工作日,54.5,49.8,840,60480,同程,835,66
2026-10-15,m92,䢺江中铁假日酒店,䢺江镇,酒店,工作日,53.8,51.1,852,60492,携程,863,65
2026-10-15,m92,䢺江中铁假日酒店,䢺江镇,酒店,工作日,53.8,51.1,852,60492,美团,843,65
2026-10-15,m92,䢺江中铁假日酒店,䢺江镇,酒店,工作日,53.8,51.1,852,60492,飞猪,855,64
2026-10-15,m92,䢺江中铁假日酒店,䢺江镇,酒店,工作日,53.8,51.1,852,60492,去哪儿,851,64
2026-10-15,m92,䢺江中铁假日酒店,䢺江镇,酒店,工作日,53.8,51.1,852,60492,同程,849,65
2026-10-16,m92,䢺江中铁假日酒店,䢺江镇,酒店,工作日,46.2,45.9,843,51423,携程,859,72
2026-10-16,m92,䢺江中铁假日酒店,䢺江镇,酒店,工作日,46.2,45.9,843,51423,美团,820,72
2026-10-16,m92,䢺江中铁假日酒店,䢺江镇,酒店,工作日,46.2,45.9,843,51423,飞猪,848,71
2026-10-16,m92,䢺江中铁假日酒店,䢺江镇,酒店,工作日,46.2,45.9,843,51423,去哪儿,844,71
2026-10-16,m92,䢺江中铁假日酒店,䢺江镇,酒店,工作日,46.2,45.9,843,51423,同程,845,71
2026-10-17,m92,䢺江中铁假日酒店,䢺江镇,酒店,周末,79.5,72.4,1052,110460,携程,1073,36
2026-10-17,m92,䢺江中铁假日酒店,䢺江镇,酒店,周末,79.5,72.4,1052,110460,美团,1040,37
2026-10-17,m92,䢺江中铁假日酒店,䢺江镇,酒店,周末,79.5,72.4,1052,110460,飞猪,1061,36
2026-10-17,m92,䢺江中铁假日酒店,䢺江镇,酒店,周末,79.5,72.4,1052,110460,去哪儿,1045,36
2026-10-17,m92,䢺江中铁假日酒店,䢺江镇,酒店,周末,79.5,72.4,1052,110460,同程,1043,37
2026-10-18,m92,䢺江中铁假日酒店,䢺江镇,酒店,周末,77.3,71.1,1065,108630,携程,1086,38
2026-10-18,m92,䢺江中铁假日酒店,䢺江镇,酒店,周末,77.3,71.1,1065,108630,美团,1047,38
2026-10-18,m92,䢺江中铁假日酒店,䢺江镇,酒店,周末,77.3,71.1,1065,108630,飞猪,1071,38
2026-10-18,m92,䢺江中铁假日酒店,䢺江镇,酒店,周末,77.3,71.1,1065,108630,去哪儿,1053,38
2026-10-18,m92,䢺江中铁假日酒店,䢺江镇,酒店,周末,77.3,71.1,1065,108630,同程,1068,39
2026-10-19,m92,䢺江中铁假日酒店,䢺江镇,酒店,工作日,56.8,52.9,861,64575,携程,871,62
2026-10-19,m92,䢺江中铁假日酒店,䢺江镇,酒店,工作日,56.8,52.9,861,64575,美团,855,62
2026-10-19,m92,䢺江中铁假日酒店,䢺江镇,酒店,工作日,56.8,52.9,861,64575,飞猪,860,62
2026-10-19,m92,䢺江中铁假日酒店,䢺江镇,酒店,工作日,56.8,52.9,861,64575,去哪儿,860,62
2026-10-19,m92,䢺江中铁假日酒店,䢺江镇,酒店,工作日,56.8,52.9,861,64575,同程,858,63
2026-10-20,m92,䢺江中铁假日酒店,䢺江镇,酒店,工作日,57.6,52.0,850,64600,携程,870,63
2026-10-20,m92,䢺江中铁假日酒店,䢺江镇,酒店,工作日,57.6,52.0,850,64600,美团,839,64
2026-10-20,m92,䢺江中铁假日酒店,䢺江镇,酒店,工作日,57.6,52.0,850,64600,飞猪,851,63
2026-10-20,m92,䢺江中铁假日酒店,䢺江镇,酒店,工作日,57.6,52.0,850,64600,去哪儿,847,63
2026-10-20,m92,䢺江中铁假日酒店,䢺江镇,酒店,工作日,57.6,52.0,850,64600,同程,845,64
2026-10-21,m92,䢺江中铁假日酒店,䢺江镇,酒店,工作日,49.2,48.9,832,54080,携程,844,67
2026-10-21,m92,䢺江中铁假日酒店,䢺江镇,酒店,工作日,49.2,48.9,832,54080,美团,823,68
2026-10-21,m92,䢺江中铁假日酒店,䢺江镇,酒店,工作日,49.2,48.9,832,54080,飞猪,833,68
2026-10-21,m92,䢺江中铁假日酒店,䢺江镇,酒店,工作日,49.2,48.9,832,54080,去哪儿,827,67
2026-10-21,m92,䢺江中铁假日酒店,䢺江镇,酒店,工作日,49.2,48.9,832,54080,同程,833,67
2026-10-22,m92,䢺江中铁假日酒店,䢺江镇,酒店,工作日,49.2,45.8,845,54925,携程,856,72
2026-10-22,m92,䢺江中铁假日酒店,䢺江镇,酒店,工作日,49.2,45.8,845,54925,美团,837,72
2026-10-22,m92,䢺江中铁假日酒店,䢺江镇,酒店,工作日,49.2,45.8,845,54925,飞猪,851,71
2026-10-22,m92,䢺江中铁假日酒店,䢺江镇,酒店,工作日,49.2,45.8,845,54925,去哪儿,848,71
2026-10-22,m92,䢺江中铁假日酒店,䢺江镇,酒店,工作日,49.2,45.8,845,54925,同程,834,72
2026-10-23,m92,䢺江中铁假日酒店,䢺江镇,酒店,工作日,54.5,51.2,861,61992,携程,875,65
2026-10-23,m92,䢺江中铁假日酒店,䢺江镇,酒店,工作日,54.5,51.2,861,61992,美团,843,64
2026-10-23,m92,䢺江中铁假日酒店,䢺江镇,酒店,工作日,54.5,51.2,861,61992,飞猪,867,64
2026-10-23,m92,䢺江中铁假日酒店,䢺江镇,酒店,工作日,54.5,51.2,861,61992,去哪儿,862,64
2026-10-23,m92,䢺江中铁假日酒店,䢺江镇,酒店,工作日,54.5,51.2,861,61992,同程,860,65
2026-10-24,m92,䢺江中铁假日酒店,䢺江镇,酒店,周末,82.6,76.4,1056,115104,携程,1072,32
2026-10-24,m92,䢺江中铁假日酒店,䢺江镇,酒店,周末,82.6,76.4,1056,115104,美团,1045,31
2026-10-24,m92,䢺江中铁假日酒店,䢺江镇,酒店,周末,82.6,76.4,1056,115104,飞猪,1073,31
2026-10-24,m92,䢺江中铁假日酒店,䢺江镇,酒店,周末,82.6,76.4,1056,115104,去哪儿,1042,31
2026-10-24,m92,䢺江中铁假日酒店,䢺江镇,酒店,周末,82.6,76.4,1056,115104,同程,1050,31
2026-10-25,m92,䢺江中铁假日酒店,䢺江镇,酒店,周末,83.3,77.9,1067,117370,携程,1088,30
2026-10-25,m92,䢺江中铁假日酒店,䢺江镇,酒店,周末,83.3,77.9,1067,117370,美团,1050,29
2026-10-25,m92,䢺江中铁假日酒店,䢺江镇,酒店,周末,83.3,77.9,1067,117370,飞猪,1075,29
2026-10-25,m92,䢺江中铁假日酒店,䢺江镇,酒店,周末,83.3,77.9,1067,117370,去哪儿,1057,29
2026-10-25,m92,䢺江中铁假日酒店,䢺江镇,酒店,周末,83.3,77.9,1067,117370,同程,1066,29
2026-10-26,m92,䢺江中铁假日酒店,䢺江镇,酒店,工作日,52.3,48.3,848,58512,携程,864,68
2026-10-26,m92,䢺江中铁假日酒店,䢺江镇,酒店,工作日,52.3,48.3,848,58512,美团,833,68
2026-10-26,m92,䢺江中铁假日酒店,䢺江镇,酒店,工作日,52.3,48.3,848,58512,飞猪,851,69
2026-10-26,m92,䢺江中铁假日酒店,䢺江镇,酒店,工作日,52.3,48.3,848,58512,去哪儿,847,68
2026-10-26,m92,䢺江中铁假日酒店,䢺江镇,酒店,工作日,52.3,48.3,848,58512,同程,844,68
2026-10-27,m92,䢺江中铁假日酒店,䢺江镇,酒店,工作日,59.1,55.8,866,67548,携程,886,58
2026-10-27,m92,䢺江中铁假日酒店,䢺江镇,酒店,工作日,59.1,55.8,866,67548,美团,855,59
2026-10-27,m92,䢺江中铁假日酒店,䢺江镇,酒店,工作日,59.1,55.8,866,67548,飞猪,870,58
2026-10-27,m92,䢺江中铁假日酒店,䢺江镇,酒店,工作日,59.1,55.8,866,67548,去哪儿,861,58
2026-10-27,m92,䢺江中铁假日酒店,䢺江镇,酒店,工作日,59.1,55.8,866,67548,同程,857,59
2026-10-28,m92,䢺江中铁假日酒店,䢺江镇,酒店,工作日,49.2,45.5,840,54600,携程,851,72
2026-10-28,m92,䢺江中铁假日酒店,䢺江镇,酒店,工作日,49.2,45.5,840,54600,美团,825,72
2026-10-28,m92,䢺江中铁假日酒店,䢺江镇,酒店,工作日,49.2,45.5,840,54600,飞猪,854,72
2026-10-28,m92,䢺江中铁假日酒店,䢺江镇,酒店,工作日,49.2,45.5,840,54600,去哪儿,842,72
2026-10-28,m92,䢺江中铁假日酒店,䢺江镇,酒店,工作日,49.2,45.5,840,54600,同程,827,72
2026-10-29,m92,䢺江中铁假日酒店,䢺江镇,酒店,工作日,47.7,45.3,838,52794,携程,848,72
2026-10-29,m92,䢺江中铁假日酒店,䢺江镇,酒店,工作日,47.7,45.3,838,52794,美团,833,72
2026-10-29,m92,䢺江中铁假日酒店,䢺江镇,酒店,工作日,47.7,45.3,838,52794,飞猪,844,72
2026-10-29,m92,䢺江中铁假日酒店,䢺江镇,酒店,工作日,47.7,45.3,838,52794,去哪儿,839,72
2026-10-29,m92,䢺江中铁假日酒店,䢺江镇,酒店,工作日,47.7,45.3,838,52794,同程,828,73
2026-10-30,m92,䢺江中铁假日酒店,䢺江镇,酒店,工作日,47.0,41.7,832,51584,携程,852,77
2026-10-30,m92,䢺江中铁假日酒店,䢺江镇,酒店,工作日,47.0,41.7,832,51584,美团,816,77
2026-10-30,m92,䢺江中铁假日酒店,䢺江镇,酒店,工作日,47.0,41.7,832,51584,飞猪,841,77
2026-10-30,m92,䢺江中铁假日酒店,䢺江镇,酒店,工作日,47.0,41.7,832,51584,去哪儿,828,77
2026-10-30,m92,䢺江中铁假日酒店,䢺江镇,酒店,工作日,47.0,41.7,832,51584,同程,825,77
2026-10-31,m92,䢺江中铁假日酒店,䢺江镇,酒店,周末,78.0,76.2,1061,109283,携程,1071,31
2026-10-31,m92,䢺江中铁假日酒店,䢺江镇,酒店,周末,78.0,76.2,1061,109283,美团,1043,32
2026-10-31,m92,䢺江中铁假日酒店,䢺江镇,酒店,周末,78.0,76.2,1061,109283,飞猪,1073,32
2026-10-31,m92,䢺江中铁假日酒店,䢺江镇,酒店,周末,78.0,76.2,1061,109283,去哪儿,1058,31
2026-10-31,m92,䢺江中铁假日酒店,䢺江镇,酒店,周末,78.0,76.2,1061,109283,同程,1062,31
2026-10-01,m93,䢺江山脚客栈,䢺江镇,客栈,国庆,97.6,95.1,456,18240,飞猪,449,2
2026-10-01,m93,䢺江山脚客栈,䢺江镇,客栈,国庆,97.6,95.1,456,18240,同程,453,2
2026-10-01,m93,䢺江山脚客栈,䢺江镇,客栈,国庆,97.6,95.1,456,18240,途家,467,2
2026-10-02,m93,䢺江山脚客栈,䢺江镇,客栈,国庆,97.6,87.0,436,17440,飞猪,436,5
2026-10-02,m93,䢺江山脚客栈,䢺江镇,客栈,国庆,97.6,87.0,436,17440,同程,426,6
2026-10-02,m93,䢺江山脚客栈,䢺江镇,客栈,国庆,97.6,87.0,436,17440,途家,446,5
2026-10-03,m93,䢺江山脚客栈,䢺江镇,客栈,国庆,95.1,87.8,451,17589,飞猪,449,5
2026-10-03,m93,䢺江山脚客栈,䢺江镇,客栈,国庆,95.1,87.8,451,17589,同程,445,5
2026-10-03,m93,䢺江山脚客栈,䢺江镇,客栈,国庆,95.1,87.8,451,17589,途家,459,5
2026-10-04,m93,䢺江山脚客栈,䢺江镇,客栈,国庆,97.6,87.0,447,17880,飞猪,447,5
2026-10-04,m93,䢺江山脚客栈,䢺江镇,客栈,国庆,97.6,87.0,447,17880,同程,437,6
2026-10-04,m93,䢺江山脚客栈,䢺江镇,客栈,国庆,97.6,87.0,447,17880,途家,457,5
2026-10-05,m93,䢺江山脚客栈,䢺江镇,客栈,国庆,97.6,88.6,452,18080,飞猪,450,5
2026-10-05,m93,䢺江山脚客栈,䢺江镇,客栈,国庆,97.6,88.6,452,18080,同程,445,5
2026-10-05,m93,䢺江山脚客栈,䢺江镇,客栈,国庆,97.6,88.6,452,18080,途家,461,4
2026-10-06,m93,䢺江山脚客栈,䢺江镇,客栈,国庆,97.6,89.4,436,17440,飞猪,432,5
2026-10-06,m93,䢺江山脚客栈,䢺江镇,客栈,国庆,97.6,89.4,436,17440,同程,429,4
2026-10-06,m93,䢺江山脚客栈,䢺江镇,客栈,国庆,97.6,89.4,436,17440,途家,446,4
2026-10-07,m93,䢺江山脚客栈,䢺江镇,客栈,国庆,92.7,90.2,452,17176,飞猪,446,4
2026-10-07,m93,䢺江山脚客栈,䢺江镇,客栈,国庆,92.7,90.2,452,17176,同程,447,4
2026-10-07,m93,䢺江山脚客栈,䢺江镇,客栈,国庆,92.7,90.2,452,17176,途家,462,4
2026-10-08,m93,䢺江山脚客栈,䢺江镇,客栈,国庆,100.0,91.9,453,18573,飞猪,451,3
2026-10-08,m93,䢺江山脚客栈,䢺江镇,客栈,国庆,100.0,91.9,453,18573,同程,448,4
2026-10-08,m93,䢺江山脚客栈,䢺江镇,客栈,国庆,100.0,91.9,453,18573,途家,461,3
2026-10-09,m93,䢺江山脚客栈,䢺江镇,客栈,工作日,46.3,43.1,235,4465,飞猪,231,23
2026-10-09,m93,䢺江山脚客栈,䢺江镇,客栈,工作日,46.3,43.1,235,4465,同程,232,24
2026-10-09,m93,䢺江山脚客栈,䢺江镇,客栈,工作日,46.3,43.1,235,4465,途家,241,23
2026-10-10,m93,䢺江山脚客栈,䢺江镇,客栈,周末,73.2,72.4,282,8460,飞猪,282,11
2026-10-10,m93,䢺江山脚客栈,䢺江镇,客栈,周末,73.2,72.4,282,8460,同程,277,12
2026-10-10,m93,䢺江山脚客栈,䢺江镇,客栈,周末,73.2,72.4,282,8460,途家,288,11
2026-10-11,m93,䢺江山脚客栈,䢺江镇,客栈,周末,75.6,69.9,287,8897,飞猪,285,13
2026-10-11,m93,䢺江山脚客栈,䢺江镇,客栈,周末,75.6,69.9,287,8897,同程,283,12
2026-10-11,m93,䢺江山脚客栈,䢺江镇,客栈,周末,75.6,69.9,287,8897,途家,294,12
2026-10-12,m93,䢺江山脚客栈,䢺江镇,客栈,工作日,46.3,46.3,235,4465,飞猪,235,22
2026-10-12,m93,䢺江山脚客栈,䢺江镇,客栈,工作日,46.3,46.3,235,4465,同程,233,22
2026-10-12,m93,䢺江山脚客栈,䢺江镇,客栈,工作日,46.3,46.3,235,4465,途家,237,22
2026-10-13,m93,䢺江山脚客栈,䢺江镇,客栈,工作日,56.1,52.8,232,5336,飞猪,232,20
2026-10-13,m93,䢺江山脚客栈,䢺江镇,客栈,工作日,56.1,52.8,232,5336,同程,229,19
2026-10-13,m93,䢺江山脚客栈,䢺江镇,客栈,工作日,56.1,52.8,232,5336,途家,236,19
2026-10-14,m93,䢺江山脚客栈,䢺江镇,客栈,工作日,48.8,43.1,233,4660,飞猪,231,23
2026-10-14,m93,䢺江山脚客栈,䢺江镇,客栈,工作日,48.8,43.1,233,4660,同程,230,24
2026-10-14,m93,䢺江山脚客栈,䢺江镇,客栈,工作日,48.8,43.1,233,4660,途家,237,23
2026-10-15,m93,䢺江山脚客栈,䢺江镇,客栈,工作日,58.5,50.4,231,5544,飞猪,229,20
2026-10-15,m93,䢺江山脚客栈,䢺江镇,客栈,工作日,58.5,50.4,231,5544,同程,227,21
2026-10-15,m93,䢺江山脚客栈,䢺江镇,客栈,工作日,58.5,50.4,231,5544,途家,238,20
2026-10-16,m93,䢺江山脚客栈,䢺江镇,客栈,工作日,48.8,45.5,233,4660,飞猪,231,22
2026-10-16,m93,䢺江山脚客栈,䢺江镇,客栈,工作日,48.8,45.5,233,4660,同程,231,23
2026-10-16,m93,䢺江山脚客栈,䢺江镇,客栈,工作日,48.8,45.5,233,4660,途家,237,22
2026-10-17,m93,䢺江山脚客栈,䢺江镇,客栈,周末,78.0,72.4,286,9152,飞猪,284,12
2026-10-17,m93,䢺江山脚客栈,䢺江镇,客栈,周末,78.0,72.4,286,9152,同程,281,11
2026-10-17,m93,䢺江山脚客栈,䢺江镇,客栈,周末,78.0,72.4,286,9152,途家,293,11
2026-10-18,m93,䢺江山脚客栈,䢺江镇,客栈,周末,73.2,65.0,287,8610,飞猪,285,14
2026-10-18,m93,䢺江山脚客栈,䢺江镇,客栈,周末,73.2,65.0,287,8610,同程,279,15
2026-10-18,m93,䢺江山脚客栈,䢺江镇,客栈,周末,73.2,65.0,287,8610,途家,296,14
2026-10-19,m93,䢺江山脚客栈,䢺江镇,客栈,工作日,43.9,39.8,230,4140,飞猪,229,25
2026-10-19,m93,䢺江山脚客栈,䢺江镇,客栈,工作日,43.9,39.8,230,4140,同程,228,25
2026-10-19,m93,䢺江山脚客栈,䢺江镇,客栈,工作日,43.9,39.8,230,4140,途家,233,24
2026-10-20,m93,䢺江山脚客栈,䢺江镇,客栈,工作日,48.8,40.7,228,4560,飞猪,227,24
2026-10-20,m93,䢺江山脚客栈,䢺江镇,客栈,工作日,48.8,40.7,228,4560,同程,224,25
2026-10-20,m93,䢺江山脚客栈,䢺江镇,客栈,工作日,48.8,40.7,228,4560,途家,233,24
2026-10-21,m93,䢺江山脚客栈,䢺江镇,客栈,工作日,73.2,72.4,245,7350,飞猪,244,11
2026-10-21,m93,䢺江山脚客栈,䢺江镇,客栈,工作日,73.2,72.4,245,7350,同程,242,12
2026-10-21,m93,䢺江山脚客栈,䢺江镇,客栈,工作日,73.2,72.4,245,7350,途家,248,11
2026-10-22,m93,䢺江山脚客栈,䢺江镇,客栈,工作日,58.5,55.3,242,5808,飞猪,240,19
2026-10-22,m93,䢺江山脚客栈,䢺江镇,客栈,工作日,58.5,55.3,242,5808,同程,237,18
2026-10-22,m93,䢺江山脚客栈,䢺江镇,客栈,工作日,58.5,55.3,242,5808,途家,248,18
2026-10-23,m93,䢺江山脚客栈,䢺江镇,客栈,工作日,41.5,38.2,229,3893,飞猪,227,25
2026-10-23,m93,䢺江山脚客栈,䢺江镇,客栈,工作日,41.5,38.2,229,3893,同程,226,26
2026-10-23,m93,䢺江山脚客栈,䢺江镇,客栈,工作日,41.5,38.2,229,3893,途家,235,25
2026-10-24,m93,䢺江山脚客栈,䢺江镇,客栈,周末,75.6,74.8,290,8990,飞猪,289,10
2026-10-24,m93,䢺江山脚客栈,䢺江镇,客栈,周末,75.6,74.8,290,8990,同程,284,11
2026-10-24,m93,䢺江山脚客栈,䢺江镇,客栈,周末,75.6,74.8,290,8990,途家,297,10
2026-10-25,m93,䢺江山脚客栈,䢺江镇,客栈,周末,78.0,75.6,300,9600,飞猪,297,10
2026-10-25,m93,䢺江山脚客栈,䢺江镇,客栈,周末,78.0,75.6,300,9600,同程,298,10
2026-10-25,m93,䢺江山脚客栈,䢺江镇,客栈,周末,78.0,75.6,300,9600,途家,306,10
2026-10-26,m93,䢺江山脚客栈,䢺江镇,客栈,工作日,43.9,40.7,229,4122,飞猪,229,24
2026-10-26,m93,䢺江山脚客栈,䢺江镇,客栈,工作日,43.9,40.7,229,4122,同程,225,25
2026-10-26,m93,䢺江山脚客栈,䢺江镇,客栈,工作日,43.9,40.7,229,4122,途家,232,24
2026-10-27,m93,䢺江山脚客栈,䢺江镇,客栈,工作日,53.7,52.8,240,5280,飞猪,238,19
2026-10-27,m93,䢺江山脚客栈,䢺江镇,客栈,工作日,53.7,52.8,240,5280,同程,236,20
2026-10-27,m93,䢺江山脚客栈,䢺江镇,客栈,工作日,53.7,52.8,240,5280,途家,246,19
2026-10-28,m93,䢺江山脚客栈,䢺江镇,客栈,工作日,63.4,58.5,244,6344,飞猪,244,17
2026-10-28,m93,䢺江山脚客栈,䢺江镇,客栈,工作日,63.4,58.5,244,6344,同程,240,17
2026-10-28,m93,䢺江山脚客栈,䢺江镇,客栈,工作日,63.4,58.5,244,6344,途家,248,17
2026-10-29,m93,䢺江山脚客栈,䢺江镇,客栈,工作日,51.2,46.3,231,4851,飞猪,230,22
2026-10-29,m93,䢺江山脚客栈,䢺江镇,客栈,工作日,51.2,46.3,231,4851,同程,226,22
2026-10-29,m93,䢺江山脚客栈,䢺江镇,客栈,工作日,51.2,46.3,231,4851,途家,236,22
2026-10-30,m93,䢺江山脚客栈,䢺江镇,客栈,工作日,53.7,52.8,240,5280,飞猪,238,19
2026-10-30,m93,䢺江山脚客栈,䢺江镇,客栈,工作日,53.7,52.8,240,5280,同程,237,20
2026-10-30,m93,䢺江山脚客栈,䢺江镇,客栈,工作日,53.7,52.8,240,5280,途家,246,19
2026-10-31,m93,䢺江山脚客栈,䢺江镇,客栈,周末,73.2,72.4,292,8760,飞猪,291,11
2026-10-31,m93,䢺江山脚客栈,䢺江镇,客栈,周末,73.2,72.4,292,8760,同程,288,12
2026-10-31,m93,䢺江山脚客栈,䢺江镇,客栈,周末,73.2,72.4,292,8760,途家,297,11
2026-10-01,m94,鹤鸣老街客栈,鹤鸣镇,客栈,国庆,100.0,93.6,507,23829,飞猪,510,3
2026-10-01,m94,鹤鸣老街客栈,鹤鸣镇,客栈,国庆,100.0,93.6,507,23829,去哪儿,505,3
2026-10-01,m94,鹤鸣老街客栈,鹤鸣镇,客栈,国庆,100.0,93.6,507,23829,同程,507,3
2026-10-02,m94,鹤鸣老街客栈,鹤鸣镇,客栈,国庆,97.9,97.9,499,22954,飞猪,503,1
2026-10-02,m94,鹤鸣老街客栈,鹤鸣镇,客栈,国庆,97.9,97.9,499,22954,去哪儿,498,1
2026-10-02,m94,鹤鸣老街客栈,鹤鸣镇,客栈,国庆,97.9,97.9,499,22954,同程,497,1
2026-10-03,m94,鹤鸣老街客栈,鹤鸣镇,客栈,国庆,100.0,91.5,501,23547,飞猪,500,4
2026-10-03,m94,鹤鸣老街客栈,鹤鸣镇,客栈,国庆,100.0,91.5,501,23547,去哪儿,506,4
2026-10-03,m94,鹤鸣老街客栈,鹤鸣镇,客栈,国庆,100.0,91.5,501,23547,同程,496,4
2026-10-04,m94,鹤鸣老街客栈,鹤鸣镇,客栈,国庆,100.0,95.7,504,23688,飞猪,505,2
2026-10-04,m94,鹤鸣老街客栈,鹤鸣镇,客栈,国庆,100.0,95.7,504,23688,去哪儿,505,2
2026-10-04,m94,鹤鸣老街客栈,鹤鸣镇,客栈,国庆,100.0,95.7,504,23688,同程,502,2
2026-10-05,m94,鹤鸣老街客栈,鹤鸣镇,客栈,国庆,100.0,88.7,497,23359,飞猪,497,5
2026-10-05,m94,鹤鸣老街客栈,鹤鸣镇,客栈,国庆,100.0,88.7,497,23359,去哪儿,498,5
2026-10-05,m94,鹤鸣老街客栈,鹤鸣镇,客栈,国庆,100.0,88.7,497,23359,同程,496,6
2026-10-06,m94,鹤鸣老街客栈,鹤鸣镇,客栈,国庆,97.9,92.9,508,23368,飞猪,511,3
2026-10-06,m94,鹤鸣老街客栈,鹤鸣镇,客栈,国庆,97.9,92.9,508,23368,去哪儿,513,3
2026-10-06,m94,鹤鸣老街客栈,鹤鸣镇,客栈,国庆,97.9,92.9,508,23368,同程,501,4
2026-10-07,m94,鹤鸣老街客栈,鹤鸣镇,客栈,国庆,95.7,90.8,513,23085,飞猪,516,4
2026-10-07,m94,鹤鸣老街客栈,鹤鸣镇,客栈,国庆,95.7,90.8,513,23085,去哪儿,510,4
2026-10-07,m94,鹤鸣老街客栈,鹤鸣镇,客栈,国庆,95.7,90.8,513,23085,同程,513,5
2026-10-08,m94,鹤鸣老街客栈,鹤鸣镇,客栈,国庆,97.9,92.9,515,23690,飞猪,515,4
2026-10-08,m94,鹤鸣老街客栈,鹤鸣镇,客栈,国庆,97.9,92.9,515,23690,去哪儿,517,3
2026-10-08,m94,鹤鸣老街客栈,鹤鸣镇,客栈,国庆,97.9,92.9,515,23690,同程,512,3
2026-10-09,m94,鹤鸣老街客栈,鹤鸣镇,客栈,工作日,46.8,44.7,256,5632,飞猪,257,26
2026-10-09,m94,鹤鸣老街客栈,鹤鸣镇,客栈,工作日,46.8,44.7,256,5632,去哪儿,255,26
2026-10-09,m94,鹤鸣老街客栈,鹤鸣镇,客栈,工作日,46.8,44.7,256,5632,同程,256,26
2026-10-10,m94,鹤鸣老街客栈,鹤鸣镇,客栈,周末,83.0,71.6,313,12207,飞猪,316,14
2026-10-10,m94,鹤鸣老街客栈,鹤鸣镇,客栈,周末,83.0,71.6,313,12207,去哪儿,313,13
2026-10-10,m94,鹤鸣老街客栈,鹤鸣镇,客栈,周末,83.0,71.6,313,12207,同程,309,13
2026-10-11,m94,鹤鸣老街客栈,鹤鸣镇,客栈,周末,80.9,75.9,321,12198,飞猪,326,11
2026-10-11,m94,鹤鸣老街客栈,鹤鸣镇,客栈,周末,80.9,75.9,321,12198,去哪儿,319,11
2026-10-11,m94,鹤鸣老街客栈,鹤鸣镇,客栈,周末,80.9,75.9,321,12198,同程,319,12
2026-10-12,m94,鹤鸣老街客栈,鹤鸣镇,客栈,工作日,66.0,63.8,256,7936,飞猪,258,17
2026-10-12,m94,鹤鸣老街客栈,鹤鸣镇,客栈,工作日,66.0,63.8,256,7936,去哪儿,255,17
2026-10-12,m94,鹤鸣老街客栈,鹤鸣镇,客栈,工作日,66.0,63.8,256,7936,同程,254,17
2026-10-13,m94,鹤鸣老街客栈,鹤鸣镇,客栈,工作日,51.1,48.9,256,6144,飞猪,257,24
2026-10-13,m94,鹤鸣老街客栈,鹤鸣镇,客栈,工作日,51.1,48.9,256,6144,去哪儿,257,24
2026-10-13,m94,鹤鸣老街客栈,鹤鸣镇,客栈,工作日,51.1,48.9,256,6144,同程,254,24
2026-10-14,m94,鹤鸣老街客栈,鹤鸣镇,客栈,工作日,34.0,31.9,240,3840,飞猪,243,32
2026-10-14,m94,鹤鸣老街客栈,鹤鸣镇,客栈,工作日,34.0,31.9,240,3840,去哪儿,240,32
2026-10-14,m94,鹤鸣老街客栈,鹤鸣镇,客栈,工作日,34.0,31.9,240,3840,同程,238,32
2026-10-15,m94,鹤鸣老街客栈,鹤鸣镇,客栈,工作日,51.1,49.6,254,6096,飞猪,257,24
2026-10-15,m94,鹤鸣老街客栈,鹤鸣镇,客栈,工作日,51.1,49.6,254,6096,去哪儿,253,23
2026-10-15,m94,鹤鸣老街客栈,鹤鸣镇,客栈,工作日,51.1,49.6,254,6096,同程,251,24
2026-10-16,m94,鹤鸣老街客栈,鹤鸣镇,客栈,工作日,46.8,41.1,251,5522,飞猪,253,28
2026-10-16,m94,鹤鸣老街客栈,鹤鸣镇,客栈,工作日,46.8,41.1,251,5522,去哪儿,249,27
2026-10-16,m94,鹤鸣老街客栈,鹤鸣镇,客栈,工作日,46.8,41.1,251,5522,同程,252,28
2026-10-17,m94,鹤鸣老街客栈,鹤鸣镇,客栈,周末,80.9,77.3,314,11932,飞猪,317,11
2026-10-17,m94,鹤鸣老街客栈,鹤鸣镇,客栈,周末,80.9,77.3,314,11932,去哪儿,312,10
2026-10-17,m94,鹤鸣老街客栈,鹤鸣镇,客栈,周末,80.9,77.3,314,11932,同程,313,11
2026-10-18,m94,鹤鸣老街客栈,鹤鸣镇,客栈,周末,89.4,83.7,313,13146,飞猪,316,8
2026-10-18,m94,鹤鸣老街客栈,鹤鸣镇,客栈,周末,89.4,83.7,313,13146,去哪儿,312,7
2026-10-18,m94,鹤鸣老街客栈,鹤鸣镇,客栈,周末,89.4,83.7,313,13146,同程,311,8
2026-10-19,m94,鹤鸣老街客栈,鹤鸣镇,客栈,工作日,66.0,66.0,259,8029,飞猪,261,16
2026-10-19,m94,鹤鸣老街客栈,鹤鸣镇,客栈,工作日,66.0,66.0,259,8029,去哪儿,258,16
2026-10-19,m94,鹤鸣老街客栈,鹤鸣镇,客栈,工作日,66.0,66.0,259,8029,同程,257,16
2026-10-20,m94,鹤鸣老街客栈,鹤鸣镇,客栈,工作日,53.2,50.4,251,6275,飞猪,254,23
2026-10-20,m94,鹤鸣老街客栈,鹤鸣镇,客栈,工作日,53.2,50.4,251,6275,去哪儿,249,23
2026-10-20,m94,鹤鸣老街客栈,鹤鸣镇,客栈,工作日,53.2,50.4,251,6275,同程,251,24
2026-10-21,m94,鹤鸣老街客栈,鹤鸣镇,客栈,工作日,38.3,37.6,248,4464,飞猪,249,29
2026-10-21,m94,鹤鸣老街客栈,鹤鸣镇,客栈,工作日,38.3,37.6,248,4464,去哪儿,248,29
2026-10-21,m94,鹤鸣老街客栈,鹤鸣镇,客栈,工作日,38.3,37.6,248,4464,同程,248,30
2026-10-22,m94,鹤鸣老街客栈,鹤鸣镇,客栈,工作日,66.0,58.9,259,8029,飞猪,259,19
2026-10-22,m94,鹤鸣老街客栈,鹤鸣镇,客栈,工作日,66.0,58.9,259,8029,去哪儿,259,19
2026-10-22,m94,鹤鸣老街客栈,鹤鸣镇,客栈,工作日,66.0,58.9,259,8029,同程,258,20
2026-10-23,m94,鹤鸣老街客栈,鹤鸣镇,客栈,工作日,51.1,51.1,254,6096,飞猪,254,23
2026-10-23,m94,鹤鸣老街客栈,鹤鸣镇,客栈,工作日,51.1,51.1,254,6096,去哪儿,255,23
2026-10-23,m94,鹤鸣老街客栈,鹤鸣镇,客栈,工作日,51.1,51.1,254,6096,同程,253,23
2026-10-24,m94,鹤鸣老街客栈,鹤鸣镇,客栈,周末,87.2,83.0,318,13038,飞猪,321,8
2026-10-24,m94,鹤鸣老街客栈,鹤鸣镇,客栈,周末,87.2,83.0,318,13038,去哪儿,314,8
2026-10-24,m94,鹤鸣老街客栈,鹤鸣镇,客栈,周末,87.2,83.0,318,13038,同程,319,8
2026-10-25,m94,鹤鸣老街客栈,鹤鸣镇,客栈,周末,87.2,81.6,321,13161,飞猪,320,9
2026-10-25,m94,鹤鸣老街客栈,鹤鸣镇,客栈,周末,87.2,81.6,321,13161,去哪儿,321,8
2026-10-25,m94,鹤鸣老街客栈,鹤鸣镇,客栈,周末,87.2,81.6,321,13161,同程,321,9
2026-10-26,m94,鹤鸣老街客栈,鹤鸣镇,客栈,工作日,51.1,48.2,251,6024,飞猪,256,24
2026-10-26,m94,鹤鸣老街客栈,鹤鸣镇,客栈,工作日,51.1,48.2,251,6024,去哪儿,249,24
2026-10-26,m94,鹤鸣老街客栈,鹤鸣镇,客栈,工作日,51.1,48.2,251,6024,同程,249,25
2026-10-27,m94,鹤鸣老街客栈,鹤鸣镇,客栈,工作日,46.8,46.8,252,5544,飞猪,253,25
2026-10-27,m94,鹤鸣老街客栈,鹤鸣镇,客栈,工作日,46.8,46.8,252,5544,去哪儿,254,25
2026-10-27,m94,鹤鸣老街客栈,鹤鸣镇,客栈,工作日,46.8,46.8,252,5544,同程,249,25
2026-10-28,m94,鹤鸣老街客栈,鹤鸣镇,客栈,工作日,40.4,38.3,246,4674,飞猪,248,29
2026-10-28,m94,鹤鸣老街客栈,鹤鸣镇,客栈,工作日,40.4,38.3,246,4674,去哪儿,247,29
2026-10-28,m94,鹤鸣老街客栈,鹤鸣镇,客栈,工作日,40.4,38.3,246,4674,同程,243,29
2026-10-29,m94,鹤鸣老街客栈,鹤鸣镇,客栈,工作日,61.7,56.7,265,7685,飞猪,266,20
2026-10-29,m94,鹤鸣老街客栈,鹤鸣镇,客栈,工作日,61.7,56.7,265,7685,去哪儿,268,20
2026-10-29,m94,鹤鸣老街客栈,鹤鸣镇,客栈,工作日,61.7,56.7,265,7685,同程,262,21
2026-10-30,m94,鹤鸣老街客栈,鹤鸣镇,客栈,工作日,53.2,48.2,252,6300,飞猪,253,24
2026-10-30,m94,鹤鸣老街客栈,鹤鸣镇,客栈,工作日,53.2,48.2,252,6300,去哪儿,253,24
2026-10-30,m94,鹤鸣老街客栈,鹤鸣镇,客栈,工作日,53.2,48.2,252,6300,同程,250,25
2026-10-31,m94,鹤鸣老街客栈,鹤鸣镇,客栈,周末,89.4,83.7,311,13062,飞猪,314,8
2026-10-31,m94,鹤鸣老街客栈,鹤鸣镇,客栈,周末,89.4,83.7,311,13062,去哪儿,310,7
2026-10-31,m94,鹤鸣老街客栈,鹤鸣镇,客栈,周末,89.4,83.7,311,13062,同程,308,8
2026-10-01,m95,鹤鸣云居客栈,鹤鸣镇,客栈,国庆,100.0,87.5,693,19404,美团,683,3
2026-10-01,m95,鹤鸣云居客栈,鹤鸣镇,客栈,国庆,100.0,87.5,693,19404,飞猪,702,4
2026-10-02,m95,鹤鸣云居客栈,鹤鸣镇,客栈,国庆,96.4,92.9,680,18360,美团,674,2
2026-10-02,m95,鹤鸣云居客栈,鹤鸣镇,客栈,国庆,96.4,92.9,680,18360,飞猪,686,2
2026-10-03,m95,鹤鸣云居客栈,鹤鸣镇,客栈,国庆,100.0,87.5,719,20132,美团,718,4
2026-10-03,m95,鹤鸣云居客栈,鹤鸣镇,客栈,国庆,100.0,87.5,719,20132,飞猪,719,3
2026-10-04,m95,鹤鸣云居客栈,鹤鸣镇,客栈,国庆,100.0,92.9,696,19488,美团,688,2
2026-10-04,m95,鹤鸣云居客栈,鹤鸣镇,客栈,国庆,100.0,92.9,696,19488,飞猪,704,2
2026-10-05,m95,鹤鸣云居客栈,鹤鸣镇,客栈,国庆,96.4,91.1,673,18171,美团,660,3
2026-10-05,m95,鹤鸣云居客栈,鹤鸣镇,客栈,国庆,96.4,91.1,673,18171,飞猪,686,2
2026-10-06,m95,鹤鸣云居客栈,鹤鸣镇,客栈,国庆,100.0,96.4,708,19824,美团,700,1
2026-10-06,m95,鹤鸣云居客栈,鹤鸣镇,客栈,国庆,100.0,96.4,708,19824,飞猪,715,1
2026-10-07,m95,鹤鸣云居客栈,鹤鸣镇,客栈,国庆,100.0,91.1,682,19096,美团,678,3
2026-10-07,m95,鹤鸣云居客栈,鹤鸣镇,客栈,国庆,100.0,91.1,682,19096,飞猪,686,2
2026-10-08,m95,鹤鸣云居客栈,鹤鸣镇,客栈,国庆,100.0,100.0,710,19880,美团,706,0
2026-10-08,m95,鹤鸣云居客栈,鹤鸣镇,客栈,国庆,100.0,100.0,710,19880,飞猪,713,0
2026-10-09,m95,鹤鸣云居客栈,鹤鸣镇,客栈,工作日,35.7,28.6,326,3260,美团,321,20
2026-10-09,m95,鹤鸣云居客栈,鹤鸣镇,客栈,工作日,35.7,28.6,326,3260,飞猪,330,20
2026-10-10,m95,鹤鸣云居客栈,鹤鸣镇,客栈,周末,78.6,75.0,436,9592,美团,430,7
2026-10-10,m95,鹤鸣云居客栈,鹤鸣镇,客栈,周末,78.6,75.0,436,9592,飞猪,441,7
2026-10-11,m95,鹤鸣云居客栈,鹤鸣镇,客栈,周末,85.7,78.6,422,10128,美团,415,6
2026-10-11,m95,鹤鸣云居客栈,鹤鸣镇,客栈,周末,85.7,78.6,422,10128,飞猪,429,6
2026-10-12,m95,鹤鸣云居客栈,鹤鸣镇,客栈,工作日,50.0,50.0,348,4872,美团,344,14
2026-10-12,m95,鹤鸣云居客栈,鹤鸣镇,客栈,工作日,50.0,50.0,348,4872,飞猪,351,14
2026-10-13,m95,鹤鸣云居客栈,鹤鸣镇,客栈,工作日,67.9,62.5,349,6631,美团,345,10
2026-10-13,m95,鹤鸣云居客栈,鹤鸣镇,客栈,工作日,67.9,62.5,349,6631,飞猪,352,11
2026-10-14,m95,鹤鸣云居客栈,鹤鸣镇,客栈,工作日,50.0,46.4,346,4844,美团,345,15
2026-10-14,m95,鹤鸣云居客栈,鹤鸣镇,客栈,工作日,50.0,46.4,346,4844,飞猪,346,15
2026-10-15,m95,鹤鸣云居客栈,鹤鸣镇,客栈,工作日,64.3,64.3,352,6336,美团,347,10
2026-10-15,m95,鹤鸣云居客栈,鹤鸣镇,客栈,工作日,64.3,64.3,352,6336,飞猪,356,10
2026-10-16,m95,鹤鸣云居客栈,鹤鸣镇,客栈,工作日,32.1,26.8,330,2970,美团,327,21
2026-10-16,m95,鹤鸣云居客栈,鹤鸣镇,客栈,工作日,32.1,26.8,330,2970,飞猪,332,20
2026-10-17,m95,鹤鸣云居客栈,鹤鸣镇,客栈,周末,89.3,83.9,451,11275,美团,444,5
2026-10-17,m95,鹤鸣云居客栈,鹤鸣镇,客栈,周末,89.3,83.9,451,11275,飞猪,458,4
2026-10-18,m95,鹤鸣云居客栈,鹤鸣镇,客栈,周末,89.3,89.3,439,10975,美团,434,3
2026-10-18,m95,鹤鸣云居客栈,鹤鸣镇,客栈,周末,89.3,89.3,439,10975,飞猪,443,3
2026-10-19,m95,鹤鸣云居客栈,鹤鸣镇,客栈,工作日,60.7,57.1,344,5848,美团,340,12
2026-10-19,m95,鹤鸣云居客栈,鹤鸣镇,客栈,工作日,60.7,57.1,344,5848,飞猪,347,12
2026-10-20,m95,鹤鸣云居客栈,鹤鸣镇,客栈,工作日,42.9,41.1,336,4032,美团,331,17
2026-10-20,m95,鹤鸣云居客栈,鹤鸣镇,客栈,工作日,42.9,41.1,336,4032,飞猪,340,16
2026-10-21,m95,鹤鸣云居客栈,鹤鸣镇,客栈,工作日,60.7,57.1,353,6001,美团,350,12
2026-10-21,m95,鹤鸣云居客栈,鹤鸣镇,客栈,工作日,60.7,57.1,353,6001,飞猪,355,12
2026-10-22,m95,鹤鸣云居客栈,鹤鸣镇,客栈,工作日,60.7,58.9,348,5916,美团,344,12
2026-10-22,m95,鹤鸣云居客栈,鹤鸣镇,客栈,工作日,60.7,58.9,348,5916,飞猪,352,11
2026-10-23,m95,鹤鸣云居客栈,鹤鸣镇,客栈,工作日,46.4,46.4,340,4420,美团,336,15
2026-10-23,m95,鹤鸣云居客栈,鹤鸣镇,客栈,工作日,46.4,46.4,340,4420,飞猪,344,15
2026-10-24,m95,鹤鸣云居客栈,鹤鸣镇,客栈,周末,85.7,82.1,432,10368,美团,426,5
2026-10-24,m95,鹤鸣云居客栈,鹤鸣镇,客栈,周末,85.7,82.1,432,10368,飞猪,438,5
2026-10-25,m95,鹤鸣云居客栈,鹤鸣镇,客栈,周末,75.0,67.9,432,9072,美团,425,9
2026-10-25,m95,鹤鸣云居客栈,鹤鸣镇,客栈,周末,75.0,67.9,432,9072,飞猪,438,9
2026-10-26,m95,鹤鸣云居客栈,鹤鸣镇,客栈,工作日,46.4,46.4,336,4368,美团,328,15
2026-10-26,m95,鹤鸣云居客栈,鹤鸣镇,客栈,工作日,46.4,46.4,336,4368,飞猪,344,15
2026-10-27,m95,鹤鸣云居客栈,鹤鸣镇,客栈,工作日,35.7,33.9,339,3390,美团,334,19
2026-10-27,m95,鹤鸣云居客栈,鹤鸣镇,客栈,工作日,35.7,33.9,339,3390,飞猪,343,18
2026-10-28,m95,鹤鸣云居客栈,鹤鸣镇,客栈,工作日,42.9,42.9,338,4056,美团,333,16
2026-10-28,m95,鹤鸣云居客栈,鹤鸣镇,客栈,工作日,42.9,42.9,338,4056,飞猪,342,16
2026-10-29,m95,鹤鸣云居客栈,鹤鸣镇,客栈,工作日,50.0,50.0,339,4746,美团,332,14
2026-10-29,m95,鹤鸣云居客栈,鹤鸣镇,客栈,工作日,50.0,50.0,339,4746,飞猪,346,14
2026-10-30,m95,鹤鸣云居客栈,鹤鸣镇,客栈,工作日,50.0,50.0,346,4844,美团,343,14
2026-10-30,m95,鹤鸣云居客栈,鹤鸣镇,客栈,工作日,50.0,50.0,346,4844,飞猪,349,14
2026-10-31,m95,鹤鸣云居客栈,鹤鸣镇,客栈,周末,92.9,89.3,447,11622,美团,441,3
2026-10-31,m95,鹤鸣云居客栈,鹤鸣镇,客栈,周末,92.9,89.3,447,11622,飞猪,452,3
2026-10-01,m96,鹤鸣溪边客栈,鹤鸣镇,客栈,国庆,100.0,77.8,940,28200,携程,945,7
2026-10-01,m96,鹤鸣溪边客栈,鹤鸣镇,客栈,国庆,100.0,77.8,940,28200,美团,909,7
2026-10-01,m96,鹤鸣溪边客栈,鹤鸣镇,客栈,国庆,100.0,77.8,940,28200,途家,967,6
2026-10-02,m96,鹤鸣溪边客栈,鹤鸣镇,客栈,国庆,100.0,90.0,964,28920,携程,971,3
2026-10-02,m96,鹤鸣溪边客栈,鹤鸣镇,客栈,国庆,100.0,90.0,964,28920,美团,936,3
2026-10-02,m96,鹤鸣溪边客栈,鹤鸣镇,客栈,国庆,100.0,90.0,964,28920,途家,984,3
2026-10-03,m96,鹤鸣溪边客栈,鹤鸣镇,客栈,国庆,100.0,92.2,927,27810,携程,926,2
2026-10-03,m96,鹤鸣溪边客栈,鹤鸣镇,客栈,国庆,100.0,92.2,927,27810,美团,901,3
2026-10-03,m96,鹤鸣溪边客栈,鹤鸣镇,客栈,国庆,100.0,92.2,927,27810,途家,954,2
2026-10-04,m96,鹤鸣溪边客栈,鹤鸣镇,客栈,国庆,100.0,87.8,949,28470,携程,958,4
2026-10-04,m96,鹤鸣溪边客栈,鹤鸣镇,客栈,国庆,100.0,87.8,949,28470,美团,924,4
2026-10-04,m96,鹤鸣溪边客栈,鹤鸣镇,客栈,国庆,100.0,87.8,949,28470,途家,964,3
2026-10-05,m96,鹤鸣溪边客栈,鹤鸣镇,客栈,国庆,100.0,93.3,972,29160,携程,977,2
2026-10-05,m96,鹤鸣溪边客栈,鹤鸣镇,客栈,国庆,100.0,93.3,972,29160,美团,955,2
2026-10-05,m96,鹤鸣溪边客栈,鹤鸣镇,客栈,国庆,100.0,93.3,972,29160,途家,984,2
2026-10-06,m96,鹤鸣溪边客栈,鹤鸣镇,客栈,国庆,96.7,88.9,947,27463,携程,954,3
2026-10-06,m96,鹤鸣溪边客栈,鹤鸣镇,客栈,国庆,96.7,88.9,947,27463,美团,914,4
2026-10-06,m96,鹤鸣溪边客栈,鹤鸣镇,客栈,国庆,96.7,88.9,947,27463,途家,972,3
2026-10-07,m96,鹤鸣溪边客栈,鹤鸣镇,客栈,国庆,100.0,86.7,950,28500,携程,950,4
2026-10-07,m96,鹤鸣溪边客栈,鹤鸣镇,客栈,国庆,100.0,86.7,950,28500,美团,922,4
2026-10-07,m96,鹤鸣溪边客栈,鹤鸣镇,客栈,国庆,100.0,86.7,950,28500,途家,979,4
2026-10-08,m96,鹤鸣溪边客栈,鹤鸣镇,客栈,国庆,96.7,90.0,950,27550,携程,954,3
2026-10-08,m96,鹤鸣溪边客栈,鹤鸣镇,客栈,国庆,96.7,90.0,950,27550,美团,929,3
2026-10-08,m96,鹤鸣溪边客栈,鹤鸣镇,客栈,国庆,96.7,90.0,950,27550,途家,967,3
2026-10-09,m96,鹤鸣溪边客栈,鹤鸣镇,客栈,工作日,46.7,46.7,465,6510,携程,472,16
2026-10-09,m96,鹤鸣溪边客栈,鹤鸣镇,客栈,工作日,46.7,46.7,465,6510,美团,450,16
2026-10-09,m96,鹤鸣溪边客栈,鹤鸣镇,客栈,工作日,46.7,46.7,465,6510,途家,473,16
2026-10-10,m96,鹤鸣溪边客栈,鹤鸣镇,客栈,周末,80.0,75.6,602,14448,携程,601,7
2026-10-10,m96,鹤鸣溪边客栈,鹤鸣镇,客栈,周末,80.0,75.6,602,14448,美团,587,8
2026-10-10,m96,鹤鸣溪边客栈,鹤鸣镇,客栈,周末,80.0,75.6,602,14448,途家,619,7
2026-10-11,m96,鹤鸣溪边客栈,鹤鸣镇,客栈,周末,90.0,88.9,609,16443,携程,609,3
2026-10-11,m96,鹤鸣溪边客栈,鹤鸣镇,客栈,周末,90.0,88.9,609,16443,美团,595,4
2026-10-11,m96,鹤鸣溪边客栈,鹤鸣镇,客栈,周末,90.0,88.9,609,16443,途家,623,3
2026-10-12,m96,鹤鸣溪边客栈,鹤鸣镇,客栈,工作日,46.7,46.7,476,6664,携程,478,16
2026-10-12,m96,鹤鸣溪边客栈,鹤鸣镇,客栈,工作日,46.7,46.7,476,6664,美团,462,16
2026-10-12,m96,鹤鸣溪边客栈,鹤鸣镇,客栈,工作日,46.7,46.7,476,6664,途家,489,16
2026-10-13,m96,鹤鸣溪边客栈,鹤鸣镇,客栈,工作日,46.7,45.6,467,6538,携程,470,16
2026-10-13,m96,鹤鸣溪边客栈,鹤鸣镇,客栈,工作日,46.7,45.6,467,6538,美团,455,17
2026-10-13,m96,鹤鸣溪边客栈,鹤鸣镇,客栈,工作日,46.7,45.6,467,6538,途家,477,16
2026-10-14,m96,鹤鸣溪边客栈,鹤鸣镇,客栈,工作日,66.7,61.1,496,9920,携程,495,12
2026-10-14,m96,鹤鸣溪边客栈,鹤鸣镇,客栈,工作日,66.7,61.1,496,9920,美团,486,12
2026-10-14,m96,鹤鸣溪边客栈,鹤鸣镇,客栈,工作日,66.7,61.1,496,9920,途家,508,11
2026-10-15,m96,鹤鸣溪边客栈,鹤鸣镇,客栈,工作日,66.7,60.0,475,9500,携程,475,12
2026-10-15,m96,鹤鸣溪边客栈,鹤鸣镇,客栈,工作日,66.7,60.0,475,9500,美团,466,12
2026-10-15,m96,鹤鸣溪边客栈,鹤鸣镇,客栈,工作日,66.7,60.0,475,9500,途家,485,12
2026-10-16,m96,鹤鸣溪边客栈,鹤鸣镇,客栈,工作日,46.7,46.7,480,6720,携程,481,16
2026-10-16,m96,鹤鸣溪边客栈,鹤鸣镇,客栈,工作日,46.7,46.7,480,6720,美团,467,16
2026-10-16,m96,鹤鸣溪边客栈,鹤鸣镇,客栈,工作日,46.7,46.7,480,6720,途家,491,16
2026-10-17,m96,鹤鸣溪边客栈,鹤鸣镇,客栈,周末,83.3,72.2,604,15100,携程,602,9
2026-10-17,m96,鹤鸣溪边客栈,鹤鸣镇,客栈,周末,83.3,72.2,604,15100,美团,588,8
2026-10-17,m96,鹤鸣溪边客栈,鹤鸣镇,客栈,周末,83.3,72.2,604,15100,途家,623,8
2026-10-18,m96,鹤鸣溪边客栈,鹤鸣镇,客栈,周末,86.7,83.3,612,15912,携程,610,5
2026-10-18,m96,鹤鸣溪边客栈,鹤鸣镇,客栈,周末,86.7,83.3,612,15912,美团,602,5
2026-10-18,m96,鹤鸣溪边客栈,鹤鸣镇,客栈,周末,86.7,83.3,612,15912,途家,625,5
2026-10-19,m96,鹤鸣溪边客栈,鹤鸣镇,客栈,工作日,53.3,53.3,486,7776,携程,488,14
2026-10-19,m96,鹤鸣溪边客栈,鹤鸣镇,客栈,工作日,53.3,53.3,486,7776,美团,475,14
2026-10-19,m96,鹤鸣溪边客栈,鹤鸣镇,客栈,工作日,53.3,53.3,486,7776,途家,495,14
2026-10-20,m96,鹤鸣溪边客栈,鹤鸣镇,客栈,工作日,56.7,52.2,480,8160,携程,484,14
2026-10-20,m96,鹤鸣溪边客栈,鹤鸣镇,客栈,工作日,56.7,52.2,480,8160,美团,464,15
2026-10-20,m96,鹤鸣溪边客栈,鹤鸣镇,客栈,工作日,56.7,52.2,480,8160,途家,492,14
2026-10-21,m96,鹤鸣溪边客栈,鹤鸣镇,客栈,工作日,63.3,63.3,501,9519,携程,504,11
2026-10-21,m96,鹤鸣溪边客栈,鹤鸣镇,客栈,工作日,63.3,63.3,501,9519,美团,486,11
2026-10-21,m96,鹤鸣溪边客栈,鹤鸣镇,客栈,工作日,63.3,63.3,501,9519,途家,512,11
2026-10-22,m96,鹤鸣溪边客栈,鹤鸣镇,客栈,工作日,53.3,51.1,486,7776,携程,489,15
2026-10-22,m96,鹤鸣溪边客栈,鹤鸣镇,客栈,工作日,53.3,51.1,486,7776,美团,469,15
2026-10-22,m96,鹤鸣溪边客栈,鹤鸣镇,客栈,工作日,53.3,51.1,486,7776,途家,500,14
2026-10-23,m96,鹤鸣溪边客栈,鹤鸣镇,客栈,工作日,40.0,25.6,459,5508,携程,462,23
2026-10-23,m96,鹤鸣溪边客栈,鹤鸣镇,客栈,工作日,40.0,25.6,459,5508,美团,447,22
2026-10-23,m96,鹤鸣溪边客栈,鹤鸣镇,客栈,工作日,40.0,25.6,459,5508,途家,469,22
2026-10-24,m96,鹤鸣溪边客栈,鹤鸣镇,客栈,周末,83.3,80.0,604,15100,携程,602,6
2026-10-24,m96,鹤鸣溪边客栈,鹤鸣镇,客栈,周末,83.3,80.0,604,15100,美团,592,6
2026-10-24,m96,鹤鸣溪边客栈,鹤鸣镇,客栈,周末,83.3,80.0,604,15100,途家,617,6
2026-10-25,m96,鹤鸣溪边客栈,鹤鸣镇,客栈,周末,83.3,76.7,600,15000,携程,598,7
2026-10-25,m96,鹤鸣溪边客栈,鹤鸣镇,客栈,周末,83.3,76.7,600,15000,美团,582,7
2026-10-25,m96,鹤鸣溪边客栈,鹤鸣镇,客栈,周末,83.3,76.7,600,15000,途家,620,7
2026-10-26,m96,鹤鸣溪边客栈,鹤鸣镇,客栈,工作日,56.7,53.3,470,7990,携程,471,14
2026-10-26,m96,鹤鸣溪边客栈,鹤鸣镇,客栈,工作日,56.7,53.3,470,7990,美团,457,14
2026-10-26,m96,鹤鸣溪边客栈,鹤鸣镇,客栈,工作日,56.7,53.3,470,7990,途家,481,14
2026-10-27,m96,鹤鸣溪边客栈,鹤鸣镇,客栈,工作日,63.3,62.2,486,9234,携程,487,12
2026-10-27,m96,鹤鸣溪边客栈,鹤鸣镇,客栈,工作日,63.3,62.2,486,9234,美团,476,11
2026-10-27,m96,鹤鸣溪边客栈,鹤鸣镇,客栈,工作日,63.3,62.2,486,9234,途家,494,11
2026-10-28,m96,鹤鸣溪边客栈,鹤鸣镇,客栈,工作日,60.0,60.0,480,8640,携程,480,12
2026-10-28,m96,鹤鸣溪边客栈,鹤鸣镇,客栈,工作日,60.0,60.0,480,8640,美团,470,12
2026-10-28,m96,鹤鸣溪边客栈,鹤鸣镇,客栈,工作日,60.0,60.0,480,8640,途家,491,12
2026-10-29,m96,鹤鸣溪边客栈,鹤鸣镇,客栈,工作日,36.7,35.6,464,5104,携程,469,19
2026-10-29,m96,鹤鸣溪边客栈,鹤鸣镇,客栈,工作日,36.7,35.6,464,5104,美团,450,20
2026-10-29,m96,鹤鸣溪边客栈,鹤鸣镇,客栈,工作日,36.7,35.6,464,5104,途家,472,19
2026-10-30,m96,鹤鸣溪边客栈,鹤鸣镇,客栈,工作日,56.7,51.1,473,8041,携程,477,15
2026-10-30,m96,鹤鸣溪边客栈,鹤鸣镇,客栈,工作日,56.7,51.1,473,8041,美团,461,15
2026-10-30,m96,鹤鸣溪边客栈,鹤鸣镇,客栈,工作日,56.7,51.1,473,8041,途家,482,14
2026-10-31,m96,鹤鸣溪边客栈,鹤鸣镇,客栈,周末,90.0,83.3,587,15849,携程,590,5
2026-10-31,m96,鹤鸣溪边客栈,鹤鸣镇,客栈,周末,90.0,83.3,587,15849,美团,573,5
2026-10-31,m96,鹤鸣溪边客栈,鹤鸣镇,客栈,周末,90.0,83.3,587,15849,途家,597,5
2026-10-01,m97,鹤鸣云居客栈,鹤鸣镇,客栈,国庆,100.0,96.0,796,33432,美团,784,2
2026-10-01,m97,鹤鸣云居客栈,鹤鸣镇,客栈,国庆,100.0,96.0,796,33432,同程,786,2
2026-10-01,m97,鹤鸣云居客栈,鹤鸣镇,客栈,国庆,100.0,96.0,796,33432,途家,818,1
2026-10-02,m97,鹤鸣云居客栈,鹤鸣镇,客栈,国庆,97.6,91.3,775,31775,美团,757,4
2026-10-02,m97,鹤鸣云居客栈,鹤鸣镇,客栈,国庆,97.6,91.3,775,31775,同程,773,4
2026-10-02,m97,鹤鸣云居客栈,鹤鸣镇,客栈,国庆,97.6,91.3,775,31775,途家,795,3
2026-10-03,m97,鹤鸣云居客栈,鹤鸣镇,客栈,国庆,95.2,87.3,757,30280,美团,743,6
2026-10-03,m97,鹤鸣云居客栈,鹤鸣镇,客栈,国庆,95.2,87.3,757,30280,同程,750,5
2026-10-03,m97,鹤鸣云居客栈,鹤鸣镇,客栈,国庆,95.2,87.3,757,30280,途家,778,5
2026-10-04,m97,鹤鸣云居客栈,鹤鸣镇,客栈,国庆,100.0,96.8,799,33558,美团,788,1
2026-10-04,m97,鹤鸣云居客栈,鹤鸣镇,客栈,国庆,100.0,96.8,799,33558,同程,787,2
2026-10-04,m97,鹤鸣云居客栈,鹤鸣镇,客栈,国庆,100.0,96.8,799,33558,途家,821,1
2026-10-05,m97,鹤鸣云居客栈,鹤鸣镇,客栈,国庆,100.0,94.4,796,33432,美团,781,3
2026-10-05,m97,鹤鸣云居客栈,鹤鸣镇,客栈,国庆,100.0,94.4,796,33432,同程,791,2
2026-10-05,m97,鹤鸣云居客栈,鹤鸣镇,客栈,国庆,100.0,94.4,796,33432,途家,816,2
2026-10-06,m97,鹤鸣云居客栈,鹤鸣镇,客栈,国庆,97.6,90.5,780,31980,美团,770,4
2026-10-06,m97,鹤鸣云居客栈,鹤鸣镇,客栈,国庆,97.6,90.5,780,31980,同程,771,4
2026-10-06,m97,鹤鸣云居客栈,鹤鸣镇,客栈,国庆,97.6,90.5,780,31980,途家,800,4
2026-10-07,m97,鹤鸣云居客栈,鹤鸣镇,客栈,国庆,100.0,99.2,793,33306,美团,778,0
2026-10-07,m97,鹤鸣云居客栈,鹤鸣镇,客栈,国庆,100.0,99.2,793,33306,同程,785,1
2026-10-07,m97,鹤鸣云居客栈,鹤鸣镇,客栈,国庆,100.0,99.2,793,33306,途家,817,0
2026-10-08,m97,鹤鸣云居客栈,鹤鸣镇,客栈,国庆,97.6,94.4,750,30750,美团,739,2
2026-10-08,m97,鹤鸣云居客栈,鹤鸣镇,客栈,国庆,97.6,94.4,750,30750,同程,738,3
2026-10-08,m97,鹤鸣云居客栈,鹤鸣镇,客栈,国庆,97.6,94.4,750,30750,途家,774,2
2026-10-09,m97,鹤鸣云居客栈,鹤鸣镇,客栈,工作日,42.9,42.1,385,6930,美团,378,24
2026-10-09,m97,鹤鸣云居客栈,鹤鸣镇,客栈,工作日,42.9,42.1,385,6930,同程,379,25
2026-10-09,m97,鹤鸣云居客栈,鹤鸣镇,客栈,工作日,42.9,42.1,385,6930,途家,397,24
2026-10-10,m97,鹤鸣云居客栈,鹤鸣镇,客栈,周末,78.6,75.4,480,15840,美团,471,10
2026-10-10,m97,鹤鸣云居客栈,鹤鸣镇,客栈,周末,78.6,75.4,480,15840,同程,477,11
2026-10-10,m97,鹤鸣云居客栈,鹤鸣镇,客栈,周末,78.6,75.4,480,15840,途家,493,10
2026-10-11,m97,鹤鸣云居客栈,鹤鸣镇,客栈,周末,92.9,88.9,500,19500,美团,490,5
2026-10-11,m97,鹤鸣云居客栈,鹤鸣镇,客栈,周末,92.9,88.9,500,19500,同程,492,5
2026-10-11,m97,鹤鸣云居客栈,鹤鸣镇,客栈,周末,92.9,88.9,500,19500,途家,518,4
2026-10-12,m97,鹤鸣云居客栈,鹤鸣镇,客栈,工作日,50.0,46.8,384,8064,美团,377,22
2026-10-12,m97,鹤鸣云居客栈,鹤鸣镇,客栈,工作日,50.0,46.8,384,8064,同程,381,23
2026-10-12,m97,鹤鸣云居客栈,鹤鸣镇,客栈,工作日,50.0,46.8,384,8064,途家,395,22
2026-10-13,m97,鹤鸣云居客栈,鹤鸣镇,客栈,工作日,52.4,50.0,386,8492,美团,380,21
2026-10-13,m97,鹤鸣云居客栈,鹤鸣镇,客栈,工作日,52.4,50.0,386,8492,同程,381,21
2026-10-13,m97,鹤鸣云居客栈,鹤鸣镇,客栈,工作日,52.4,50.0,386,8492,途家,396,21
2026-10-14,m97,鹤鸣云居客栈,鹤鸣镇,客栈,工作日,50.0,46.8,392,8232,美团,384,22
2026-10-14,m97,鹤鸣云居客栈,鹤鸣镇,客栈,工作日,50.0,46.8,392,8232,同程,389,23
2026-10-14,m97,鹤鸣云居客栈,鹤鸣镇,客栈,工作日,50.0,46.8,392,8232,途家,403,22
2026-10-15,m97,鹤鸣云居客栈,鹤鸣镇,客栈,工作日,47.6,41.3,383,7660,美团,377,25
2026-10-15,m97,鹤鸣云居客栈,鹤鸣镇,客栈,工作日,47.6,41.3,383,7660,同程,379,25
2026-10-15,m97,鹤鸣云居客栈,鹤鸣镇,客栈,工作日,47.6,41.3,383,7660,途家,393,24
2026-10-16,m97,鹤鸣云居客栈,鹤鸣镇,客栈,工作日,52.4,49.2,388,8536,美团,380,21
2026-10-16,m97,鹤鸣云居客栈,鹤鸣镇,客栈,工作日,52.4,49.2,388,8536,同程,382,22
2026-10-16,m97,鹤鸣云居客栈,鹤鸣镇,客栈,工作日,52.4,49.2,388,8536,途家,401,21
2026-10-17,m97,鹤鸣云居客栈,鹤鸣镇,客栈,周末,90.5,87.3,503,19114,美团,493,5
2026-10-17,m97,鹤鸣云居客栈,鹤鸣镇,客栈,周末,90.5,87.3,503,19114,同程,500,6
2026-10-17,m97,鹤鸣云居客栈,鹤鸣镇,客栈,周末,90.5,87.3,503,19114,途家,517,5
2026-10-18,m97,鹤鸣云居客栈,鹤鸣镇,客栈,周末,95.2,94.4,480,19200,美团,473,2
2026-10-18,m97,鹤鸣云居客栈,鹤鸣镇,客栈,周末,95.2,94.4,480,19200,同程,475,3
2026-10-18,m97,鹤鸣云居客栈,鹤鸣镇,客栈,周末,95.2,94.4,480,19200,途家,491,2
2026-10-19,m97,鹤鸣云居客栈,鹤鸣镇,客栈,工作日,42.9,37.3,376,6768,美团,367,27
2026-10-19,m97,鹤鸣云居客栈,鹤鸣镇,客栈,工作日,42.9,37.3,376,6768,同程,372,26
2026-10-19,m97,鹤鸣云居客栈,鹤鸣镇,客栈,工作日,42.9,37.3,376,6768,途家,390,26
2026-10-20,m97,鹤鸣云居客栈,鹤鸣镇,客栈,工作日,54.8,52.4,382,8786,美团,376,20
2026-10-20,m97,鹤鸣云居客栈,鹤鸣镇,客栈,工作日,54.8,52.4,382,8786,同程,377,20
2026-10-20,m97,鹤鸣云居客栈,鹤鸣镇,客栈,工作日,54.8,52.4,382,8786,途家,394,20
2026-10-21,m97,鹤鸣云居客栈,鹤鸣镇,客栈,工作日,54.8,52.4,388,8924,美团,381,20
2026-10-21,m97,鹤鸣云居客栈,鹤鸣镇,客栈,工作日,54.8,52.4,388,8924,同程,384,20
2026-10-21,m97,鹤鸣云居客栈,鹤鸣镇,客栈,工作日,54.8,52.4,388,8924,途家,400,20
2026-10-22,m97,鹤鸣云居客栈,鹤鸣镇,客栈,工作日,57.1,55.6,391,9384,美团,383,19
2026-10-22,m97,鹤鸣云居客栈,鹤鸣镇,客栈,工作日,57.1,55.6,391,9384,同程,389,19
2026-10-22,m97,鹤鸣云居客栈,鹤鸣镇,客栈,工作日,57.1,55.6,391,9384,途家,401,18
2026-10-23,m97,鹤鸣云居客栈,鹤鸣镇,客栈,工作日,45.2,40.5,377,7163,美团,367,25
2026-10-23,m97,鹤鸣云居客栈,鹤鸣镇,客栈,工作日,45.2,40.5,377,7163,同程,376,25
2026-10-23,m97,鹤鸣云居客栈,鹤鸣镇,客栈,工作日,45.2,40.5,377,7163,途家,389,25
2026-10-24,m97,鹤鸣云居客栈,鹤鸣镇,客栈,周末,88.1,79.4,477,17649,美团,469,9
2026-10-24,m97,鹤鸣云居客栈,鹤鸣镇,客栈,周末,88.1,79.4,477,17649,同程,476,9
2026-10-24,m97,鹤鸣云居客栈,鹤鸣镇,客栈,周末,88.1,79.4,477,17649,途家,487,8
2026-10-25,m97,鹤鸣云居客栈,鹤鸣镇,客栈,周末,81.0,78.6,503,17102,美团,494,9
2026-10-25,m97,鹤鸣云居客栈,鹤鸣镇,客栈,周末,81.0,78.6,503,17102,同程,494,9
2026-10-25,m97,鹤鸣云居客栈,鹤鸣镇,客栈,周末,81.0,78.6,503,17102,途家,521,9
2026-10-26,m97,鹤鸣云居客栈,鹤鸣镇,客栈,工作日,57.1,54.8,390,9360,美团,386,19
2026-10-26,m97,鹤鸣云居客栈,鹤鸣镇,客栈,工作日,57.1,54.8,390,9360,同程,384,19
2026-10-26,m97,鹤鸣云居客栈,鹤鸣镇,客栈,工作日,57.1,54.8,390,9360,途家,400,19
2026-10-27,m97,鹤鸣云居客栈,鹤鸣镇,客栈,工作日,50.0,46.0,385,8085,美团,375,23
2026-10-27,m97,鹤鸣云居客栈,鹤鸣镇,客栈,工作日,50.0,46.0,385,8085,同程,381,23
2026-10-27,m97,鹤鸣云居客栈,鹤鸣镇,客栈,工作日,50.0,46.0,385,8085,途家,399,22
2026-10-28,m97,鹤鸣云居客栈,鹤鸣镇,客栈,工作日,69.0,56.3,389,11281,美团,380,19
2026-10-28,m97,鹤鸣云居客栈,鹤鸣镇,客栈,工作日,69.0,56.3,389,11281,同程,386,18
2026-10-28,m97,鹤鸣云居客栈,鹤鸣镇,客栈,工作日,69.0,56.3,389,11281,途家,400,18
2026-10-29,m97,鹤鸣云居客栈,鹤鸣镇,客栈,工作日,42.9,39.7,383,6894,美团,374,26
2026-10-29,m97,鹤鸣云居客栈,鹤鸣镇,客栈,工作日,42.9,39.7,383,6894,同程,378,25
2026-10-29,m97,鹤鸣云居客栈,鹤鸣镇,客栈,工作日,42.9,39.7,383,6894,途家,396,25
2026-10-30,m97,鹤鸣云居客栈,鹤鸣镇,客栈,工作日,54.8,48.4,393,9039,美团,385,22
2026-10-30,m97,鹤鸣云居客栈,鹤鸣镇,客栈,工作日,54.8,48.4,393,9039,同程,387,22
2026-10-30,m97,鹤鸣云居客栈,鹤鸣镇,客栈,工作日,54.8,48.4,393,9039,途家,408,21
2026-10-31,m97,鹤鸣云居客栈,鹤鸣镇,客栈,周末,88.1,84.9,489,18093,美团,482,7
2026-10-31,m97,鹤鸣云居客栈,鹤鸣镇,客栈,周末,88.1,84.9,489,18093,同程,479,6
2026-10-31,m97,鹤鸣云居客栈,鹤鸣镇,客栈,周末,88.1,84.9,489,18093,途家,507,6
2026-10-01,m98,鹤鸣兰庭大酒店,鹤鸣镇,酒店,国庆,96.7,90.5,1090,158050,美团,1061,14
2026-10-01,m98,鹤鸣兰庭大酒店,鹤鸣镇,酒店,国庆,96.7,90.5,1090,158050,飞猪,1096,14
2026-10-01,m98,鹤鸣兰庭大酒店,鹤鸣镇,酒店,国庆,96.7,90.5,1090,158050,去哪儿,1087,14
2026-10-01,m98,鹤鸣兰庭大酒店,鹤鸣镇,酒店,国庆,96.7,90.5,1090,158050,同程,1080,15
2026-10-01,m98,鹤鸣兰庭大酒店,鹤鸣镇,酒店,国庆,96.7,90.5,1090,158050,途家,1128,14
2026-10-02,m98,鹤鸣兰庭大酒店,鹤鸣镇,酒店,国庆,96.7,91.7,1086,157470,美团,1061,13
2026-10-02,m98,鹤鸣兰庭大酒店,鹤鸣镇,酒店,国庆,96.7,91.7,1086,157470,飞猪,1084,12
2026-10-02,m98,鹤鸣兰庭大酒店,鹤鸣镇,酒店,国庆,96.7,91.7,1086,157470,去哪儿,1080,12
2026-10-02,m98,鹤鸣兰庭大酒店,鹤鸣镇,酒店,国庆,96.7,91.7,1086,157470,同程,1079,13
2026-10-02,m98,鹤鸣兰庭大酒店,鹤鸣镇,酒店,国庆,96.7,91.7,1086,157470,途家,1125,12
2026-10-03,m98,鹤鸣兰庭大酒店,鹤鸣镇,酒店,国庆,98.7,95.2,1102,163096,美团,1076,8
2026-10-03,m98,鹤鸣兰庭大酒店,鹤鸣镇,酒店,国庆,98.7,95.2,1102,163096,飞猪,1112,7
2026-10-03,m98,鹤鸣兰庭大酒店,鹤鸣镇,酒店,国庆,98.7,95.2,1102,163096,去哪儿,1092,7
2026-10-03,m98,鹤鸣兰庭大酒店,鹤鸣镇,酒店,国庆,98.7,95.2,1102,163096,同程,1087,7
2026-10-03,m98,鹤鸣兰庭大酒店,鹤鸣镇,酒店,国庆,98.7,95.2,1102,163096,途家,1141,7
2026-10-04,m98,鹤鸣兰庭大酒店,鹤鸣镇,酒店,国庆,100.0,95.7,1113,166950,美团,1082,7
2026-10-04,m98,鹤鸣兰庭大酒店,鹤鸣镇,酒店,国庆,100.0,95.7,1113,166950,飞猪,1116,7
2026-10-04,m98,鹤鸣兰庭大酒店,鹤鸣镇,酒店,国庆,100.0,95.7,1113,166950,去哪儿,1105,6
2026-10-04,m98,鹤鸣兰庭大酒店,鹤鸣镇,酒店,国庆,100.0,95.7,1113,166950,同程,1110,6
2026-10-04,m98,鹤鸣兰庭大酒店,鹤鸣镇,酒店,国庆,100.0,95.7,1113,166950,途家,1154,6
2026-10-05,m98,鹤鸣兰庭大酒店,鹤鸣镇,酒店,国庆,100.0,93.6,1122,168300,美团,1113,10
2026-10-05,m98,鹤鸣兰庭大酒店,鹤鸣镇,酒店,国庆,100.0,93.6,1122,168300,飞猪,1118,10
2026-10-05,m98,鹤鸣兰庭大酒店,鹤鸣镇,酒店,国庆,100.0,93.6,1122,168300,去哪儿,1106,9
2026-10-05,m98,鹤鸣兰庭大酒店,鹤鸣镇,酒店,国庆,100.0,93.6,1122,168300,同程,1104,10
2026-10-05,m98,鹤鸣兰庭大酒店,鹤鸣镇,酒店,国庆,100.0,93.6,1122,168300,途家,1169,9
2026-10-06,m98,鹤鸣兰庭大酒店,鹤鸣镇,酒店,国庆,98.7,96.5,1110,164280,美团,1099,6
2026-10-06,m98,鹤鸣兰庭大酒店,鹤鸣镇,酒店,国庆,98.7,96.5,1110,164280,飞猪,1106,5
2026-10-06,m98,鹤鸣兰庭大酒店,鹤鸣镇,酒店,国庆,98.7,96.5,1110,164280,去哪儿,1110,5
2026-10-06,m98,鹤鸣兰庭大酒店,鹤鸣镇,酒店,国庆,98.7,96.5,1110,164280,同程,1097,5
2026-10-06,m98,鹤鸣兰庭大酒店,鹤鸣镇,酒店,国庆,98.7,96.5,1110,164280,途家,1138,5
2026-10-07,m98,鹤鸣兰庭大酒店,鹤鸣镇,酒店,国庆,97.3,93.7,1094,159724,美团,1073,10
2026-10-07,m98,鹤鸣兰庭大酒店,鹤鸣镇,酒店,国庆,97.3,93.7,1094,159724,飞猪,1099,9
2026-10-07,m98,鹤鸣兰庭大酒店,鹤鸣镇,酒店,国庆,97.3,93.7,1094,159724,去哪儿,1084,9
2026-10-07,m98,鹤鸣兰庭大酒店,鹤鸣镇,酒店,国庆,97.3,93.7,1094,159724,同程,1085,10
2026-10-07,m98,鹤鸣兰庭大酒店,鹤鸣镇,酒店,国庆,97.3,93.7,1094,159724,途家,1130,9
2026-10-08,m98,鹤鸣兰庭大酒店,鹤鸣镇,酒店,国庆,98.7,91.2,1086,160728,美团,1069,13
2026-10-08,m98,鹤鸣兰庭大酒店,鹤鸣镇,酒店,国庆,98.7,91.2,1086,160728,飞猪,1093,13
2026-10-08,m98,鹤鸣兰庭大酒店,鹤鸣镇,酒店,国庆,98.7,91.2,1086,160728,去哪儿,1070,13
2026-10-08,m98,鹤鸣兰庭大酒店,鹤鸣镇,酒店,国庆,98.7,91.2,1086,160728,同程,1069,14
2026-10-08,m98,鹤鸣兰庭大酒店,鹤鸣镇,酒店,国庆,98.7,91.2,1086,160728,途家,1128,13
2026-10-09,m98,鹤鸣兰庭大酒店,鹤鸣镇,酒店,工作日,52.0,48.4,551,42978,美团,539,77
2026-10-09,m98,鹤鸣兰庭大酒店,鹤鸣镇,酒店,工作日,52.0,48.4,551,42978,飞猪,554,78
2026-10-09,m98,鹤鸣兰庭大酒店,鹤鸣镇,酒店,工作日,52.0,48.4,551,42978,去哪儿,548,77
2026-10-09,m98,鹤鸣兰庭大酒店,鹤鸣镇,酒店,工作日,52.0,48.4,551,42978,同程,541,78
2026-10-09,m98,鹤鸣兰庭大酒店,鹤鸣镇,酒店,工作日,52.0,48.4,551,42978,途家,575,77
2026-10-10,m98,鹤鸣兰庭大酒店,鹤鸣镇,酒店,周末,78.7,72.9,674,79532,美团,666,41
2026-10-10,m98,鹤鸣兰庭大酒店,鹤鸣镇,酒店,周末,78.7,72.9,674,79532,飞猪,678,41
2026-10-10,m98,鹤鸣兰庭大酒店,鹤鸣镇,酒店,周末,78.7,72.9,674,79532,去哪儿,669,40
2026-10-10,m98,鹤鸣兰庭大酒店,鹤鸣镇,酒店,周末,78.7,72.9,674,79532,同程,662,41
2026-10-10,m98,鹤鸣兰庭大酒店,鹤鸣镇,酒店,周末,78.7,72.9,674,79532,途家,697,40
2026-10-11,m98,鹤鸣兰庭大酒店,鹤鸣镇,酒店,周末,81.3,77.9,678,82716,美团,666,33
2026-10-11,m98,鹤鸣兰庭大酒店,鹤鸣镇,酒店,周末,81.3,77.9,678,82716,飞猪,682,33
2026-10-11,m98,鹤鸣兰庭大酒店,鹤鸣镇,酒店,周末,81.3,77.9,678,82716,去哪儿,675,33
2026-10-11,m98,鹤鸣兰庭大酒店,鹤鸣镇,酒店,周末,81.3,77.9,678,82716,同程,670,34
2026-10-11,m98,鹤鸣兰庭大酒店,鹤鸣镇,酒店,周末,81.3,77.9,678,82716,途家,696,33
2026-10-12,m98,鹤鸣兰庭大酒店,鹤鸣镇,酒店,工作日,51.3,48.9,546,42042,美团,531,77
2026-10-12,m98,鹤鸣兰庭大酒店,鹤鸣镇,酒店,工作日,51.3,48.9,546,42042,飞猪,551,77
2026-10-12,m98,鹤鸣兰庭大酒店,鹤鸣镇,酒店,工作日,51.3,48.9,546,42042,去哪儿,544,76
2026-10-12,m98,鹤鸣兰庭大酒店,鹤鸣镇,酒店,工作日,51.3,48.9,546,42042,同程,539,77
2026-10-12,m98,鹤鸣兰庭大酒店,鹤鸣镇,酒店,工作日,51.3,48.9,546,42042,途家,564,76
2026-10-13,m98,鹤鸣兰庭大酒店,鹤鸣镇,酒店,工作日,52.7,51.9,550,43450,美团,541,72
2026-10-13,m98,鹤鸣兰庭大酒店,鹤鸣镇,酒店,工作日,52.7,51.9,550,43450,飞猪,547,73
2026-10-13,m98,鹤鸣兰庭大酒店,鹤鸣镇,酒店,工作日,52.7,51.9,550,43450,去哪儿,543,72
2026-10-13,m98,鹤鸣兰庭大酒店,鹤鸣镇,酒店,工作日,52.7,51.9,550,43450,同程,551,72
2026-10-13,m98,鹤鸣兰庭大酒店,鹤鸣镇,酒店,工作日,52.7,51.9,550,43450,途家,568,72
2026-10-14,m98,鹤鸣兰庭大酒店,鹤鸣镇,酒店,工作日,53.3,48.5,546,43680,美团,536,77
2026-10-14,m98,鹤鸣兰庭大酒店,鹤鸣镇,酒店,工作日,53.3,48.5,546,43680,飞猪,544,77
2026-10-14,m98,鹤鸣兰庭大酒店,鹤鸣镇,酒店,工作日,53.3,48.5,546,43680,去哪儿,541,77
2026-10-14,m98,鹤鸣兰庭大酒店,鹤鸣镇,酒店,工作日,53.3,48.5,546,43680,同程,544,78
2026-10-14,m98,鹤鸣兰庭大酒店,鹤鸣镇,酒店,工作日,53.3,48.5,546,43680,途家,565,77
2026-10-15,m98,鹤鸣兰庭大酒店,鹤鸣镇,酒店,工作日,47.3,45.1,543,38553,美团,535,83
2026-10-15,m98,鹤鸣兰庭大酒店,鹤鸣镇,酒店,工作日,47.3,45.1,543,38553,飞猪,547,82
2026-10-15,m98,鹤鸣兰庭大酒店,鹤鸣镇,酒店,工作日,47.3,45.1,543,38553,去哪儿,542,82
2026-10-15,m98,鹤鸣兰庭大酒店,鹤鸣镇,酒店,工作日,47.3,45.1,543,38553,同程,533,83
2026-10-15,m98,鹤鸣兰庭大酒店,鹤鸣镇,酒店,工作日,47.3,45.1,543,38553,途家,559,82
2026-10-16,m98,鹤鸣兰庭大酒店,鹤鸣镇,酒店,工作日,52.7,47.9,552,43608,美团,540,79
2026-10-16,m98,鹤鸣兰庭大酒店,鹤鸣镇,酒店,工作日,52.7,47.9,552,43608,飞猪,559,78
2026-10-16,m98,鹤鸣兰庭大酒店,鹤鸣镇,酒店,工作日,52.7,47.9,552,43608,去哪儿,544,78
2026-10-16,m98,鹤鸣兰庭大酒店,鹤鸣镇,酒店,工作日,52.7,47.9,552,43608,同程,545,78
2026-10-16,m98,鹤鸣兰庭大酒店,鹤鸣镇,酒店,工作日,52.7,47.9,552,43608,途家,570,78
2026-10-17,m98,鹤鸣兰庭大酒店,鹤鸣镇,酒店,周末,84.0,79.2,688,86688,美团,676,31
2026-10-17,m98,鹤鸣兰庭大酒店,鹤鸣镇,酒店,周末,84.0,79.2,688,86688,飞猪,687,31
2026-10-17,m98,鹤鸣兰庭大酒店,鹤鸣镇,酒店,周末,84.0,79.2,688,86688,去哪儿,685,31
2026-10-17,m98,鹤鸣兰庭大酒店,鹤鸣镇,酒店,周末,84.0,79.2,688,86688,同程,672,32
2026-10-17,m98,鹤鸣兰庭大酒店,鹤鸣镇,酒店,周末,84.0,79.2,688,86688,途家,718,31
2026-10-18,m98,鹤鸣兰庭大酒店,鹤鸣镇,酒店,周末,83.3,81.3,684,85500,美团,666,28
2026-10-18,m98,鹤鸣兰庭大酒店,鹤鸣镇,酒店,周末,83.3,81.3,684,85500,飞猪,687,28
2026-10-18,m98,鹤鸣兰庭大酒店,鹤鸣镇,酒店,周末,83.3,81.3,684,85500,去哪儿,681,28
2026-10-18,m98,鹤鸣兰庭大酒店,鹤鸣镇,酒店,周末,83.3,81.3,684,85500,同程,680,28
2026-10-18,m98,鹤鸣兰庭大酒店,鹤鸣镇,酒店,周末,83.3,81.3,684,85500,途家,706,28
2026-10-19,m98,鹤鸣兰庭大酒店,鹤鸣镇,酒店,工作日,56.0,53.9,552,46368,美团,544,70
2026-10-19,m98,鹤鸣兰庭大酒店,鹤鸣镇,酒店,工作日,56.0,53.9,552,46368,飞猪,553,69
2026-10-19,m98,鹤鸣兰庭大酒店,鹤鸣镇,酒店,工作日,56.0,53.9,552,46368,去哪儿,549,69
2026-10-19,m98,鹤鸣兰庭大酒店,鹤鸣镇,酒店,工作日,56.0,53.9,552,46368,同程,550,69
2026-10-19,m98,鹤鸣兰庭大酒店,鹤鸣镇,酒店,工作日,56.0,53.9,552,46368,途家,564,69
2026-10-20,m98,鹤鸣兰庭大酒店,鹤鸣镇,酒店,工作日,49.3,47.2,558,41292,美团,552,80
2026-10-20,m98,鹤鸣兰庭大酒店,鹤鸣镇,酒店,工作日,49.3,47.2,558,41292,飞猪,558,79
2026-10-20,m98,鹤鸣兰庭大酒店,鹤鸣镇,酒店,工作日,49.3,47.2,558,41292,去哪儿,552,79
2026-10-20,m98,鹤鸣兰庭大酒店,鹤鸣镇,酒店,工作日,49.3,47.2,558,41292,同程,548,79
2026-10-20,m98,鹤鸣兰庭大酒店,鹤鸣镇,酒店,工作日,49.3,47.2,558,41292,途家,579,79
2026-10-21,m98,鹤鸣兰庭大酒店,鹤鸣镇,酒店,工作日,46.0,45.2,544,37536,美团,530,83
2026-10-21,m98,鹤鸣兰庭大酒店,鹤鸣镇,酒店,工作日,46.0,45.2,544,37536,飞猪,543,82
2026-10-21,m98,鹤鸣兰庭大酒店,鹤鸣镇,酒店,工作日,46.0,45.2,544,37536,去哪儿,541,82
2026-10-21,m98,鹤鸣兰庭大酒店,鹤鸣镇,酒店,工作日,46.0,45.2,544,37536,同程,541,82
2026-10-21,m98,鹤鸣兰庭大酒店,鹤鸣镇,酒店,工作日,46.0,45.2,544,37536,途家,563,82
2026-10-22,m98,鹤鸣兰庭大酒店,鹤鸣镇,酒店,工作日,46.0,43.3,541,37329,美团,528,85
2026-10-22,m98,鹤鸣兰庭大酒店,鹤鸣镇,酒店,工作日,46.0,43.3,541,37329,飞猪,547,85
2026-10-22,m98,鹤鸣兰庭大酒店,鹤鸣镇,酒店,工作日,46.0,43.3,541,37329,去哪儿,533,85
2026-10-22,m98,鹤鸣兰庭大酒店,鹤鸣镇,酒店,工作日,46.0,43.3,541,37329,同程,535,85
2026-10-22,m98,鹤鸣兰庭大酒店,鹤鸣镇,酒店,工作日,46.0,43.3,541,37329,途家,563,85
2026-10-23,m98,鹤鸣兰庭大酒店,鹤鸣镇,酒店,工作日,49.3,47.2,548,40552,美团,542,79
2026-10-23,m98,鹤鸣兰庭大酒店,鹤鸣镇,酒店,工作日,49.3,47.2,548,40552,飞猪,545,79
2026-10-23,m98,鹤鸣兰庭大酒店,鹤鸣镇,酒店,工作日,49.3,47.2,548,40552,去哪儿,545,79
2026-10-23,m98,鹤鸣兰庭大酒店,鹤鸣镇,酒店,工作日,49.3,47.2,548,40552,同程,542,80
2026-10-23,m98,鹤鸣兰庭大酒店,鹤鸣镇,酒店,工作日,49.3,47.2,548,40552,途家,565,79
2026-10-24,m98,鹤鸣兰庭大酒店,鹤鸣镇,酒店,周末,81.3,78.0,684,83448,美团,668,33
2026-10-24,m98,鹤鸣兰庭大酒店,鹤鸣镇,酒店,周末,81.3,78.0,684,83448,飞猪,684,33
2026-10-24,m98,鹤鸣兰庭大酒店,鹤鸣镇,酒店,周末,81.3,78.0,684,83448,去哪儿,682,33
2026-10-24,m98,鹤鸣兰庭大酒店,鹤鸣镇,酒店,周末,81.3,78.0,684,83448,同程,682,33
2026-10-24,m98,鹤鸣兰庭大酒店,鹤鸣镇,酒店,周末,81.3,78.0,684,83448,途家,705,33
2026-10-25,m98,鹤鸣兰庭大酒店,鹤鸣镇,酒店,周末,84.0,79.6,688,86688,美团,680,31
2026-10-25,m98,鹤鸣兰庭大酒店,鹤鸣镇,酒店,周末,84.0,79.6,688,86688,飞猪,690,31
2026-10-25,m98,鹤鸣兰庭大酒店,鹤鸣镇,酒店,周末,84.0,79.6,688,86688,去哪儿,680,30
2026-10-25,m98,鹤鸣兰庭大酒店,鹤鸣镇,酒店,周末,84.0,79.6,688,86688,同程,681,31
2026-10-25,m98,鹤鸣兰庭大酒店,鹤鸣镇,酒店,周末,84.0,79.6,688,86688,途家,707,30
2026-10-26,m98,鹤鸣兰庭大酒店,鹤鸣镇,酒店,工作日,50.0,48.5,547,41025,美团,535,77
2026-10-26,m98,鹤鸣兰庭大酒店,鹤鸣镇,酒店,工作日,50.0,48.5,547,41025,飞猪,551,77
2026-10-26,m98,鹤鸣兰庭大酒店,鹤鸣镇,酒店,工作日,50.0,48.5,547,41025,去哪儿,542,77
2026-10-26,m98,鹤鸣兰庭大酒店,鹤鸣镇,酒店,工作日,50.0,48.5,547,41025,同程,542,78
2026-10-26,m98,鹤鸣兰庭大酒店,鹤鸣镇,酒店,工作日,50.0,48.5,547,41025,途家,563,77
2026-10-27,m98,鹤鸣兰庭大酒店,鹤鸣镇,酒店,工作日,50.0,48.5,550,41250,美团,541,78
2026-10-27,m98,鹤鸣兰庭大酒店,鹤鸣镇,酒店,工作日,50.0,48.5,550,41250,飞猪,550,77
2026-10-27,m98,鹤鸣兰庭大酒店,鹤鸣镇,酒店,工作日,50.0,48.5,550,41250,去哪儿,547,77
2026-10-27,m98,鹤鸣兰庭大酒店,鹤鸣镇,酒店,工作日,50.0,48.5,550,41250,同程,547,77
2026-10-27,m98,鹤鸣兰庭大酒店,鹤鸣镇,酒店,工作日,50.0,48.5,550,41250,途家,567,77
2026-10-28,m98,鹤鸣兰庭大酒店,鹤鸣镇,酒店,工作日,54.0,51.9,545,44145,美团,536,73
2026-10-28,m98,鹤鸣兰庭大酒店,鹤鸣镇,酒店,工作日,54.0,51.9,545,44145,飞猪,544,72
2026-10-28,m98,鹤鸣兰庭大酒店,鹤鸣镇,酒店,工作日,54.0,51.9,545,44145,去哪儿,540,72
2026-10-28,m98,鹤鸣兰庭大酒店,鹤鸣镇,酒店,工作日,54.0,51.9,545,44145,同程,546,72
2026-10-28,m98,鹤鸣兰庭大酒店,鹤鸣镇,酒店,工作日,54.0,51.9,545,44145,途家,559,72
2026-10-29,m98,鹤鸣兰庭大酒店,鹤鸣镇,酒店,工作日,53.3,48.4,551,44080,美团,537,77
2026-10-29,m98,鹤鸣兰庭大酒店,鹤鸣镇,酒店,工作日,53.3,48.4,551,44080,飞猪,555,78
2026-10-29,m98,鹤鸣兰庭大酒店,鹤鸣镇,酒店,工作日,53.3,48.4,551,44080,去哪儿,548,77
2026-10-29,m98,鹤鸣兰庭大酒店,鹤鸣镇,酒店,工作日,53.3,48.4,551,44080,同程,548,78
2026-10-29,m98,鹤鸣兰庭大酒店,鹤鸣镇,酒店,工作日,53.3,48.4,551,44080,途家,569,77
2026-10-30,m98,鹤鸣兰庭大酒店,鹤鸣镇,酒店,工作日,43.3,40.5,534,34710,美团,525,90
2026-10-30,m98,鹤鸣兰庭大酒店,鹤鸣镇,酒店,工作日,43.3,40.5,534,34710,飞猪,536,89
2026-10-30,m98,鹤鸣兰庭大酒店,鹤鸣镇,酒店,工作日,43.3,40.5,534,34710,去哪儿,530,89
2026-10-30,m98,鹤鸣兰庭大酒店,鹤鸣镇,酒店,工作日,43.3,40.5,534,34710,同程,530,89
2026-10-30,m98,鹤鸣兰庭大酒店,鹤鸣镇,酒店,工作日,43.3,40.5,534,34710,途家,549,89
2026-10-31,m98,鹤鸣兰庭大酒店,鹤鸣镇,酒店,周末,76.0,73.9,679,77406,美团,662,39
2026-10-31,m98,鹤鸣兰庭大酒店,鹤鸣镇,酒店,周末,76.0,73.9,679,77406,飞猪,680,39
2026-10-31,m98,鹤鸣兰庭大酒店,鹤鸣镇,酒店,周末,76.0,73.9,679,77406,去哪儿,678,39
2026-10-31,m98,鹤鸣兰庭大酒店,鹤鸣镇,酒店,周末,76.0,73.9,679,77406,同程,679,40
2026-10-31,m98,鹤鸣兰庭大酒店,鹤鸣镇,酒店,周末,76.0,73.9,679,77406,途家,694,39
