日期,商家ID,商家名称,乡镇,平台,抓取时点,剩余间数,价格元
2026-10-01,m1,花水湾巴登国际温泉度假酒店,花水湾镇,美团,00:00,101,1872
2026-10-01,m1,花水湾巴登国际温泉度假酒店,花水湾镇,去哪儿,00:00,100,1941
2026-10-01,m1,花水湾巴登国际温泉度假酒店,花水湾镇,途家,00:00,100,1979
2026-10-01,m1,花水湾巴登国际温泉度假酒店,花水湾镇,美团,08:00,98,1920
2026-10-01,m1,花水湾巴登国际温泉度假酒店,花水湾镇,去哪儿,08:00,97,1927
2026-10-01,m1,花水湾巴登国际温泉度假酒店,花水湾镇,途家,08:00,97,2048
2026-10-01,m1,花水湾巴登国际温泉度假酒店,花水湾镇,美团,14:00,68,2103
2026-10-01,m1,花水湾巴登国际温泉度假酒店,花水湾镇,去哪儿,14:00,68,2129
2026-10-01,m1,花水湾巴登国际温泉度假酒店,花水湾镇,途家,14:00,68,2197
2026-10-01,m1,花水湾巴登国际温泉度假酒店,花水湾镇,美团,20:00,15,2472
2026-10-01,m1,花水湾巴登国际温泉度假酒店,花水湾镇,去哪儿,20:00,14,2473
2026-10-01,m1,花水湾巴登国际温泉度假酒店,花水湾镇,途家,20:00,14,2614
2026-10-02,m1,花水湾巴登国际温泉度假酒店,花水湾镇,美团,00:00,100,1917
2026-10-02,m1,花水湾巴登国际温泉度假酒店,花水湾镇,去哪儿,00:00,100,1912
2026-10-02,m1,花水湾巴登国际温泉度假酒店,花水湾镇,途家,00:00,100,1955
2026-10-02,m1,花水湾巴登国际温泉度假酒店,花水湾镇,美团,08:00,92,1973
2026-10-02,m1,花水湾巴登国际温泉度假酒店,花水湾镇,去哪儿,08:00,92,1966
2026-10-02,m1,花水湾巴登国际温泉度假酒店,花水湾镇,途家,08:00,92,2004
2026-10-02,m1,花水湾巴登国际温泉度假酒店,花水湾镇,美团,14:00,69,2056
2026-10-02,m1,花水湾巴登国际温泉度假酒店,花水湾镇,去哪儿,14:00,68,2103
2026-10-02,m1,花水湾巴登国际温泉度假酒店,花水湾镇,途家,14:00,68,2243
2026-10-02,m1,花水湾巴登国际温泉度假酒店,花水湾镇,美团,20:00,17,2393
2026-10-02,m1,花水湾巴登国际温泉度假酒店,花水湾镇,去哪儿,20:00,16,2430
2026-10-02,m1,花水湾巴登国际温泉度假酒店,花水湾镇,途家,20:00,16,2566
2026-10-03,m1,花水湾巴登国际温泉度假酒店,花水湾镇,美团,00:00,106,1896
2026-10-03,m1,花水湾巴登国际温泉度假酒店,花水湾镇,去哪儿,00:00,105,1897
2026-10-03,m1,花水湾巴登国际温泉度假酒店,花水湾镇,途家,00:00,105,1993
2026-10-03,m1,花水湾巴登国际温泉度假酒店,花水湾镇,美团,08:00,98,1937
2026-10-03,m1,花水湾巴登国际温泉度假酒店,花水湾镇,去哪儿,08:00,97,1961
2026-10-03,m1,花水湾巴登国际温泉度假酒店,花水湾镇,途家,08:00,97,2013
2026-10-03,m1,花水湾巴登国际温泉度假酒店,花水湾镇,美团,14:00,69,2078
2026-10-03,m1,花水湾巴登国际温泉度假酒店,花水湾镇,去哪儿,14:00,69,2130
2026-10-03,m1,花水湾巴登国际温泉度假酒店,花水湾镇,途家,14:00,69,2212
2026-10-03,m1,花水湾巴登国际温泉度假酒店,花水湾镇,美团,20:00,16,2454
2026-10-03,m1,花水湾巴登国际温泉度假酒店,花水湾镇,去哪儿,20:00,16,2405
2026-10-03,m1,花水湾巴登国际温泉度假酒店,花水湾镇,途家,20:00,16,2520
2026-10-04,m1,花水湾巴登国际温泉度假酒店,花水湾镇,美团,00:00,95,1920
2026-10-04,m1,花水湾巴登国际温泉度假酒店,花水湾镇,去哪儿,00:00,94,1924
2026-10-04,m1,花水湾巴登国际温泉度假酒店,花水湾镇,途家,00:00,94,2017
2026-10-04,m1,花水湾巴登国际温泉度假酒店,花水湾镇,美团,08:00,89,1953
2026-10-04,m1,花水湾巴登国际温泉度假酒店,花水湾镇,去哪儿,08:00,89,1982
2026-10-04,m1,花水湾巴登国际温泉度假酒店,花水湾镇,途家,08:00,89,2084
2026-10-04,m1,花水湾巴登国际温泉度假酒店,花水湾镇,美团,14:00,59,2113
2026-10-04,m1,花水湾巴登国际温泉度假酒店,花水湾镇,去哪儿,14:00,59,2139
2026-10-04,m1,花水湾巴登国际温泉度假酒店,花水湾镇,途家,14:00,59,2265
2026-10-04,m1,花水湾巴登国际温泉度假酒店,花水湾镇,美团,20:00,11,2485
2026-10-04,m1,花水湾巴登国际温泉度假酒店,花水湾镇,去哪儿,20:00,11,2508
2026-10-04,m1,花水湾巴登国际温泉度假酒店,花水湾镇,途家,20:00,11,2601
2026-10-05,m1,花水湾巴登国际温泉度假酒店,花水湾镇,美团,00:00,96,1946
2026-10-05,m1,花水湾巴登国际温泉度假酒店,花水湾镇,去哪儿,00:00,96,1960
2026-10-05,m1,花水湾巴登国际温泉度假酒店,花水湾镇,途家,00:00,96,1994
2026-10-05,m1,花水湾巴登国际温泉度假酒店,花水湾镇,美团,08:00,92,1954
2026-10-05,m1,花水湾巴登国际温泉度假酒店,花水湾镇,去哪儿,08:00,91,1944
2026-10-05,m1,花水湾巴登国际温泉度假酒店,花水湾镇,途家,08:00,91,2081
2026-10-05,m1,花水湾巴登国际温泉度假酒店,花水湾镇,美团,14:00,74,2061
2026-10-05,m1,花水湾巴登国际温泉度假酒店,花水湾镇,去哪儿,14:00,74,2089
2026-10-05,m1,花水湾巴登国际温泉度假酒店,花水湾镇,途家,14:00,74,2144
2026-10-05,m1,花水湾巴登国际温泉度假酒店,花水湾镇,美团,20:00,17,2388
2026-10-05,m1,花水湾巴登国际温泉度假酒店,花水湾镇,去哪儿,20:00,16,2421
2026-10-05,m1,花水湾巴登国际温泉度假酒店,花水湾镇,途家,20:00,16,2517
2026-10-06,m1,花水湾巴登国际温泉度假酒店,花水湾镇,美团,00:00,97,1924
2026-10-06,m1,花水湾巴登国际温泉度假酒店,花水湾镇,去哪儿,00:00,97,1901
2026-10-06,m1,花水湾巴登国际温泉度假酒店,花水湾镇,途家,00:00,97,1979
2026-10-06,m1,花水湾巴登国际温泉度假酒店,花水湾镇,美团,08:00,87,1944
2026-10-06,m1,花水湾巴登国际温泉度假酒店,花水湾镇,去哪儿,08:00,87,2016
2026-10-06,m1,花水湾巴登国际温泉度假酒店,花水湾镇,途家,08:00,87,2088
2026-10-06,m1,花水湾巴登国际温泉度假酒店,花水湾镇,美团,14:00,58,2204
2026-10-06,m1,花水湾巴登国际温泉度假酒店,花水湾镇,去哪儿,14:00,57,2163
2026-10-06,m1,花水湾巴登国际温泉度假酒店,花水湾镇,途家,14:00,57,2253
2026-10-06,m1,花水湾巴登国际温泉度假酒店,花水湾镇,美团,20:00,15,2392
2026-10-06,m1,花水湾巴登国际温泉度假酒店,花水湾镇,去哪儿,20:00,14,2455
2026-10-06,m1,花水湾巴登国际温泉度假酒店,花水湾镇,途家,20:00,14,2612
2026-10-07,m1,花水湾巴登国际温泉度假酒店,花水湾镇,美团,00:00,94,1920
2026-10-07,m1,花水湾巴登国际温泉度假酒店,花水湾镇,去哪儿,00:00,93,1945
2026-10-07,m1,花水湾巴登国际温泉度假酒店,花水湾镇,途家,00:00,93,2070
2026-10-07,m1,花水湾巴登国际温泉度假酒店,花水湾镇,美团,08:00,87,1991
2026-10-07,m1,花水湾巴登国际温泉度假酒店,花水湾镇,去哪儿,08:00,86,2014
2026-10-07,m1,花水湾巴登国际温泉度假酒店,花水湾镇,途家,08:00,86,2095
2026-10-07,m1,花水湾巴登国际温泉度假酒店,花水湾镇,美团,14:00,65,2156
2026-10-07,m1,花水湾巴登国际温泉度假酒店,花水湾镇,去哪儿,14:00,64,2126
2026-10-07,m1,花水湾巴登国际温泉度假酒店,花水湾镇,途家,14:00,64,2243
2026-10-07,m1,花水湾巴登国际温泉度假酒店,花水湾镇,美团,20:00,15,2452
2026-10-07,m1,花水湾巴登国际温泉度假酒店,花水湾镇,去哪儿,20:00,15,2415
2026-10-07,m1,花水湾巴登国际温泉度假酒店,花水湾镇,途家,20:00,15,2609
2026-10-08,m1,花水湾巴登国际温泉度假酒店,花水湾镇,美团,00:00,98,1906
2026-10-08,m1,花水湾巴登国际温泉度假酒店,花水湾镇,去哪儿,00:00,98,1899
2026-10-08,m1,花水湾巴登国际温泉度假酒店,花水湾镇,途家,00:00,98,1998
2026-10-08,m1,花水湾巴登国际温泉度假酒店,花水湾镇,美团,08:00,90,1967
2026-10-08,m1,花水湾巴登国际温泉度假酒店,花水湾镇,去哪儿,08:00,89,1952
2026-10-08,m1,花水湾巴登国际温泉度假酒店,花水湾镇,途家,08:00,89,2070
2026-10-08,m1,花水湾巴登国际温泉度假酒店,花水湾镇,美团,14:00,62,2123
2026-10-08,m1,花水湾巴登国际温泉度假酒店,花水湾镇,去哪儿,14:00,62,2137
2026-10-08,m1,花水湾巴登国际温泉度假酒店,花水湾镇,途家,14:00,62,2255
2026-10-08,m1,花水湾巴登国际温泉度假酒店,花水湾镇,美团,20:00,14,2487
2026-10-08,m1,花水湾巴登国际温泉度假酒店,花水湾镇,去哪儿,20:00,14,2445
2026-10-08,m1,花水湾巴登国际温泉度假酒店,花水湾镇,途家,20:00,14,2585
2026-10-09,m1,花水湾巴登国际温泉度假酒店,花水湾镇,美团,00:00,105,918
2026-10-09,m1,花水湾巴登国际温泉度假酒店,花水湾镇,去哪儿,00:00,104,947
2026-10-09,m1,花水湾巴登国际温泉度假酒店,花水湾镇,途家,00:00,104,977
2026-10-09,m1,花水湾巴登国际温泉度假酒店,花水湾镇,美团,08:00,97,965
2026-10-09,m1,花水湾巴登国际温泉度假酒店,花水湾镇,去哪儿,08:00,97,947
2026-10-09,m1,花水湾巴登国际温泉度假酒店,花水湾镇,途家,08:00,97,987
2026-10-09,m1,花水湾巴登国际温泉度假酒店,花水湾镇,美团,14:00,88,976
2026-10-09,m1,花水湾巴登国际温泉度假酒店,花水湾镇,去哪儿,14:00,87,997
2026-10-09,m1,花水湾巴登国际温泉度假酒店,花水湾镇,途家,14:00,87,1040
2026-10-09,m1,花水湾巴登国际温泉度假酒店,花水湾镇,美团,20:00,52,1099
2026-10-09,m1,花水湾巴登国际温泉度假酒店,花水湾镇,去哪儿,20:00,51,1134
2026-10-09,m1,花水湾巴登国际温泉度假酒店,花水湾镇,途家,20:00,51,1171
2026-10-10,m1,花水湾巴登国际温泉度假酒店,花水湾镇,美团,00:00,105,1205
2026-10-10,m1,花水湾巴登国际温泉度假酒店,花水湾镇,去哪儿,00:00,104,1217
2026-10-10,m1,花水湾巴登国际温泉度假酒店,花水湾镇,途家,00:00,104,1279
2026-10-10,m1,花水湾巴登国际温泉度假酒店,花水湾镇,美团,08:00,104,1219
2026-10-10,m1,花水湾巴登国际温泉度假酒店,花水湾镇,去哪儿,08:00,103,1214
2026-10-10,m1,花水湾巴登国际温泉度假酒店,花水湾镇,途家,08:00,103,1285
2026-10-10,m1,花水湾巴登国际温泉度假酒店,花水湾镇,美团,14:00,70,1379
2026-10-10,m1,花水湾巴登国际温泉度假酒店,花水湾镇,去哪儿,14:00,69,1357
2026-10-10,m1,花水湾巴登国际温泉度假酒店,花水湾镇,途家,14:00,69,1449
2026-10-10,m1,花水湾巴登国际温泉度假酒店,花水湾镇,美团,20:00,21,1538
2026-10-10,m1,花水湾巴登国际温泉度假酒店,花水湾镇,去哪儿,20:00,21,1588
2026-10-10,m1,花水湾巴登国际温泉度假酒店,花水湾镇,途家,20:00,21,1637
2026-10-11,m1,花水湾巴登国际温泉度假酒店,花水湾镇,美团,00:00,103,1199
2026-10-11,m1,花水湾巴登国际温泉度假酒店,花水湾镇,去哪儿,00:00,102,1254
2026-10-11,m1,花水湾巴登国际温泉度假酒店,花水湾镇,途家,00:00,102,1261
2026-10-11,m1,花水湾巴登国际温泉度假酒店,花水湾镇,美团,08:00,97,1235
2026-10-11,m1,花水湾巴登国际温泉度假酒店,花水湾镇,去哪儿,08:00,97,1267
2026-10-11,m1,花水湾巴登国际温泉度假酒店,花水湾镇,途家,08:00,97,1311
2026-10-11,m1,花水湾巴登国际温泉度假酒店,花水湾镇,美团,14:00,72,1335
2026-10-11,m1,花水湾巴登国际温泉度假酒店,花水湾镇,去哪儿,14:00,71,1383
2026-10-11,m1,花水湾巴登国际温泉度假酒店,花水湾镇,途家,14:00,71,1426
2026-10-11,m1,花水湾巴登国际温泉度假酒店,花水湾镇,美团,20:00,17,1572
2026-10-11,m1,花水湾巴登国际温泉度假酒店,花水湾镇,去哪儿,20:00,16,1578
2026-10-11,m1,花水湾巴登国际温泉度假酒店,花水湾镇,途家,20:00,16,1666
2026-10-12,m1,花水湾巴登国际温泉度假酒店,花水湾镇,美团,00:00,105,947
2026-10-12,m1,花水湾巴登国际温泉度假酒店,花水湾镇,去哪儿,00:00,105,942
2026-10-12,m1,花水湾巴登国际温泉度假酒店,花水湾镇,途家,00:00,105,980
2026-10-12,m1,花水湾巴登国际温泉度假酒店,花水湾镇,美团,08:00,100,940
2026-10-12,m1,花水湾巴登国际温泉度假酒店,花水湾镇,去哪儿,08:00,99,960
2026-10-12,m1,花水湾巴登国际温泉度假酒店,花水湾镇,途家,08:00,99,1015
2026-10-12,m1,花水湾巴登国际温泉度假酒店,花水湾镇,美团,14:00,82,985
2026-10-12,m1,花水湾巴登国际温泉度假酒店,花水湾镇,去哪儿,14:00,82,1022
2026-10-12,m1,花水湾巴登国际温泉度假酒店,花水湾镇,途家,14:00,82,1057
2026-10-12,m1,花水湾巴登国际温泉度假酒店,花水湾镇,美团,20:00,40,1118
2026-10-12,m1,花水湾巴登国际温泉度假酒店,花水湾镇,去哪儿,20:00,39,1158
2026-10-12,m1,花水湾巴登国际温泉度假酒店,花水湾镇,途家,20:00,39,1198
2026-10-13,m1,花水湾巴登国际温泉度假酒店,花水湾镇,美团,00:00,110,912
2026-10-13,m1,花水湾巴登国际温泉度假酒店,花水湾镇,去哪儿,00:00,110,922
2026-10-13,m1,花水湾巴登国际温泉度假酒店,花水湾镇,途家,00:00,110,969
2026-10-13,m1,花水湾巴登国际温泉度假酒店,花水湾镇,美团,08:00,107,932
2026-10-13,m1,花水湾巴登国际温泉度假酒店,花水湾镇,去哪儿,08:00,107,930
2026-10-13,m1,花水湾巴登国际温泉度假酒店,花水湾镇,途家,08:00,107,955
2026-10-13,m1,花水湾巴登国际温泉度假酒店,花水湾镇,美团,14:00,89,999
2026-10-13,m1,花水湾巴登国际温泉度假酒店,花水湾镇,去哪儿,14:00,88,1003
2026-10-13,m1,花水湾巴登国际温泉度假酒店,花水湾镇,途家,14:00,88,1043
2026-10-13,m1,花水湾巴登国际温泉度假酒店,花水湾镇,美团,20:00,46,1129
2026-10-13,m1,花水湾巴登国际温泉度假酒店,花水湾镇,去哪儿,20:00,45,1134
2026-10-13,m1,花水湾巴登国际温泉度假酒店,花水湾镇,途家,20:00,45,1190
2026-10-14,m1,花水湾巴登国际温泉度假酒店,花水湾镇,美团,00:00,104,948
2026-10-14,m1,花水湾巴登国际温泉度假酒店,花水湾镇,去哪儿,00:00,104,926
2026-10-14,m1,花水湾巴登国际温泉度假酒店,花水湾镇,途家,00:00,104,987
2026-10-14,m1,花水湾巴登国际温泉度假酒店,花水湾镇,美团,08:00,98,948
2026-10-14,m1,花水湾巴登国际温泉度假酒店,花水湾镇,去哪儿,08:00,98,948
2026-10-14,m1,花水湾巴登国际温泉度假酒店,花水湾镇,途家,08:00,98,1014
2026-10-14,m1,花水湾巴登国际温泉度假酒店,花水湾镇,美团,14:00,68,1064
2026-10-14,m1,花水湾巴登国际温泉度假酒店,花水湾镇,去哪儿,14:00,67,1058
2026-10-14,m1,花水湾巴登国际温泉度假酒店,花水湾镇,途家,14:00,67,1113
2026-10-14,m1,花水湾巴登国际温泉度假酒店,花水湾镇,美团,20:00,39,1120
2026-10-14,m1,花水湾巴登国际温泉度假酒店,花水湾镇,去哪儿,20:00,39,1171
2026-10-14,m1,花水湾巴登国际温泉度假酒店,花水湾镇,途家,20:00,39,1176
2026-10-15,m1,花水湾巴登国际温泉度假酒店,花水湾镇,美团,00:00,109,924
2026-10-15,m1,花水湾巴登国际温泉度假酒店,花水湾镇,去哪儿,00:00,109,944
2026-10-15,m1,花水湾巴登国际温泉度假酒店,花水湾镇,途家,00:00,109,981
2026-10-15,m1,花水湾巴登国际温泉度假酒店,花水湾镇,美团,08:00,103,945
2026-10-15,m1,花水湾巴登国际温泉度假酒店,花水湾镇,去哪儿,08:00,103,944
2026-10-15,m1,花水湾巴登国际温泉度假酒店,花水湾镇,途家,08:00,103,966
2026-10-15,m1,花水湾巴登国际温泉度假酒店,花水湾镇,美团,14:00,84,1010
2026-10-15,m1,花水湾巴登国际温泉度假酒店,花水湾镇,去哪儿,14:00,83,1010
2026-10-15,m1,花水湾巴登国际温泉度假酒店,花水湾镇,途家,14:00,83,1056
2026-10-15,m1,花水湾巴登国际温泉度假酒店,花水湾镇,美团,20:00,43,1117
2026-10-15,m1,花水湾巴登国际温泉度假酒店,花水湾镇,去哪儿,20:00,43,1118
2026-10-15,m1,花水湾巴登国际温泉度假酒店,花水湾镇,途家,20:00,43,1207
2026-10-16,m1,花水湾巴登国际温泉度假酒店,花水湾镇,美团,00:00,113,921
2026-10-16,m1,花水湾巴登国际温泉度假酒店,花水湾镇,去哪儿,00:00,112,911
2026-10-16,m1,花水湾巴登国际温泉度假酒店,花水湾镇,途家,00:00,112,948
2026-10-16,m1,花水湾巴登国际温泉度假酒店,花水湾镇,美团,08:00,108,920
2026-10-16,m1,花水湾巴登国际温泉度假酒店,花水湾镇,去哪儿,08:00,108,943
2026-10-16,m1,花水湾巴登国际温泉度假酒店,花水湾镇,途家,08:00,108,953
2026-10-16,m1,花水湾巴登国际温泉度假酒店,花水湾镇,美团,14:00,82,998
2026-10-16,m1,花水湾巴登国际温泉度假酒店,花水湾镇,去哪儿,14:00,82,1006
2026-10-16,m1,花水湾巴登国际温泉度假酒店,花水湾镇,途家,14:00,82,1062
2026-10-16,m1,花水湾巴登国际温泉度假酒店,花水湾镇,美团,20:00,53,1111
2026-10-16,m1,花水湾巴登国际温泉度假酒店,花水湾镇,去哪儿,20:00,53,1104
2026-10-16,m1,花水湾巴登国际温泉度假酒店,花水湾镇,途家,20:00,53,1146
2026-10-17,m1,花水湾巴登国际温泉度假酒店,花水湾镇,美团,00:00,105,1193
2026-10-17,m1,花水湾巴登国际温泉度假酒店,花水湾镇,去哪儿,00:00,104,1234
2026-10-17,m1,花水湾巴登国际温泉度假酒店,花水湾镇,途家,00:00,104,1282
2026-10-17,m1,花水湾巴登国际温泉度假酒店,花水湾镇,美团,08:00,95,1258
2026-10-17,m1,花水湾巴登国际温泉度假酒店,花水湾镇,去哪儿,08:00,94,1267
2026-10-17,m1,花水湾巴登国际温泉度假酒店,花水湾镇,途家,08:00,94,1326
2026-10-17,m1,花水湾巴登国际温泉度假酒店,花水湾镇,美团,14:00,70,1357
2026-10-17,m1,花水湾巴登国际温泉度假酒店,花水湾镇,去哪儿,14:00,70,1360
2026-10-17,m1,花水湾巴登国际温泉度假酒店,花水湾镇,途家,14:00,70,1448
2026-10-17,m1,花水湾巴登国际温泉度假酒店,花水湾镇,美团,20:00,20,1580
2026-10-17,m1,花水湾巴登国际温泉度假酒店,花水湾镇,去哪儿,20:00,19,1600
2026-10-17,m1,花水湾巴登国际温泉度假酒店,花水湾镇,途家,20:00,19,1652
2026-10-18,m1,花水湾巴登国际温泉度假酒店,花水湾镇,美团,00:00,101,1245
2026-10-18,m1,花水湾巴登国际温泉度假酒店,花水湾镇,去哪儿,00:00,101,1218
2026-10-18,m1,花水湾巴登国际温泉度假酒店,花水湾镇,途家,00:00,101,1273
2026-10-18,m1,花水湾巴登国际温泉度假酒店,花水湾镇,美团,08:00,97,1245
2026-10-18,m1,花水湾巴登国际温泉度假酒店,花水湾镇,去哪儿,08:00,97,1259
2026-10-18,m1,花水湾巴登国际温泉度假酒店,花水湾镇,途家,08:00,97,1317
2026-10-18,m1,花水湾巴登国际温泉度假酒店,花水湾镇,美团,14:00,69,1386
2026-10-18,m1,花水湾巴登国际温泉度假酒店,花水湾镇,去哪儿,14:00,68,1387
2026-10-18,m1,花水湾巴登国际温泉度假酒店,花水湾镇,途家,14:00,68,1457
2026-10-18,m1,花水湾巴登国际温泉度假酒店,花水湾镇,美团,20:00,25,1555
2026-10-18,m1,花水湾巴登国际温泉度假酒店,花水湾镇,去哪儿,20:00,24,1544
2026-10-18,m1,花水湾巴登国际温泉度假酒店,花水湾镇,途家,20:00,24,1652
2026-10-19,m1,花水湾巴登国际温泉度假酒店,花水湾镇,美团,00:00,107,911
2026-10-19,m1,花水湾巴登国际温泉度假酒店,花水湾镇,去哪儿,00:00,107,934
2026-10-19,m1,花水湾巴登国际温泉度假酒店,花水湾镇,途家,00:00,107,958
2026-10-19,m1,花水湾巴登国际温泉度假酒店,花水湾镇,美团,08:00,104,925
2026-10-19,m1,花水湾巴登国际温泉度假酒店,花水湾镇,去哪儿,08:00,104,938
2026-10-19,m1,花水湾巴登国际温泉度假酒店,花水湾镇,途家,08:00,104,975
2026-10-19,m1,花水湾巴登国际温泉度假酒店,花水湾镇,美团,14:00,86,970
2026-10-19,m1,花水湾巴登国际温泉度假酒店,花水湾镇,去哪儿,14:00,86,1006
2026-10-19,m1,花水湾巴登国际温泉度假酒店,花水湾镇,途家,14:00,86,1050
2026-10-19,m1,花水湾巴登国际温泉度假酒店,花水湾镇,美团,20:00,51,1107
2026-10-19,m1,花水湾巴登国际温泉度假酒店,花水湾镇,去哪儿,20:00,50,1100
2026-10-19,m1,花水湾巴登国际温泉度假酒店,花水湾镇,途家,20:00,50,1170
2026-10-20,m1,花水湾巴登国际温泉度假酒店,花水湾镇,美团,00:00,109,918
2026-10-20,m1,花水湾巴登国际温泉度假酒店,花水湾镇,去哪儿,00:00,108,927
2026-10-20,m1,花水湾巴登国际温泉度假酒店,花水湾镇,途家,00:00,108,968
2026-10-20,m1,花水湾巴登国际温泉度假酒店,花水湾镇,美团,08:00,105,938
2026-10-20,m1,花水湾巴登国际温泉度假酒店,花水湾镇,去哪儿,08:00,104,926
2026-10-20,m1,花水湾巴登国际温泉度假酒店,花水湾镇,途家,08:00,104,971
2026-10-20,m1,花水湾巴登国际温泉度假酒店,花水湾镇,美团,14:00,86,1003
2026-10-20,m1,花水湾巴登国际温泉度假酒店,花水湾镇,去哪儿,14:00,85,1006
2026-10-20,m1,花水湾巴登国际温泉度假酒店,花水湾镇,途家,14:00,85,1024
2026-10-20,m1,花水湾巴登国际温泉度假酒店,花水湾镇,美团,20:00,47,1136
2026-10-20,m1,花水湾巴登国际温泉度假酒店,花水湾镇,去哪儿,20:00,47,1115
2026-10-20,m1,花水湾巴登国际温泉度假酒店,花水湾镇,途家,20:00,47,1177
2026-10-21,m1,花水湾巴登国际温泉度假酒店,花水湾镇,美团,00:00,107,937
2026-10-21,m1,花水湾巴登国际温泉度假酒店,花水湾镇,去哪儿,00:00,106,929
2026-10-21,m1,花水湾巴登国际温泉度假酒店,花水湾镇,途家,00:00,106,974
2026-10-21,m1,花水湾巴登国际温泉度假酒店,花水湾镇,美团,08:00,102,954
2026-10-21,m1,花水湾巴登国际温泉度假酒店,花水湾镇,去哪儿,08:00,101,968
2026-10-21,m1,花水湾巴登国际温泉度假酒店,花水湾镇,途家,08:00,101,998
2026-10-21,m1,花水湾巴登国际温泉度假酒店,花水湾镇,美团,14:00,88,978
2026-10-21,m1,花水湾巴登国际温泉度假酒店,花水湾镇,去哪儿,14:00,88,992
2026-10-21,m1,花水湾巴登国际温泉度假酒店,花水湾镇,途家,14:00,88,1028
2026-10-21,m1,花水湾巴登国际温泉度假酒店,花水湾镇,美团,20:00,39,1161
2026-10-21,m1,花水湾巴登国际温泉度假酒店,花水湾镇,去哪儿,20:00,38,1158
2026-10-21,m1,花水湾巴登国际温泉度假酒店,花水湾镇,途家,20:00,38,1197
2026-10-22,m1,花水湾巴登国际温泉度假酒店,花水湾镇,美团,00:00,106,934
2026-10-22,m1,花水湾巴登国际温泉度假酒店,花水湾镇,去哪儿,00:00,106,923
2026-10-22,m1,花水湾巴登国际温泉度假酒店,花水湾镇,途家,00:00,106,973
2026-10-22,m1,花水湾巴登国际温泉度假酒店,花水湾镇,美团,08:00,103,921
2026-10-22,m1,花水湾巴登国际温泉度假酒店,花水湾镇,去哪儿,08:00,103,964
2026-10-22,m1,花水湾巴登国际温泉度假酒店,花水湾镇,途家,08:00,103,995
2026-10-22,m1,花水湾巴登国际温泉度假酒店,花水湾镇,美团,14:00,84,1012
2026-10-22,m1,花水湾巴登国际温泉度假酒店,花水湾镇,去哪儿,14:00,83,1003
2026-10-22,m1,花水湾巴登国际温泉度假酒店,花水湾镇,途家,14:00,83,1031
2026-10-22,m1,花水湾巴登国际温泉度假酒店,花水湾镇,美团,20:00,44,1105
2026-10-22,m1,花水湾巴登国际温泉度假酒店,花水湾镇,去哪儿,20:00,43,1132
2026-10-22,m1,花水湾巴登国际温泉度假酒店,花水湾镇,途家,20:00,43,1182
2026-10-23,m1,花水湾巴登国际温泉度假酒店,花水湾镇,美团,00:00,107,939
2026-10-23,m1,花水湾巴登国际温泉度假酒店,花水湾镇,去哪儿,00:00,107,941
2026-10-23,m1,花水湾巴登国际温泉度假酒店,花水湾镇,途家,00:00,107,953
2026-10-23,m1,花水湾巴登国际温泉度假酒店,花水湾镇,美团,08:00,105,939
2026-10-23,m1,花水湾巴登国际温泉度假酒店,花水湾镇,去哪儿,08:00,104,942
2026-10-23,m1,花水湾巴登国际温泉度假酒店,花水湾镇,途家,08:00,104,968
2026-10-23,m1,花水湾巴登国际温泉度假酒店,花水湾镇,美团,14:00,77,1031
2026-10-23,m1,花水湾巴登国际温泉度假酒店,花水湾镇,去哪儿,14:00,77,1011
2026-10-23,m1,花水湾巴登国际温泉度假酒店,花水湾镇,途家,14:00,77,1079
2026-10-23,m1,花水湾巴登国际温泉度假酒店,花水湾镇,美团,20:00,32,1159
2026-10-23,m1,花水湾巴登国际温泉度假酒店,花水湾镇,去哪儿,20:00,32,1189
2026-10-23,m1,花水湾巴登国际温泉度假酒店,花水湾镇,途家,20:00,32,1228
2026-10-24,m1,花水湾巴登国际温泉度假酒店,花水湾镇,美团,00:00,100,1228
2026-10-24,m1,花水湾巴登国际温泉度假酒店,花水湾镇,去哪儿,00:00,99,1247
2026-10-24,m1,花水湾巴登国际温泉度假酒店,花水湾镇,途家,00:00,99,1273
2026-10-24,m1,花水湾巴登国际温泉度假酒店,花水湾镇,美团,08:00,95,1246
2026-10-24,m1,花水湾巴登国际温泉度假酒店,花水湾镇,去哪儿,08:00,95,1245
2026-10-24,m1,花水湾巴登国际温泉度假酒店,花水湾镇,途家,08:00,95,1298
2026-10-24,m1,花水湾巴登国际温泉度假酒店,花水湾镇,美团,14:00,66,1364
2026-10-24,m1,花水湾巴登国际温泉度假酒店,花水湾镇,去哪儿,14:00,65,1399
2026-10-24,m1,花水湾巴登国际温泉度假酒店,花水湾镇,途家,14:00,65,1455
2026-10-24,m1,花水湾巴登国际温泉度假酒店,花水湾镇,美团,20:00,23,1520
2026-10-24,m1,花水湾巴登国际温泉度假酒店,花水湾镇,去哪儿,20:00,23,1536
2026-10-24,m1,花水湾巴登国际温泉度假酒店,花水湾镇,途家,20:00,23,1624
2026-10-25,m1,花水湾巴登国际温泉度假酒店,花水湾镇,美团,00:00,104,1205
2026-10-25,m1,花水湾巴登国际温泉度假酒店,花水湾镇,去哪儿,00:00,103,1249
2026-10-25,m1,花水湾巴登国际温泉度假酒店,花水湾镇,途家,00:00,103,1283
2026-10-25,m1,花水湾巴登国际温泉度假酒店,花水湾镇,美团,08:00,98,1249
2026-10-25,m1,花水湾巴登国际温泉度假酒店,花水湾镇,去哪儿,08:00,97,1273
2026-10-25,m1,花水湾巴登国际温泉度假酒店,花水湾镇,途家,08:00,97,1312
2026-10-25,m1,花水湾巴登国际温泉度假酒店,花水湾镇,美团,14:00,66,1378
2026-10-25,m1,花水湾巴登国际温泉度假酒店,花水湾镇,去哪儿,14:00,66,1396
2026-10-25,m1,花水湾巴登国际温泉度假酒店,花水湾镇,途家,14:00,66,1451
2026-10-25,m1,花水湾巴登国际温泉度假酒店,花水湾镇,美团,20:00,23,1539
2026-10-25,m1,花水湾巴登国际温泉度假酒店,花水湾镇,去哪儿,20:00,23,1546
2026-10-25,m1,花水湾巴登国际温泉度假酒店,花水湾镇,途家,20:00,23,1598
2026-10-26,m1,花水湾巴登国际温泉度假酒店,花水湾镇,美团,00:00,104,949
2026-10-26,m1,花水湾巴登国际温泉度假酒店,花水湾镇,去哪儿,00:00,104,938
2026-10-26,m1,花水湾巴登国际温泉度假酒店,花水湾镇,途家,00:00,104,963
2026-10-26,m1,花水湾巴登国际温泉度假酒店,花水湾镇,美团,08:00,99,947
2026-10-26,m1,花水湾巴登国际温泉度假酒店,花水湾镇,去哪儿,08:00,99,943
2026-10-26,m1,花水湾巴登国际温泉度假酒店,花水湾镇,途家,08:00,99,1003
2026-10-26,m1,花水湾巴登国际温泉度假酒店,花水湾镇,美团,14:00,70,1047
2026-10-26,m1,花水湾巴登国际温泉度假酒店,花水湾镇,去哪儿,14:00,70,1042
2026-10-26,m1,花水湾巴登国际温泉度假酒店,花水湾镇,途家,14:00,70,1101
2026-10-26,m1,花水湾巴登国际温泉度假酒店,花水湾镇,美团,20:00,33,1172
2026-10-26,m1,花水湾巴登国际温泉度假酒店,花水湾镇,去哪儿,20:00,32,1166
2026-10-26,m1,花水湾巴登国际温泉度假酒店,花水湾镇,途家,20:00,32,1235
2026-10-27,m1,花水湾巴登国际温泉度假酒店,花水湾镇,美团,00:00,107,925
2026-10-27,m1,花水湾巴登国际温泉度假酒店,花水湾镇,去哪儿,00:00,107,921
2026-10-27,m1,花水湾巴登国际温泉度假酒店,花水湾镇,途家,00:00,107,974
2026-10-27,m1,花水湾巴登国际温泉度假酒店,花水湾镇,美团,08:00,103,953
2026-10-27,m1,花水湾巴登国际温泉度假酒店,花水湾镇,去哪儿,08:00,103,950
2026-10-27,m1,花水湾巴登国际温泉度假酒店,花水湾镇,途家,08:00,103,989
2026-10-27,m1,花水湾巴登国际温泉度假酒店,花水湾镇,美团,14:00,80,1001
2026-10-27,m1,花水湾巴登国际温泉度假酒店,花水湾镇,去哪儿,14:00,80,1014
2026-10-27,m1,花水湾巴登国际温泉度假酒店,花水湾镇,途家,14:00,80,1042
2026-10-27,m1,花水湾巴登国际温泉度假酒店,花水湾镇,美团,20:00,36,1161
2026-10-27,m1,花水湾巴登国际温泉度假酒店,花水湾镇,去哪儿,20:00,35,1174
2026-10-27,m1,花水湾巴登国际温泉度假酒店,花水湾镇,途家,20:00,35,1198
2026-10-28,m1,花水湾巴登国际温泉度假酒店,花水湾镇,美团,00:00,105,948
2026-10-28,m1,花水湾巴登国际温泉度假酒店,花水湾镇,去哪儿,00:00,105,952
2026-10-28,m1,花水湾巴登国际温泉度假酒店,花水湾镇,途家,00:00,105,991
2026-10-28,m1,花水湾巴登国际温泉度假酒店,花水湾镇,美团,08:00,103,920
2026-10-28,m1,花水湾巴登国际温泉度假酒店,花水湾镇,去哪儿,08:00,103,938
2026-10-28,m1,花水湾巴登国际温泉度假酒店,花水湾镇,途家,08:00,103,978
2026-10-28,m1,花水湾巴登国际温泉度假酒店,花水湾镇,美团,14:00,86,984
2026-10-28,m1,花水湾巴登国际温泉度假酒店,花水湾镇,去哪儿,14:00,85,1020
2026-10-28,m1,花水湾巴登国际温泉度假酒店,花水湾镇,途家,14:00,85,1028
2026-10-28,m1,花水湾巴登国际温泉度假酒店,花水湾镇,美团,20:00,40,1144
2026-10-28,m1,花水湾巴登国际温泉度假酒店,花水湾镇,去哪儿,20:00,40,1144
2026-10-28,m1,花水湾巴登国际温泉度假酒店,花水湾镇,途家,20:00,40,1206
2026-10-29,m1,花水湾巴登国际温泉度假酒店,花水湾镇,美团,00:00,107,908
2026-10-29,m1,花水湾巴登国际温泉度假酒店,花水湾镇,去哪儿,00:00,106,944
2026-10-29,m1,花水湾巴登国际温泉度假酒店,花水湾镇,途家,00:00,106,961
2026-10-29,m1,花水湾巴登国际温泉度假酒店,花水湾镇,美团,08:00,100,953
2026-10-29,m1,花水湾巴登国际温泉度假酒店,花水湾镇,去哪儿,08:00,99,959
2026-10-29,m1,花水湾巴登国际温泉度假酒店,花水湾镇,途家,08:00,99,1004
2026-10-29,m1,花水湾巴登国际温泉度假酒店,花水湾镇,美团,14:00,81,997
2026-10-29,m1,花水湾巴登国际温泉度假酒店,花水湾镇,去哪儿,14:00,81,1033
2026-10-29,m1,花水湾巴登国际温泉度假酒店,花水湾镇,途家,14:00,81,1056
2026-10-29,m1,花水湾巴登国际温泉度假酒店,花水湾镇,美团,20:00,49,1105
2026-10-29,m1,花水湾巴登国际温泉度假酒店,花水湾镇,去哪儿,20:00,48,1106
2026-10-29,m1,花水湾巴登国际温泉度假酒店,花水湾镇,途家,20:00,48,1191
2026-10-30,m1,花水湾巴登国际温泉度假酒店,花水湾镇,美团,00:00,104,938
2026-10-30,m1,花水湾巴登国际温泉度假酒店,花水湾镇,去哪儿,00:00,103,928
2026-10-30,m1,花水湾巴登国际温泉度假酒店,花水湾镇,途家,00:00,103,992
2026-10-30,m1,花水湾巴登国际温泉度假酒店,花水湾镇,美团,08:00,95,977
2026-10-30,m1,花水湾巴登国际温泉度假酒店,花水湾镇,去哪儿,08:00,95,960
2026-10-30,m1,花水湾巴登国际温泉度假酒店,花水湾镇,途家,08:00,95,1024
2026-10-30,m1,花水湾巴登国际温泉度假酒店,花水湾镇,美团,14:00,80,1016
2026-10-30,m1,花水湾巴登国际温泉度假酒店,花水湾镇,去哪儿,14:00,79,1007
2026-10-30,m1,花水湾巴登国际温泉度假酒店,花水湾镇,途家,14:00,79,1066
2026-10-30,m1,花水湾巴登国际温泉度假酒店,花水湾镇,美团,20:00,50,1095
2026-10-30,m1,花水湾巴登国际温泉度假酒店,花水湾镇,去哪儿,20:00,49,1114
2026-10-30,m1,花水湾巴登国际温泉度假酒店,花水湾镇,途家,20:00,49,1186
2026-10-31,m1,花水湾巴登国际温泉度假酒店,花水湾镇,美团,00:00,98,1236
2026-10-31,m1,花水湾巴登国际温泉度假酒店,花水湾镇,去哪儿,00:00,97,1258
2026-10-31,m1,花水湾巴登国际温泉度假酒店,花水湾镇,途家,00:00,97,1292
2026-10-31,m1,花水湾巴登国际温泉度假酒店,花水湾镇,美团,08:00,94,1254
2026-10-31,m1,花水湾巴登国际温泉度假酒店,花水湾镇,去哪儿,08:00,93,1279
2026-10-31,m1,花水湾巴登国际温泉度假酒店,花水湾镇,途家,08:00,93,1306
2026-10-31,m1,花水湾巴登国际温泉度假酒店,花水湾镇,美团,14:00,67,1359
2026-10-31,m1,花水湾巴登国际温泉度假酒店,花水湾镇,去哪儿,14:00,67,1376
2026-10-31,m1,花水湾巴登国际温泉度假酒店,花水湾镇,途家,14:00,67,1432
2026-10-31,m1,花水湾巴登国际温泉度假酒店,花水湾镇,美团,20:00,22,1573
2026-10-31,m1,花水湾巴登国际温泉度假酒店,花水湾镇,去哪儿,20:00,21,1579
2026-10-31,m1,花水湾巴登国际温泉度假酒店,花水湾镇,途家,20:00,21,1650
2026-10-01,m2,花水湾半山温泉民宿,花水湾镇,携程,00:00,16,1143
2026-10-01,m2,花水湾半山温泉民宿,花水湾镇,美团,00:00,16,1140
2026-10-01,m2,花水湾半山温泉民宿,花水湾镇,去哪儿,00:00,15,1129
2026-10-01,m2,花水湾半山温泉民宿,花水湾镇,同程,00:00,16,1137
2026-10-01,m2,花水湾半山温泉民宿,花水湾镇,携程,08:00,13,1242
2026-10-01,m2,花水湾半山温泉民宿,花水湾镇,美团,08:00,13,1201
2026-10-01,m2,花水湾半山温泉民宿,花水湾镇,去哪儿,08:00,13,1203
2026-10-01,m2,花水湾半山温泉民宿,花水湾镇,同程,08:00,14,1187
2026-10-01,m2,花水湾半山温泉民宿,花水湾镇,携程,14:00,9,1340
2026-10-01,m2,花水湾半山温泉民宿,花水湾镇,美团,14:00,10,1286
2026-10-01,m2,花水湾半山温泉民宿,花水湾镇,去哪儿,14:00,9,1339
2026-10-01,m2,花水湾半山温泉民宿,花水湾镇,同程,14:00,10,1339
2026-10-01,m2,花水湾半山温泉民宿,花水湾镇,携程,20:00,2,1567
2026-10-01,m2,花水湾半山温泉民宿,花水湾镇,美团,20:00,3,1525
2026-10-01,m2,花水湾半山温泉民宿,花水湾镇,去哪儿,20:00,2,1534
2026-10-01,m2,花水湾半山温泉民宿,花水湾镇,同程,20:00,2,1528
2026-10-02,m2,花水湾半山温泉民宿,花水湾镇,携程,00:00,13,1214
2026-10-02,m2,花水湾半山温泉民宿,花水湾镇,美团,00:00,13,1198
2026-10-02,m2,花水湾半山温泉民宿,花水湾镇,去哪儿,00:00,13,1219
2026-10-02,m2,花水湾半山温泉民宿,花水湾镇,同程,00:00,13,1190
2026-10-02,m2,花水湾半山温泉民宿,花水湾镇,携程,08:00,14,1220
2026-10-02,m2,花水湾半山温泉民宿,花水湾镇,美团,08:00,14,1200
2026-10-02,m2,花水湾半山温泉民宿,花水湾镇,去哪儿,08:00,13,1190
2026-10-02,m2,花水湾半山温泉民宿,花水湾镇,同程,08:00,13,1218
2026-10-02,m2,花水湾半山温泉民宿,花水湾镇,携程,14:00,11,1313
2026-10-02,m2,花水湾半山温泉民宿,花水湾镇,美团,14:00,10,1260
2026-10-02,m2,花水湾半山温泉民宿,花水湾镇,去哪儿,14:00,10,1296
2026-10-02,m2,花水湾半山温泉民宿,花水湾镇,同程,14:00,11,1303
2026-10-02,m2,花水湾半山温泉民宿,花水湾镇,携程,20:00,4,1540
2026-10-02,m2,花水湾半山温泉民宿,花水湾镇,美团,20:00,3,1450
2026-10-02,m2,花水湾半山温泉民宿,花水湾镇,去哪儿,20:00,3,1481
2026-10-02,m2,花水湾半山温泉民宿,花水湾镇,同程,20:00,3,1501
2026-10-03,m2,花水湾半山温泉民宿,花水湾镇,携程,00:00,13,1220
2026-10-03,m2,花水湾半山温泉民宿,花水湾镇,美团,00:00,14,1183
2026-10-03,m2,花水湾半山温泉民宿,花水湾镇,去哪儿,00:00,13,1219
2026-10-03,m2,花水湾半山温泉民宿,花水湾镇,同程,00:00,14,1214
2026-10-03,m2,花水湾半山温泉民宿,花水湾镇,携程,08:00,12,1262
2026-10-03,m2,花水湾半山温泉民宿,花水湾镇,美团,08:00,12,1195
2026-10-03,m2,花水湾半山温泉民宿,花水湾镇,去哪儿,08:00,12,1218
2026-10-03,m2,花水湾半山温泉民宿,花水湾镇,同程,08:00,13,1248
2026-10-03,m2,花水湾半山温泉民宿,花水湾镇,携程,14:00,10,1331
2026-10-03,m2,花水湾半山温泉民宿,花水湾镇,美团,14:00,10,1290
2026-10-03,m2,花水湾半山温泉民宿,花水湾镇,去哪儿,14:00,10,1274
2026-10-03,m2,花水湾半山温泉民宿,花水湾镇,同程,14:00,11,1289
2026-10-03,m2,花水湾半山温泉民宿,花水湾镇,携程,20:00,3,1519
2026-10-03,m2,花水湾半山温泉民宿,花水湾镇,美团,20:00,4,1471
2026-10-03,m2,花水湾半山温泉民宿,花水湾镇,去哪儿,20:00,3,1508
2026-10-03,m2,花水湾半山温泉民宿,花水湾镇,同程,20:00,3,1500
2026-10-04,m2,花水湾半山温泉民宿,花水湾镇,携程,00:00,10,1293
2026-10-04,m2,花水湾半山温泉民宿,花水湾镇,美团,00:00,11,1280
2026-10-04,m2,花水湾半山温泉民宿,花水湾镇,去哪儿,00:00,10,1297
2026-10-04,m2,花水湾半山温泉民宿,花水湾镇,同程,00:00,10,1294
2026-10-04,m2,花水湾半山温泉民宿,花水湾镇,携程,08:00,9,1324
2026-10-04,m2,花水湾半山温泉民宿,花水湾镇,美团,08:00,9,1274
2026-10-04,m2,花水湾半山温泉民宿,花水湾镇,去哪儿,08:00,9,1296
2026-10-04,m2,花水湾半山温泉民宿,花水湾镇,同程,08:00,9,1337
2026-10-04,m2,花水湾半山温泉民宿,花水湾镇,携程,14:00,4,1476
2026-10-04,m2,花水湾半山温泉民宿,花水湾镇,美团,14:00,4,1435
2026-10-04,m2,花水湾半山温泉民宿,花水湾镇,去哪儿,14:00,4,1434
2026-10-04,m2,花水湾半山温泉民宿,花水湾镇,同程,14:00,5,1431
2026-10-04,m2,花水湾半山温泉民宿,花水湾镇,携程,20:00,1,1580
2026-10-04,m2,花水湾半山温泉民宿,花水湾镇,美团,20:00,2,1499
2026-10-04,m2,花水湾半山温泉民宿,花水湾镇,去哪儿,20:00,1,1562
2026-10-04,m2,花水湾半山温泉民宿,花水湾镇,同程,20:00,1,1532
2026-10-05,m2,花水湾半山温泉民宿,花水湾镇,携程,00:00,14,1173
2026-10-05,m2,花水湾半山温泉民宿,花水湾镇,美团,00:00,15,1138
2026-10-05,m2,花水湾半山温泉民宿,花水湾镇,去哪儿,00:00,14,1148
2026-10-05,m2,花水湾半山温泉民宿,花水湾镇,同程,00:00,14,1158
2026-10-05,m2,花水湾半山温泉民宿,花水湾镇,携程,08:00,13,1204
2026-10-05,m2,花水湾半山温泉民宿,花水湾镇,美团,08:00,14,1197
2026-10-05,m2,花水湾半山温泉民宿,花水湾镇,去哪儿,08:00,13,1178
2026-10-05,m2,花水湾半山温泉民宿,花水湾镇,同程,08:00,14,1204
2026-10-05,m2,花水湾半山温泉民宿,花水湾镇,携程,14:00,8,1360
2026-10-05,m2,花水湾半山温泉民宿,花水湾镇,美团,14:00,8,1338
2026-10-05,m2,花水湾半山温泉民宿,花水湾镇,去哪儿,14:00,8,1343
2026-10-05,m2,花水湾半山温泉民宿,花水湾镇,同程,14:00,9,1332
2026-10-05,m2,花水湾半山温泉民宿,花水湾镇,携程,20:00,1,1597
2026-10-05,m2,花水湾半山温泉民宿,花水湾镇,美团,20:00,0,1541
2026-10-05,m2,花水湾半山温泉民宿,花水湾镇,去哪儿,20:00,0,1559
2026-10-05,m2,花水湾半山温泉民宿,花水湾镇,同程,20:00,1,1560
2026-10-06,m2,花水湾半山温泉民宿,花水湾镇,携程,00:00,15,1171
2026-10-06,m2,花水湾半山温泉民宿,花水湾镇,美团,00:00,16,1147
2026-10-06,m2,花水湾半山温泉民宿,花水湾镇,去哪儿,00:00,15,1135
2026-10-06,m2,花水湾半山温泉民宿,花水湾镇,同程,00:00,16,1148
2026-10-06,m2,花水湾半山温泉民宿,花水湾镇,携程,08:00,13,1237
2026-10-06,m2,花水湾半山温泉民宿,花水湾镇,美团,08:00,13,1183
2026-10-06,m2,花水湾半山温泉民宿,花水湾镇,去哪儿,08:00,13,1221
2026-10-06,m2,花水湾半山温泉民宿,花水湾镇,同程,08:00,13,1177
2026-10-06,m2,花水湾半山温泉民宿,花水湾镇,携程,14:00,9,1346
2026-10-06,m2,花水湾半山温泉民宿,花水湾镇,美团,14:00,10,1325
2026-10-06,m2,花水湾半山温泉民宿,花水湾镇,去哪儿,14:00,9,1323
2026-10-06,m2,花水湾半山温泉民宿,花水湾镇,同程,14:00,10,1299
2026-10-06,m2,花水湾半山温泉民宿,花水湾镇,携程,20:00,3,1533
2026-10-06,m2,花水湾半山温泉民宿,花水湾镇,美团,20:00,3,1499
2026-10-06,m2,花水湾半山温泉民宿,花水湾镇,去哪儿,20:00,2,1490
2026-10-06,m2,花水湾半山温泉民宿,花水湾镇,同程,20:00,2,1537
2026-10-07,m2,花水湾半山温泉民宿,花水湾镇,携程,00:00,14,1188
2026-10-07,m2,花水湾半山温泉民宿,花水湾镇,美团,00:00,14,1143
2026-10-07,m2,花水湾半山温泉民宿,花水湾镇,去哪儿,00:00,14,1184
2026-10-07,m2,花水湾半山温泉民宿,花水湾镇,同程,00:00,15,1162
2026-10-07,m2,花水湾半山温泉民宿,花水湾镇,携程,08:00,14,1207
2026-10-07,m2,花水湾半山温泉民宿,花水湾镇,美团,08:00,14,1149
2026-10-07,m2,花水湾半山温泉民宿,花水湾镇,去哪儿,08:00,14,1183
2026-10-07,m2,花水湾半山温泉民宿,花水湾镇,同程,08:00,14,1176
2026-10-07,m2,花水湾半山温泉民宿,花水湾镇,携程,14:00,8,1349
2026-10-07,m2,花水湾半山温泉民宿,花水湾镇,美团,14:00,9,1328
2026-10-07,m2,花水湾半山温泉民宿,花水湾镇,去哪儿,14:00,8,1340
2026-10-07,m2,花水湾半山温泉民宿,花水湾镇,同程,14:00,8,1344
2026-10-07,m2,花水湾半山温泉民宿,花水湾镇,携程,20:00,0,1630
2026-10-07,m2,花水湾半山温泉民宿,花水湾镇,美团,20:00,1,1550
2026-10-07,m2,花水湾半山温泉民宿,花水湾镇,去哪儿,20:00,0,1554
2026-10-07,m2,花水湾半山温泉民宿,花水湾镇,同程,20:00,0,1600
2026-10-08,m2,花水湾半山温泉民宿,花水湾镇,携程,00:00,14,1203
2026-10-08,m2,花水湾半山温泉民宿,花水湾镇,美团,00:00,15,1136
2026-10-08,m2,花水湾半山温泉民宿,花水湾镇,去哪儿,00:00,14,1152
2026-10-08,m2,花水湾半山温泉民宿,花水湾镇,同程,00:00,15,1149
2026-10-08,m2,花水湾半山温泉民宿,花水湾镇,携程,08:00,14,1192
2026-10-08,m2,花水湾半山温泉民宿,花水湾镇,美团,08:00,15,1137
2026-10-08,m2,花水湾半山温泉民宿,花水湾镇,去哪儿,08:00,14,1149
2026-10-08,m2,花水湾半山温泉民宿,花水湾镇,同程,08:00,14,1182
2026-10-08,m2,花水湾半山温泉民宿,花水湾镇,携程,14:00,13,1237
2026-10-08,m2,花水湾半山温泉民宿,花水湾镇,美团,14:00,12,1232
2026-10-08,m2,花水湾半山温泉民宿,花水湾镇,去哪儿,14:00,12,1225
2026-10-08,m2,花水湾半山温泉民宿,花水湾镇,同程,14:00,12,1206
2026-10-08,m2,花水湾半山温泉民宿,花水湾镇,携程,20:00,4,1478
2026-10-08,m2,花水湾半山温泉民宿,花水湾镇,美团,20:00,4,1426
2026-10-08,m2,花水湾半山温泉民宿,花水湾镇,去哪儿,20:00,4,1456
2026-10-08,m2,花水湾半山温泉民宿,花水湾镇,同程,20:00,4,1445
2026-10-09,m2,花水湾半山温泉民宿,花水湾镇,携程,00:00,13,602
2026-10-09,m2,花水湾半山温泉民宿,花水湾镇,美团,00:00,13,593
2026-10-09,m2,花水湾半山温泉民宿,花水湾镇,去哪儿,00:00,13,608
2026-10-09,m2,花水湾半山温泉民宿,花水湾镇,同程,00:00,14,609
2026-10-09,m2,花水湾半山温泉民宿,花水湾镇,携程,08:00,13,611
2026-10-09,m2,花水湾半山温泉民宿,花水湾镇,美团,08:00,14,603
2026-10-09,m2,花水湾半山温泉民宿,花水湾镇,去哪儿,08:00,13,603
2026-10-09,m2,花水湾半山温泉民宿,花水湾镇,同程,08:00,14,608
2026-10-09,m2,花水湾半山温泉民宿,花水湾镇,携程,14:00,10,657
2026-10-09,m2,花水湾半山温泉民宿,花水湾镇,美团,14:00,11,631
2026-10-09,m2,花水湾半山温泉民宿,花水湾镇,去哪儿,14:00,10,633
2026-10-09,m2,花水湾半山温泉民宿,花水湾镇,同程,14:00,11,642
2026-10-09,m2,花水湾半山温泉民宿,花水湾镇,携程,20:00,7,704
2026-10-09,m2,花水湾半山温泉民宿,花水湾镇,美团,20:00,8,692
2026-10-09,m2,花水湾半山温泉民宿,花水湾镇,去哪儿,20:00,7,685
2026-10-09,m2,花水湾半山温泉民宿,花水湾镇,同程,20:00,7,673
2026-10-10,m2,花水湾半山温泉民宿,花水湾镇,携程,00:00,15,768
2026-10-10,m2,花水湾半山温泉民宿,花水湾镇,美团,00:00,14,764
2026-10-10,m2,花水湾半山温泉民宿,花水湾镇,去哪儿,00:00,14,768
2026-10-10,m2,花水湾半山温泉民宿,花水湾镇,同程,00:00,15,760
2026-10-10,m2,花水湾半山温泉民宿,花水湾镇,携程,08:00,14,780
2026-10-10,m2,花水湾半山温泉民宿,花水湾镇,美团,08:00,13,783
2026-10-10,m2,花水湾半山温泉民宿,花水湾镇,去哪儿,08:00,13,789
2026-10-10,m2,花水湾半山温泉民宿,花水湾镇,同程,08:00,13,787
2026-10-10,m2,花水湾半山温泉民宿,花水湾镇,携程,14:00,10,864
2026-10-10,m2,花水湾半山温泉民宿,花水湾镇,美团,14:00,10,836
2026-10-10,m2,花水湾半山温泉民宿,花水湾镇,去哪儿,14:00,10,842
2026-10-10,m2,花水湾半山温泉民宿,花水湾镇,同程,14:00,10,823
2026-10-10,m2,花水湾半山温泉民宿,花水湾镇,携程,20:00,5,959
2026-10-10,m2,花水湾半山温泉民宿,花水湾镇,美团,20:00,5,908
2026-10-10,m2,花水湾半山温泉民宿,花水湾镇,去哪儿,20:00,5,942
2026-10-10,m2,花水湾半山温泉民宿,花水湾镇,同程,20:00,6,921
2026-10-11,m2,花水湾半山温泉民宿,花水湾镇,携程,00:00,15,760
2026-10-11,m2,花水湾半山温泉民宿,花水湾镇,美团,00:00,15,738
2026-10-11,m2,花水湾半山温泉民宿,花水湾镇,去哪儿,00:00,14,768
2026-10-11,m2,花水湾半山温泉民宿,花水湾镇,同程,00:00,14,749
2026-10-11,m2,花水湾半山温泉民宿,花水湾镇,携程,08:00,11,816
2026-10-11,m2,花水湾半山温泉民宿,花水湾镇,美团,08:00,11,796
2026-10-11,m2,花水湾半山温泉民宿,花水湾镇,去哪儿,08:00,11,827
2026-10-11,m2,花水湾半山温泉民宿,花水湾镇,同程,08:00,12,819
2026-10-11,m2,花水湾半山温泉民宿,花水湾镇,携程,14:00,7,941
2026-10-11,m2,花水湾半山温泉民宿,花水湾镇,美团,14:00,6,886
2026-10-11,m2,花水湾半山温泉民宿,花水湾镇,去哪儿,14:00,6,903
2026-10-11,m2,花水湾半山温泉民宿,花水湾镇,同程,14:00,7,909
2026-10-11,m2,花水湾半山温泉民宿,花水湾镇,携程,20:00,2,987
2026-10-11,m2,花水湾半山温泉民宿,花水湾镇,美团,20:00,2,968
2026-10-11,m2,花水湾半山温泉民宿,花水湾镇,去哪儿,20:00,2,978
2026-10-11,m2,花水湾半山温泉民宿,花水湾镇,同程,20:00,2,994
2026-10-12,m2,花水湾半山温泉民宿,花水湾镇,携程,00:00,15,590
2026-10-12,m2,花水湾半山温泉民宿,花水湾镇,美团,00:00,16,575
2026-10-12,m2,花水湾半山温泉民宿,花水湾镇,去哪儿,00:00,15,559
2026-10-12,m2,花水湾半山温泉民宿,花水湾镇,同程,00:00,16,566
2026-10-12,m2,花水湾半山温泉民宿,花水湾镇,携程,08:00,14,592
2026-10-12,m2,花水湾半山温泉民宿,花水湾镇,美团,08:00,15,575
2026-10-12,m2,花水湾半山温泉民宿,花水湾镇,去哪儿,08:00,14,580
2026-10-12,m2,花水湾半山温泉民宿,花水湾镇,同程,08:00,14,592
2026-10-12,m2,花水湾半山温泉民宿,花水湾镇,携程,14:00,12,633
2026-10-12,m2,花水湾半山温泉民宿,花水湾镇,美团,14:00,11,614
2026-10-12,m2,花水湾半山温泉民宿,花水湾镇,去哪儿,14:00,11,616
2026-10-12,m2,花水湾半山温泉民宿,花水湾镇,同程,14:00,11,619
2026-10-12,m2,花水湾半山温泉民宿,花水湾镇,携程,20:00,5,730
2026-10-12,m2,花水湾半山温泉民宿,花水湾镇,美团,20:00,5,705
2026-10-12,m2,花水湾半山温泉民宿,花水湾镇,去哪儿,20:00,5,705
2026-10-12,m2,花水湾半山温泉民宿,花水湾镇,同程,20:00,6,726
2026-10-13,m2,花水湾半山温泉民宿,花水湾镇,携程,00:00,17,561
2026-10-13,m2,花水湾半山温泉民宿,花水湾镇,美团,00:00,16,546
2026-10-13,m2,花水湾半山温泉民宿,花水湾镇,去哪儿,00:00,16,553
2026-10-13,m2,花水湾半山温泉民宿,花水湾镇,同程,00:00,16,546
2026-10-13,m2,花水湾半山温泉民宿,花水湾镇,携程,08:00,15,582
2026-10-13,m2,花水湾半山温泉民宿,花水湾镇,美团,08:00,16,570
2026-10-13,m2,花水湾半山温泉民宿,花水湾镇,去哪儿,08:00,15,571
2026-10-13,m2,花水湾半山温泉民宿,花水湾镇,同程,08:00,16,575
2026-10-13,m2,花水湾半山温泉民宿,花水湾镇,携程,14:00,10,644
2026-10-13,m2,花水湾半山温泉民宿,花水湾镇,美团,14:00,11,647
2026-10-13,m2,花水湾半山温泉民宿,花水湾镇,去哪儿,14:00,10,644
2026-10-13,m2,花水湾半山温泉民宿,花水湾镇,同程,14:00,10,647
2026-10-13,m2,花水湾半山温泉民宿,花水湾镇,携程,20:00,6,706
2026-10-13,m2,花水湾半山温泉民宿,花水湾镇,美团,20:00,6,702
2026-10-13,m2,花水湾半山温泉民宿,花水湾镇,去哪儿,20:00,6,701
2026-10-13,m2,花水湾半山温泉民宿,花水湾镇,同程,20:00,6,702
2026-10-14,m2,花水湾半山温泉民宿,花水湾镇,携程,00:00,15,590
2026-10-14,m2,花水湾半山温泉民宿,花水湾镇,美团,00:00,16,560
2026-10-14,m2,花水湾半山温泉民宿,花水湾镇,去哪儿,00:00,15,578
2026-10-14,m2,花水湾半山温泉民宿,花水湾镇,同程,00:00,15,571
2026-10-14,m2,花水湾半山温泉民宿,花水湾镇,携程,08:00,15,584
2026-10-14,m2,花水湾半山温泉民宿,花水湾镇,美团,08:00,15,555
2026-10-14,m2,花水湾半山温泉民宿,花水湾镇,去哪儿,08:00,15,575
2026-10-14,m2,花水湾半山温泉民宿,花水湾镇,同程,08:00,15,582
2026-10-14,m2,花水湾半山温泉民宿,花水湾镇,携程,14:00,12,618
2026-10-14,m2,花水湾半山温泉民宿,花水湾镇,美团,14:00,12,597
2026-10-14,m2,花水湾半山温泉民宿,花水湾镇,去哪儿,14:00,12,623
2026-10-14,m2,花水湾半山温泉民宿,花水湾镇,同程,14:00,13,623
2026-10-14,m2,花水湾半山温泉民宿,花水湾镇,携程,20:00,5,716
2026-10-14,m2,花水湾半山温泉民宿,花水湾镇,美团,20:00,6,694
2026-10-14,m2,花水湾半山温泉民宿,花水湾镇,去哪儿,20:00,5,723
2026-10-14,m2,花水湾半山温泉民宿,花水湾镇,同程,20:00,6,704
2026-10-15,m2,花水湾半山温泉民宿,花水湾镇,携程,00:00,12,628
2026-10-15,m2,花水湾半山温泉民宿,花水湾镇,美团,00:00,12,598
2026-10-15,m2,花水湾半山温泉民宿,花水湾镇,去哪儿,00:00,12,619
2026-10-15,m2,花水湾半山温泉民宿,花水湾镇,同程,00:00,12,610
2026-10-15,m2,花水湾半山温泉民宿,花水湾镇,携程,08:00,12,638
2026-10-15,m2,花水湾半山温泉民宿,花水湾镇,美团,08:00,12,609
2026-10-15,m2,花水湾半山温泉民宿,花水湾镇,去哪儿,08:00,12,616
2026-10-15,m2,花水湾半山温泉民宿,花水湾镇,同程,08:00,12,624
2026-10-15,m2,花水湾半山温泉民宿,花水湾镇,携程,14:00,11,650
2026-10-15,m2,花水湾半山温泉民宿,花水湾镇,美团,14:00,12,630
2026-10-15,m2,花水湾半山温泉民宿,花水湾镇,去哪儿,14:00,11,638
2026-10-15,m2,花水湾半山温泉民宿,花水湾镇,同程,14:00,12,635
2026-10-15,m2,花水湾半山温泉民宿,花水湾镇,携程,20:00,5,742
2026-10-15,m2,花水湾半山温泉民宿,花水湾镇,美团,20:00,5,708
2026-10-15,m2,花水湾半山温泉民宿,花水湾镇,去哪儿,20:00,5,707
2026-10-15,m2,花水湾半山温泉民宿,花水湾镇,同程,20:00,6,719
2026-10-16,m2,花水湾半山温泉民宿,花水湾镇,携程,00:00,16,572
2026-10-16,m2,花水湾半山温泉民宿,花水湾镇,美团,00:00,17,554
2026-10-16,m2,花水湾半山温泉民宿,花水湾镇,去哪儿,00:00,16,557
2026-10-16,m2,花水湾半山温泉民宿,花水湾镇,同程,00:00,16,551
2026-10-16,m2,花水湾半山温泉民宿,花水湾镇,携程,08:00,15,591
2026-10-16,m2,花水湾半山温泉民宿,花水湾镇,美团,08:00,16,556
2026-10-16,m2,花水湾半山温泉民宿,花水湾镇,去哪儿,08:00,15,571
2026-10-16,m2,花水湾半山温泉民宿,花水湾镇,同程,08:00,16,576
2026-10-16,m2,花水湾半山温泉民宿,花水湾镇,携程,14:00,12,636
2026-10-16,m2,花水湾半山温泉民宿,花水湾镇,美团,14:00,12,604
2026-10-16,m2,花水湾半山温泉民宿,花水湾镇,去哪儿,14:00,12,605
2026-10-16,m2,花水湾半山温泉民宿,花水湾镇,同程,14:00,13,616
2026-10-16,m2,花水湾半山温泉民宿,花水湾镇,携程,20:00,5,740
2026-10-16,m2,花水湾半山温泉民宿,花水湾镇,美团,20:00,5,709
2026-10-16,m2,花水湾半山温泉民宿,花水湾镇,去哪儿,20:00,5,709
2026-10-16,m2,花水湾半山温泉民宿,花水湾镇,同程,20:00,5,727
2026-10-17,m2,花水湾半山温泉民宿,花水湾镇,携程,00:00,16,748
2026-10-17,m2,花水湾半山温泉民宿,花水湾镇,美团,00:00,16,729
2026-10-17,m2,花水湾半山温泉民宿,花水湾镇,去哪儿,00:00,16,729
2026-10-17,m2,花水湾半山温泉民宿,花水湾镇,同程,00:00,17,731
2026-10-17,m2,花水湾半山温泉民宿,花水湾镇,携程,08:00,14,790
2026-10-17,m2,花水湾半山温泉民宿,花水湾镇,美团,08:00,14,745
2026-10-17,m2,花水湾半山温泉民宿,花水湾镇,去哪儿,08:00,14,767
2026-10-17,m2,花水湾半山温泉民宿,花水湾镇,同程,08:00,14,754
2026-10-17,m2,花水湾半山温泉民宿,花水湾镇,携程,14:00,13,787
2026-10-17,m2,花水湾半山温泉民宿,花水湾镇,美团,14:00,13,763
2026-10-17,m2,花水湾半山温泉民宿,花水湾镇,去哪儿,14:00,13,791
2026-10-17,m2,花水湾半山温泉民宿,花水湾镇,同程,14:00,13,787
2026-10-17,m2,花水湾半山温泉民宿,花水湾镇,携程,20:00,5,964
2026-10-17,m2,花水湾半山温泉民宿,花水湾镇,美团,20:00,5,925
2026-10-17,m2,花水湾半山温泉民宿,花水湾镇,去哪儿,20:00,5,931
2026-10-17,m2,花水湾半山温泉民宿,花水湾镇,同程,20:00,6,945
2026-10-18,m2,花水湾半山温泉民宿,花水湾镇,携程,00:00,13,804
2026-10-18,m2,花水湾半山温泉民宿,花水湾镇,美团,00:00,14,755
2026-10-18,m2,花水湾半山温泉民宿,花水湾镇,去哪儿,00:00,13,762
2026-10-18,m2,花水湾半山温泉民宿,花水湾镇,同程,00:00,14,772
2026-10-18,m2,花水湾半山温泉民宿,花水湾镇,携程,08:00,13,806
2026-10-18,m2,花水湾半山温泉民宿,花水湾镇,美团,08:00,13,782
2026-10-18,m2,花水湾半山温泉民宿,花水湾镇,去哪儿,08:00,12,801
2026-10-18,m2,花水湾半山温泉民宿,花水湾镇,同程,08:00,13,801
2026-10-18,m2,花水湾半山温泉民宿,花水湾镇,携程,14:00,10,862
2026-10-18,m2,花水湾半山温泉民宿,花水湾镇,美团,14:00,11,827
2026-10-18,m2,花水湾半山温泉民宿,花水湾镇,去哪儿,14:00,10,817
2026-10-18,m2,花水湾半山温泉民宿,花水湾镇,同程,14:00,10,830
2026-10-18,m2,花水湾半山温泉民宿,花水湾镇,携程,20:00,6,935
2026-10-18,m2,花水湾半山温泉民宿,花水湾镇,美团,20:00,6,931
2026-10-18,m2,花水湾半山温泉民宿,花水湾镇,去哪儿,20:00,5,939
2026-10-18,m2,花水湾半山温泉民宿,花水湾镇,同程,20:00,6,934
2026-10-19,m2,花水湾半山温泉民宿,花水湾镇,携程,00:00,14,586
2026-10-19,m2,花水湾半山温泉民宿,花水湾镇,美团,00:00,15,581
2026-10-19,m2,花水湾半山温泉民宿,花水湾镇,去哪儿,00:00,14,586
2026-10-19,m2,花水湾半山温泉民宿,花水湾镇,同程,00:00,14,579
2026-10-19,m2,花水湾半山温泉民宿,花水湾镇,携程,08:00,14,609
2026-10-19,m2,花水湾半山温泉民宿,花水湾镇,美团,08:00,14,573
2026-10-19,m2,花水湾半山温泉民宿,花水湾镇,去哪儿,08:00,14,593
2026-10-19,m2,花水湾半山温泉民宿,花水湾镇,同程,08:00,14,592
2026-10-19,m2,花水湾半山温泉民宿,花水湾镇,携程,14:00,10,660
2026-10-19,m2,花水湾半山温泉民宿,花水湾镇,美团,14:00,10,640
2026-10-19,m2,花水湾半山温泉民宿,花水湾镇,去哪儿,14:00,10,654
2026-10-19,m2,花水湾半山温泉民宿,花水湾镇,同程,14:00,10,645
2026-10-19,m2,花水湾半山温泉民宿,花水湾镇,携程,20:00,5,720
2026-10-19,m2,花水湾半山温泉民宿,花水湾镇,美团,20:00,6,714
2026-10-19,m2,花水湾半山温泉民宿,花水湾镇,去哪儿,20:00,5,707
2026-10-19,m2,花水湾半山温泉民宿,花水湾镇,同程,20:00,5,722
2026-10-20,m2,花水湾半山温泉民宿,花水湾镇,携程,00:00,17,550
2026-10-20,m2,花水湾半山温泉民宿,花水湾镇,美团,00:00,17,537
2026-10-20,m2,花水湾半山温泉民宿,花水湾镇,去哪儿,00:00,17,535
2026-10-20,m2,花水湾半山温泉民宿,花水湾镇,同程,00:00,17,543
2026-10-20,m2,花水湾半山温泉民宿,花水湾镇,携程,08:00,16,559
2026-10-20,m2,花水湾半山温泉民宿,花水湾镇,美团,08:00,16,555
2026-10-20,m2,花水湾半山温泉民宿,花水湾镇,去哪儿,08:00,16,567
2026-10-20,m2,花水湾半山温泉民宿,花水湾镇,同程,08:00,16,562
2026-10-20,m2,花水湾半山温泉民宿,花水湾镇,携程,14:00,11,649
2026-10-20,m2,花水湾半山温泉民宿,花水湾镇,美团,14:00,12,626
2026-10-20,m2,花水湾半山温泉民宿,花水湾镇,去哪儿,14:00,11,625
2026-10-20,m2,花水湾半山温泉民宿,花水湾镇,同程,14:00,11,630
2026-10-20,m2,花水湾半山温泉民宿,花水湾镇,携程,20:00,7,699
2026-10-20,m2,花水湾半山温泉民宿,花水湾镇,美团,20:00,7,692
2026-10-20,m2,花水湾半山温泉民宿,花水湾镇,去哪儿,20:00,7,690
2026-10-20,m2,花水湾半山温泉民宿,花水湾镇,同程,20:00,7,683
2026-10-21,m2,花水湾半山温泉民宿,花水湾镇,携程,00:00,16,577
2026-10-21,m2,花水湾半山温泉民宿,花水湾镇,美团,00:00,17,554
2026-10-21,m2,花水湾半山温泉民宿,花水湾镇,去哪儿,00:00,16,548
2026-10-21,m2,花水湾半山温泉民宿,花水湾镇,同程,00:00,16,562
2026-10-21,m2,花水湾半山温泉民宿,花水湾镇,携程,08:00,17,566
2026-10-21,m2,花水湾半山温泉民宿,花水湾镇,美团,08:00,16,557
2026-10-21,m2,花水湾半山温泉民宿,花水湾镇,去哪儿,08:00,16,561
2026-10-21,m2,花水湾半山温泉民宿,花水湾镇,同程,08:00,16,566
2026-10-21,m2,花水湾半山温泉民宿,花水湾镇,携程,14:00,15,600
2026-10-21,m2,花水湾半山温泉民宿,花水湾镇,美团,14:00,15,587
2026-10-21,m2,花水湾半山温泉民宿,花水湾镇,去哪儿,14:00,14,581
2026-10-21,m2,花水湾半山温泉民宿,花水湾镇,同程,14:00,14,595
2026-10-21,m2,花水湾半山温泉民宿,花水湾镇,携程,20:00,11,668
2026-10-21,m2,花水湾半山温泉民宿,花水湾镇,美团,20:00,10,633
2026-10-21,m2,花水湾半山温泉民宿,花水湾镇,去哪儿,20:00,10,653
2026-10-21,m2,花水湾半山温泉民宿,花水湾镇,同程,20:00,11,630
2026-10-22,m2,花水湾半山温泉民宿,花水湾镇,携程,00:00,17,565
2026-10-22,m2,花水湾半山温泉民宿,花水湾镇,美团,00:00,17,541
2026-10-22,m2,花水湾半山温泉民宿,花水湾镇,去哪儿,00:00,16,566
2026-10-22,m2,花水湾半山温泉民宿,花水湾镇,同程,00:00,16,552
2026-10-22,m2,花水湾半山温泉民宿,花水湾镇,携程,08:00,15,573
2026-10-22,m2,花水湾半山温泉民宿,花水湾镇,美团,08:00,16,568
2026-10-22,m2,花水湾半山温泉民宿,花水湾镇,去哪儿,08:00,15,574
2026-10-22,m2,花水湾半山温泉民宿,花水湾镇,同程,08:00,16,569
2026-10-22,m2,花水湾半山温泉民宿,花水湾镇,携程,14:00,10,656
2026-10-22,m2,花水湾半山温泉民宿,花水湾镇,美团,14:00,10,631
2026-10-22,m2,花水湾半山温泉民宿,花水湾镇,去哪儿,14:00,10,640
2026-10-22,m2,花水湾半山温泉民宿,花水湾镇,同程,14:00,10,654
2026-10-22,m2,花水湾半山温泉民宿,花水湾镇,携程,20:00,7,715
2026-10-22,m2,花水湾半山温泉民宿,花水湾镇,美团,20:00,7,689
2026-10-22,m2,花水湾半山温泉民宿,花水湾镇,去哪儿,20:00,6,692
2026-10-22,m2,花水湾半山温泉民宿,花水湾镇,同程,20:00,6,703
2026-10-23,m2,花水湾半山温泉民宿,花水湾镇,携程,00:00,16,576
2026-10-23,m2,花水湾半山温泉民宿,花水湾镇,美团,00:00,17,542
2026-10-23,m2,花水湾半山温泉民宿,花水湾镇,去哪儿,00:00,16,546
2026-10-23,m2,花水湾半山温泉民宿,花水湾镇,同程,00:00,16,565
2026-10-23,m2,花水湾半山温泉民宿,花水湾镇,携程,08:00,16,557
2026-10-23,m2,花水湾半山温泉民宿,花水湾镇,美团,08:00,17,540
2026-10-23,m2,花水湾半山温泉民宿,花水湾镇,去哪儿,08:00,16,552
2026-10-23,m2,花水湾半山温泉民宿,花水湾镇,同程,08:00,16,567
2026-10-23,m2,花水湾半山温泉民宿,花水湾镇,携程,14:00,13,616
2026-10-23,m2,花水湾半山温泉民宿,花水湾镇,美团,14:00,14,595
2026-10-23,m2,花水湾半山温泉民宿,花水湾镇,去哪儿,14:00,13,610
2026-10-23,m2,花水湾半山温泉民宿,花水湾镇,同程,14:00,14,602
2026-10-23,m2,花水湾半山温泉民宿,花水湾镇,携程,20:00,4,733
2026-10-23,m2,花水湾半山温泉民宿,花水湾镇,美团,20:00,5,717
2026-10-23,m2,花水湾半山温泉民宿,花水湾镇,去哪儿,20:00,4,721
2026-10-23,m2,花水湾半山温泉民宿,花水湾镇,同程,20:00,5,719
2026-10-24,m2,花水湾半山温泉民宿,花水湾镇,携程,00:00,13,791
2026-10-24,m2,花水湾半山温泉民宿,花水湾镇,美团,00:00,13,783
2026-10-24,m2,花水湾半山温泉民宿,花水湾镇,去哪儿,00:00,13,766
2026-10-24,m2,花水湾半山温泉民宿,花水湾镇,同程,00:00,14,766
2026-10-24,m2,花水湾半山温泉民宿,花水湾镇,携程,08:00,13,798
2026-10-24,m2,花水湾半山温泉民宿,花水湾镇,美团,08:00,13,758
2026-10-24,m2,花水湾半山温泉民宿,花水湾镇,去哪儿,08:00,13,775
2026-10-24,m2,花水湾半山温泉民宿,花水湾镇,同程,08:00,13,781
2026-10-24,m2,花水湾半山温泉民宿,花水湾镇,携程,14:00,7,900
2026-10-24,m2,花水湾半山温泉民宿,花水湾镇,美团,14:00,8,872
2026-10-24,m2,花水湾半山温泉民宿,花水湾镇,去哪儿,14:00,7,904
2026-10-24,m2,花水湾半山温泉民宿,花水湾镇,同程,14:00,7,907
2026-10-24,m2,花水湾半山温泉民宿,花水湾镇,携程,20:00,3,976
2026-10-24,m2,花水湾半山温泉民宿,花水湾镇,美团,20:00,3,947
2026-10-24,m2,花水湾半山温泉民宿,花水湾镇,去哪儿,20:00,3,953
2026-10-24,m2,花水湾半山温泉民宿,花水湾镇,同程,20:00,4,959
2026-10-25,m2,花水湾半山温泉民宿,花水湾镇,携程,00:00,16,748
2026-10-25,m2,花水湾半山温泉民宿,花水湾镇,美团,00:00,17,704
2026-10-25,m2,花水湾半山温泉民宿,花水湾镇,去哪儿,00:00,16,723
2026-10-25,m2,花水湾半山温泉民宿,花水湾镇,同程,00:00,16,715
2026-10-25,m2,花水湾半山温泉民宿,花水湾镇,携程,08:00,16,744
2026-10-25,m2,花水湾半山温泉民宿,花水湾镇,美团,08:00,16,705
2026-10-25,m2,花水湾半山温泉民宿,花水湾镇,去哪儿,08:00,16,725
2026-10-25,m2,花水湾半山温泉民宿,花水湾镇,同程,08:00,16,710
2026-10-25,m2,花水湾半山温泉民宿,花水湾镇,携程,14:00,12,800
2026-10-25,m2,花水湾半山温泉民宿,花水湾镇,美团,14:00,13,776
2026-10-25,m2,花水湾半山温泉民宿,花水湾镇,去哪儿,14:00,12,798
2026-10-25,m2,花水湾半山温泉民宿,花水湾镇,同程,14:00,12,785
2026-10-25,m2,花水湾半山温泉民宿,花水湾镇,携程,20:00,2,1020
2026-10-25,m2,花水湾半山温泉民宿,花水湾镇,美团,20:00,3,970
2026-10-25,m2,花水湾半山温泉民宿,花水湾镇,去哪儿,20:00,2,971
2026-10-25,m2,花水湾半山温泉民宿,花水湾镇,同程,20:00,3,988
2026-10-26,m2,花水湾半山温泉民宿,花水湾镇,携程,00:00,17,557
2026-10-26,m2,花水湾半山温泉民宿,花水湾镇,美团,00:00,17,543
2026-10-26,m2,花水湾半山温泉民宿,花水湾镇,去哪儿,00:00,16,563
2026-10-26,m2,花水湾半山温泉民宿,花水湾镇,同程,00:00,17,561
2026-10-26,m2,花水湾半山温泉民宿,花水湾镇,携程,08:00,16,573
2026-10-26,m2,花水湾半山温泉民宿,花水湾镇,美团,08:00,15,559
2026-10-26,m2,花水湾半山温泉民宿,花水湾镇,去哪儿,08:00,15,563
2026-10-26,m2,花水湾半山温泉民宿,花水湾镇,同程,08:00,15,577
2026-10-26,m2,花水湾半山温泉民宿,花水湾镇,携程,14:00,10,665
2026-10-26,m2,花水湾半山温泉民宿,花水湾镇,美团,14:00,11,632
2026-10-26,m2,花水湾半山温泉民宿,花水湾镇,去哪儿,14:00,10,636
2026-10-26,m2,花水湾半山温泉民宿,花水湾镇,同程,14:00,10,637
2026-10-26,m2,花水湾半山温泉民宿,花水湾镇,携程,20:00,5,722
2026-10-26,m2,花水湾半山温泉民宿,花水湾镇,美团,20:00,6,701
2026-10-26,m2,花水湾半山温泉民宿,花水湾镇,去哪儿,20:00,5,727
2026-10-26,m2,花水湾半山温泉民宿,花水湾镇,同程,20:00,5,701
2026-10-27,m2,花水湾半山温泉民宿,花水湾镇,携程,00:00,14,608
2026-10-27,m2,花水湾半山温泉民宿,花水湾镇,美团,00:00,14,571
2026-10-27,m2,花水湾半山温泉民宿,花水湾镇,去哪儿,00:00,14,588
2026-10-27,m2,花水湾半山温泉民宿,花水湾镇,同程,00:00,14,593
2026-10-27,m2,花水湾半山温泉民宿,花水湾镇,携程,08:00,14,595
2026-10-27,m2,花水湾半山温泉民宿,花水湾镇,美团,08:00,15,586
2026-10-27,m2,花水湾半山温泉民宿,花水湾镇,去哪儿,08:00,14,592
2026-10-27,m2,花水湾半山温泉民宿,花水湾镇,同程,08:00,15,577
2026-10-27,m2,花水湾半山温泉民宿,花水湾镇,携程,14:00,14,621
2026-10-27,m2,花水湾半山温泉民宿,花水湾镇,美团,14:00,13,584
2026-10-27,m2,花水湾半山温泉民宿,花水湾镇,去哪儿,14:00,13,588
2026-10-27,m2,花水湾半山温泉民宿,花水湾镇,同程,14:00,13,603
2026-10-27,m2,花水湾半山温泉民宿,花水湾镇,携程,20:00,6,728
2026-10-27,m2,花水湾半山温泉民宿,花水湾镇,美团,20:00,6,696
2026-10-27,m2,花水湾半山温泉民宿,花水湾镇,去哪儿,20:00,6,711
2026-10-27,m2,花水湾半山温泉民宿,花水湾镇,同程,20:00,6,713
2026-10-28,m2,花水湾半山温泉民宿,花水湾镇,携程,00:00,17,569
2026-10-28,m2,花水湾半山温泉民宿,花水湾镇,美团,00:00,16,543
2026-10-28,m2,花水湾半山温泉民宿,花水湾镇,去哪儿,00:00,16,546
2026-10-28,m2,花水湾半山温泉民宿,花水湾镇,同程,00:00,16,562
2026-10-28,m2,花水湾半山温泉民宿,花水湾镇,携程,08:00,14,607
2026-10-28,m2,花水湾半山温泉民宿,花水湾镇,美团,08:00,14,586
2026-10-28,m2,花水湾半山温泉民宿,花水湾镇,去哪儿,08:00,14,596
2026-10-28,m2,花水湾半山温泉民宿,花水湾镇,同程,08:00,14,588
2026-10-28,m2,花水湾半山温泉民宿,花水湾镇,携程,14:00,13,615
2026-10-28,m2,花水湾半山温泉民宿,花水湾镇,美团,14:00,14,593
2026-10-28,m2,花水湾半山温泉民宿,花水湾镇,去哪儿,14:00,13,603
2026-10-28,m2,花水湾半山温泉民宿,花水湾镇,同程,14:00,13,595
2026-10-28,m2,花水湾半山温泉民宿,花水湾镇,携程,20:00,8,692
2026-10-28,m2,花水湾半山温泉民宿,花水湾镇,美团,20:00,8,651
2026-10-28,m2,花水湾半山温泉民宿,花水湾镇,去哪儿,20:00,8,676
2026-10-28,m2,花水湾半山温泉民宿,花水湾镇,同程,20:00,9,669
2026-10-29,m2,花水湾半山温泉民宿,花水湾镇,携程,00:00,16,570
2026-10-29,m2,花水湾半山温泉民宿,花水湾镇,美团,00:00,17,543
2026-10-29,m2,花水湾半山温泉民宿,花水湾镇,去哪儿,00:00,16,546
2026-10-29,m2,花水湾半山温泉民宿,花水湾镇,同程,00:00,17,564
2026-10-29,m2,花水湾半山温泉民宿,花水湾镇,携程,08:00,15,582
2026-10-29,m2,花水湾半山温泉民宿,花水湾镇,美团,08:00,15,569
2026-10-29,m2,花水湾半山温泉民宿,花水湾镇,去哪儿,08:00,15,580
2026-10-29,m2,花水湾半山温泉民宿,花水湾镇,同程,08:00,16,560
2026-10-29,m2,花水湾半山温泉民宿,花水湾镇,携程,14:00,13,615
2026-10-29,m2,花水湾半山温泉民宿,花水湾镇,美团,14:00,13,599
2026-10-29,m2,花水湾半山温泉民宿,花水湾镇,去哪儿,14:00,13,603
2026-10-29,m2,花水湾半山温泉民宿,花水湾镇,同程,14:00,13,593
2026-10-29,m2,花水湾半山温泉民宿,花水湾镇,携程,20:00,5,739
2026-10-29,m2,花水湾半山温泉民宿,花水湾镇,美团,20:00,5,711
2026-10-29,m2,花水湾半山温泉民宿,花水湾镇,去哪儿,20:00,5,713
2026-10-29,m2,花水湾半山温泉民宿,花水湾镇,同程,20:00,5,712
2026-10-30,m2,花水湾半山温泉民宿,花水湾镇,携程,00:00,16,570
2026-10-30,m2,花水湾半山温泉民宿,花水湾镇,美团,00:00,16,542
2026-10-30,m2,花水湾半山温泉民宿,花水湾镇,去哪儿,00:00,16,557
2026-10-30,m2,花水湾半山温泉民宿,花水湾镇,同程,00:00,17,560
2026-10-30,m2,花水湾半山温泉民宿,花水湾镇,携程,08:00,14,602
2026-10-30,m2,花水湾半山温泉民宿,花水湾镇,美团,08:00,15,576
2026-10-30,m2,花水湾半山温泉民宿,花水湾镇,去哪儿,08:00,14,589
2026-10-30,m2,花水湾半山温泉民宿,花水湾镇,同程,08:00,15,591
2026-10-30,m2,花水湾半山温泉民宿,花水湾镇,携程,14:00,8,689
2026-10-30,m2,花水湾半山温泉民宿,花水湾镇,美团,14:00,8,667
2026-10-30,m2,花水湾半山温泉民宿,花水湾镇,去哪儿,14:00,8,672
2026-10-30,m2,花水湾半山温泉民宿,花水湾镇,同程,14:00,8,681
2026-10-30,m2,花水湾半山温泉民宿,花水湾镇,携程,20:00,4,757
2026-10-30,m2,花水湾半山温泉民宿,花水湾镇,美团,20:00,4,737
2026-10-30,m2,花水湾半山温泉民宿,花水湾镇,去哪儿,20:00,3,730
2026-10-30,m2,花水湾半山温泉民宿,花水湾镇,同程,20:00,4,749
2026-10-31,m2,花水湾半山温泉民宿,花水湾镇,携程,00:00,14,787
2026-10-31,m2,花水湾半山温泉民宿,花水湾镇,美团,00:00,14,766
2026-10-31,m2,花水湾半山温泉民宿,花水湾镇,去哪儿,00:00,14,771
2026-10-31,m2,花水湾半山温泉民宿,花水湾镇,同程,00:00,15,760
2026-10-31,m2,花水湾半山温泉民宿,花水湾镇,携程,08:00,14,770
2026-10-31,m2,花水湾半山温泉民宿,花水湾镇,美团,08:00,15,765
2026-10-31,m2,花水湾半山温泉民宿,花水湾镇,去哪儿,08:00,14,767
2026-10-31,m2,花水湾半山温泉民宿,花水湾镇,同程,08:00,15,755
2026-10-31,m2,花水湾半山温泉民宿,花水湾镇,携程,14:00,11,836
2026-10-31,m2,花水湾半山温泉民宿,花水湾镇,美团,14:00,12,800
2026-10-31,m2,花水湾半山温泉民宿,花水湾镇,去哪儿,14:00,11,805
2026-10-31,m2,花水湾半山温泉民宿,花水湾镇,同程,14:00,11,801
2026-10-31,m2,花水湾半山温泉民宿,花水湾镇,携程,20:00,4,972
2026-10-31,m2,花水湾半山温泉民宿,花水湾镇,美团,20:00,5,934
2026-10-31,m2,花水湾半山温泉民宿,花水湾镇,去哪儿,20:00,4,964
2026-10-31,m2,花水湾半山温泉民宿,花水湾镇,同程,20:00,4,947
2026-10-01,m3,花水湾溪边客栈,花水湾镇,携程,00:00,26,395
2026-10-01,m3,花水湾溪边客栈,花水湾镇,美团,00:00,25,389
2026-10-01,m3,花水湾溪边客栈,花水湾镇,飞猪,00:00,25,389
2026-10-01,m3,花水湾溪边客栈,花水湾镇,去哪儿,00:00,25,390
2026-10-01,m3,花水湾溪边客栈,花水湾镇,携程,08:00,24,405
2026-10-01,m3,花水湾溪边客栈,花水湾镇,美团,08:00,24,387
2026-10-01,m3,花水湾溪边客栈,花水湾镇,飞猪,08:00,24,397
2026-10-01,m3,花水湾溪边客栈,花水湾镇,去哪儿,08:00,24,388
2026-10-01,m3,花水湾溪边客栈,花水湾镇,携程,14:00,14,449
2026-10-01,m3,花水湾溪边客栈,花水湾镇,美团,14:00,15,427
2026-10-01,m3,花水湾溪边客栈,花水湾镇,飞猪,14:00,14,449
2026-10-01,m3,花水湾溪边客栈,花水湾镇,去哪儿,14:00,14,445
2026-10-01,m3,花水湾溪边客栈,花水湾镇,携程,20:00,1,517
2026-10-01,m3,花水湾溪边客栈,花水湾镇,美团,20:00,2,493
2026-10-01,m3,花水湾溪边客栈,花水湾镇,飞猪,20:00,2,496
2026-10-01,m3,花水湾溪边客栈,花水湾镇,去哪儿,20:00,1,494
2026-10-02,m3,花水湾溪边客栈,花水湾镇,携程,00:00,28,384
2026-10-02,m3,花水湾溪边客栈,花水湾镇,美团,00:00,28,365
2026-10-02,m3,花水湾溪边客栈,花水湾镇,飞猪,00:00,28,381
2026-10-02,m3,花水湾溪边客栈,花水湾镇,去哪儿,00:00,28,379
2026-10-02,m3,花水湾溪边客栈,花水湾镇,携程,08:00,26,391
2026-10-02,m3,花水湾溪边客栈,花水湾镇,美团,08:00,25,385
2026-10-02,m3,花水湾溪边客栈,花水湾镇,飞猪,08:00,25,394
2026-10-02,m3,花水湾溪边客栈,花水湾镇,去哪儿,08:00,25,394
2026-10-02,m3,花水湾溪边客栈,花水湾镇,携程,14:00,16,447
2026-10-02,m3,花水湾溪边客栈,花水湾镇,美团,14:00,16,418
2026-10-02,m3,花水湾溪边客栈,花水湾镇,飞猪,14:00,16,433
2026-10-02,m3,花水湾溪边客栈,花水湾镇,去哪儿,14:00,16,437
2026-10-02,m3,花水湾溪边客栈,花水湾镇,携程,20:00,6,478
2026-10-02,m3,花水湾溪边客栈,花水湾镇,美团,20:00,7,467
2026-10-02,m3,花水湾溪边客栈,花水湾镇,飞猪,20:00,6,472
2026-10-02,m3,花水湾溪边客栈,花水湾镇,去哪儿,20:00,6,476
2026-10-03,m3,花水湾溪边客栈,花水湾镇,携程,00:00,29,377
2026-10-03,m3,花水湾溪边客栈,花水湾镇,美团,00:00,30,363
2026-10-03,m3,花水湾溪边客栈,花水湾镇,飞猪,00:00,29,370
2026-10-03,m3,花水湾溪边客栈,花水湾镇,去哪儿,00:00,29,376
2026-10-03,m3,花水湾溪边客栈,花水湾镇,携程,08:00,27,389
2026-10-03,m3,花水湾溪边客栈,花水湾镇,美团,08:00,27,372
2026-10-03,m3,花水湾溪边客栈,花水湾镇,飞猪,08:00,27,375
2026-10-03,m3,花水湾溪边客栈,花水湾镇,去哪儿,08:00,27,384
2026-10-03,m3,花水湾溪边客栈,花水湾镇,携程,14:00,19,429
2026-10-03,m3,花水湾溪边客栈,花水湾镇,美团,14:00,19,419
2026-10-03,m3,花水湾溪边客栈,花水湾镇,飞猪,14:00,19,421
2026-10-03,m3,花水湾溪边客栈,花水湾镇,去哪儿,14:00,19,412
2026-10-03,m3,花水湾溪边客栈,花水湾镇,携程,20:00,4,505
2026-10-03,m3,花水湾溪边客栈,花水湾镇,美团,20:00,3,492
2026-10-03,m3,花水湾溪边客栈,花水湾镇,飞猪,20:00,3,503
2026-10-03,m3,花水湾溪边客栈,花水湾镇,去哪儿,20:00,3,491
2026-10-04,m3,花水湾溪边客栈,花水湾镇,携程,00:00,28,393
2026-10-04,m3,花水湾溪边客栈,花水湾镇,美团,00:00,28,383
2026-10-04,m3,花水湾溪边客栈,花水湾镇,飞猪,00:00,28,381
2026-10-04,m3,花水湾溪边客栈,花水湾镇,去哪儿,00:00,27,375
2026-10-04,m3,花水湾溪边客栈,花水湾镇,携程,08:00,26,399
2026-10-04,m3,花水湾溪边客栈,花水湾镇,美团,08:00,25,391
2026-10-04,m3,花水湾溪边客栈,花水湾镇,飞猪,08:00,25,390
2026-10-04,m3,花水湾溪边客栈,花水湾镇,去哪儿,08:00,25,396
2026-10-04,m3,花水湾溪边客栈,花水湾镇,携程,14:00,15,434
2026-10-04,m3,花水湾溪边客栈,花水湾镇,美团,14:00,15,434
2026-10-04,m3,花水湾溪边客栈,花水湾镇,飞猪,14:00,15,437
2026-10-04,m3,花水湾溪边客栈,花水湾镇,去哪儿,14:00,15,433
2026-10-04,m3,花水湾溪边客栈,花水湾镇,携程,20:00,4,497
2026-10-04,m3,花水湾溪边客栈,花水湾镇,美团,20:00,5,488
2026-10-04,m3,花水湾溪边客栈,花水湾镇,飞猪,20:00,4,489
2026-10-04,m3,花水湾溪边客栈,花水湾镇,去哪儿,20:00,4,491
2026-10-05,m3,花水湾溪边客栈,花水湾镇,携程,00:00,31,373
2026-10-05,m3,花水湾溪边客栈,花水湾镇,美团,00:00,32,361
2026-10-05,m3,花水湾溪边客栈,花水湾镇,飞猪,00:00,32,364
2026-10-05,m3,花水湾溪边客栈,花水湾镇,去哪儿,00:00,31,355
2026-10-05,m3,花水湾溪边客栈,花水湾镇,携程,08:00,30,376
2026-10-05,m3,花水湾溪边客栈,花水湾镇,美团,08:00,29,371
2026-10-05,m3,花水湾溪边客栈,花水湾镇,飞猪,08:00,29,371
2026-10-05,m3,花水湾溪边客栈,花水湾镇,去哪儿,08:00,29,371
2026-10-05,m3,花水湾溪边客栈,花水湾镇,携程,14:00,23,410
2026-10-05,m3,花水湾溪边客栈,花水湾镇,美团,14:00,24,391
2026-10-05,m3,花水湾溪边客栈,花水湾镇,飞猪,14:00,23,407
2026-10-05,m3,花水湾溪边客栈,花水湾镇,去哪儿,14:00,23,397
2026-10-05,m3,花水湾溪边客栈,花水湾镇,携程,20:00,7,481
2026-10-05,m3,花水湾溪边客栈,花水湾镇,美团,20:00,6,465
2026-10-05,m3,花水湾溪边客栈,花水湾镇,飞猪,20:00,6,477
2026-10-05,m3,花水湾溪边客栈,花水湾镇,去哪儿,20:00,6,472
2026-10-06,m3,花水湾溪边客栈,花水湾镇,携程,00:00,26,386
2026-10-06,m3,花水湾溪边客栈,花水湾镇,美团,00:00,27,380
2026-10-06,m3,花水湾溪边客栈,花水湾镇,飞猪,00:00,26,393
2026-10-06,m3,花水湾溪边客栈,花水湾镇,去哪儿,00:00,26,387
2026-10-06,m3,花水湾溪边客栈,花水湾镇,携程,08:00,26,384
2026-10-06,m3,花水湾溪边客栈,花水湾镇,美团,08:00,27,378
2026-10-06,m3,花水湾溪边客栈,花水湾镇,飞猪,08:00,27,393
2026-10-06,m3,花水湾溪边客栈,花水湾镇,去哪儿,08:00,26,378
2026-10-06,m3,花水湾溪边客栈,花水湾镇,携程,14:00,22,408
2026-10-06,m3,花水湾溪边客栈,花水湾镇,美团,14:00,22,398
2026-10-06,m3,花水湾溪边客栈,花水湾镇,飞猪,14:00,22,411
2026-10-06,m3,花水湾溪边客栈,花水湾镇,去哪儿,14:00,22,408
2026-10-06,m3,花水湾溪边客栈,花水湾镇,携程,20:00,0,509
2026-10-06,m3,花水湾溪边客栈,花水湾镇,美团,20:00,1,489
2026-10-06,m3,花水湾溪边客栈,花水湾镇,飞猪,20:00,0,503
2026-10-06,m3,花水湾溪边客栈,花水湾镇,去哪儿,20:00,0,498
2026-10-07,m3,花水湾溪边客栈,花水湾镇,携程,00:00,26,390
2026-10-07,m3,花水湾溪边客栈,花水湾镇,美团,00:00,26,375
2026-10-07,m3,花水湾溪边客栈,花水湾镇,飞猪,00:00,27,381
2026-10-07,m3,花水湾溪边客栈,花水湾镇,去哪儿,00:00,26,387
2026-10-07,m3,花水湾溪边客栈,花水湾镇,携程,08:00,25,400
2026-10-07,m3,花水湾溪边客栈,花水湾镇,美团,08:00,25,383
2026-10-07,m3,花水湾溪边客栈,花水湾镇,飞猪,08:00,26,399
2026-10-07,m3,花水湾溪边客栈,花水湾镇,去哪儿,08:00,25,396
2026-10-07,m3,花水湾溪边客栈,花水湾镇,携程,14:00,19,429
2026-10-07,m3,花水湾溪边客栈,花水湾镇,美团,14:00,19,415
2026-10-07,m3,花水湾溪边客栈,花水湾镇,飞猪,14:00,19,420
2026-10-07,m3,花水湾溪边客栈,花水湾镇,去哪儿,14:00,19,415
2026-10-07,m3,花水湾溪边客栈,花水湾镇,携程,20:00,4,487
2026-10-07,m3,花水湾溪边客栈,花水湾镇,美团,20:00,5,487
2026-10-07,m3,花水湾溪边客栈,花水湾镇,飞猪,20:00,4,480
2026-10-07,m3,花水湾溪边客栈,花水湾镇,去哪儿,20:00,4,493
2026-10-08,m3,花水湾溪边客栈,花水湾镇,携程,00:00,28,375
2026-10-08,m3,花水湾溪边客栈,花水湾镇,美团,00:00,28,378
2026-10-08,m3,花水湾溪边客栈,花水湾镇,飞猪,00:00,29,381
2026-10-08,m3,花水湾溪边客栈,花水湾镇,去哪儿,00:00,28,381
2026-10-08,m3,花水湾溪边客栈,花水湾镇,携程,08:00,26,395
2026-10-08,m3,花水湾溪边客栈,花水湾镇,美团,08:00,26,378
2026-10-08,m3,花水湾溪边客栈,花水湾镇,飞猪,08:00,26,389
2026-10-08,m3,花水湾溪边客栈,花水湾镇,去哪儿,08:00,26,382
2026-10-08,m3,花水湾溪边客栈,花水湾镇,携程,14:00,19,418
2026-10-08,m3,花水湾溪边客栈,花水湾镇,美团,14:00,19,410
2026-10-08,m3,花水湾溪边客栈,花水湾镇,飞猪,14:00,19,415
2026-10-08,m3,花水湾溪边客栈,花水湾镇,去哪儿,14:00,19,414
2026-10-08,m3,花水湾溪边客栈,花水湾镇,携程,20:00,5,486
2026-10-08,m3,花水湾溪边客栈,花水湾镇,美团,20:00,6,478
2026-10-08,m3,花水湾溪边客栈,花水湾镇,飞猪,20:00,5,492
2026-10-08,m3,花水湾溪边客栈,花水湾镇,去哪儿,20:00,5,489
2026-10-09,m3,花水湾溪边客栈,花水湾镇,携程,00:00,32,181
2026-10-09,m3,花水湾溪边客栈,花水湾镇,美团,00:00,33,178
2026-10-09,m3,花水湾溪边客栈,花水湾镇,飞猪,00:00,33,176
2026-10-09,m3,花水湾溪边客栈,花水湾镇,去哪儿,00:00,32,178
2026-10-09,m3,花水湾溪边客栈,花水湾镇,携程,08:00,31,187
2026-10-09,m3,花水湾溪边客栈,花水湾镇,美团,08:00,32,179
2026-10-09,m3,花水湾溪边客栈,花水湾镇,飞猪,08:00,31,186
2026-10-09,m3,花水湾溪边客栈,花水湾镇,去哪儿,08:00,31,184
2026-10-09,m3,花水湾溪边客栈,花水湾镇,携程,14:00,29,191
2026-10-09,m3,花水湾溪边客栈,花水湾镇,美团,14:00,29,188
2026-10-09,m3,花水湾溪边客栈,花水湾镇,飞猪,14:00,28,190
2026-10-09,m3,花水湾溪边客栈,花水湾镇,去哪儿,14:00,28,186
2026-10-09,m3,花水湾溪边客栈,花水湾镇,携程,20:00,19,209
2026-10-09,m3,花水湾溪边客栈,花水湾镇,美团,20:00,19,207
2026-10-09,m3,花水湾溪边客栈,花水湾镇,飞猪,20:00,20,210
2026-10-09,m3,花水湾溪边客栈,花水湾镇,去哪儿,20:00,19,210
2026-10-10,m3,花水湾溪边客栈,花水湾镇,携程,00:00,28,250
2026-10-10,m3,花水湾溪边客栈,花水湾镇,美团,00:00,29,239
2026-10-10,m3,花水湾溪边客栈,花水湾镇,飞猪,00:00,29,247
2026-10-10,m3,花水湾溪边客栈,花水湾镇,去哪儿,00:00,28,245
2026-10-10,m3,花水湾溪边客栈,花水湾镇,携程,08:00,28,251
2026-10-10,m3,花水湾溪边客栈,花水湾镇,美团,08:00,28,242
2026-10-10,m3,花水湾溪边客栈,花水湾镇,飞猪,08:00,28,245
2026-10-10,m3,花水湾溪边客栈,花水湾镇,去哪儿,08:00,28,239
2026-10-10,m3,花水湾溪边客栈,花水湾镇,携程,14:00,17,284
2026-10-10,m3,花水湾溪边客栈,花水湾镇,美团,14:00,18,271
2026-10-10,m3,花水湾溪边客栈,花水湾镇,飞猪,14:00,18,280
2026-10-10,m3,花水湾溪边客栈,花水湾镇,去哪儿,14:00,17,281
2026-10-10,m3,花水湾溪边客栈,花水湾镇,携程,20:00,8,309
2026-10-10,m3,花水湾溪边客栈,花水湾镇,美团,20:00,7,304
2026-10-10,m3,花水湾溪边客栈,花水湾镇,飞猪,20:00,8,308
2026-10-10,m3,花水湾溪边客栈,花水湾镇,去哪儿,20:00,7,307
2026-10-11,m3,花水湾溪边客栈,花水湾镇,携程,00:00,27,253
2026-10-11,m3,花水湾溪边客栈,花水湾镇,美团,00:00,28,247
2026-10-11,m3,花水湾溪边客栈,花水湾镇,飞猪,00:00,27,248
2026-10-11,m3,花水湾溪边客栈,花水湾镇,去哪儿,00:00,27,244
2026-10-11,m3,花水湾溪边客栈,花水湾镇,携程,08:00,25,260
2026-10-11,m3,花水湾溪边客栈,花水湾镇,美团,08:00,25,251
2026-10-11,m3,花水湾溪边客栈,花水湾镇,飞猪,08:00,26,255
2026-10-11,m3,花水湾溪边客栈,花水湾镇,去哪儿,08:00,25,252
2026-10-11,m3,花水湾溪边客栈,花水湾镇,携程,14:00,17,278
2026-10-11,m3,花水湾溪边客栈,花水湾镇,美团,14:00,17,278
2026-10-11,m3,花水湾溪边客栈,花水湾镇,飞猪,14:00,18,282
2026-10-11,m3,花水湾溪边客栈,花水湾镇,去哪儿,14:00,17,278
2026-10-11,m3,花水湾溪边客栈,花水湾镇,携程,20:00,1,331
2026-10-11,m3,花水湾溪边客栈,花水湾镇,美团,20:00,2,324
2026-10-11,m3,花水湾溪边客栈,花水湾镇,飞猪,20:00,2,327
2026-10-11,m3,花水湾溪边客栈,花水湾镇,去哪儿,20:00,1,325
2026-10-12,m3,花水湾溪边客栈,花水湾镇,携程,00:00,31,188
2026-10-12,m3,花水湾溪边客栈,花水湾镇,美团,00:00,30,181
2026-10-12,m3,花水湾溪边客栈,花水湾镇,飞猪,00:00,30,188
2026-10-12,m3,花水湾溪边客栈,花水湾镇,去哪儿,00:00,30,184
2026-10-12,m3,花水湾溪边客栈,花水湾镇,携程,08:00,29,192
2026-10-12,m3,花水湾溪边客栈,花水湾镇,美团,08:00,30,186
2026-10-12,m3,花水湾溪边客栈,花水湾镇,飞猪,08:00,30,185
2026-10-12,m3,花水湾溪边客栈,花水湾镇,去哪儿,08:00,29,187
2026-10-12,m3,花水湾溪边客栈,花水湾镇,携程,14:00,20,211
2026-10-12,m3,花水湾溪边客栈,花水湾镇,美团,14:00,21,202
2026-10-12,m3,花水湾溪边客栈,花水湾镇,飞猪,14:00,21,204
2026-10-12,m3,花水湾溪边客栈,花水湾镇,去哪儿,14:00,20,204
2026-10-12,m3,花水湾溪边客栈,花水湾镇,携程,20:00,12,226
2026-10-12,m3,花水湾溪边客栈,花水湾镇,美团,20:00,13,219
2026-10-12,m3,花水湾溪边客栈,花水湾镇,飞猪,20:00,12,224
2026-10-12,m3,花水湾溪边客栈,花水湾镇,去哪儿,20:00,12,225
2026-10-13,m3,花水湾溪边客栈,花水湾镇,携程,00:00,34,178
2026-10-13,m3,花水湾溪边客栈,花水湾镇,美团,00:00,34,172
2026-10-13,m3,花水湾溪边客栈,花水湾镇,飞猪,00:00,33,176
2026-10-13,m3,花水湾溪边客栈,花水湾镇,去哪儿,00:00,33,174
2026-10-13,m3,花水湾溪边客栈,花水湾镇,携程,08:00,31,188
2026-10-13,m3,花水湾溪边客栈,花水湾镇,美团,08:00,32,181
2026-10-13,m3,花水湾溪边客栈,花水湾镇,飞猪,08:00,31,181
2026-10-13,m3,花水湾溪边客栈,花水湾镇,去哪儿,08:00,31,182
2026-10-13,m3,花水湾溪边客栈,花水湾镇,携程,14:00,26,197
2026-10-13,m3,花水湾溪边客栈,花水湾镇,美团,14:00,26,187
2026-10-13,m3,花水湾溪边客栈,花水湾镇,飞猪,14:00,26,195
2026-10-13,m3,花水湾溪边客栈,花水湾镇,去哪儿,14:00,26,194
2026-10-13,m3,花水湾溪边客栈,花水湾镇,携程,20:00,17,216
2026-10-13,m3,花水湾溪边客栈,花水湾镇,美团,20:00,17,214
2026-10-13,m3,花水湾溪边客栈,花水湾镇,飞猪,20:00,18,213
2026-10-13,m3,花水湾溪边客栈,花水湾镇,去哪儿,20:00,17,210
2026-10-14,m3,花水湾溪边客栈,花水湾镇,携程,00:00,29,188
2026-10-14,m3,花水湾溪边客栈,花水湾镇,美团,00:00,29,182
2026-10-14,m3,花水湾溪边客栈,花水湾镇,飞猪,00:00,28,192
2026-10-14,m3,花水湾溪边客栈,花水湾镇,去哪儿,00:00,28,189
2026-10-14,m3,花水湾溪边客栈,花水湾镇,携程,08:00,27,195
2026-10-14,m3,花水湾溪边客栈,花水湾镇,美团,08:00,26,192
2026-10-14,m3,花水湾溪边客栈,花水湾镇,飞猪,08:00,26,193
2026-10-14,m3,花水湾溪边客栈,花水湾镇,去哪儿,08:00,26,190
2026-10-14,m3,花水湾溪边客栈,花水湾镇,携程,14:00,17,218
2026-10-14,m3,花水湾溪边客栈,花水湾镇,美团,14:00,17,214
2026-10-14,m3,花水湾溪边客栈,花水湾镇,飞猪,14:00,17,214
2026-10-14,m3,花水湾溪边客栈,花水湾镇,去哪儿,14:00,17,216
2026-10-14,m3,花水湾溪边客栈,花水湾镇,携程,20:00,12,235
2026-10-14,m3,花水湾溪边客栈,花水湾镇,美团,20:00,12,223
2026-10-14,m3,花水湾溪边客栈,花水湾镇,飞猪,20:00,11,227
2026-10-14,m3,花水湾溪边客栈,花水湾镇,去哪儿,20:00,11,229
2026-10-15,m3,花水湾溪边客栈,花水湾镇,携程,00:00,30,187
2026-10-15,m3,花水湾溪边客栈,花水湾镇,美团,00:00,31,183
2026-10-15,m3,花水湾溪边客栈,花水湾镇,飞猪,00:00,30,183
2026-10-15,m3,花水湾溪边客栈,花水湾镇,去哪儿,00:00,30,181
2026-10-15,m3,花水湾溪边客栈,花水湾镇,携程,08:00,28,194
2026-10-15,m3,花水湾溪边客栈,花水湾镇,美团,08:00,28,186
2026-10-15,m3,花水湾溪边客栈,花水湾镇,飞猪,08:00,29,186
2026-10-15,m3,花水湾溪边客栈,花水湾镇,去哪儿,08:00,28,189
2026-10-15,m3,花水湾溪边客栈,花水湾镇,携程,14:00,25,199
2026-10-15,m3,花水湾溪边客栈,花水湾镇,美团,14:00,26,190
2026-10-15,m3,花水湾溪边客栈,花水湾镇,飞猪,14:00,25,194
2026-10-15,m3,花水湾溪边客栈,花水湾镇,去哪儿,14:00,25,193
2026-10-15,m3,花水湾溪边客栈,花水湾镇,携程,20:00,10,233
2026-10-15,m3,花水湾溪边客栈,花水湾镇,美团,20:00,10,226
2026-10-15,m3,花水湾溪边客栈,花水湾镇,飞猪,20:00,10,231
2026-10-15,m3,花水湾溪边客栈,花水湾镇,去哪儿,20:00,10,225
2026-10-16,m3,花水湾溪边客栈,花水湾镇,携程,00:00,30,185
2026-10-16,m3,花水湾溪边客栈,花水湾镇,美团,00:00,31,181
2026-10-16,m3,花水湾溪边客栈,花水湾镇,飞猪,00:00,30,182
2026-10-16,m3,花水湾溪边客栈,花水湾镇,去哪儿,00:00,30,183
2026-10-16,m3,花水湾溪边客栈,花水湾镇,携程,08:00,28,195
2026-10-16,m3,花水湾溪边客栈,花水湾镇,美团,08:00,28,185
2026-10-16,m3,花水湾溪边客栈,花水湾镇,飞猪,08:00,28,189
2026-10-16,m3,花水湾溪边客栈,花水湾镇,去哪儿,08:00,28,190
2026-10-16,m3,花水湾溪边客栈,花水湾镇,携程,14:00,26,197
2026-10-16,m3,花水湾溪边客栈,花水湾镇,美团,14:00,27,193
2026-10-16,m3,花水湾溪边客栈,花水湾镇,飞猪,14:00,26,192
2026-10-16,m3,花水湾溪边客栈,花水湾镇,去哪儿,14:00,26,193
2026-10-16,m3,花水湾溪边客栈,花水湾镇,携程,20:00,18,216
2026-10-16,m3,花水湾溪边客栈,花水湾镇,美团,20:00,18,210
2026-10-16,m3,花水湾溪边客栈,花水湾镇,飞猪,20:00,18,216
2026-10-16,m3,花水湾溪边客栈,花水湾镇,去哪儿,20:00,17,214
2026-10-17,m3,花水湾溪边客栈,花水湾镇,携程,00:00,31,242
2026-10-17,m3,花水湾溪边客栈,花水湾镇,美团,00:00,31,235
2026-10-17,m3,花水湾溪边客栈,花水湾镇,飞猪,00:00,31,235
2026-10-17,m3,花水湾溪边客栈,花水湾镇,去哪儿,00:00,31,236
2026-10-17,m3,花水湾溪边客栈,花水湾镇,携程,08:00,31,242
2026-10-17,m3,花水湾溪边客栈,花水湾镇,美团,08:00,32,233
2026-10-17,m3,花水湾溪边客栈,花水湾镇,飞猪,08:00,31,236
2026-10-17,m3,花水湾溪边客栈,花水湾镇,去哪儿,08:00,31,234
2026-10-17,m3,花水湾溪边客栈,花水湾镇,携程,14:00,22,269
2026-10-17,m3,花水湾溪边客栈,花水湾镇,美团,14:00,22,262
2026-10-17,m3,花水湾溪边客栈,花水湾镇,飞猪,14:00,22,266
2026-10-17,m3,花水湾溪边客栈,花水湾镇,去哪儿,14:00,22,258
2026-10-17,m3,花水湾溪边客栈,花水湾镇,携程,20:00,8,311
2026-10-17,m3,花水湾溪边客栈,花水湾镇,美团,20:00,7,297
2026-10-17,m3,花水湾溪边客栈,花水湾镇,飞猪,20:00,8,311
2026-10-17,m3,花水湾溪边客栈,花水湾镇,去哪儿,20:00,7,309
2026-10-18,m3,花水湾溪边客栈,花水湾镇,携程,00:00,29,244
2026-10-18,m3,花水湾溪边客栈,花水湾镇,美团,00:00,28,236
2026-10-18,m3,花水湾溪边客栈,花水湾镇,飞猪,00:00,28,248
2026-10-18,m3,花水湾溪边客栈,花水湾镇,去哪儿,00:00,28,247
2026-10-18,m3,花水湾溪边客栈,花水湾镇,携程,08:00,26,256
2026-10-18,m3,花水湾溪边客栈,花水湾镇,美团,08:00,25,251
2026-10-18,m3,花水湾溪边客栈,花水湾镇,飞猪,08:00,25,255
2026-10-18,m3,花水湾溪边客栈,花水湾镇,去哪儿,08:00,25,256
2026-10-18,m3,花水湾溪边客栈,花水湾镇,携程,14:00,18,280
2026-10-18,m3,花水湾溪边客栈,花水湾镇,美团,14:00,18,277
2026-10-18,m3,花水湾溪边客栈,花水湾镇,飞猪,14:00,17,278
2026-10-18,m3,花水湾溪边客栈,花水湾镇,去哪儿,14:00,17,277
2026-10-18,m3,花水湾溪边客栈,花水湾镇,携程,20:00,6,313
2026-10-18,m3,花水湾溪边客栈,花水湾镇,美团,20:00,7,303
2026-10-18,m3,花水湾溪边客栈,花水湾镇,飞猪,20:00,7,312
2026-10-18,m3,花水湾溪边客栈,花水湾镇,去哪儿,20:00,6,309
2026-10-19,m3,花水湾溪边客栈,花水湾镇,携程,00:00,33,182
2026-10-19,m3,花水湾溪边客栈,花水湾镇,美团,00:00,34,175
2026-10-19,m3,花水湾溪边客栈,花水湾镇,飞猪,00:00,33,175
2026-10-19,m3,花水湾溪边客栈,花水湾镇,去哪儿,00:00,33,173
2026-10-19,m3,花水湾溪边客栈,花水湾镇,携程,08:00,31,186
2026-10-19,m3,花水湾溪边客栈,花水湾镇,美团,08:00,32,177
2026-10-19,m3,花水湾溪边客栈,花水湾镇,飞猪,08:00,31,179
2026-10-19,m3,花水湾溪边客栈,花水湾镇,去哪儿,08:00,31,183
2026-10-19,m3,花水湾溪边客栈,花水湾镇,携程,14:00,29,189
2026-10-19,m3,花水湾溪边客栈,花水湾镇,美团,14:00,29,184
2026-10-19,m3,花水湾溪边客栈,花水湾镇,飞猪,14:00,29,185
2026-10-19,m3,花水湾溪边客栈,花水湾镇,去哪儿,14:00,29,185
2026-10-19,m3,花水湾溪边客栈,花水湾镇,携程,20:00,21,208
2026-10-19,m3,花水湾溪边客栈,花水湾镇,美团,20:00,22,199
2026-10-19,m3,花水湾溪边客栈,花水湾镇,飞猪,20:00,22,207
2026-10-19,m3,花水湾溪边客栈,花水湾镇,去哪儿,20:00,21,205
2026-10-20,m3,花水湾溪边客栈,花水湾镇,携程,00:00,30,186
2026-10-20,m3,花水湾溪边客栈,花水湾镇,美团,00:00,30,179
2026-10-20,m3,花水湾溪边客栈,花水湾镇,飞猪,00:00,30,188
2026-10-20,m3,花水湾溪边客栈,花水湾镇,去哪儿,00:00,30,183
2026-10-20,m3,花水湾溪边客栈,花水湾镇,携程,08:00,30,184
2026-10-20,m3,花水湾溪边客栈,花水湾镇,美团,08:00,31,183
2026-10-20,m3,花水湾溪边客栈,花水湾镇,飞猪,08:00,30,186
2026-10-20,m3,花水湾溪边客栈,花水湾镇,去哪儿,08:00,30,184
2026-10-20,m3,花水湾溪边客栈,花水湾镇,携程,14:00,23,200
2026-10-20,m3,花水湾溪边客栈,花水湾镇,美团,14:00,23,198
2026-10-20,m3,花水湾溪边客栈,花水湾镇,飞猪,14:00,23,204
2026-10-20,m3,花水湾溪边客栈,花水湾镇,去哪儿,14:00,23,201
2026-10-20,m3,花水湾溪边客栈,花水湾镇,携程,20:00,20,216
2026-10-20,m3,花水湾溪边客栈,花水湾镇,美团,20:00,19,205
2026-10-20,m3,花水湾溪边客栈,花水湾镇,飞猪,20:00,20,211
2026-10-20,m3,花水湾溪边客栈,花水湾镇,去哪儿,20:00,19,207
2026-10-21,m3,花水湾溪边客栈,花水湾镇,携程,00:00,25,198
2026-10-21,m3,花水湾溪边客栈,花水湾镇,美团,00:00,25,196
2026-10-21,m3,花水湾溪边客栈,花水湾镇,飞猪,00:00,25,196
2026-10-21,m3,花水湾溪边客栈,花水湾镇,去哪儿,00:00,25,195
2026-10-21,m3,花水湾溪边客栈,花水湾镇,携程,08:00,25,195
2026-10-21,m3,花水湾溪边客栈,花水湾镇,美团,08:00,25,188
2026-10-21,m3,花水湾溪边客栈,花水湾镇,飞猪,08:00,26,194
2026-10-21,m3,花水湾溪边客栈,花水湾镇,去哪儿,08:00,25,192
2026-10-21,m3,花水湾溪边客栈,花水湾镇,携程,14:00,22,201
2026-10-21,m3,花水湾溪边客栈,花水湾镇,美团,14:00,22,202
2026-10-21,m3,花水湾溪边客栈,花水湾镇,飞猪,14:00,22,206
2026-10-21,m3,花水湾溪边客栈,花水湾镇,去哪儿,14:00,22,205
2026-10-21,m3,花水湾溪边客栈,花水湾镇,携程,20:00,14,222
2026-10-21,m3,花水湾溪边客栈,花水湾镇,美团,20:00,15,216
2026-10-21,m3,花水湾溪边客栈,花水湾镇,飞猪,20:00,14,218
2026-10-21,m3,花水湾溪边客栈,花水湾镇,去哪儿,20:00,14,219
2026-10-22,m3,花水湾溪边客栈,花水湾镇,携程,00:00,26,198
2026-10-22,m3,花水湾溪边客栈,花水湾镇,美团,00:00,27,190
2026-10-22,m3,花水湾溪边客栈,花水湾镇,飞猪,00:00,26,190
2026-10-22,m3,花水湾溪边客栈,花水湾镇,去哪儿,00:00,26,191
2026-10-22,m3,花水湾溪边客栈,花水湾镇,携程,08:00,26,195
2026-10-22,m3,花水湾溪边客栈,花水湾镇,美团,08:00,25,194
2026-10-22,m3,花水湾溪边客栈,花水湾镇,飞猪,08:00,25,193
2026-10-22,m3,花水湾溪边客栈,花水湾镇,去哪儿,08:00,25,192
2026-10-22,m3,花水湾溪边客栈,花水湾镇,携程,14:00,22,207
2026-10-22,m3,花水湾溪边客栈,花水湾镇,美团,14:00,22,195
2026-10-22,m3,花水湾溪边客栈,花水湾镇,飞猪,14:00,22,205
2026-10-22,m3,花水湾溪边客栈,花水湾镇,去哪儿,14:00,22,202
2026-10-22,m3,花水湾溪边客栈,花水湾镇,携程,20:00,14,222
2026-10-22,m3,花水湾溪边客栈,花水湾镇,美团,20:00,13,216
2026-10-22,m3,花水湾溪边客栈,花水湾镇,飞猪,20:00,13,228
2026-10-22,m3,花水湾溪边客栈,花水湾镇,去哪儿,20:00,13,222
2026-10-23,m3,花水湾溪边客栈,花水湾镇,携程,00:00,30,191
2026-10-23,m3,花水湾溪边客栈,花水湾镇,美团,00:00,30,182
2026-10-23,m3,花水湾溪边客栈,花水湾镇,飞猪,00:00,29,186
2026-10-23,m3,花水湾溪边客栈,花水湾镇,去哪儿,00:00,29,183
2026-10-23,m3,花水湾溪边客栈,花水湾镇,携程,08:00,27,195
2026-10-23,m3,花水湾溪边客栈,花水湾镇,美团,08:00,27,188
2026-10-23,m3,花水湾溪边客栈,花水湾镇,飞猪,08:00,27,188
2026-10-23,m3,花水湾溪边客栈,花水湾镇,去哪儿,08:00,27,186
2026-10-23,m3,花水湾溪边客栈,花水湾镇,携程,14:00,25,196
2026-10-23,m3,花水湾溪边客栈,花水湾镇,美团,14:00,25,195
2026-10-23,m3,花水湾溪边客栈,花水湾镇,飞猪,14:00,26,193
2026-10-23,m3,花水湾溪边客栈,花水湾镇,去哪儿,14:00,25,194
2026-10-23,m3,花水湾溪边客栈,花水湾镇,携程,20:00,11,234
2026-10-23,m3,花水湾溪边客栈,花水湾镇,美团,20:00,11,221
2026-10-23,m3,花水湾溪边客栈,花水湾镇,飞猪,20:00,11,229
2026-10-23,m3,花水湾溪边客栈,花水湾镇,去哪儿,20:00,11,226
2026-10-24,m3,花水湾溪边客栈,花水湾镇,携程,00:00,29,244
2026-10-24,m3,花水湾溪边客栈,花水湾镇,美团,00:00,29,238
2026-10-24,m3,花水湾溪边客栈,花水湾镇,飞猪,00:00,29,245
2026-10-24,m3,花水湾溪边客栈,花水湾镇,去哪儿,00:00,29,238
2026-10-24,m3,花水湾溪边客栈,花水湾镇,携程,08:00,29,246
2026-10-24,m3,花水湾溪边客栈,花水湾镇,美团,08:00,29,237
2026-10-24,m3,花水湾溪边客栈,花水湾镇,飞猪,08:00,28,246
2026-10-24,m3,花水湾溪边客栈,花水湾镇,去哪儿,08:00,28,239
2026-10-24,m3,花水湾溪边客栈,花水湾镇,携程,14:00,21,269
2026-10-24,m3,花水湾溪边客栈,花水湾镇,美团,14:00,22,259
2026-10-24,m3,花水湾溪边客栈,花水湾镇,飞猪,14:00,22,271
2026-10-24,m3,花水湾溪边客栈,花水湾镇,去哪儿,14:00,21,265
2026-10-24,m3,花水湾溪边客栈,花水湾镇,携程,20:00,3,324
2026-10-24,m3,花水湾溪边客栈,花水湾镇,美团,20:00,3,312
2026-10-24,m3,花水湾溪边客栈,花水湾镇,飞猪,20:00,4,325
2026-10-24,m3,花水湾溪边客栈,花水湾镇,去哪儿,20:00,3,324
2026-10-25,m3,花水湾溪边客栈,花水湾镇,携程,00:00,23,261
2026-10-25,m3,花水湾溪边客栈,花水湾镇,美团,00:00,23,260
2026-10-25,m3,花水湾溪边客栈,花水湾镇,飞猪,00:00,23,257
2026-10-25,m3,花水湾溪边客栈,花水湾镇,去哪儿,00:00,23,261
2026-10-25,m3,花水湾溪边客栈,花水湾镇,携程,08:00,22,267
2026-10-25,m3,花水湾溪边客栈,花水湾镇,美团,08:00,23,259
2026-10-25,m3,花水湾溪边客栈,花水湾镇,飞猪,08:00,23,260
2026-10-25,m3,花水湾溪边客栈,花水湾镇,去哪儿,08:00,22,258
2026-10-25,m3,花水湾溪边客栈,花水湾镇,携程,14:00,14,285
2026-10-25,m3,花水湾溪边客栈,花水湾镇,美团,14:00,15,277
2026-10-25,m3,花水湾溪边客栈,花水湾镇,飞猪,14:00,14,291
2026-10-25,m3,花水湾溪边客栈,花水湾镇,去哪儿,14:00,14,290
2026-10-25,m3,花水湾溪边客栈,花水湾镇,携程,20:00,2,325
2026-10-25,m3,花水湾溪边客栈,花水湾镇,美团,20:00,3,319
2026-10-25,m3,花水湾溪边客栈,花水湾镇,飞猪,20:00,2,321
2026-10-25,m3,花水湾溪边客栈,花水湾镇,去哪儿,20:00,2,324
2026-10-26,m3,花水湾溪边客栈,花水湾镇,携程,00:00,31,183
2026-10-26,m3,花水湾溪边客栈,花水湾镇,美团,00:00,31,177
2026-10-26,m3,花水湾溪边客栈,花水湾镇,飞猪,00:00,31,185
2026-10-26,m3,花水湾溪边客栈,花水湾镇,去哪儿,00:00,31,184
2026-10-26,m3,花水湾溪边客栈,花水湾镇,携程,08:00,31,183
2026-10-26,m3,花水湾溪边客栈,花水湾镇,美团,08:00,31,178
2026-10-26,m3,花水湾溪边客栈,花水湾镇,飞猪,08:00,32,182
2026-10-26,m3,花水湾溪边客栈,花水湾镇,去哪儿,08:00,31,183
2026-10-26,m3,花水湾溪边客栈,花水湾镇,携程,14:00,26,196
2026-10-26,m3,花水湾溪边客栈,花水湾镇,美团,14:00,26,192
2026-10-26,m3,花水湾溪边客栈,花水湾镇,飞猪,14:00,26,194
2026-10-26,m3,花水湾溪边客栈,花水湾镇,去哪儿,14:00,26,192
2026-10-26,m3,花水湾溪边客栈,花水湾镇,携程,20:00,18,216
2026-10-26,m3,花水湾溪边客栈,花水湾镇,美团,20:00,19,204
2026-10-26,m3,花水湾溪边客栈,花水湾镇,飞猪,20:00,18,215
2026-10-26,m3,花水湾溪边客栈,花水湾镇,去哪儿,20:00,18,211
2026-10-27,m3,花水湾溪边客栈,花水湾镇,携程,00:00,31,187
2026-10-27,m3,花水湾溪边客栈,花水湾镇,美团,00:00,31,180
2026-10-27,m3,花水湾溪边客栈,花水湾镇,飞猪,00:00,32,179
2026-10-27,m3,花水湾溪边客栈,花水湾镇,去哪儿,00:00,31,182
2026-10-27,m3,花水湾溪边客栈,花水湾镇,携程,08:00,29,186
2026-10-27,m3,花水湾溪边客栈,花水湾镇,美团,08:00,29,184
2026-10-27,m3,花水湾溪边客栈,花水湾镇,飞猪,08:00,29,184
2026-10-27,m3,花水湾溪边客栈,花水湾镇,去哪儿,08:00,29,188
2026-10-27,m3,花水湾溪边客栈,花水湾镇,携程,14:00,24,202
2026-10-27,m3,花水湾溪边客栈,花水湾镇,美团,14:00,24,196
2026-10-27,m3,花水湾溪边客栈,花水湾镇,飞猪,14:00,24,199
2026-10-27,m3,花水湾溪边客栈,花水湾镇,去哪儿,14:00,24,194
2026-10-27,m3,花水湾溪边客栈,花水湾镇,携程,20:00,19,210
2026-10-27,m3,花水湾溪边客栈,花水湾镇,美团,20:00,18,208
2026-10-27,m3,花水湾溪边客栈,花水湾镇,飞猪,20:00,18,212
2026-10-27,m3,花水湾溪边客栈,花水湾镇,去哪儿,20:00,18,214
2026-10-28,m3,花水湾溪边客栈,花水湾镇,携程,00:00,29,188
2026-10-28,m3,花水湾溪边客栈,花水湾镇,美团,00:00,29,181
2026-10-28,m3,花水湾溪边客栈,花水湾镇,飞猪,00:00,29,184
2026-10-28,m3,花水湾溪边客栈,花水湾镇,去哪儿,00:00,29,183
2026-10-28,m3,花水湾溪边客栈,花水湾镇,携程,08:00,28,193
2026-10-28,m3,花水湾溪边客栈,花水湾镇,美团,08:00,29,188
2026-10-28,m3,花水湾溪边客栈,花水湾镇,飞猪,08:00,29,187
2026-10-28,m3,花水湾溪边客栈,花水湾镇,去哪儿,08:00,28,185
2026-10-28,m3,花水湾溪边客栈,花水湾镇,携程,14:00,24,202
2026-10-28,m3,花水湾溪边客栈,花水湾镇,美团,14:00,23,195
2026-10-28,m3,花水湾溪边客栈,花水湾镇,飞猪,14:00,23,203
2026-10-28,m3,花水湾溪边客栈,花水湾镇,去哪儿,14:00,23,198
2026-10-28,m3,花水湾溪边客栈,花水湾镇,携程,20:00,14,227
2026-10-28,m3,花水湾溪边客栈,花水湾镇,美团,20:00,13,218
2026-10-28,m3,花水湾溪边客栈,花水湾镇,飞猪,20:00,13,222
2026-10-28,m3,花水湾溪边客栈,花水湾镇,去哪儿,20:00,13,220
2026-10-29,m3,花水湾溪边客栈,花水湾镇,携程,00:00,28,190
2026-10-29,m3,花水湾溪边客栈,花水湾镇,美团,00:00,27,186
2026-10-29,m3,花水湾溪边客栈,花水湾镇,飞猪,00:00,27,191
2026-10-29,m3,花水湾溪边客栈,花水湾镇,去哪儿,00:00,27,193
2026-10-29,m3,花水湾溪边客栈,花水湾镇,携程,08:00,26,196
2026-10-29,m3,花水湾溪边客栈,花水湾镇,美团,08:00,27,187
2026-10-29,m3,花水湾溪边客栈,花水湾镇,飞猪,08:00,26,194
2026-10-29,m3,花水湾溪边客栈,花水湾镇,去哪儿,08:00,26,191
2026-10-29,m3,花水湾溪边客栈,花水湾镇,携程,14:00,18,213
2026-10-29,m3,花水湾溪边客栈,花水湾镇,美团,14:00,18,212
2026-10-29,m3,花水湾溪边客栈,花水湾镇,飞猪,14:00,18,209
2026-10-29,m3,花水湾溪边客栈,花水湾镇,去哪儿,14:00,18,211
2026-10-29,m3,花水湾溪边客栈,花水湾镇,携程,20:00,12,229
2026-10-29,m3,花水湾溪边客栈,花水湾镇,美团,20:00,12,225
2026-10-29,m3,花水湾溪边客栈,花水湾镇,飞猪,20:00,12,222
2026-10-29,m3,花水湾溪边客栈,花水湾镇,去哪儿,20:00,12,223
2026-10-30,m3,花水湾溪边客栈,花水湾镇,携程,00:00,28,196
2026-10-30,m3,花水湾溪边客栈,花水湾镇,美团,00:00,28,189
2026-10-30,m3,花水湾溪边客栈,花水湾镇,飞猪,00:00,27,191
2026-10-30,m3,花水湾溪边客栈,花水湾镇,去哪儿,00:00,27,193
2026-10-30,m3,花水湾溪边客栈,花水湾镇,携程,08:00,27,197
2026-10-30,m3,花水湾溪边客栈,花水湾镇,美团,08:00,28,189
2026-10-30,m3,花水湾溪边客栈,花水湾镇,飞猪,08:00,27,191
2026-10-30,m3,花水湾溪边客栈,花水湾镇,去哪儿,08:00,27,189
2026-10-30,m3,花水湾溪边客栈,花水湾镇,携程,14:00,23,204
2026-10-30,m3,花水湾溪边客栈,花水湾镇,美团,14:00,24,194
2026-10-30,m3,花水湾溪边客栈,花水湾镇,飞猪,14:00,24,198
2026-10-30,m3,花水湾溪边客栈,花水湾镇,去哪儿,14:00,23,199
2026-10-30,m3,花水湾溪边客栈,花水湾镇,携程,20:00,15,217
2026-10-30,m3,花水湾溪边客栈,花水湾镇,美团,20:00,16,214
2026-10-30,m3,花水湾溪边客栈,花水湾镇,飞猪,20:00,15,217
2026-10-30,m3,花水湾溪边客栈,花水湾镇,去哪儿,20:00,15,216
2026-10-31,m3,花水湾溪边客栈,花水湾镇,携程,00:00,30,249
2026-10-31,m3,花水湾溪边客栈,花水湾镇,美团,00:00,29,241
2026-10-31,m3,花水湾溪边客栈,花水湾镇,飞猪,00:00,29,247
2026-10-31,m3,花水湾溪边客栈,花水湾镇,去哪儿,00:00,29,242
2026-10-31,m3,花水湾溪边客栈,花水湾镇,携程,08:00,28,251
2026-10-31,m3,花水湾溪边客栈,花水湾镇,美团,08:00,28,237
2026-10-31,m3,花水湾溪边客栈,花水湾镇,飞猪,08:00,29,246
2026-10-31,m3,花水湾溪边客栈,花水湾镇,去哪儿,08:00,28,245
2026-10-31,m3,花水湾溪边客栈,花水湾镇,携程,14:00,20,276
2026-10-31,m3,花水湾溪边客栈,花水湾镇,美团,14:00,19,266
2026-10-31,m3,花水湾溪边客栈,花水湾镇,飞猪,14:00,19,272
2026-10-31,m3,花水湾溪边客栈,花水湾镇,去哪儿,14:00,19,270
2026-10-31,m3,花水湾溪边客栈,花水湾镇,携程,20:00,2,323
2026-10-31,m3,花水湾溪边客栈,花水湾镇,美团,20:00,2,318
2026-10-31,m3,花水湾溪边客栈,花水湾镇,飞猪,20:00,2,324
2026-10-31,m3,花水湾溪边客栈,花水湾镇,去哪儿,20:00,2,321
2026-10-01,m4,花水湾雅舍温泉民宿,花水湾镇,美团,00:00,14,751
2026-10-01,m4,花水湾雅舍温泉民宿,花水湾镇,飞猪,00:00,14,782
2026-10-01,m4,花水湾雅舍温泉民宿,花水湾镇,去哪儿,00:00,14,762
2026-10-01,m4,花水湾雅舍温泉民宿,花水湾镇,美团,08:00,14,759
2026-10-01,m4,花水湾雅舍温泉民宿,花水湾镇,飞猪,08:00,15,786
2026-10-01,m4,花水湾雅舍温泉民宿,花水湾镇,去哪儿,08:00,14,773
2026-10-01,m4,花水湾雅舍温泉民宿,花水湾镇,美团,14:00,13,783
2026-10-01,m4,花水湾雅舍温泉民宿,花水湾镇,飞猪,14:00,12,799
2026-10-01,m4,花水湾雅舍温泉民宿,花水湾镇,去哪儿,14:00,12,787
2026-10-01,m4,花水湾雅舍温泉民宿,花水湾镇,美团,20:00,4,918
2026-10-01,m4,花水湾雅舍温泉民宿,花水湾镇,飞猪,20:00,3,966
2026-10-01,m4,花水湾雅舍温泉民宿,花水湾镇,去哪儿,20:00,3,951
2026-10-02,m4,花水湾雅舍温泉民宿,花水湾镇,美团,00:00,15,728
2026-10-02,m4,花水湾雅舍温泉民宿,花水湾镇,飞猪,00:00,16,754
2026-10-02,m4,花水湾雅舍温泉民宿,花水湾镇,去哪儿,00:00,15,732
2026-10-02,m4,花水湾雅舍温泉民宿,花水湾镇,美团,08:00,15,752
2026-10-02,m4,花水湾雅舍温泉民宿,花水湾镇,飞猪,08:00,15,766
2026-10-02,m4,花水湾雅舍温泉民宿,花水湾镇,去哪儿,08:00,15,742
2026-10-02,m4,花水湾雅舍温泉民宿,花水湾镇,美团,14:00,11,794
2026-10-02,m4,花水湾雅舍温泉民宿,花水湾镇,飞猪,14:00,12,804
2026-10-02,m4,花水湾雅舍温泉民宿,花水湾镇,去哪儿,14:00,11,825
2026-10-02,m4,花水湾雅舍温泉民宿,花水湾镇,美团,20:00,3,949
2026-10-02,m4,花水湾雅舍温泉民宿,花水湾镇,飞猪,20:00,2,965
2026-10-02,m4,花水湾雅舍温泉民宿,花水湾镇,去哪儿,20:00,2,958
2026-10-03,m4,花水湾雅舍温泉民宿,花水湾镇,美团,00:00,17,727
2026-10-03,m4,花水湾雅舍温泉民宿,花水湾镇,飞猪,00:00,17,734
2026-10-03,m4,花水湾雅舍温泉民宿,花水湾镇,去哪儿,00:00,16,732
2026-10-03,m4,花水湾雅舍温泉民宿,花水湾镇,美团,08:00,17,724
2026-10-03,m4,花水湾雅舍温泉民宿,花水湾镇,飞猪,08:00,16,739
2026-10-03,m4,花水湾雅舍温泉民宿,花水湾镇,去哪儿,08:00,16,729
2026-10-03,m4,花水湾雅舍温泉民宿,花水湾镇,美团,14:00,12,792
2026-10-03,m4,花水湾雅舍温泉民宿,花水湾镇,飞猪,14:00,13,813
2026-10-03,m4,花水湾雅舍温泉民宿,花水湾镇,去哪儿,14:00,12,780
2026-10-03,m4,花水湾雅舍温泉民宿,花水湾镇,美团,20:00,4,908
2026-10-03,m4,花水湾雅舍温泉民宿,花水湾镇,飞猪,20:00,4,945
2026-10-03,m4,花水湾雅舍温泉民宿,花水湾镇,去哪儿,20:00,4,942
2026-10-04,m4,花水湾雅舍温泉民宿,花水湾镇,美团,00:00,19,686
2026-10-04,m4,花水湾雅舍温泉民宿,花水湾镇,飞猪,00:00,19,697
2026-10-04,m4,花水湾雅舍温泉民宿,花水湾镇,去哪儿,00:00,19,670
2026-10-04,m4,花水湾雅舍温泉民宿,花水湾镇,美团,08:00,18,693
2026-10-04,m4,花水湾雅舍温泉民宿,花水湾镇,飞猪,08:00,19,704
2026-10-04,m4,花水湾雅舍温泉民宿,花水湾镇,去哪儿,08:00,18,696
2026-10-04,m4,花水湾雅舍温泉民宿,花水湾镇,美团,14:00,12,784
2026-10-04,m4,花水湾雅舍温泉民宿,花水湾镇,飞猪,14:00,13,806
2026-10-04,m4,花水湾雅舍温泉民宿,花水湾镇,去哪儿,14:00,12,790
2026-10-04,m4,花水湾雅舍温泉民宿,花水湾镇,美团,20:00,2,941
2026-10-04,m4,花水湾雅舍温泉民宿,花水湾镇,飞猪,20:00,2,979
2026-10-04,m4,花水湾雅舍温泉民宿,花水湾镇,去哪儿,20:00,2,969
2026-10-05,m4,花水湾雅舍温泉民宿,花水湾镇,美团,00:00,14,743
2026-10-05,m4,花水湾雅舍温泉民宿,花水湾镇,飞猪,00:00,14,764
2026-10-05,m4,花水湾雅舍温泉民宿,花水湾镇,去哪儿,00:00,14,768
2026-10-05,m4,花水湾雅舍温泉民宿,花水湾镇,美团,08:00,14,768
2026-10-05,m4,花水湾雅舍温泉民宿,花水湾镇,飞猪,08:00,14,762
2026-10-05,m4,花水湾雅舍温泉民宿,花水湾镇,去哪儿,08:00,14,772
2026-10-05,m4,花水湾雅舍温泉民宿,花水湾镇,美团,14:00,10,841
2026-10-05,m4,花水湾雅舍温泉民宿,花水湾镇,飞猪,14:00,9,848
2026-10-05,m4,花水湾雅舍温泉民宿,花水湾镇,去哪儿,14:00,9,851
2026-10-05,m4,花水湾雅舍温泉民宿,花水湾镇,美团,20:00,3,961
2026-10-05,m4,花水湾雅舍温泉民宿,花水湾镇,飞猪,20:00,2,969
2026-10-05,m4,花水湾雅舍温泉民宿,花水湾镇,去哪儿,20:00,2,969
2026-10-06,m4,花水湾雅舍温泉民宿,花水湾镇,美团,00:00,18,698
2026-10-06,m4,花水湾雅舍温泉民宿,花水湾镇,飞猪,00:00,17,722
2026-10-06,m4,花水湾雅舍温泉民宿,花水湾镇,去哪儿,00:00,17,726
2026-10-06,m4,花水湾雅舍温泉民宿,花水湾镇,美团,08:00,15,731
2026-10-06,m4,花水湾雅舍温泉民宿,花水湾镇,飞猪,08:00,16,745
2026-10-06,m4,花水湾雅舍温泉民宿,花水湾镇,去哪儿,08:00,15,756
2026-10-06,m4,花水湾雅舍温泉民宿,花水湾镇,美团,14:00,12,777
2026-10-06,m4,花水湾雅舍温泉民宿,花水湾镇,飞猪,14:00,13,802
2026-10-06,m4,花水湾雅舍温泉民宿,花水湾镇,去哪儿,14:00,12,788
2026-10-06,m4,花水湾雅舍温泉民宿,花水湾镇,美团,20:00,3,945
2026-10-06,m4,花水湾雅舍温泉民宿,花水湾镇,飞猪,20:00,3,932
2026-10-06,m4,花水湾雅舍温泉民宿,花水湾镇,去哪儿,20:00,3,946
2026-10-07,m4,花水湾雅舍温泉民宿,花水湾镇,美团,00:00,14,754
2026-10-07,m4,花水湾雅舍温泉民宿,花水湾镇,飞猪,00:00,14,765
2026-10-07,m4,花水湾雅舍温泉民宿,花水湾镇,去哪儿,00:00,14,749
2026-10-07,m4,花水湾雅舍温泉民宿,花水湾镇,美团,08:00,11,798
2026-10-07,m4,花水湾雅舍温泉民宿,花水湾镇,飞猪,08:00,11,830
2026-10-07,m4,花水湾雅舍温泉民宿,花水湾镇,去哪儿,08:00,11,824
2026-10-07,m4,花水湾雅舍温泉民宿,花水湾镇,美团,14:00,8,866
2026-10-07,m4,花水湾雅舍温泉民宿,花水湾镇,飞猪,14:00,8,863
2026-10-07,m4,花水湾雅舍温泉民宿,花水湾镇,去哪儿,14:00,8,865
2026-10-07,m4,花水湾雅舍温泉民宿,花水湾镇,美团,20:00,1,956
2026-10-07,m4,花水湾雅舍温泉民宿,花水湾镇,飞猪,20:00,2,972
2026-10-07,m4,花水湾雅舍温泉民宿,花水湾镇,去哪儿,20:00,1,964
2026-10-08,m4,花水湾雅舍温泉民宿,花水湾镇,美团,00:00,15,764
2026-10-08,m4,花水湾雅舍温泉民宿,花水湾镇,飞猪,00:00,14,774
2026-10-08,m4,花水湾雅舍温泉民宿,花水湾镇,去哪儿,00:00,14,761
2026-10-08,m4,花水湾雅舍温泉民宿,花水湾镇,美团,08:00,13,760
2026-10-08,m4,花水湾雅舍温泉民宿,花水湾镇,飞猪,08:00,13,785
2026-10-08,m4,花水湾雅舍温泉民宿,花水湾镇,去哪儿,08:00,13,767
2026-10-08,m4,花水湾雅舍温泉民宿,花水湾镇,美团,14:00,10,827
2026-10-08,m4,花水湾雅舍温泉民宿,花水湾镇,飞猪,14:00,10,851
2026-10-08,m4,花水湾雅舍温泉民宿,花水湾镇,去哪儿,14:00,10,814
2026-10-08,m4,花水湾雅舍温泉民宿,花水湾镇,美团,20:00,2,946
2026-10-08,m4,花水湾雅舍温泉民宿,花水湾镇,飞猪,20:00,2,977
2026-10-08,m4,花水湾雅舍温泉民宿,花水湾镇,去哪儿,20:00,2,976
2026-10-09,m4,花水湾雅舍温泉民宿,花水湾镇,美团,00:00,18,357
2026-10-09,m4,花水湾雅舍温泉民宿,花水湾镇,飞猪,00:00,17,355
2026-10-09,m4,花水湾雅舍温泉民宿,花水湾镇,去哪儿,00:00,17,354
2026-10-09,m4,花水湾雅舍温泉民宿,花水湾镇,美团,08:00,16,364
2026-10-09,m4,花水湾雅舍温泉民宿,花水湾镇,飞猪,08:00,17,372
2026-10-09,m4,花水湾雅舍温泉民宿,花水湾镇,去哪儿,08:00,16,373
2026-10-09,m4,花水湾雅舍温泉民宿,花水湾镇,美团,14:00,13,401
2026-10-09,m4,花水湾雅舍温泉民宿,花水湾镇,飞猪,14:00,12,407
2026-10-09,m4,花水湾雅舍温泉民宿,花水湾镇,去哪儿,14:00,12,398
2026-10-09,m4,花水湾雅舍温泉民宿,花水湾镇,美团,20:00,7,428
2026-10-09,m4,花水湾雅舍温泉民宿,花水湾镇,飞猪,20:00,7,437
2026-10-09,m4,花水湾雅舍温泉民宿,花水湾镇,去哪儿,20:00,7,439
2026-10-10,m4,花水湾雅舍温泉民宿,花水湾镇,美团,00:00,16,472
2026-10-10,m4,花水湾雅舍温泉民宿,花水湾镇,飞猪,00:00,15,497
2026-10-10,m4,花水湾雅舍温泉民宿,花水湾镇,去哪儿,00:00,15,484
2026-10-10,m4,花水湾雅舍温泉民宿,花水湾镇,美团,08:00,15,485
2026-10-10,m4,花水湾雅舍温泉民宿,花水湾镇,飞猪,08:00,15,483
2026-10-10,m4,花水湾雅舍温泉民宿,花水湾镇,去哪儿,08:00,15,479
2026-10-10,m4,花水湾雅舍温泉民宿,花水湾镇,美团,14:00,11,522
2026-10-10,m4,花水湾雅舍温泉民宿,花水湾镇,飞猪,14:00,11,529
2026-10-10,m4,花水湾雅舍温泉民宿,花水湾镇,去哪儿,14:00,11,517
2026-10-10,m4,花水湾雅舍温泉民宿,花水湾镇,美团,20:00,3,614
2026-10-10,m4,花水湾雅舍温泉民宿,花水湾镇,飞猪,20:00,2,635
2026-10-10,m4,花水湾雅舍温泉民宿,花水湾镇,去哪儿,20:00,2,610
2026-10-11,m4,花水湾雅舍温泉民宿,花水湾镇,美团,00:00,18,459
2026-10-11,m4,花水湾雅舍温泉民宿,花水湾镇,飞猪,00:00,17,471
2026-10-11,m4,花水湾雅舍温泉民宿,花水湾镇,去哪儿,00:00,17,469
2026-10-11,m4,花水湾雅舍温泉民宿,花水湾镇,美团,08:00,18,466
2026-10-11,m4,花水湾雅舍温泉民宿,花水湾镇,飞猪,08:00,17,474
2026-10-11,m4,花水湾雅舍温泉民宿,花水湾镇,去哪儿,08:00,17,456
2026-10-11,m4,花水湾雅舍温泉民宿,花水湾镇,美团,14:00,15,484
2026-10-11,m4,花水湾雅舍温泉民宿,花水湾镇,飞猪,14:00,16,486
2026-10-11,m4,花水湾雅舍温泉民宿,花水湾镇,去哪儿,14:00,15,494
2026-10-11,m4,花水湾雅舍温泉民宿,花水湾镇,美团,20:00,2,618
2026-10-11,m4,花水湾雅舍温泉民宿,花水湾镇,飞猪,20:00,2,616
2026-10-11,m4,花水湾雅舍温泉民宿,花水湾镇,去哪儿,20:00,2,622
2026-10-12,m4,花水湾雅舍温泉民宿,花水湾镇,美团,00:00,19,333
2026-10-12,m4,花水湾雅舍温泉民宿,花水湾镇,飞猪,00:00,19,347
2026-10-12,m4,花水湾雅舍温泉民宿,花水湾镇,去哪儿,00:00,19,336
2026-10-12,m4,花水湾雅舍温泉民宿,花水湾镇,美团,08:00,19,345
2026-10-12,m4,花水湾雅舍温泉民宿,花水湾镇,飞猪,08:00,18,360
2026-10-12,m4,花水湾雅舍温泉民宿,花水湾镇,去哪儿,08:00,18,351
2026-10-12,m4,花水湾雅舍温泉民宿,花水湾镇,美团,14:00,15,380
2026-10-12,m4,花水湾雅舍温泉民宿,花水湾镇,飞猪,14:00,15,382
2026-10-12,m4,花水湾雅舍温泉民宿,花水湾镇,去哪儿,14:00,14,381
2026-10-12,m4,花水湾雅舍温泉民宿,花水湾镇,美团,20:00,9,428
2026-10-12,m4,花水湾雅舍温泉民宿,花水湾镇,飞猪,20:00,8,435
2026-10-12,m4,花水湾雅舍温泉民宿,花水湾镇,去哪儿,20:00,8,425
2026-10-13,m4,花水湾雅舍温泉民宿,花水湾镇,美团,00:00,19,333
2026-10-13,m4,花水湾雅舍温泉民宿,花水湾镇,飞猪,00:00,19,346
2026-10-13,m4,花水湾雅舍温泉民宿,花水湾镇,去哪儿,00:00,19,341
2026-10-13,m4,花水湾雅舍温泉民宿,花水湾镇,美团,08:00,19,339
2026-10-13,m4,花水湾雅舍温泉民宿,花水湾镇,飞猪,08:00,18,350
2026-10-13,m4,花水湾雅舍温泉民宿,花水湾镇,去哪儿,08:00,18,345
2026-10-13,m4,花水湾雅舍温泉民宿,花水湾镇,美团,14:00,15,375
2026-10-13,m4,花水湾雅舍温泉民宿,花水湾镇,飞猪,14:00,15,383
2026-10-13,m4,花水湾雅舍温泉民宿,花水湾镇,去哪儿,14:00,15,372
2026-10-13,m4,花水湾雅舍温泉民宿,花水湾镇,美团,20:00,8,421
2026-10-13,m4,花水湾雅舍温泉民宿,花水湾镇,飞猪,20:00,8,427
2026-10-13,m4,花水湾雅舍温泉民宿,花水湾镇,去哪儿,20:00,8,422
2026-10-14,m4,花水湾雅舍温泉民宿,花水湾镇,美团,00:00,18,346
2026-10-14,m4,花水湾雅舍温泉民宿,花水湾镇,飞猪,00:00,19,348
2026-10-14,m4,花水湾雅舍温泉民宿,花水湾镇,去哪儿,00:00,18,343
2026-10-14,m4,花水湾雅舍温泉民宿,花水湾镇,美团,08:00,18,349
2026-10-14,m4,花水湾雅舍温泉民宿,花水湾镇,飞猪,08:00,18,354
2026-10-14,m4,花水湾雅舍温泉民宿,花水湾镇,去哪儿,08:00,18,344
2026-10-14,m4,花水湾雅舍温泉民宿,花水湾镇,美团,14:00,11,408
2026-10-14,m4,花水湾雅舍温泉民宿,花水湾镇,飞猪,14:00,12,408
2026-10-14,m4,花水湾雅舍温泉民宿,花水湾镇,去哪儿,14:00,11,410
2026-10-14,m4,花水湾雅舍温泉民宿,花水湾镇,美团,20:00,6,448
2026-10-14,m4,花水湾雅舍温泉民宿,花水湾镇,飞猪,20:00,5,459
2026-10-14,m4,花水湾雅舍温泉民宿,花水湾镇,去哪儿,20:00,5,455
2026-10-15,m4,花水湾雅舍温泉民宿,花水湾镇,美团,00:00,17,349
2026-10-15,m4,花水湾雅舍温泉民宿,花水湾镇,飞猪,00:00,18,355
2026-10-15,m4,花水湾雅舍温泉民宿,花水湾镇,去哪儿,00:00,17,355
2026-10-15,m4,花水湾雅舍温泉民宿,花水湾镇,美团,08:00,16,355
2026-10-15,m4,花水湾雅舍温泉民宿,花水湾镇,飞猪,08:00,16,373
2026-10-15,m4,花水湾雅舍温泉民宿,花水湾镇,去哪儿,08:00,16,361
2026-10-15,m4,花水湾雅舍温泉民宿,花水湾镇,美团,14:00,12,400
2026-10-15,m4,花水湾雅舍温泉民宿,花水湾镇,飞猪,14:00,12,398
2026-10-15,m4,花水湾雅舍温泉民宿,花水湾镇,去哪儿,14:00,12,393
2026-10-15,m4,花水湾雅舍温泉民宿,花水湾镇,美团,20:00,9,423
2026-10-15,m4,花水湾雅舍温泉民宿,花水湾镇,飞猪,20:00,8,433
2026-10-15,m4,花水湾雅舍温泉民宿,花水湾镇,去哪儿,20:00,8,427
2026-10-16,m4,花水湾雅舍温泉民宿,花水湾镇,美团,00:00,19,340
2026-10-16,m4,花水湾雅舍温泉民宿,花水湾镇,飞猪,00:00,19,342
2026-10-16,m4,花水湾雅舍温泉民宿,花水湾镇,去哪儿,00:00,19,344
2026-10-16,m4,花水湾雅舍温泉民宿,花水湾镇,美团,08:00,19,343
2026-10-16,m4,花水湾雅舍温泉民宿,花水湾镇,飞猪,08:00,18,353
2026-10-16,m4,花水湾雅舍温泉民宿,花水湾镇,去哪儿,08:00,18,347
2026-10-16,m4,花水湾雅舍温泉民宿,花水湾镇,美团,14:00,18,348
2026-10-16,m4,花水湾雅舍温泉民宿,花水湾镇,飞猪,14:00,17,365
2026-10-16,m4,花水湾雅舍温泉民宿,花水湾镇,去哪儿,14:00,17,363
2026-10-16,m4,花水湾雅舍温泉民宿,花水湾镇,美团,20:00,9,410
2026-10-16,m4,花水湾雅舍温泉民宿,花水湾镇,飞猪,20:00,10,427
2026-10-16,m4,花水湾雅舍温泉民宿,花水湾镇,去哪儿,20:00,9,424
2026-10-17,m4,花水湾雅舍温泉民宿,花水湾镇,美团,00:00,16,481
2026-10-17,m4,花水湾雅舍温泉民宿,花水湾镇,飞猪,00:00,16,480
2026-10-17,m4,花水湾雅舍温泉民宿,花水湾镇,去哪儿,00:00,15,483
2026-10-17,m4,花水湾雅舍温泉民宿,花水湾镇,美团,08:00,14,488
2026-10-17,m4,花水湾雅舍温泉民宿,花水湾镇,飞猪,08:00,15,505
2026-10-17,m4,花水湾雅舍温泉民宿,花水湾镇,去哪儿,08:00,14,501
2026-10-17,m4,花水湾雅舍温泉民宿,花水湾镇,美团,14:00,8,550
2026-10-17,m4,花水湾雅舍温泉民宿,花水湾镇,飞猪,14:00,9,560
2026-10-17,m4,花水湾雅舍温泉民宿,花水湾镇,去哪儿,14:00,8,555
2026-10-17,m4,花水湾雅舍温泉民宿,花水湾镇,美团,20:00,4,603
2026-10-17,m4,花水湾雅舍温泉民宿,花水湾镇,飞猪,20:00,3,624
2026-10-17,m4,花水湾雅舍温泉民宿,花水湾镇,去哪儿,20:00,3,609
2026-10-18,m4,花水湾雅舍温泉民宿,花水湾镇,美团,00:00,16,485
2026-10-18,m4,花水湾雅舍温泉民宿,花水湾镇,飞猪,00:00,15,486
2026-10-18,m4,花水湾雅舍温泉民宿,花水湾镇,去哪儿,00:00,15,481
2026-10-18,m4,花水湾雅舍温泉民宿,花水湾镇,美团,08:00,15,483
2026-10-18,m4,花水湾雅舍温泉民宿,花水湾镇,飞猪,08:00,14,492
2026-10-18,m4,花水湾雅舍温泉民宿,花水湾镇,去哪儿,08:00,14,489
2026-10-18,m4,花水湾雅舍温泉民宿,花水湾镇,美团,14:00,8,554
2026-10-18,m4,花水湾雅舍温泉民宿,花水湾镇,飞猪,14:00,7,575
2026-10-18,m4,花水湾雅舍温泉民宿,花水湾镇,去哪儿,14:00,7,566
2026-10-18,m4,花水湾雅舍温泉民宿,花水湾镇,美团,20:00,0,631
2026-10-18,m4,花水湾雅舍温泉民宿,花水湾镇,飞猪,20:00,0,654
2026-10-18,m4,花水湾雅舍温泉民宿,花水湾镇,去哪儿,20:00,0,637
2026-10-19,m4,花水湾雅舍温泉民宿,花水湾镇,美团,00:00,18,349
2026-10-19,m4,花水湾雅舍温泉民宿,花水湾镇,飞猪,00:00,18,347
2026-10-19,m4,花水湾雅舍温泉民宿,花水湾镇,去哪儿,00:00,18,355
2026-10-19,m4,花水湾雅舍温泉民宿,花水湾镇,美团,08:00,17,357
2026-10-19,m4,花水湾雅舍温泉民宿,花水湾镇,飞猪,08:00,16,375
2026-10-19,m4,花水湾雅舍温泉民宿,花水湾镇,去哪儿,08:00,16,359
2026-10-19,m4,花水湾雅舍温泉民宿,花水湾镇,美团,14:00,15,378
2026-10-19,m4,花水湾雅舍温泉民宿,花水湾镇,飞猪,14:00,14,385
2026-10-19,m4,花水湾雅舍温泉民宿,花水湾镇,去哪儿,14:00,14,382
2026-10-19,m4,花水湾雅舍温泉民宿,花水湾镇,美团,20:00,12,396
2026-10-19,m4,花水湾雅舍温泉民宿,花水湾镇,飞猪,20:00,11,413
2026-10-19,m4,花水湾雅舍温泉民宿,花水湾镇,去哪儿,20:00,11,412
2026-10-20,m4,花水湾雅舍温泉民宿,花水湾镇,美团,00:00,18,356
2026-10-20,m4,花水湾雅舍温泉民宿,花水湾镇,飞猪,00:00,17,363
2026-10-20,m4,花水湾雅舍温泉民宿,花水湾镇,去哪儿,00:00,17,354
2026-10-20,m4,花水湾雅舍温泉民宿,花水湾镇,美团,08:00,18,352
2026-10-20,m4,花水湾雅舍温泉民宿,花水湾镇,飞猪,08:00,17,365
2026-10-20,m4,花水湾雅舍温泉民宿,花水湾镇,去哪儿,08:00,17,354
2026-10-20,m4,花水湾雅舍温泉民宿,花水湾镇,美团,14:00,10,404
2026-10-20,m4,花水湾雅舍温泉民宿,花水湾镇,飞猪,14:00,10,410
2026-10-20,m4,花水湾雅舍温泉民宿,花水湾镇,去哪儿,14:00,10,406
2026-10-20,m4,花水湾雅舍温泉民宿,花水湾镇,美团,20:00,5,454
2026-10-20,m4,花水湾雅舍温泉民宿,花水湾镇,飞猪,20:00,4,473
2026-10-20,m4,花水湾雅舍温泉民宿,花水湾镇,去哪儿,20:00,4,465
2026-10-21,m4,花水湾雅舍温泉民宿,花水湾镇,美团,00:00,19,345
2026-10-21,m4,花水湾雅舍温泉民宿,花水湾镇,飞猪,00:00,19,351
2026-10-21,m4,花水湾雅舍温泉民宿,花水湾镇,去哪儿,00:00,18,350
2026-10-21,m4,花水湾雅舍温泉民宿,花水湾镇,美团,08:00,18,350
2026-10-21,m4,花水湾雅舍温泉民宿,花水湾镇,飞猪,08:00,18,353
2026-10-21,m4,花水湾雅舍温泉民宿,花水湾镇,去哪儿,08:00,18,355
2026-10-21,m4,花水湾雅舍温泉民宿,花水湾镇,美团,14:00,15,379
2026-10-21,m4,花水湾雅舍温泉民宿,花水湾镇,飞猪,14:00,14,380
2026-10-21,m4,花水湾雅舍温泉民宿,花水湾镇,去哪儿,14:00,14,389
2026-10-21,m4,花水湾雅舍温泉民宿,花水湾镇,美团,20:00,7,439
2026-10-21,m4,花水湾雅舍温泉民宿,花水湾镇,飞猪,20:00,7,445
2026-10-21,m4,花水湾雅舍温泉民宿,花水湾镇,去哪儿,20:00,7,445
2026-10-22,m4,花水湾雅舍温泉民宿,花水湾镇,美团,00:00,16,376
2026-10-22,m4,花水湾雅舍温泉民宿,花水湾镇,飞猪,00:00,16,374
2026-10-22,m4,花水湾雅舍温泉民宿,花水湾镇,去哪儿,00:00,15,380
2026-10-22,m4,花水湾雅舍温泉民宿,花水湾镇,美团,08:00,15,369
2026-10-22,m4,花水湾雅舍温泉民宿,花水湾镇,飞猪,08:00,15,380
2026-10-22,m4,花水湾雅舍温泉民宿,花水湾镇,去哪儿,08:00,15,375
2026-10-22,m4,花水湾雅舍温泉民宿,花水湾镇,美团,14:00,13,381
2026-10-22,m4,花水湾雅舍温泉民宿,花水湾镇,飞猪,14:00,14,386
2026-10-22,m4,花水湾雅舍温泉民宿,花水湾镇,去哪儿,14:00,13,389
2026-10-22,m4,花水湾雅舍温泉民宿,花水湾镇,美团,20:00,9,422
2026-10-22,m4,花水湾雅舍温泉民宿,花水湾镇,飞猪,20:00,8,427
2026-10-22,m4,花水湾雅舍温泉民宿,花水湾镇,去哪儿,20:00,8,428
2026-10-23,m4,花水湾雅舍温泉民宿,花水湾镇,美团,00:00,19,343
2026-10-23,m4,花水湾雅舍温泉民宿,花水湾镇,飞猪,00:00,19,350
2026-10-23,m4,花水湾雅舍温泉民宿,花水湾镇,去哪儿,00:00,19,340
2026-10-23,m4,花水湾雅舍温泉民宿,花水湾镇,美团,08:00,19,339
2026-10-23,m4,花水湾雅舍温泉民宿,花水湾镇,飞猪,08:00,19,342
2026-10-23,m4,花水湾雅舍温泉民宿,花水湾镇,去哪儿,08:00,19,347
2026-10-23,m4,花水湾雅舍温泉民宿,花水湾镇,美团,14:00,14,378
2026-10-23,m4,花水湾雅舍温泉民宿,花水湾镇,飞猪,14:00,14,392
2026-10-23,m4,花水湾雅舍温泉民宿,花水湾镇,去哪儿,14:00,14,376
2026-10-23,m4,花水湾雅舍温泉民宿,花水湾镇,美团,20:00,11,404
2026-10-23,m4,花水湾雅舍温泉民宿,花水湾镇,飞猪,20:00,10,424
2026-10-23,m4,花水湾雅舍温泉民宿,花水湾镇,去哪儿,20:00,10,419
2026-10-24,m4,花水湾雅舍温泉民宿,花水湾镇,美团,00:00,17,451
2026-10-24,m4,花水湾雅舍温泉民宿,花水湾镇,飞猪,00:00,17,472
2026-10-24,m4,花水湾雅舍温泉民宿,花水湾镇,去哪儿,00:00,17,456
2026-10-24,m4,花水湾雅舍温泉民宿,花水湾镇,美团,08:00,14,483
2026-10-24,m4,花水湾雅舍温泉民宿,花水湾镇,飞猪,08:00,14,498
2026-10-24,m4,花水湾雅舍温泉民宿,花水湾镇,去哪儿,08:00,14,490
2026-10-24,m4,花水湾雅舍温泉民宿,花水湾镇,美团,14:00,10,535
2026-10-24,m4,花水湾雅舍温泉民宿,花水湾镇,飞猪,14:00,10,545
2026-10-24,m4,花水湾雅舍温泉民宿,花水湾镇,去哪儿,14:00,10,541
2026-10-24,m4,花水湾雅舍温泉民宿,花水湾镇,美团,20:00,2,633
2026-10-24,m4,花水湾雅舍温泉民宿,花水湾镇,飞猪,20:00,1,631
2026-10-24,m4,花水湾雅舍温泉民宿,花水湾镇,去哪儿,20:00,1,632
2026-10-25,m4,花水湾雅舍温泉民宿,花水湾镇,美团,00:00,15,500
2026-10-25,m4,花水湾雅舍温泉民宿,花水湾镇,飞猪,00:00,14,501
2026-10-25,m4,花水湾雅舍温泉民宿,花水湾镇,去哪儿,00:00,14,502
2026-10-25,m4,花水湾雅舍温泉民宿,花水湾镇,美团,08:00,13,507
2026-10-25,m4,花水湾雅舍温泉民宿,花水湾镇,飞猪,08:00,12,529
2026-10-25,m4,花水湾雅舍温泉民宿,花水湾镇,去哪儿,08:00,12,513
2026-10-25,m4,花水湾雅舍温泉民宿,花水湾镇,美团,14:00,6,573
2026-10-25,m4,花水湾雅舍温泉民宿,花水湾镇,飞猪,14:00,5,604
2026-10-25,m4,花水湾雅舍温泉民宿,花水湾镇,去哪儿,14:00,5,589
2026-10-25,m4,花水湾雅舍温泉民宿,花水湾镇,美团,20:00,2,633
2026-10-25,m4,花水湾雅舍温泉民宿,花水湾镇,飞猪,20:00,1,649
2026-10-25,m4,花水湾雅舍温泉民宿,花水湾镇,去哪儿,20:00,1,644
2026-10-26,m4,花水湾雅舍温泉民宿,花水湾镇,美团,00:00,16,370
2026-10-26,m4,花水湾雅舍温泉民宿,花水湾镇,飞猪,00:00,15,374
2026-10-26,m4,花水湾雅舍温泉民宿,花水湾镇,去哪儿,00:00,15,378
2026-10-26,m4,花水湾雅舍温泉民宿,花水湾镇,美团,08:00,15,381
2026-10-26,m4,花水湾雅舍温泉民宿,花水湾镇,飞猪,08:00,14,389
2026-10-26,m4,花水湾雅舍温泉民宿,花水湾镇,去哪儿,08:00,14,375
2026-10-26,m4,花水湾雅舍温泉民宿,花水湾镇,美团,14:00,13,382
2026-10-26,m4,花水湾雅舍温泉民宿,花水湾镇,飞猪,14:00,13,387
2026-10-26,m4,花水湾雅舍温泉民宿,花水湾镇,去哪儿,14:00,13,393
2026-10-26,m4,花水湾雅舍温泉民宿,花水湾镇,美团,20:00,7,439
2026-10-26,m4,花水湾雅舍温泉民宿,花水湾镇,飞猪,20:00,6,453
2026-10-26,m4,花水湾雅舍温泉民宿,花水湾镇,去哪儿,20:00,6,452
2026-10-27,m4,花水湾雅舍温泉民宿,花水湾镇,美团,00:00,17,359
2026-10-27,m4,花水湾雅舍温泉民宿,花水湾镇,飞猪,00:00,18,367
2026-10-27,m4,花水湾雅舍温泉民宿,花水湾镇,去哪儿,00:00,17,363
2026-10-27,m4,花水湾雅舍温泉民宿,花水湾镇,美团,08:00,18,358
2026-10-27,m4,花水湾雅舍温泉民宿,花水湾镇,飞猪,08:00,17,365
2026-10-27,m4,花水湾雅舍温泉民宿,花水湾镇,去哪儿,08:00,17,353
2026-10-27,m4,花水湾雅舍温泉民宿,花水湾镇,美团,14:00,15,370
2026-10-27,m4,花水湾雅舍温泉民宿,花水湾镇,飞猪,14:00,15,382
2026-10-27,m4,花水湾雅舍温泉民宿,花水湾镇,去哪儿,14:00,15,377
2026-10-27,m4,花水湾雅舍温泉民宿,花水湾镇,美团,20:00,10,416
2026-10-27,m4,花水湾雅舍温泉民宿,花水湾镇,飞猪,20:00,10,421
2026-10-27,m4,花水湾雅舍温泉民宿,花水湾镇,去哪儿,20:00,9,424
2026-10-28,m4,花水湾雅舍温泉民宿,花水湾镇,美团,00:00,18,348
2026-10-28,m4,花水湾雅舍温泉民宿,花水湾镇,飞猪,00:00,17,361
2026-10-28,m4,花水湾雅舍温泉民宿,花水湾镇,去哪儿,00:00,17,357
2026-10-28,m4,花水湾雅舍温泉民宿,花水湾镇,美团,08:00,17,358
2026-10-28,m4,花水湾雅舍温泉民宿,花水湾镇,飞猪,08:00,17,359
2026-10-28,m4,花水湾雅舍温泉民宿,花水湾镇,去哪儿,08:00,17,355
2026-10-28,m4,花水湾雅舍温泉民宿,花水湾镇,美团,14:00,14,378
2026-10-28,m4,花水湾雅舍温泉民宿,花水湾镇,飞猪,14:00,13,396
2026-10-28,m4,花水湾雅舍温泉民宿,花水湾镇,去哪儿,14:00,13,390
2026-10-28,m4,花水湾雅舍温泉民宿,花水湾镇,美团,20:00,12,406
2026-10-28,m4,花水湾雅舍温泉民宿,花水湾镇,飞猪,20:00,11,411
2026-10-28,m4,花水湾雅舍温泉民宿,花水湾镇,去哪儿,20:00,11,407
2026-10-29,m4,花水湾雅舍温泉民宿,花水湾镇,美团,00:00,17,358
2026-10-29,m4,花水湾雅舍温泉民宿,花水湾镇,飞猪,00:00,18,363
2026-10-29,m4,花水湾雅舍温泉民宿,花水湾镇,去哪儿,00:00,17,353
2026-10-29,m4,花水湾雅舍温泉民宿,花水湾镇,美团,08:00,18,349
2026-10-29,m4,花水湾雅舍温泉民宿,花水湾镇,飞猪,08:00,18,357
2026-10-29,m4,花水湾雅舍温泉民宿,花水湾镇,去哪儿,08:00,17,361
2026-10-29,m4,花水湾雅舍温泉民宿,花水湾镇,美团,14:00,13,382
2026-10-29,m4,花水湾雅舍温泉民宿,花水湾镇,飞猪,14:00,13,395
2026-10-29,m4,花水湾雅舍温泉民宿,花水湾镇,去哪儿,14:00,13,387
2026-10-29,m4,花水湾雅舍温泉民宿,花水湾镇,美团,20:00,11,407
2026-10-29,m4,花水湾雅舍温泉民宿,花水湾镇,飞猪,20:00,10,424
2026-10-29,m4,花水湾雅舍温泉民宿,花水湾镇,去哪儿,20:00,10,418
2026-10-30,m4,花水湾雅舍温泉民宿,花水湾镇,美团,00:00,17,359
2026-10-30,m4,花水湾雅舍温泉民宿,花水湾镇,飞猪,00:00,17,375
2026-10-30,m4,花水湾雅舍温泉民宿,花水湾镇,去哪儿,00:00,16,362
2026-10-30,m4,花水湾雅舍温泉民宿,花水湾镇,美团,08:00,14,373
2026-10-30,m4,花水湾雅舍温泉民宿,花水湾镇,飞猪,08:00,14,388
2026-10-30,m4,花水湾雅舍温泉民宿,花水湾镇,去哪儿,08:00,14,385
2026-10-30,m4,花水湾雅舍温泉民宿,花水湾镇,美团,14:00,12,398
2026-10-30,m4,花水湾雅舍温泉民宿,花水湾镇,飞猪,14:00,11,410
2026-10-30,m4,花水湾雅舍温泉民宿,花水湾镇,去哪儿,14:00,11,410
2026-10-30,m4,花水湾雅舍温泉民宿,花水湾镇,美团,20:00,5,460
2026-10-30,m4,花水湾雅舍温泉民宿,花水湾镇,飞猪,20:00,4,470
2026-10-30,m4,花水湾雅舍温泉民宿,花水湾镇,去哪儿,20:00,4,462
2026-10-31,m4,花水湾雅舍温泉民宿,花水湾镇,美团,00:00,18,454
2026-10-31,m4,花水湾雅舍温泉民宿,花水湾镇,飞猪,00:00,18,465
2026-10-31,m4,花水湾雅舍温泉民宿,花水湾镇,去哪儿,00:00,18,450
2026-10-31,m4,花水湾雅舍温泉民宿,花水湾镇,美团,08:00,17,464
2026-10-31,m4,花水湾雅舍温泉民宿,花水湾镇,飞猪,08:00,17,463
2026-10-31,m4,花水湾雅舍温泉民宿,花水湾镇,去哪儿,08:00,17,460
2026-10-31,m4,花水湾雅舍温泉民宿,花水湾镇,美团,14:00,15,482
2026-10-31,m4,花水湾雅舍温泉民宿,花水湾镇,飞猪,14:00,14,504
2026-10-31,m4,花水湾雅舍温泉民宿,花水湾镇,去哪儿,14:00,14,498
2026-10-31,m4,花水湾雅舍温泉民宿,花水湾镇,美团,20:00,4,604
2026-10-31,m4,花水湾雅舍温泉民宿,花水湾镇,飞猪,20:00,4,605
2026-10-31,m4,花水湾雅舍温泉民宿,花水湾镇,去哪儿,20:00,3,619
2026-10-01,m5,花水湾圣索亚温泉大酒店,花水湾镇,携程,00:00,130,2040
2026-10-01,m5,花水湾圣索亚温泉大酒店,花水湾镇,美团,00:00,129,1947
2026-10-01,m5,花水湾圣索亚温泉大酒店,花水湾镇,飞猪,00:00,130,2034
2026-10-01,m5,花水湾圣索亚温泉大酒店,花水湾镇,去哪儿,00:00,129,2032
2026-10-01,m5,花水湾圣索亚温泉大酒店,花水湾镇,同程,00:00,130,1980
2026-10-01,m5,花水湾圣索亚温泉大酒店,花水湾镇,携程,08:00,120,2110
2026-10-01,m5,花水湾圣索亚温泉大酒店,花水湾镇,美团,08:00,121,2060
2026-10-01,m5,花水湾圣索亚温泉大酒店,花水湾镇,飞猪,08:00,120,2072
2026-10-01,m5,花水湾圣索亚温泉大酒店,花水湾镇,去哪儿,08:00,120,2048
2026-10-01,m5,花水湾圣索亚温泉大酒店,花水湾镇,同程,08:00,120,2037
2026-10-01,m5,花水湾圣索亚温泉大酒店,花水湾镇,携程,14:00,91,2260
2026-10-01,m5,花水湾圣索亚温泉大酒店,花水湾镇,美团,14:00,90,2207
2026-10-01,m5,花水湾圣索亚温泉大酒店,花水湾镇,飞猪,14:00,91,2209
2026-10-01,m5,花水湾圣索亚温泉大酒店,花水湾镇,去哪儿,14:00,90,2175
2026-10-01,m5,花水湾圣索亚温泉大酒店,花水湾镇,同程,14:00,90,2217
2026-10-01,m5,花水湾圣索亚温泉大酒店,花水湾镇,携程,20:00,25,2580
2026-10-01,m5,花水湾圣索亚温泉大酒店,花水湾镇,美团,20:00,26,2526
2026-10-01,m5,花水湾圣索亚温泉大酒店,花水湾镇,飞猪,20:00,25,2571
2026-10-01,m5,花水湾圣索亚温泉大酒店,花水湾镇,去哪儿,20:00,25,2508
2026-10-01,m5,花水湾圣索亚温泉大酒店,花水湾镇,同程,20:00,26,2591
2026-10-02,m5,花水湾圣索亚温泉大酒店,花水湾镇,携程,00:00,122,2058
2026-10-02,m5,花水湾圣索亚温泉大酒店,花水湾镇,美团,00:00,123,1998
2026-10-02,m5,花水湾圣索亚温泉大酒店,花水湾镇,飞猪,00:00,122,2019
2026-10-02,m5,花水湾圣索亚温泉大酒店,花水湾镇,去哪儿,00:00,122,1998
2026-10-02,m5,花水湾圣索亚温泉大酒店,花水湾镇,同程,00:00,122,2064
2026-10-02,m5,花水湾圣索亚温泉大酒店,花水湾镇,携程,08:00,112,2137
2026-10-02,m5,花水湾圣索亚温泉大酒店,花水湾镇,美团,08:00,113,2081
2026-10-02,m5,花水湾圣索亚温泉大酒店,花水湾镇,飞猪,08:00,112,2150
2026-10-02,m5,花水湾圣索亚温泉大酒店,花水湾镇,去哪儿,08:00,112,2084
2026-10-02,m5,花水湾圣索亚温泉大酒店,花水湾镇,同程,08:00,113,2062
2026-10-02,m5,花水湾圣索亚温泉大酒店,花水湾镇,携程,14:00,76,2329
2026-10-02,m5,花水湾圣索亚温泉大酒店,花水湾镇,美团,14:00,76,2288
2026-10-02,m5,花水湾圣索亚温泉大酒店,花水湾镇,飞猪,14:00,76,2292
2026-10-02,m5,花水湾圣索亚温泉大酒店,花水湾镇,去哪儿,14:00,76,2282
2026-10-02,m5,花水湾圣索亚温泉大酒店,花水湾镇,同程,14:00,77,2240
2026-10-02,m5,花水湾圣索亚温泉大酒店,花水湾镇,携程,20:00,19,2659
2026-10-02,m5,花水湾圣索亚温泉大酒店,花水湾镇,美团,20:00,18,2532
2026-10-02,m5,花水湾圣索亚温泉大酒店,花水湾镇,飞猪,20:00,19,2593
2026-10-02,m5,花水湾圣索亚温泉大酒店,花水湾镇,去哪儿,20:00,18,2612
2026-10-02,m5,花水湾圣索亚温泉大酒店,花水湾镇,同程,20:00,19,2578
2026-10-03,m5,花水湾圣索亚温泉大酒店,花水湾镇,携程,00:00,124,2048
2026-10-03,m5,花水湾圣索亚温泉大酒店,花水湾镇,美团,00:00,125,2018
2026-10-03,m5,花水湾圣索亚温泉大酒店,花水湾镇,飞猪,00:00,124,2031
2026-10-03,m5,花水湾圣索亚温泉大酒店,花水湾镇,去哪儿,00:00,124,2017
2026-10-03,m5,花水湾圣索亚温泉大酒店,花水湾镇,同程,00:00,125,2041
2026-10-03,m5,花水湾圣索亚温泉大酒店,花水湾镇,携程,08:00,115,2146
2026-10-03,m5,花水湾圣索亚温泉大酒店,花水湾镇,美团,08:00,116,2064
2026-10-03,m5,花水湾圣索亚温泉大酒店,花水湾镇,飞猪,08:00,115,2119
2026-10-03,m5,花水湾圣索亚温泉大酒店,花水湾镇,去哪儿,08:00,115,2041
2026-10-03,m5,花水湾圣索亚温泉大酒店,花水湾镇,同程,08:00,116,2085
2026-10-03,m5,花水湾圣索亚温泉大酒店,花水湾镇,携程,14:00,89,2254
2026-10-03,m5,花水湾圣索亚温泉大酒店,花水湾镇,美团,14:00,89,2186
2026-10-03,m5,花水湾圣索亚温泉大酒店,花水湾镇,飞猪,14:00,88,2283
2026-10-03,m5,花水湾圣索亚温泉大酒店,花水湾镇,去哪儿,14:00,88,2228
2026-10-03,m5,花水湾圣索亚温泉大酒店,花水湾镇,同程,14:00,89,2198
2026-10-03,m5,花水湾圣索亚温泉大酒店,花水湾镇,携程,20:00,17,2627
2026-10-03,m5,花水湾圣索亚温泉大酒店,花水湾镇,美团,20:00,17,2602
2026-10-03,m5,花水湾圣索亚温泉大酒店,花水湾镇,飞猪,20:00,17,2647
2026-10-03,m5,花水湾圣索亚温泉大酒店,花水湾镇,去哪儿,20:00,17,2609
2026-10-03,m5,花水湾圣索亚温泉大酒店,花水湾镇,同程,20:00,18,2633
2026-10-04,m5,花水湾圣索亚温泉大酒店,花水湾镇,携程,00:00,122,2104
2026-10-04,m5,花水湾圣索亚温泉大酒店,花水湾镇,美团,00:00,122,1992
2026-10-04,m5,花水湾圣索亚温泉大酒店,花水湾镇,飞猪,00:00,122,2069
2026-10-04,m5,花水湾圣索亚温泉大酒店,花水湾镇,去哪儿,00:00,122,2028
2026-10-04,m5,花水湾圣索亚温泉大酒店,花水湾镇,同程,00:00,122,2074
2026-10-04,m5,花水湾圣索亚温泉大酒店,花水湾镇,携程,08:00,114,2155
2026-10-04,m5,花水湾圣索亚温泉大酒店,花水湾镇,美团,08:00,114,2028
2026-10-04,m5,花水湾圣索亚温泉大酒店,花水湾镇,飞猪,08:00,114,2093
2026-10-04,m5,花水湾圣索亚温泉大酒店,花水湾镇,去哪儿,08:00,113,2075
2026-10-04,m5,花水湾圣索亚温泉大酒店,花水湾镇,同程,08:00,114,2058
2026-10-04,m5,花水湾圣索亚温泉大酒店,花水湾镇,携程,14:00,80,2293
2026-10-04,m5,花水湾圣索亚温泉大酒店,花水湾镇,美团,14:00,80,2214
2026-10-04,m5,花水湾圣索亚温泉大酒店,花水湾镇,飞猪,14:00,81,2299
2026-10-04,m5,花水湾圣索亚温泉大酒店,花水湾镇,去哪儿,14:00,80,2235
2026-10-04,m5,花水湾圣索亚温泉大酒店,花水湾镇,同程,14:00,81,2278
2026-10-04,m5,花水湾圣索亚温泉大酒店,花水湾镇,携程,20:00,23,2594
2026-10-04,m5,花水湾圣索亚温泉大酒店,花水湾镇,美团,20:00,23,2558
2026-10-04,m5,花水湾圣索亚温泉大酒店,花水湾镇,飞猪,20:00,24,2609
2026-10-04,m5,花水湾圣索亚温泉大酒店,花水湾镇,去哪儿,20:00,23,2554
2026-10-04,m5,花水湾圣索亚温泉大酒店,花水湾镇,同程,20:00,24,2528
2026-10-05,m5,花水湾圣索亚温泉大酒店,花水湾镇,携程,00:00,127,2063
2026-10-05,m5,花水湾圣索亚温泉大酒店,花水湾镇,美团,00:00,127,1953
2026-10-05,m5,花水湾圣索亚温泉大酒店,花水湾镇,飞猪,00:00,128,2059
2026-10-05,m5,花水湾圣索亚温泉大酒店,花水湾镇,去哪儿,00:00,127,1999
2026-10-05,m5,花水湾圣索亚温泉大酒店,花水湾镇,同程,00:00,127,2007
2026-10-05,m5,花水湾圣索亚温泉大酒店,花水湾镇,携程,08:00,121,2044
2026-10-05,m5,花水湾圣索亚温泉大酒店,花水湾镇,美团,08:00,121,2052
2026-10-05,m5,花水湾圣索亚温泉大酒店,花水湾镇,飞猪,08:00,122,2054
2026-10-05,m5,花水湾圣索亚温泉大酒店,花水湾镇,去哪儿,08:00,121,2048
2026-10-05,m5,花水湾圣索亚温泉大酒店,花水湾镇,同程,08:00,122,2018
2026-10-05,m5,花水湾圣索亚温泉大酒店,花水湾镇,携程,14:00,89,2258
2026-10-05,m5,花水湾圣索亚温泉大酒店,花水湾镇,美团,14:00,89,2168
2026-10-05,m5,花水湾圣索亚温泉大酒店,花水湾镇,飞猪,14:00,89,2232
2026-10-05,m5,花水湾圣索亚温泉大酒店,花水湾镇,去哪儿,14:00,89,2198
2026-10-05,m5,花水湾圣索亚温泉大酒店,花水湾镇,同程,14:00,89,2198
2026-10-05,m5,花水湾圣索亚温泉大酒店,花水湾镇,携程,20:00,17,2667
2026-10-05,m5,花水湾圣索亚温泉大酒店,花水湾镇,美团,20:00,17,2553
2026-10-05,m5,花水湾圣索亚温泉大酒店,花水湾镇,飞猪,20:00,18,2575
2026-10-05,m5,花水湾圣索亚温泉大酒店,花水湾镇,去哪儿,20:00,17,2579
2026-10-05,m5,花水湾圣索亚温泉大酒店,花水湾镇,同程,20:00,18,2566
2026-10-06,m5,花水湾圣索亚温泉大酒店,花水湾镇,携程,00:00,130,2046
2026-10-06,m5,花水湾圣索亚温泉大酒店,花水湾镇,美团,00:00,129,1980
2026-10-06,m5,花水湾圣索亚温泉大酒店,花水湾镇,飞猪,00:00,129,2024
2026-10-06,m5,花水湾圣索亚温泉大酒店,花水湾镇,去哪儿,00:00,129,2018
2026-10-06,m5,花水湾圣索亚温泉大酒店,花水湾镇,同程,00:00,130,1981
2026-10-06,m5,花水湾圣索亚温泉大酒店,花水湾镇,携程,08:00,120,2082
2026-10-06,m5,花水湾圣索亚温泉大酒店,花水湾镇,美团,08:00,119,2022
2026-10-06,m5,花水湾圣索亚温泉大酒店,花水湾镇,飞猪,08:00,120,2077
2026-10-06,m5,花水湾圣索亚温泉大酒店,花水湾镇,去哪儿,08:00,119,2071
2026-10-06,m5,花水湾圣索亚温泉大酒店,花水湾镇,同程,08:00,119,2017
2026-10-06,m5,花水湾圣索亚温泉大酒店,花水湾镇,携程,14:00,85,2311
2026-10-06,m5,花水湾圣索亚温泉大酒店,花水湾镇,美团,14:00,85,2201
2026-10-06,m5,花水湾圣索亚温泉大酒店,花水湾镇,飞猪,14:00,84,2285
2026-10-06,m5,花水湾圣索亚温泉大酒店,花水湾镇,去哪儿,14:00,84,2257
2026-10-06,m5,花水湾圣索亚温泉大酒店,花水湾镇,同程,14:00,85,2198
2026-10-06,m5,花水湾圣索亚温泉大酒店,花水湾镇,携程,20:00,18,2633
2026-10-06,m5,花水湾圣索亚温泉大酒店,花水湾镇,美团,20:00,18,2529
2026-10-06,m5,花水湾圣索亚温泉大酒店,花水湾镇,飞猪,20:00,18,2621
2026-10-06,m5,花水湾圣索亚温泉大酒店,花水湾镇,去哪儿,20:00,18,2583
2026-10-06,m5,花水湾圣索亚温泉大酒店,花水湾镇,同程,20:00,19,2612
2026-10-07,m5,花水湾圣索亚温泉大酒店,花水湾镇,携程,00:00,123,2093
2026-10-07,m5,花水湾圣索亚温泉大酒店,花水湾镇,美团,00:00,123,1992
2026-10-07,m5,花水湾圣索亚温泉大酒店,花水湾镇,飞猪,00:00,123,2079
2026-10-07,m5,花水湾圣索亚温泉大酒店,花水湾镇,去哪儿,00:00,123,1997
2026-10-07,m5,花水湾圣索亚温泉大酒店,花水湾镇,同程,00:00,123,2047
2026-10-07,m5,花水湾圣索亚温泉大酒店,花水湾镇,携程,08:00,117,2078
2026-10-07,m5,花水湾圣索亚温泉大酒店,花水湾镇,美团,08:00,117,2036
2026-10-07,m5,花水湾圣索亚温泉大酒店,花水湾镇,飞猪,08:00,118,2111
2026-10-07,m5,花水湾圣索亚温泉大酒店,花水湾镇,去哪儿,08:00,117,2094
2026-10-07,m5,花水湾圣索亚温泉大酒店,花水湾镇,同程,08:00,117,2093
2026-10-07,m5,花水湾圣索亚温泉大酒店,花水湾镇,携程,14:00,82,2296
2026-10-07,m5,花水湾圣索亚温泉大酒店,花水湾镇,美团,14:00,82,2268
2026-10-07,m5,花水湾圣索亚温泉大酒店,花水湾镇,飞猪,14:00,82,2241
2026-10-07,m5,花水湾圣索亚温泉大酒店,花水湾镇,去哪儿,14:00,82,2258
2026-10-07,m5,花水湾圣索亚温泉大酒店,花水湾镇,同程,14:00,82,2237
2026-10-07,m5,花水湾圣索亚温泉大酒店,花水湾镇,携程,20:00,13,2660
2026-10-07,m5,花水湾圣索亚温泉大酒店,花水湾镇,美团,20:00,12,2616
2026-10-07,m5,花水湾圣索亚温泉大酒店,花水湾镇,飞猪,20:00,12,2671
2026-10-07,m5,花水湾圣索亚温泉大酒店,花水湾镇,去哪儿,20:00,12,2600
2026-10-07,m5,花水湾圣索亚温泉大酒店,花水湾镇,同程,20:00,12,2644
2026-10-08,m5,花水湾圣索亚温泉大酒店,花水湾镇,携程,00:00,125,2029
2026-10-08,m5,花水湾圣索亚温泉大酒店,花水湾镇,美团,00:00,125,1963
2026-10-08,m5,花水湾圣索亚温泉大酒店,花水湾镇,飞猪,00:00,126,2060
2026-10-08,m5,花水湾圣索亚温泉大酒店,花水湾镇,去哪儿,00:00,125,2001
2026-10-08,m5,花水湾圣索亚温泉大酒店,花水湾镇,同程,00:00,126,2029
2026-10-08,m5,花水湾圣索亚温泉大酒店,花水湾镇,携程,08:00,121,2045
2026-10-08,m5,花水湾圣索亚温泉大酒店,花水湾镇,美团,08:00,121,2011
2026-10-08,m5,花水湾圣索亚温泉大酒店,花水湾镇,飞猪,08:00,121,2048
2026-10-08,m5,花水湾圣索亚温泉大酒店,花水湾镇,去哪儿,08:00,121,2019
2026-10-08,m5,花水湾圣索亚温泉大酒店,花水湾镇,同程,08:00,121,2054
2026-10-08,m5,花水湾圣索亚温泉大酒店,花水湾镇,携程,14:00,88,2249
2026-10-08,m5,花水湾圣索亚温泉大酒店,花水湾镇,美团,14:00,88,2180
2026-10-08,m5,花水湾圣索亚温泉大酒店,花水湾镇,飞猪,14:00,88,2244
2026-10-08,m5,花水湾圣索亚温泉大酒店,花水湾镇,去哪儿,14:00,88,2246
2026-10-08,m5,花水湾圣索亚温泉大酒店,花水湾镇,同程,14:00,88,2193
2026-10-08,m5,花水湾圣索亚温泉大酒店,花水湾镇,携程,20:00,14,2663
2026-10-08,m5,花水湾圣索亚温泉大酒店,花水湾镇,美团,20:00,14,2624
2026-10-08,m5,花水湾圣索亚温泉大酒店,花水湾镇,飞猪,20:00,15,2634
2026-10-08,m5,花水湾圣索亚温泉大酒店,花水湾镇,去哪儿,20:00,14,2656
2026-10-08,m5,花水湾圣索亚温泉大酒店,花水湾镇,同程,20:00,14,2658
2026-10-09,m5,花水湾圣索亚温泉大酒店,花水湾镇,携程,00:00,141,973
2026-10-09,m5,花水湾圣索亚温泉大酒店,花水湾镇,美团,00:00,140,954
2026-10-09,m5,花水湾圣索亚温泉大酒店,花水湾镇,飞猪,00:00,140,991
2026-10-09,m5,花水湾圣索亚温泉大酒店,花水湾镇,去哪儿,00:00,140,987
2026-10-09,m5,花水湾圣索亚温泉大酒店,花水湾镇,同程,00:00,141,976
2026-10-09,m5,花水湾圣索亚温泉大酒店,花水湾镇,携程,08:00,135,1021
2026-10-09,m5,花水湾圣索亚温泉大酒店,花水湾镇,美团,08:00,135,987
2026-10-09,m5,花水湾圣索亚温泉大酒店,花水湾镇,飞猪,08:00,135,1001
2026-10-09,m5,花水湾圣索亚温泉大酒店,花水湾镇,去哪儿,08:00,135,971
2026-10-09,m5,花水湾圣索亚温泉大酒店,花水湾镇,同程,08:00,135,991
2026-10-09,m5,花水湾圣索亚温泉大酒店,花水湾镇,携程,14:00,111,1062
2026-10-09,m5,花水湾圣索亚温泉大酒店,花水湾镇,美团,14:00,111,1026
2026-10-09,m5,花水湾圣索亚温泉大酒店,花水湾镇,飞猪,14:00,112,1056
2026-10-09,m5,花水湾圣索亚温泉大酒店,花水湾镇,去哪儿,14:00,111,1045
2026-10-09,m5,花水湾圣索亚温泉大酒店,花水湾镇,同程,14:00,111,1046
2026-10-09,m5,花水湾圣索亚温泉大酒店,花水湾镇,携程,20:00,73,1188
2026-10-09,m5,花水湾圣索亚温泉大酒店,花水湾镇,美团,20:00,73,1137
2026-10-09,m5,花水湾圣索亚温泉大酒店,花水湾镇,飞猪,20:00,73,1176
2026-10-09,m5,花水湾圣索亚温泉大酒店,花水湾镇,去哪儿,20:00,73,1145
2026-10-09,m5,花水湾圣索亚温泉大酒店,花水湾镇,同程,20:00,73,1166
2026-10-10,m5,花水湾圣索亚温泉大酒店,花水湾镇,携程,00:00,123,1323
2026-10-10,m5,花水湾圣索亚温泉大酒店,花水湾镇,美团,00:00,124,1284
2026-10-10,m5,花水湾圣索亚温泉大酒店,花水湾镇,飞猪,00:00,123,1337
2026-10-10,m5,花水湾圣索亚温泉大酒店,花水湾镇,去哪儿,00:00,123,1339
2026-10-10,m5,花水湾圣索亚温泉大酒店,花水湾镇,同程,00:00,123,1311
2026-10-10,m5,花水湾圣索亚温泉大酒店,花水湾镇,携程,08:00,119,1360
2026-10-10,m5,花水湾圣索亚温泉大酒店,花水湾镇,美团,08:00,118,1333
2026-10-10,m5,花水湾圣索亚温泉大酒店,花水湾镇,飞猪,08:00,118,1352
2026-10-10,m5,花水湾圣索亚温泉大酒店,花水湾镇,去哪儿,08:00,118,1352
2026-10-10,m5,花水湾圣索亚温泉大酒店,花水湾镇,同程,08:00,119,1359
2026-10-10,m5,花水湾圣索亚温泉大酒店,花水湾镇,携程,14:00,83,1512
2026-10-10,m5,花水湾圣索亚温泉大酒店,花水湾镇,美团,14:00,82,1450
2026-10-10,m5,花水湾圣索亚温泉大酒店,花水湾镇,飞猪,14:00,82,1480
2026-10-10,m5,花水湾圣索亚温泉大酒店,花水湾镇,去哪儿,14:00,82,1466
2026-10-10,m5,花水湾圣索亚温泉大酒店,花水湾镇,同程,14:00,82,1444
2026-10-10,m5,花水湾圣索亚温泉大酒店,花水湾镇,携程,20:00,21,1726
2026-10-10,m5,花水湾圣索亚温泉大酒店,花水湾镇,美团,20:00,21,1626
2026-10-10,m5,花水湾圣索亚温泉大酒店,花水湾镇,飞猪,20:00,21,1717
2026-10-10,m5,花水湾圣索亚温泉大酒店,花水湾镇,去哪儿,20:00,21,1650
2026-10-10,m5,花水湾圣索亚温泉大酒店,花水湾镇,同程,20:00,21,1654
2026-10-11,m5,花水湾圣索亚温泉大酒店,花水湾镇,携程,00:00,123,1365
2026-10-11,m5,花水湾圣索亚温泉大酒店,花水湾镇,美团,00:00,124,1322
2026-10-11,m5,花水湾圣索亚温泉大酒店,花水湾镇,飞猪,00:00,124,1317
2026-10-11,m5,花水湾圣索亚温泉大酒店,花水湾镇,去哪儿,00:00,123,1297
2026-10-11,m5,花水湾圣索亚温泉大酒店,花水湾镇,同程,00:00,123,1326
2026-10-11,m5,花水湾圣索亚温泉大酒店,花水湾镇,携程,08:00,115,1358
2026-10-11,m5,花水湾圣索亚温泉大酒店,花水湾镇,美团,08:00,116,1326
2026-10-11,m5,花水湾圣索亚温泉大酒店,花水湾镇,飞猪,08:00,115,1375
2026-10-11,m5,花水湾圣索亚温泉大酒店,花水湾镇,去哪儿,08:00,115,1361
2026-10-11,m5,花水湾圣索亚温泉大酒店,花水湾镇,同程,08:00,116,1349
2026-10-11,m5,花水湾圣索亚温泉大酒店,花水湾镇,携程,14:00,88,1473
2026-10-11,m5,花水湾圣索亚温泉大酒店,花水湾镇,美团,14:00,88,1453
2026-10-11,m5,花水湾圣索亚温泉大酒店,花水湾镇,飞猪,14:00,88,1454
2026-10-11,m5,花水湾圣索亚温泉大酒店,花水湾镇,去哪儿,14:00,87,1424
2026-10-11,m5,花水湾圣索亚温泉大酒店,花水湾镇,同程,14:00,88,1452
2026-10-11,m5,花水湾圣索亚温泉大酒店,花水湾镇,携程,20:00,13,1717
2026-10-11,m5,花水湾圣索亚温泉大酒店,花水湾镇,美团,20:00,13,1651
2026-10-11,m5,花水湾圣索亚温泉大酒店,花水湾镇,飞猪,20:00,13,1731
2026-10-11,m5,花水湾圣索亚温泉大酒店,花水湾镇,去哪儿,20:00,13,1687
2026-10-11,m5,花水湾圣索亚温泉大酒店,花水湾镇,同程,20:00,13,1707
2026-10-12,m5,花水湾圣索亚温泉大酒店,花水湾镇,携程,00:00,142,976
2026-10-12,m5,花水湾圣索亚温泉大酒店,花水湾镇,美团,00:00,141,943
2026-10-12,m5,花水湾圣索亚温泉大酒店,花水湾镇,飞猪,00:00,141,993
2026-10-12,m5,花水湾圣索亚温泉大酒店,花水湾镇,去哪儿,00:00,141,959
2026-10-12,m5,花水湾圣索亚温泉大酒店,花水湾镇,同程,00:00,141,980
2026-10-12,m5,花水湾圣索亚温泉大酒店,花水湾镇,携程,08:00,134,1015
2026-10-12,m5,花水湾圣索亚温泉大酒店,花水湾镇,美团,08:00,135,982
2026-10-12,m5,花水湾圣索亚温泉大酒店,花水湾镇,飞猪,08:00,134,991
2026-10-12,m5,花水湾圣索亚温泉大酒店,花水湾镇,去哪儿,08:00,134,992
2026-10-12,m5,花水湾圣索亚温泉大酒店,花水湾镇,同程,08:00,134,987
2026-10-12,m5,花水湾圣索亚温泉大酒店,花水湾镇,携程,14:00,114,1058
2026-10-12,m5,花水湾圣索亚温泉大酒店,花水湾镇,美团,14:00,113,1037
2026-10-12,m5,花水湾圣索亚温泉大酒店,花水湾镇,飞猪,14:00,113,1060
2026-10-12,m5,花水湾圣索亚温泉大酒店,花水湾镇,去哪儿,14:00,113,1037
2026-10-12,m5,花水湾圣索亚温泉大酒店,花水湾镇,同程,14:00,113,1034
2026-10-12,m5,花水湾圣索亚温泉大酒店,花水湾镇,携程,20:00,62,1219
2026-10-12,m5,花水湾圣索亚温泉大酒店,花水湾镇,美团,20:00,62,1163
2026-10-12,m5,花水湾圣索亚温泉大酒店,花水湾镇,飞猪,20:00,62,1212
2026-10-12,m5,花水湾圣索亚温泉大酒店,花水湾镇,去哪儿,20:00,62,1182
2026-10-12,m5,花水湾圣索亚温泉大酒店,花水湾镇,同程,20:00,62,1188
2026-10-13,m5,花水湾圣索亚温泉大酒店,花水湾镇,携程,00:00,141,977
2026-10-13,m5,花水湾圣索亚温泉大酒店,花水湾镇,美团,00:00,141,957
2026-10-13,m5,花水湾圣索亚温泉大酒店,花水湾镇,飞猪,00:00,140,995
2026-10-13,m5,花水湾圣索亚温泉大酒店,花水湾镇,去哪儿,00:00,140,978
2026-10-13,m5,花水湾圣索亚温泉大酒店,花水湾镇,同程,00:00,141,962
2026-10-13,m5,花水湾圣索亚温泉大酒店,花水湾镇,携程,08:00,138,1002
2026-10-13,m5,花水湾圣索亚温泉大酒店,花水湾镇,美团,08:00,138,974
2026-10-13,m5,花水湾圣索亚温泉大酒店,花水湾镇,飞猪,08:00,138,973
2026-10-13,m5,花水湾圣索亚温泉大酒店,花水湾镇,去哪儿,08:00,138,993
2026-10-13,m5,花水湾圣索亚温泉大酒店,花水湾镇,同程,08:00,138,982
2026-10-13,m5,花水湾圣索亚温泉大酒店,花水湾镇,携程,14:00,108,1074
2026-10-13,m5,花水湾圣索亚温泉大酒店,花水湾镇,美团,14:00,108,1044
2026-10-13,m5,花水湾圣索亚温泉大酒店,花水湾镇,飞猪,14:00,108,1065
2026-10-13,m5,花水湾圣索亚温泉大酒店,花水湾镇,去哪儿,14:00,108,1059
2026-10-13,m5,花水湾圣索亚温泉大酒店,花水湾镇,同程,14:00,108,1075
2026-10-13,m5,花水湾圣索亚温泉大酒店,花水湾镇,携程,20:00,70,1175
2026-10-13,m5,花水湾圣索亚温泉大酒店,花水湾镇,美团,20:00,70,1129
2026-10-13,m5,花水湾圣索亚温泉大酒店,花水湾镇,飞猪,20:00,70,1161
2026-10-13,m5,花水湾圣索亚温泉大酒店,花水湾镇,去哪儿,20:00,70,1164
2026-10-13,m5,花水湾圣索亚温泉大酒店,花水湾镇,同程,20:00,70,1157
2026-10-14,m5,花水湾圣索亚温泉大酒店,花水湾镇,携程,00:00,145,994
2026-10-14,m5,花水湾圣索亚温泉大酒店,花水湾镇,美团,00:00,146,944
2026-10-14,m5,花水湾圣索亚温泉大酒店,花水湾镇,飞猪,00:00,146,973
2026-10-14,m5,花水湾圣索亚温泉大酒店,花水湾镇,去哪儿,00:00,145,950
2026-10-14,m5,花水湾圣索亚温泉大酒店,花水湾镇,同程,00:00,145,941
2026-10-14,m5,花水湾圣索亚温泉大酒店,花水湾镇,携程,08:00,145,972
2026-10-14,m5,花水湾圣索亚温泉大酒店,花水湾镇,美团,08:00,145,942
2026-10-14,m5,花水湾圣索亚温泉大酒店,花水湾镇,飞猪,08:00,145,959
2026-10-14,m5,花水湾圣索亚温泉大酒店,花水湾镇,去哪儿,08:00,145,967
2026-10-14,m5,花水湾圣索亚温泉大酒店,花水湾镇,同程,08:00,146,975
2026-10-14,m5,花水湾圣索亚温泉大酒店,花水湾镇,携程,14:00,124,1027
2026-10-14,m5,花水湾圣索亚温泉大酒店,花水湾镇,美团,14:00,125,1014
2026-10-14,m5,花水湾圣索亚温泉大酒店,花水湾镇,飞猪,14:00,124,1045
2026-10-14,m5,花水湾圣索亚温泉大酒店,花水湾镇,去哪儿,14:00,124,1003
2026-10-14,m5,花水湾圣索亚温泉大酒店,花水湾镇,同程,14:00,124,1005
2026-10-14,m5,花水湾圣索亚温泉大酒店,花水湾镇,携程,20:00,73,1196
2026-10-14,m5,花水湾圣索亚温泉大酒店,花水湾镇,美团,20:00,73,1136
2026-10-14,m5,花水湾圣索亚温泉大酒店,花水湾镇,飞猪,20:00,73,1162
2026-10-14,m5,花水湾圣索亚温泉大酒店,花水湾镇,去哪儿,20:00,73,1143
2026-10-14,m5,花水湾圣索亚温泉大酒店,花水湾镇,同程,20:00,74,1126
2026-10-15,m5,花水湾圣索亚温泉大酒店,花水湾镇,携程,00:00,140,998
2026-10-15,m5,花水湾圣索亚温泉大酒店,花水湾镇,美团,00:00,141,954
2026-10-15,m5,花水湾圣索亚温泉大酒店,花水湾镇,飞猪,00:00,140,999
2026-10-15,m5,花水湾圣索亚温泉大酒店,花水湾镇,去哪儿,00:00,140,956
2026-10-15,m5,花水湾圣索亚温泉大酒店,花水湾镇,同程,00:00,141,971
2026-10-15,m5,花水湾圣索亚温泉大酒店,花水湾镇,携程,08:00,136,995
2026-10-15,m5,花水湾圣索亚温泉大酒店,花水湾镇,美团,08:00,137,959
2026-10-15,m5,花水湾圣索亚温泉大酒店,花水湾镇,飞猪,08:00,136,980
2026-10-15,m5,花水湾圣索亚温泉大酒店,花水湾镇,去哪儿,08:00,136,974
2026-10-15,m5,花水湾圣索亚温泉大酒店,花水湾镇,同程,08:00,136,999
2026-10-15,m5,花水湾圣索亚温泉大酒店,花水湾镇,携程,14:00,116,1069
2026-10-15,m5,花水湾圣索亚温泉大酒店,花水湾镇,美团,14:00,117,1030
2026-10-15,m5,花水湾圣索亚温泉大酒店,花水湾镇,飞猪,14:00,116,1028
2026-10-15,m5,花水湾圣索亚温泉大酒店,花水湾镇,去哪儿,14:00,116,1049
2026-10-15,m5,花水湾圣索亚温泉大酒店,花水湾镇,同程,14:00,117,1049
2026-10-15,m5,花水湾圣索亚温泉大酒店,花水湾镇,携程,20:00,73,1176
2026-10-15,m5,花水湾圣索亚温泉大酒店,花水湾镇,美团,20:00,72,1156
2026-10-15,m5,花水湾圣索亚温泉大酒店,花水湾镇,飞猪,20:00,72,1144
2026-10-15,m5,花水湾圣索亚温泉大酒店,花水湾镇,去哪儿,20:00,72,1145
2026-10-15,m5,花水湾圣索亚温泉大酒店,花水湾镇,同程,20:00,73,1135
2026-10-16,m5,花水湾圣索亚温泉大酒店,花水湾镇,携程,00:00,141,997
2026-10-16,m5,花水湾圣索亚温泉大酒店,花水湾镇,美团,00:00,142,963
2026-10-16,m5,花水湾圣索亚温泉大酒店,花水湾镇,飞猪,00:00,141,992
2026-10-16,m5,花水湾圣索亚温泉大酒店,花水湾镇,去哪儿,00:00,141,987
2026-10-16,m5,花水湾圣索亚温泉大酒店,花水湾镇,同程,00:00,142,961
2026-10-16,m5,花水湾圣索亚温泉大酒店,花水湾镇,携程,08:00,136,991
2026-10-16,m5,花水湾圣索亚温泉大酒店,花水湾镇,美团,08:00,136,973
2026-10-16,m5,花水湾圣索亚温泉大酒店,花水湾镇,飞猪,08:00,137,974
2026-10-16,m5,花水湾圣索亚温泉大酒店,花水湾镇,去哪儿,08:00,136,999
2026-10-16,m5,花水湾圣索亚温泉大酒店,花水湾镇,同程,08:00,136,996
2026-10-16,m5,花水湾圣索亚温泉大酒店,花水湾镇,携程,14:00,109,1087
2026-10-16,m5,花水湾圣索亚温泉大酒店,花水湾镇,美团,14:00,109,1030
2026-10-16,m5,花水湾圣索亚温泉大酒店,花水湾镇,飞猪,14:00,108,1068
2026-10-16,m5,花水湾圣索亚温泉大酒店,花水湾镇,去哪儿,14:00,108,1054
2026-10-16,m5,花水湾圣索亚温泉大酒店,花水湾镇,同程,14:00,108,1035
2026-10-16,m5,花水湾圣索亚温泉大酒店,花水湾镇,携程,20:00,56,1204
2026-10-16,m5,花水湾圣索亚温泉大酒店,花水湾镇,美团,20:00,56,1166
2026-10-16,m5,花水湾圣索亚温泉大酒店,花水湾镇,飞猪,20:00,55,1194
2026-10-16,m5,花水湾圣索亚温泉大酒店,花水湾镇,去哪儿,20:00,55,1218
2026-10-16,m5,花水湾圣索亚温泉大酒店,花水湾镇,同程,20:00,55,1197
2026-10-17,m5,花水湾圣索亚温泉大酒店,花水湾镇,携程,00:00,127,1339
2026-10-17,m5,花水湾圣索亚温泉大酒店,花水湾镇,美团,00:00,128,1317
2026-10-17,m5,花水湾圣索亚温泉大酒店,花水湾镇,飞猪,00:00,127,1329
2026-10-17,m5,花水湾圣索亚温泉大酒店,花水湾镇,去哪儿,00:00,127,1315
2026-10-17,m5,花水湾圣索亚温泉大酒店,花水湾镇,同程,00:00,127,1305
2026-10-17,m5,花水湾圣索亚温泉大酒店,花水湾镇,携程,08:00,123,1354
2026-10-17,m5,花水湾圣索亚温泉大酒店,花水湾镇,美团,08:00,124,1308
2026-10-17,m5,花水湾圣索亚温泉大酒店,花水湾镇,飞猪,08:00,124,1307
2026-10-17,m5,花水湾圣索亚温泉大酒店,花水湾镇,去哪儿,08:00,123,1340
2026-10-17,m5,花水湾圣索亚温泉大酒店,花水湾镇,同程,08:00,123,1312
2026-10-17,m5,花水湾圣索亚温泉大酒店,花水湾镇,携程,14:00,90,1439
2026-10-17,m5,花水湾圣索亚温泉大酒店,花水湾镇,美团,14:00,90,1425
2026-10-17,m5,花水湾圣索亚温泉大酒店,花水湾镇,飞猪,14:00,91,1434
2026-10-17,m5,花水湾圣索亚温泉大酒店,花水湾镇,去哪儿,14:00,90,1445
2026-10-17,m5,花水湾圣索亚温泉大酒店,花水湾镇,同程,14:00,90,1414
2026-10-17,m5,花水湾圣索亚温泉大酒店,花水湾镇,携程,20:00,16,1703
2026-10-17,m5,花水湾圣索亚温泉大酒店,花水湾镇,美团,20:00,17,1647
2026-10-17,m5,花水湾圣索亚温泉大酒店,花水湾镇,飞猪,20:00,16,1729
2026-10-17,m5,花水湾圣索亚温泉大酒店,花水湾镇,去哪儿,20:00,16,1693
2026-10-17,m5,花水湾圣索亚温泉大酒店,花水湾镇,同程,20:00,17,1702
2026-10-18,m5,花水湾圣索亚温泉大酒店,花水湾镇,携程,00:00,126,1351
2026-10-18,m5,花水湾圣索亚温泉大酒店,花水湾镇,美团,00:00,126,1291
2026-10-18,m5,花水湾圣索亚温泉大酒店,花水湾镇,飞猪,00:00,125,1307
2026-10-18,m5,花水湾圣索亚温泉大酒店,花水湾镇,去哪儿,00:00,125,1308
2026-10-18,m5,花水湾圣索亚温泉大酒店,花水湾镇,同程,00:00,126,1334
2026-10-18,m5,花水湾圣索亚温泉大酒店,花水湾镇,携程,08:00,121,1348
2026-10-18,m5,花水湾圣索亚温泉大酒店,花水湾镇,美团,08:00,121,1325
2026-10-18,m5,花水湾圣索亚温泉大酒店,花水湾镇,飞猪,08:00,120,1363
2026-10-18,m5,花水湾圣索亚温泉大酒店,花水湾镇,去哪儿,08:00,120,1353
2026-10-18,m5,花水湾圣索亚温泉大酒店,花水湾镇,同程,08:00,121,1313
2026-10-18,m5,花水湾圣索亚温泉大酒店,花水湾镇,携程,14:00,85,1501
2026-10-18,m5,花水湾圣索亚温泉大酒店,花水湾镇,美团,14:00,85,1452
2026-10-18,m5,花水湾圣索亚温泉大酒店,花水湾镇,飞猪,14:00,85,1486
2026-10-18,m5,花水湾圣索亚温泉大酒店,花水湾镇,去哪儿,14:00,85,1452
2026-10-18,m5,花水湾圣索亚温泉大酒店,花水湾镇,同程,14:00,86,1450
2026-10-18,m5,花水湾圣索亚温泉大酒店,花水湾镇,携程,20:00,19,1718
2026-10-18,m5,花水湾圣索亚温泉大酒店,花水湾镇,美团,20:00,20,1671
2026-10-18,m5,花水湾圣索亚温泉大酒店,花水湾镇,飞猪,20:00,19,1728
2026-10-18,m5,花水湾圣索亚温泉大酒店,花水湾镇,去哪儿,20:00,19,1674
2026-10-18,m5,花水湾圣索亚温泉大酒店,花水湾镇,同程,20:00,20,1670
2026-10-19,m5,花水湾圣索亚温泉大酒店,花水湾镇,携程,00:00,145,966
2026-10-19,m5,花水湾圣索亚温泉大酒店,花水湾镇,美团,00:00,145,949
2026-10-19,m5,花水湾圣索亚温泉大酒店,花水湾镇,飞猪,00:00,144,958
2026-10-19,m5,花水湾圣索亚温泉大酒店,花水湾镇,去哪儿,00:00,144,976
2026-10-19,m5,花水湾圣索亚温泉大酒店,花水湾镇,同程,00:00,144,949
2026-10-19,m5,花水湾圣索亚温泉大酒店,花水湾镇,携程,08:00,141,1006
2026-10-19,m5,花水湾圣索亚温泉大酒店,花水湾镇,美团,08:00,141,957
2026-10-19,m5,花水湾圣索亚温泉大酒店,花水湾镇,飞猪,08:00,142,968
2026-10-19,m5,花水湾圣索亚温泉大酒店,花水湾镇,去哪儿,08:00,141,958
2026-10-19,m5,花水湾圣索亚温泉大酒店,花水湾镇,同程,08:00,141,969
2026-10-19,m5,花水湾圣索亚温泉大酒店,花水湾镇,携程,14:00,109,1061
2026-10-19,m5,花水湾圣索亚温泉大酒店,花水湾镇,美团,14:00,109,1045
2026-10-19,m5,花水湾圣索亚温泉大酒店,花水湾镇,飞猪,14:00,108,1055
2026-10-19,m5,花水湾圣索亚温泉大酒店,花水湾镇,去哪儿,14:00,108,1039
2026-10-19,m5,花水湾圣索亚温泉大酒店,花水湾镇,同程,14:00,109,1054
2026-10-19,m5,花水湾圣索亚温泉大酒店,花水湾镇,携程,20:00,66,1213
2026-10-19,m5,花水湾圣索亚温泉大酒店,花水湾镇,美团,20:00,66,1155
2026-10-19,m5,花水湾圣索亚温泉大酒店,花水湾镇,飞猪,20:00,66,1202
2026-10-19,m5,花水湾圣索亚温泉大酒店,花水湾镇,去哪儿,20:00,66,1176
2026-10-19,m5,花水湾圣索亚温泉大酒店,花水湾镇,同程,20:00,66,1149
2026-10-20,m5,花水湾圣索亚温泉大酒店,花水湾镇,携程,00:00,137,1000
2026-10-20,m5,花水湾圣索亚温泉大酒店,花水湾镇,美团,00:00,137,962
2026-10-20,m5,花水湾圣索亚温泉大酒店,花水湾镇,飞猪,00:00,137,1008
2026-10-20,m5,花水湾圣索亚温泉大酒店,花水湾镇,去哪儿,00:00,137,998
2026-10-20,m5,花水湾圣索亚温泉大酒店,花水湾镇,同程,00:00,138,974
2026-10-20,m5,花水湾圣索亚温泉大酒店,花水湾镇,携程,08:00,134,1013
2026-10-20,m5,花水湾圣索亚温泉大酒店,花水湾镇,美团,08:00,135,994
2026-10-20,m5,花水湾圣索亚温泉大酒店,花水湾镇,飞猪,08:00,134,990
2026-10-20,m5,花水湾圣索亚温泉大酒店,花水湾镇,去哪儿,08:00,134,982
2026-10-20,m5,花水湾圣索亚温泉大酒店,花水湾镇,同程,08:00,134,1004
2026-10-20,m5,花水湾圣索亚温泉大酒店,花水湾镇,携程,14:00,106,1071
2026-10-20,m5,花水湾圣索亚温泉大酒店,花水湾镇,美团,14:00,107,1038
2026-10-20,m5,花水湾圣索亚温泉大酒店,花水湾镇,飞猪,14:00,107,1071
2026-10-20,m5,花水湾圣索亚温泉大酒店,花水湾镇,去哪儿,14:00,106,1078
2026-10-20,m5,花水湾圣索亚温泉大酒店,花水湾镇,同程,14:00,107,1047
2026-10-20,m5,花水湾圣索亚温泉大酒店,花水湾镇,携程,20:00,70,1171
2026-10-20,m5,花水湾圣索亚温泉大酒店,花水湾镇,美团,20:00,70,1139
2026-10-20,m5,花水湾圣索亚温泉大酒店,花水湾镇,飞猪,20:00,71,1185
2026-10-20,m5,花水湾圣索亚温泉大酒店,花水湾镇,去哪儿,20:00,70,1153
2026-10-20,m5,花水湾圣索亚温泉大酒店,花水湾镇,同程,20:00,71,1168
2026-10-21,m5,花水湾圣索亚温泉大酒店,花水湾镇,携程,00:00,142,1001
2026-10-21,m5,花水湾圣索亚温泉大酒店,花水湾镇,美团,00:00,142,971
2026-10-21,m5,花水湾圣索亚温泉大酒店,花水湾镇,飞猪,00:00,141,976
2026-10-21,m5,花水湾圣索亚温泉大酒店,花水湾镇,去哪儿,00:00,141,967
2026-10-21,m5,花水湾圣索亚温泉大酒店,花水湾镇,同程,00:00,141,983
2026-10-21,m5,花水湾圣索亚温泉大酒店,花水湾镇,携程,08:00,132,993
2026-10-21,m5,花水湾圣索亚温泉大酒店,花水湾镇,美团,08:00,132,967
2026-10-21,m5,花水湾圣索亚温泉大酒店,花水湾镇,飞猪,08:00,133,991
2026-10-21,m5,花水湾圣索亚温泉大酒店,花水湾镇,去哪儿,08:00,132,984
2026-10-21,m5,花水湾圣索亚温泉大酒店,花水湾镇,同程,08:00,132,1010
2026-10-21,m5,花水湾圣索亚温泉大酒店,花水湾镇,携程,14:00,116,1057
2026-10-21,m5,花水湾圣索亚温泉大酒店,花水湾镇,美团,14:00,116,1014
2026-10-21,m5,花水湾圣索亚温泉大酒店,花水湾镇,飞猪,14:00,116,1053
2026-10-21,m5,花水湾圣索亚温泉大酒店,花水湾镇,去哪儿,14:00,116,1039
2026-10-21,m5,花水湾圣索亚温泉大酒店,花水湾镇,同程,14:00,117,1032
2026-10-21,m5,花水湾圣索亚温泉大酒店,花水湾镇,携程,20:00,74,1159
2026-10-21,m5,花水湾圣索亚温泉大酒店,花水湾镇,美团,20:00,75,1115
2026-10-21,m5,花水湾圣索亚温泉大酒店,花水湾镇,飞猪,20:00,74,1163
2026-10-21,m5,花水湾圣索亚温泉大酒店,花水湾镇,去哪儿,20:00,74,1126
2026-10-21,m5,花水湾圣索亚温泉大酒店,花水湾镇,同程,20:00,74,1144
2026-10-22,m5,花水湾圣索亚温泉大酒店,花水湾镇,携程,00:00,139,990
2026-10-22,m5,花水湾圣索亚温泉大酒店,花水湾镇,美团,00:00,140,979
2026-10-22,m5,花水湾圣索亚温泉大酒店,花水湾镇,飞猪,00:00,140,1002
2026-10-22,m5,花水湾圣索亚温泉大酒店,花水湾镇,去哪儿,00:00,139,970
2026-10-22,m5,花水湾圣索亚温泉大酒店,花水湾镇,同程,00:00,139,957
2026-10-22,m5,花水湾圣索亚温泉大酒店,花水湾镇,携程,08:00,137,1007
2026-10-22,m5,花水湾圣索亚温泉大酒店,花水湾镇,美团,08:00,137,990
2026-10-22,m5,花水湾圣索亚温泉大酒店,花水湾镇,飞猪,08:00,136,994
2026-10-22,m5,花水湾圣索亚温泉大酒店,花水湾镇,去哪儿,08:00,136,967
2026-10-22,m5,花水湾圣索亚温泉大酒店,花水湾镇,同程,08:00,137,993
2026-10-22,m5,花水湾圣索亚温泉大酒店,花水湾镇,携程,14:00,118,1049
2026-10-22,m5,花水湾圣索亚温泉大酒店,花水湾镇,美团,14:00,119,1003
2026-10-22,m5,花水湾圣索亚温泉大酒店,花水湾镇,飞猪,14:00,118,1046
2026-10-22,m5,花水湾圣索亚温泉大酒店,花水湾镇,去哪儿,14:00,118,1014
2026-10-22,m5,花水湾圣索亚温泉大酒店,花水湾镇,同程,14:00,118,1014
2026-10-22,m5,花水湾圣索亚温泉大酒店,花水湾镇,携程,20:00,85,1126
2026-10-22,m5,花水湾圣索亚温泉大酒店,花水湾镇,美团,20:00,84,1095
2026-10-22,m5,花水湾圣索亚温泉大酒店,花水湾镇,飞猪,20:00,84,1150
2026-10-22,m5,花水湾圣索亚温泉大酒店,花水湾镇,去哪儿,20:00,84,1109
2026-10-22,m5,花水湾圣索亚温泉大酒店,花水湾镇,同程,20:00,84,1108
2026-10-23,m5,花水湾圣索亚温泉大酒店,花水湾镇,携程,00:00,148,973
2026-10-23,m5,花水湾圣索亚温泉大酒店,花水湾镇,美团,00:00,149,947
2026-10-23,m5,花水湾圣索亚温泉大酒店,花水湾镇,飞猪,00:00,148,963
2026-10-23,m5,花水湾圣索亚温泉大酒店,花水湾镇,去哪儿,00:00,148,939
2026-10-23,m5,花水湾圣索亚温泉大酒店,花水湾镇,同程,00:00,149,969
2026-10-23,m5,花水湾圣索亚温泉大酒店,花水湾镇,携程,08:00,146,956
2026-10-23,m5,花水湾圣索亚温泉大酒店,花水湾镇,美团,08:00,146,960
2026-10-23,m5,花水湾圣索亚温泉大酒店,花水湾镇,飞猪,08:00,146,975
2026-10-23,m5,花水湾圣索亚温泉大酒店,花水湾镇,去哪儿,08:00,146,951
2026-10-23,m5,花水湾圣索亚温泉大酒店,花水湾镇,同程,08:00,146,951
2026-10-23,m5,花水湾圣索亚温泉大酒店,花水湾镇,携程,14:00,124,1023
2026-10-23,m5,花水湾圣索亚温泉大酒店,花水湾镇,美团,14:00,123,1005
2026-10-23,m5,花水湾圣索亚温泉大酒店,花水湾镇,飞猪,14:00,123,1008
2026-10-23,m5,花水湾圣索亚温泉大酒店,花水湾镇,去哪儿,14:00,123,1026
2026-10-23,m5,花水湾圣索亚温泉大酒店,花水湾镇,同程,14:00,123,1018
2026-10-23,m5,花水湾圣索亚温泉大酒店,花水湾镇,携程,20:00,68,1167
2026-10-23,m5,花水湾圣索亚温泉大酒店,花水湾镇,美团,20:00,69,1151
2026-10-23,m5,花水湾圣索亚温泉大酒店,花水湾镇,飞猪,20:00,68,1192
2026-10-23,m5,花水湾圣索亚温泉大酒店,花水湾镇,去哪儿,20:00,68,1183
2026-10-23,m5,花水湾圣索亚温泉大酒店,花水湾镇,同程,20:00,69,1151
2026-10-24,m5,花水湾圣索亚温泉大酒店,花水湾镇,携程,00:00,130,1328
2026-10-24,m5,花水湾圣索亚温泉大酒店,花水湾镇,美团,00:00,130,1260
2026-10-24,m5,花水湾圣索亚温泉大酒店,花水湾镇,飞猪,00:00,131,1291
2026-10-24,m5,花水湾圣索亚温泉大酒店,花水湾镇,去哪儿,00:00,130,1270
2026-10-24,m5,花水湾圣索亚温泉大酒店,花水湾镇,同程,00:00,131,1270
2026-10-24,m5,花水湾圣索亚温泉大酒店,花水湾镇,携程,08:00,125,1343
2026-10-24,m5,花水湾圣索亚温泉大酒店,花水湾镇,美团,08:00,126,1277
2026-10-24,m5,花水湾圣索亚温泉大酒店,花水湾镇,飞猪,08:00,126,1304
2026-10-24,m5,花水湾圣索亚温泉大酒店,花水湾镇,去哪儿,08:00,125,1336
2026-10-24,m5,花水湾圣索亚温泉大酒店,花水湾镇,同程,08:00,125,1303
2026-10-24,m5,花水湾圣索亚温泉大酒店,花水湾镇,携程,14:00,82,1471
2026-10-24,m5,花水湾圣索亚温泉大酒店,花水湾镇,美团,14:00,82,1457
2026-10-24,m5,花水湾圣索亚温泉大酒店,花水湾镇,飞猪,14:00,82,1449
2026-10-24,m5,花水湾圣索亚温泉大酒店,花水湾镇,去哪儿,14:00,82,1433
2026-10-24,m5,花水湾圣索亚温泉大酒店,花水湾镇,同程,14:00,82,1482
2026-10-24,m5,花水湾圣索亚温泉大酒店,花水湾镇,携程,20:00,20,1697
2026-10-24,m5,花水湾圣索亚温泉大酒店,花水湾镇,美团,20:00,19,1692
2026-10-24,m5,花水湾圣索亚温泉大酒店,花水湾镇,飞猪,20:00,19,1668
2026-10-24,m5,花水湾圣索亚温泉大酒店,花水湾镇,去哪儿,20:00,19,1654
2026-10-24,m5,花水湾圣索亚温泉大酒店,花水湾镇,同程,20:00,20,1657
2026-10-25,m5,花水湾圣索亚温泉大酒店,花水湾镇,携程,00:00,130,1336
2026-10-25,m5,花水湾圣索亚温泉大酒店,花水湾镇,美团,00:00,131,1276
2026-10-25,m5,花水湾圣索亚温泉大酒店,花水湾镇,飞猪,00:00,130,1306
2026-10-25,m5,花水湾圣索亚温泉大酒店,花水湾镇,去哪儿,00:00,130,1287
2026-10-25,m5,花水湾圣索亚温泉大酒店,花水湾镇,同程,00:00,130,1312
2026-10-25,m5,花水湾圣索亚温泉大酒店,花水湾镇,携程,08:00,124,1345
2026-10-25,m5,花水湾圣索亚温泉大酒店,花水湾镇,美团,08:00,125,1308
2026-10-25,m5,花水湾圣索亚温泉大酒店,花水湾镇,飞猪,08:00,124,1304
2026-10-25,m5,花水湾圣索亚温泉大酒店,花水湾镇,去哪儿,08:00,124,1339
2026-10-25,m5,花水湾圣索亚温泉大酒店,花水湾镇,同程,08:00,124,1330
2026-10-25,m5,花水湾圣索亚温泉大酒店,花水湾镇,携程,14:00,93,1423
2026-10-25,m5,花水湾圣索亚温泉大酒店,花水湾镇,美团,14:00,93,1404
2026-10-25,m5,花水湾圣索亚温泉大酒店,花水湾镇,飞猪,14:00,93,1440
2026-10-25,m5,花水湾圣索亚温泉大酒店,花水湾镇,去哪儿,14:00,93,1403
2026-10-25,m5,花水湾圣索亚温泉大酒店,花水湾镇,同程,14:00,93,1435
2026-10-25,m5,花水湾圣索亚温泉大酒店,花水湾镇,携程,20:00,15,1745
2026-10-25,m5,花水湾圣索亚温泉大酒店,花水湾镇,美团,20:00,15,1648
2026-10-25,m5,花水湾圣索亚温泉大酒店,花水湾镇,飞猪,20:00,16,1709
2026-10-25,m5,花水湾圣索亚温泉大酒店,花水湾镇,去哪儿,20:00,15,1683
2026-10-25,m5,花水湾圣索亚温泉大酒店,花水湾镇,同程,20:00,16,1684
2026-10-26,m5,花水湾圣索亚温泉大酒店,花水湾镇,携程,00:00,137,1009
2026-10-26,m5,花水湾圣索亚温泉大酒店,花水湾镇,美团,00:00,138,974
2026-10-26,m5,花水湾圣索亚温泉大酒店,花水湾镇,飞猪,00:00,137,971
2026-10-26,m5,花水湾圣索亚温泉大酒店,花水湾镇,去哪儿,00:00,137,964
2026-10-26,m5,花水湾圣索亚温泉大酒店,花水湾镇,同程,00:00,137,971
2026-10-26,m5,花水湾圣索亚温泉大酒店,花水湾镇,携程,08:00,132,994
2026-10-26,m5,花水湾圣索亚温泉大酒店,花水湾镇,美团,08:00,133,979
2026-10-26,m5,花水湾圣索亚温泉大酒店,花水湾镇,飞猪,08:00,132,1020
2026-10-26,m5,花水湾圣索亚温泉大酒店,花水湾镇,去哪儿,08:00,132,1010
2026-10-26,m5,花水湾圣索亚温泉大酒店,花水湾镇,同程,08:00,133,983
2026-10-26,m5,花水湾圣索亚温泉大酒店,花水湾镇,携程,14:00,112,1069
2026-10-26,m5,花水湾圣索亚温泉大酒店,花水湾镇,美团,14:00,112,1054
2026-10-26,m5,花水湾圣索亚温泉大酒店,花水湾镇,飞猪,14:00,111,1055
2026-10-26,m5,花水湾圣索亚温泉大酒店,花水湾镇,去哪儿,14:00,111,1057
2026-10-26,m5,花水湾圣索亚温泉大酒店,花水湾镇,同程,14:00,112,1047
2026-10-26,m5,花水湾圣索亚温泉大酒店,花水湾镇,携程,20:00,64,1202
2026-10-26,m5,花水湾圣索亚温泉大酒店,花水湾镇,美团,20:00,65,1163
2026-10-26,m5,花水湾圣索亚温泉大酒店,花水湾镇,飞猪,20:00,64,1194
2026-10-26,m5,花水湾圣索亚温泉大酒店,花水湾镇,去哪儿,20:00,64,1152
2026-10-26,m5,花水湾圣索亚温泉大酒店,花水湾镇,同程,20:00,64,1187
2026-10-27,m5,花水湾圣索亚温泉大酒店,花水湾镇,携程,00:00,135,985
2026-10-27,m5,花水湾圣索亚温泉大酒店,花水湾镇,美团,00:00,135,956
2026-10-27,m5,花水湾圣索亚温泉大酒店,花水湾镇,飞猪,00:00,135,980
2026-10-27,m5,花水湾圣索亚温泉大酒店,花水湾镇,去哪儿,00:00,135,993
2026-10-27,m5,花水湾圣索亚温泉大酒店,花水湾镇,同程,00:00,136,973
2026-10-27,m5,花水湾圣索亚温泉大酒店,花水湾镇,携程,08:00,128,1009
2026-10-27,m5,花水湾圣索亚温泉大酒店,花水湾镇,美团,08:00,128,993
2026-10-27,m5,花水湾圣索亚温泉大酒店,花水湾镇,飞猪,08:00,128,1009
2026-10-27,m5,花水湾圣索亚温泉大酒店,花水湾镇,去哪儿,08:00,128,1012
2026-10-27,m5,花水湾圣索亚温泉大酒店,花水湾镇,同程,08:00,129,990
2026-10-27,m5,花水湾圣索亚温泉大酒店,花水湾镇,携程,14:00,112,1050
2026-10-27,m5,花水湾圣索亚温泉大酒店,花水湾镇,美团,14:00,113,1044
2026-10-27,m5,花水湾圣索亚温泉大酒店,花水湾镇,飞猪,14:00,112,1037
2026-10-27,m5,花水湾圣索亚温泉大酒店,花水湾镇,去哪儿,14:00,112,1034
2026-10-27,m5,花水湾圣索亚温泉大酒店,花水湾镇,同程,14:00,113,1062
2026-10-27,m5,花水湾圣索亚温泉大酒店,花水湾镇,携程,20:00,67,1190
2026-10-27,m5,花水湾圣索亚温泉大酒店,花水湾镇,美团,20:00,68,1175
2026-10-27,m5,花水湾圣索亚温泉大酒店,花水湾镇,飞猪,20:00,67,1179
2026-10-27,m5,花水湾圣索亚温泉大酒店,花水湾镇,去哪儿,20:00,67,1142
2026-10-27,m5,花水湾圣索亚温泉大酒店,花水湾镇,同程,20:00,68,1162
2026-10-28,m5,花水湾圣索亚温泉大酒店,花水湾镇,携程,00:00,142,997
2026-10-28,m5,花水湾圣索亚温泉大酒店,花水湾镇,美团,00:00,143,959
2026-10-28,m5,花水湾圣索亚温泉大酒店,花水湾镇,飞猪,00:00,143,959
2026-10-28,m5,花水湾圣索亚温泉大酒店,花水湾镇,去哪儿,00:00,142,953
2026-10-28,m5,花水湾圣索亚温泉大酒店,花水湾镇,同程,00:00,142,979
2026-10-28,m5,花水湾圣索亚温泉大酒店,花水湾镇,携程,08:00,137,1009
2026-10-28,m5,花水湾圣索亚温泉大酒店,花水湾镇,美团,08:00,138,961
2026-10-28,m5,花水湾圣索亚温泉大酒店,花水湾镇,飞猪,08:00,138,990
2026-10-28,m5,花水湾圣索亚温泉大酒店,花水湾镇,去哪儿,08:00,137,989
2026-10-28,m5,花水湾圣索亚温泉大酒店,花水湾镇,同程,08:00,138,969
2026-10-28,m5,花水湾圣索亚温泉大酒店,花水湾镇,携程,14:00,114,1059
2026-10-28,m5,花水湾圣索亚温泉大酒店,花水湾镇,美团,14:00,114,1046
2026-10-28,m5,花水湾圣索亚温泉大酒店,花水湾镇,飞猪,14:00,114,1054
2026-10-28,m5,花水湾圣索亚温泉大酒店,花水湾镇,去哪儿,14:00,114,1027
2026-10-28,m5,花水湾圣索亚温泉大酒店,花水湾镇,同程,14:00,114,1038
2026-10-28,m5,花水湾圣索亚温泉大酒店,花水湾镇,携程,20:00,79,1176
2026-10-28,m5,花水湾圣索亚温泉大酒店,花水湾镇,美团,20:00,79,1100
2026-10-28,m5,花水湾圣索亚温泉大酒店,花水湾镇,飞猪,20:00,80,1159
2026-10-28,m5,花水湾圣索亚温泉大酒店,花水湾镇,去哪儿,20:00,79,1119
2026-10-28,m5,花水湾圣索亚温泉大酒店,花水湾镇,同程,20:00,79,1134
2026-10-29,m5,花水湾圣索亚温泉大酒店,花水湾镇,携程,00:00,141,976
2026-10-29,m5,花水湾圣索亚温泉大酒店,花水湾镇,美团,00:00,142,958
2026-10-29,m5,花水湾圣索亚温泉大酒店,花水湾镇,飞猪,00:00,141,997
2026-10-29,m5,花水湾圣索亚温泉大酒店,花水湾镇,去哪儿,00:00,141,963
2026-10-29,m5,花水湾圣索亚温泉大酒店,花水湾镇,同程,00:00,141,966
2026-10-29,m5,花水湾圣索亚温泉大酒店,花水湾镇,携程,08:00,137,996
2026-10-29,m5,花水湾圣索亚温泉大酒店,花水湾镇,美团,08:00,137,967
2026-10-29,m5,花水湾圣索亚温泉大酒店,花水湾镇,飞猪,08:00,137,982
2026-10-29,m5,花水湾圣索亚温泉大酒店,花水湾镇,去哪儿,08:00,137,973
2026-10-29,m5,花水湾圣索亚温泉大酒店,花水湾镇,同程,08:00,138,986
2026-10-29,m5,花水湾圣索亚温泉大酒店,花水湾镇,携程,14:00,107,1089
2026-10-29,m5,花水湾圣索亚温泉大酒店,花水湾镇,美团,14:00,106,1031
2026-10-29,m5,花水湾圣索亚温泉大酒店,花水湾镇,飞猪,14:00,107,1083
2026-10-29,m5,花水湾圣索亚温泉大酒店,花水湾镇,去哪儿,14:00,106,1040
2026-10-29,m5,花水湾圣索亚温泉大酒店,花水湾镇,同程,14:00,106,1065
2026-10-29,m5,花水湾圣索亚温泉大酒店,花水湾镇,携程,20:00,67,1173
2026-10-29,m5,花水湾圣索亚温泉大酒店,花水湾镇,美团,20:00,68,1170
2026-10-29,m5,花水湾圣索亚温泉大酒店,花水湾镇,飞猪,20:00,67,1177
2026-10-29,m5,花水湾圣索亚温泉大酒店,花水湾镇,去哪儿,20:00,67,1187
2026-10-29,m5,花水湾圣索亚温泉大酒店,花水湾镇,同程,20:00,68,1186
2026-10-30,m5,花水湾圣索亚温泉大酒店,花水湾镇,携程,00:00,134,1021
2026-10-30,m5,花水湾圣索亚温泉大酒店,花水湾镇,美团,00:00,134,983
2026-10-30,m5,花水湾圣索亚温泉大酒店,花水湾镇,飞猪,00:00,134,1010
2026-10-30,m5,花水湾圣索亚温泉大酒店,花水湾镇,去哪儿,00:00,134,986
2026-10-30,m5,花水湾圣索亚温泉大酒店,花水湾镇,同程,00:00,135,986
2026-10-30,m5,花水湾圣索亚温泉大酒店,花水湾镇,携程,08:00,131,1005
2026-10-30,m5,花水湾圣索亚温泉大酒店,花水湾镇,美团,08:00,131,976
2026-10-30,m5,花水湾圣索亚温泉大酒店,花水湾镇,飞猪,08:00,131,1016
2026-10-30,m5,花水湾圣索亚温泉大酒店,花水湾镇,去哪儿,08:00,131,985
2026-10-30,m5,花水湾圣索亚温泉大酒店,花水湾镇,同程,08:00,131,1000
2026-10-30,m5,花水湾圣索亚温泉大酒店,花水湾镇,携程,14:00,110,1062
2026-10-30,m5,花水湾圣索亚温泉大酒店,花水湾镇,美团,14:00,110,1040
2026-10-30,m5,花水湾圣索亚温泉大酒店,花水湾镇,飞猪,14:00,110,1079
2026-10-30,m5,花水湾圣索亚温泉大酒店,花水湾镇,去哪儿,14:00,110,1045
2026-10-30,m5,花水湾圣索亚温泉大酒店,花水湾镇,同程,14:00,110,1032
2026-10-30,m5,花水湾圣索亚温泉大酒店,花水湾镇,携程,20:00,75,1144
2026-10-30,m5,花水湾圣索亚温泉大酒店,花水湾镇,美团,20:00,76,1129
2026-10-30,m5,花水湾圣索亚温泉大酒店,花水湾镇,飞猪,20:00,75,1149
2026-10-30,m5,花水湾圣索亚温泉大酒店,花水湾镇,去哪儿,20:00,75,1156
2026-10-30,m5,花水湾圣索亚温泉大酒店,花水湾镇,同程,20:00,75,1122
2026-10-31,m5,花水湾圣索亚温泉大酒店,花水湾镇,携程,00:00,128,1343
2026-10-31,m5,花水湾圣索亚温泉大酒店,花水湾镇,美团,00:00,128,1285
2026-10-31,m5,花水湾圣索亚温泉大酒店,花水湾镇,飞猪,00:00,127,1302
2026-10-31,m5,花水湾圣索亚温泉大酒店,花水湾镇,去哪儿,00:00,127,1301
2026-10-31,m5,花水湾圣索亚温泉大酒店,花水湾镇,同程,00:00,128,1321
2026-10-31,m5,花水湾圣索亚温泉大酒店,花水湾镇,携程,08:00,116,1396
2026-10-31,m5,花水湾圣索亚温泉大酒店,花水湾镇,美团,08:00,115,1330
2026-10-31,m5,花水湾圣索亚温泉大酒店,花水湾镇,飞猪,08:00,115,1333
2026-10-31,m5,花水湾圣索亚温泉大酒店,花水湾镇,去哪儿,08:00,115,1333
2026-10-31,m5,花水湾圣索亚温泉大酒店,花水湾镇,同程,08:00,115,1356
2026-10-31,m5,花水湾圣索亚温泉大酒店,花水湾镇,携程,14:00,71,1555
2026-10-31,m5,花水湾圣索亚温泉大酒店,花水湾镇,美团,14:00,71,1513
2026-10-31,m5,花水湾圣索亚温泉大酒店,花水湾镇,飞猪,14:00,70,1497
2026-10-31,m5,花水湾圣索亚温泉大酒店,花水湾镇,去哪儿,14:00,70,1526
2026-10-31,m5,花水湾圣索亚温泉大酒店,花水湾镇,同程,14:00,71,1479
2026-10-31,m5,花水湾圣索亚温泉大酒店,花水湾镇,携程,20:00,16,1730
2026-10-31,m5,花水湾圣索亚温泉大酒店,花水湾镇,美团,20:00,17,1644
2026-10-31,m5,花水湾圣索亚温泉大酒店,花水湾镇,飞猪,20:00,16,1686
2026-10-31,m5,花水湾圣索亚温泉大酒店,花水湾镇,去哪儿,20:00,16,1711
2026-10-31,m5,花水湾圣索亚温泉大酒店,花水湾镇,同程,20:00,16,1690
2026-10-01,m6,花水湾果园农家乐,花水湾镇,途家,00:00,7,593
2026-10-01,m6,花水湾果园农家乐,花水湾镇,途家,08:00,6,629
2026-10-01,m6,花水湾果园农家乐,花水湾镇,途家,14:00,6,621
2026-10-01,m6,花水湾果园农家乐,花水湾镇,途家,20:00,1,757
2026-10-02,m6,花水湾果园农家乐,花水湾镇,途家,00:00,8,568
2026-10-02,m6,花水湾果园农家乐,花水湾镇,途家,08:00,7,596
2026-10-02,m6,花水湾果园农家乐,花水湾镇,途家,14:00,5,661
2026-10-02,m6,花水湾果园农家乐,花水湾镇,途家,20:00,0,805
2026-10-03,m6,花水湾果园农家乐,花水湾镇,途家,00:00,8,574
2026-10-03,m6,花水湾果园农家乐,花水湾镇,途家,08:00,8,585
2026-10-03,m6,花水湾果园农家乐,花水湾镇,途家,14:00,5,666
2026-10-03,m6,花水湾果园农家乐,花水湾镇,途家,20:00,1,761
2026-10-04,m6,花水湾果园农家乐,花水湾镇,途家,00:00,6,627
2026-10-04,m6,花水湾果园农家乐,花水湾镇,途家,08:00,5,658
2026-10-04,m6,花水湾果园农家乐,花水湾镇,途家,14:00,4,695
2026-10-04,m6,花水湾果园农家乐,花水湾镇,途家,20:00,1,765
2026-10-05,m6,花水湾果园农家乐,花水湾镇,途家,00:00,6,642
2026-10-05,m6,花水湾果园农家乐,花水湾镇,途家,08:00,6,619
2026-10-05,m6,花水湾果园农家乐,花水湾镇,途家,14:00,5,646
2026-10-05,m6,花水湾果园农家乐,花水湾镇,途家,20:00,2,741
2026-10-06,m6,花水湾果园农家乐,花水湾镇,途家,00:00,8,575
2026-10-06,m6,花水湾果园农家乐,花水湾镇,途家,08:00,6,642
2026-10-06,m6,花水湾果园农家乐,花水湾镇,途家,14:00,4,686
2026-10-06,m6,花水湾果园农家乐,花水湾镇,途家,20:00,0,798
2026-10-07,m6,花水湾果园农家乐,花水湾镇,途家,00:00,8,582
2026-10-07,m6,花水湾果园农家乐,花水湾镇,途家,08:00,8,565
2026-10-07,m6,花水湾果园农家乐,花水湾镇,途家,14:00,7,593
2026-10-07,m6,花水湾果园农家乐,花水湾镇,途家,20:00,1,759
2026-10-08,m6,花水湾果园农家乐,花水湾镇,途家,00:00,9,545
2026-10-08,m6,花水湾果园农家乐,花水湾镇,途家,08:00,9,559
2026-10-08,m6,花水湾果园农家乐,花水湾镇,途家,14:00,7,599
2026-10-08,m6,花水湾果园农家乐,花水湾镇,途家,20:00,0,798
2026-10-09,m6,花水湾果园农家乐,花水湾镇,途家,00:00,9,276
2026-10-09,m6,花水湾果园农家乐,花水湾镇,途家,08:00,9,275
2026-10-09,m6,花水湾果园农家乐,花水湾镇,途家,14:00,9,273
2026-10-09,m6,花水湾果园农家乐,花水湾镇,途家,20:00,7,306
2026-10-10,m6,花水湾果园农家乐,花水湾镇,途家,00:00,5,425
2026-10-10,m6,花水湾果园农家乐,花水湾镇,途家,08:00,5,426
2026-10-10,m6,花水湾果园农家乐,花水湾镇,途家,14:00,4,449
2026-10-10,m6,花水湾果园农家乐,花水湾镇,途家,20:00,2,483
2026-10-11,m6,花水湾果园农家乐,花水湾镇,途家,00:00,8,368
2026-10-11,m6,花水湾果园农家乐,花水湾镇,途家,08:00,8,370
2026-10-11,m6,花水湾果园农家乐,花水湾镇,途家,14:00,6,413
2026-10-11,m6,花水湾果园农家乐,花水湾镇,途家,20:00,2,480
2026-10-12,m6,花水湾果园农家乐,花水湾镇,途家,00:00,8,283
2026-10-12,m6,花水湾果园农家乐,花水湾镇,途家,08:00,8,289
2026-10-12,m6,花水湾果园农家乐,花水湾镇,途家,14:00,7,297
2026-10-12,m6,花水湾果园农家乐,花水湾镇,途家,20:00,2,376
2026-10-13,m6,花水湾果园农家乐,花水湾镇,途家,00:00,8,283
2026-10-13,m6,花水湾果园农家乐,花水湾镇,途家,08:00,8,290
2026-10-13,m6,花水湾果园农家乐,花水湾镇,途家,14:00,8,292
2026-10-13,m6,花水湾果园农家乐,花水湾镇,途家,20:00,7,298
2026-10-14,m6,花水湾果园农家乐,花水湾镇,途家,00:00,9,270
2026-10-14,m6,花水湾果园农家乐,花水湾镇,途家,08:00,7,303
2026-10-14,m6,花水湾果园农家乐,花水湾镇,途家,14:00,6,317
2026-10-14,m6,花水湾果园农家乐,花水湾镇,途家,20:00,3,361
2026-10-15,m6,花水湾果园农家乐,花水湾镇,途家,00:00,6,318
2026-10-15,m6,花水湾果园农家乐,花水湾镇,途家,08:00,6,320
2026-10-15,m6,花水湾果园农家乐,花水湾镇,途家,14:00,5,334
2026-10-15,m6,花水湾果园农家乐,花水湾镇,途家,20:00,3,357
2026-10-16,m6,花水湾果园农家乐,花水湾镇,途家,00:00,7,305
2026-10-16,m6,花水湾果园农家乐,花水湾镇,途家,08:00,6,320
2026-10-16,m6,花水湾果园农家乐,花水湾镇,途家,14:00,6,311
2026-10-16,m6,花水湾果园农家乐,花水湾镇,途家,20:00,5,332
2026-10-17,m6,花水湾果园农家乐,花水湾镇,途家,00:00,6,413
2026-10-17,m6,花水湾果园农家乐,花水湾镇,途家,08:00,6,403
2026-10-17,m6,花水湾果园农家乐,花水湾镇,途家,14:00,3,468
2026-10-17,m6,花水湾果园农家乐,花水湾镇,途家,20:00,2,488
2026-10-18,m6,花水湾果园农家乐,花水湾镇,途家,00:00,7,399
2026-10-18,m6,花水湾果园农家乐,花水湾镇,途家,08:00,6,417
2026-10-18,m6,花水湾果园农家乐,花水湾镇,途家,14:00,3,458
2026-10-18,m6,花水湾果园农家乐,花水湾镇,途家,20:00,2,476
2026-10-19,m6,花水湾果园农家乐,花水湾镇,途家,00:00,8,293
2026-10-19,m6,花水湾果园农家乐,花水湾镇,途家,08:00,8,285
2026-10-19,m6,花水湾果园农家乐,花水湾镇,途家,14:00,6,312
2026-10-19,m6,花水湾果园农家乐,花水湾镇,途家,20:00,3,359
2026-10-20,m6,花水湾果园农家乐,花水湾镇,途家,00:00,8,292
2026-10-20,m6,花水湾果园农家乐,花水湾镇,途家,08:00,8,292
2026-10-20,m6,花水湾果园农家乐,花水湾镇,途家,14:00,7,300
2026-10-20,m6,花水湾果园农家乐,花水湾镇,途家,20:00,4,345
2026-10-21,m6,花水湾果园农家乐,花水湾镇,途家,00:00,9,274
2026-10-21,m6,花水湾果园农家乐,花水湾镇,途家,08:00,9,276
2026-10-21,m6,花水湾果园农家乐,花水湾镇,途家,14:00,9,271
2026-10-21,m6,花水湾果园农家乐,花水湾镇,途家,20:00,6,311
2026-10-22,m6,花水湾果园农家乐,花水湾镇,途家,00:00,7,298
2026-10-22,m6,花水湾果园农家乐,花水湾镇,途家,08:00,6,317
2026-10-22,m6,花水湾果园农家乐,花水湾镇,途家,14:00,5,329
2026-10-22,m6,花水湾果园农家乐,花水湾镇,途家,20:00,1,388
2026-10-23,m6,花水湾果园农家乐,花水湾镇,途家,00:00,7,305
2026-10-23,m6,花水湾果园农家乐,花水湾镇,途家,08:00,7,300
2026-10-23,m6,花水湾果园农家乐,花水湾镇,途家,14:00,7,307
2026-10-23,m6,花水湾果园农家乐,花水湾镇,途家,20:00,6,316
2026-10-24,m6,花水湾果园农家乐,花水湾镇,途家,00:00,7,391
2026-10-24,m6,花水湾果园农家乐,花水湾镇,途家,08:00,7,395
2026-10-24,m6,花水湾果园农家乐,花水湾镇,途家,14:00,6,405
2026-10-24,m6,花水湾果园农家乐,花水湾镇,途家,20:00,3,463
2026-10-25,m6,花水湾果园农家乐,花水湾镇,途家,00:00,8,370
2026-10-25,m6,花水湾果园农家乐,花水湾镇,途家,08:00,7,393
2026-10-25,m6,花水湾果园农家乐,花水湾镇,途家,14:00,5,421
2026-10-25,m6,花水湾果园农家乐,花水湾镇,途家,20:00,3,463
2026-10-26,m6,花水湾果园农家乐,花水湾镇,途家,00:00,7,303
2026-10-26,m6,花水湾果园农家乐,花水湾镇,途家,08:00,7,303
2026-10-26,m6,花水湾果园农家乐,花水湾镇,途家,14:00,7,297
2026-10-26,m6,花水湾果园农家乐,花水湾镇,途家,20:00,6,313
2026-10-27,m6,花水湾果园农家乐,花水湾镇,途家,00:00,9,269
2026-10-27,m6,花水湾果园农家乐,花水湾镇,途家,08:00,9,270
2026-10-27,m6,花水湾果园农家乐,花水湾镇,途家,14:00,6,310
2026-10-27,m6,花水湾果园农家乐,花水湾镇,途家,20:00,3,359
2026-10-28,m6,花水湾果园农家乐,花水湾镇,途家,00:00,9,271
2026-10-28,m6,花水湾果园农家乐,花水湾镇,途家,08:00,9,274
2026-10-28,m6,花水湾果园农家乐,花水湾镇,途家,14:00,9,271
2026-10-28,m6,花水湾果园农家乐,花水湾镇,途家,20:00,7,306
2026-10-29,m6,花水湾果园农家乐,花水湾镇,途家,00:00,7,303
2026-10-29,m6,花水湾果园农家乐,花水湾镇,途家,08:00,7,300
2026-10-29,m6,花水湾果园农家乐,花水湾镇,途家,14:00,6,320
2026-10-29,m6,花水湾果园农家乐,花水湾镇,途家,20:00,4,343
2026-10-30,m6,花水湾果园农家乐,花水湾镇,途家,00:00,9,279
2026-10-30,m6,花水湾果园农家乐,花水湾镇,途家,08:00,9,276
2026-10-30,m6,花水湾果园农家乐,花水湾镇,途家,14:00,8,283
2026-10-30,m6,花水湾果园农家乐,花水湾镇,途家,20:00,5,324
2026-10-31,m6,花水湾果园农家乐,花水湾镇,途家,00:00,9,361
2026-10-31,m6,花水湾果园农家乐,花水湾镇,途家,08:00,9,351
2026-10-31,m6,花水湾果园农家乐,花水湾镇,途家,14:00,8,380
2026-10-31,m6,花水湾果园农家乐,花水湾镇,途家,20:00,4,449
2026-10-01,m7,花水湾逸景温泉民宿,花水湾镇,去哪儿,00:00,13,873
2026-10-01,m7,花水湾逸景温泉民宿,花水湾镇,途家,00:00,13,921
2026-10-01,m7,花水湾逸景温泉民宿,花水湾镇,去哪儿,08:00,13,896
2026-10-01,m7,花水湾逸景温泉民宿,花水湾镇,途家,08:00,13,923
2026-10-01,m7,花水湾逸景温泉民宿,花水湾镇,去哪儿,14:00,9,954
2026-10-01,m7,花水湾逸景温泉民宿,花水湾镇,途家,14:00,9,1003
2026-10-01,m7,花水湾逸景温泉民宿,花水湾镇,去哪儿,20:00,2,1108
2026-10-01,m7,花水湾逸景温泉民宿,花水湾镇,途家,20:00,2,1160
2026-10-02,m7,花水湾逸景温泉民宿,花水湾镇,去哪儿,00:00,15,839
2026-10-02,m7,花水湾逸景温泉民宿,花水湾镇,途家,00:00,15,901
2026-10-02,m7,花水湾逸景温泉民宿,花水湾镇,去哪儿,08:00,15,865
2026-10-02,m7,花水湾逸景温泉民宿,花水湾镇,途家,08:00,15,876
2026-10-02,m7,花水湾逸景温泉民宿,花水湾镇,去哪儿,14:00,12,917
2026-10-02,m7,花水湾逸景温泉民宿,花水湾镇,途家,14:00,12,932
2026-10-02,m7,花水湾逸景温泉民宿,花水湾镇,去哪儿,20:00,4,1078
2026-10-02,m7,花水湾逸景温泉民宿,花水湾镇,途家,20:00,4,1094
2026-10-03,m7,花水湾逸景温泉民宿,花水湾镇,去哪儿,00:00,13,901
2026-10-03,m7,花水湾逸景温泉民宿,花水湾镇,途家,00:00,13,922
2026-10-03,m7,花水湾逸景温泉民宿,花水湾镇,去哪儿,08:00,13,905
2026-10-03,m7,花水湾逸景温泉民宿,花水湾镇,途家,08:00,13,906
2026-10-03,m7,花水湾逸景温泉民宿,花水湾镇,去哪儿,14:00,9,958
2026-10-03,m7,花水湾逸景温泉民宿,花水湾镇,途家,14:00,9,1018
2026-10-03,m7,花水湾逸景温泉民宿,花水湾镇,去哪儿,20:00,1,1117
2026-10-03,m7,花水湾逸景温泉民宿,花水湾镇,途家,20:00,1,1152
2026-10-04,m7,花水湾逸景温泉民宿,花水湾镇,去哪儿,00:00,14,877
2026-10-04,m7,花水湾逸景温泉民宿,花水湾镇,途家,00:00,14,919
2026-10-04,m7,花水湾逸景温泉民宿,花水湾镇,去哪儿,08:00,13,899
2026-10-04,m7,花水湾逸景温泉民宿,花水湾镇,途家,08:00,13,942
2026-10-04,m7,花水湾逸景温泉民宿,花水湾镇,去哪儿,14:00,6,1009
2026-10-04,m7,花水湾逸景温泉民宿,花水湾镇,途家,14:00,6,1056
2026-10-04,m7,花水湾逸景温泉民宿,花水湾镇,去哪儿,20:00,0,1123
2026-10-04,m7,花水湾逸景温泉民宿,花水湾镇,途家,20:00,0,1186
2026-10-05,m7,花水湾逸景温泉民宿,花水湾镇,去哪儿,00:00,17,802
2026-10-05,m7,花水湾逸景温泉民宿,花水湾镇,途家,00:00,17,832
2026-10-05,m7,花水湾逸景温泉民宿,花水湾镇,去哪儿,08:00,17,820
2026-10-05,m7,花水湾逸景温泉民宿,花水湾镇,途家,08:00,17,846
2026-10-05,m7,花水湾逸景温泉民宿,花水湾镇,去哪儿,14:00,12,897
2026-10-05,m7,花水湾逸景温泉民宿,花水湾镇,途家,14:00,12,964
2026-10-05,m7,花水湾逸景温泉民宿,花水湾镇,去哪儿,20:00,3,1067
2026-10-05,m7,花水湾逸景温泉民宿,花水湾镇,途家,20:00,3,1134
2026-10-06,m7,花水湾逸景温泉民宿,花水湾镇,去哪儿,00:00,15,855
2026-10-06,m7,花水湾逸景温泉民宿,花水湾镇,途家,00:00,15,884
2026-10-06,m7,花水湾逸景温泉民宿,花水湾镇,去哪儿,08:00,15,864
2026-10-06,m7,花水湾逸景温泉民宿,花水湾镇,途家,08:00,15,889
2026-10-06,m7,花水湾逸景温泉民宿,花水湾镇,去哪儿,14:00,12,921
2026-10-06,m7,花水湾逸景温泉民宿,花水湾镇,途家,14:00,12,930
2026-10-06,m7,花水湾逸景温泉民宿,花水湾镇,去哪儿,20:00,4,1075
2026-10-06,m7,花水湾逸景温泉民宿,花水湾镇,途家,20:00,4,1090
2026-10-07,m7,花水湾逸景温泉民宿,花水湾镇,去哪儿,00:00,15,838
2026-10-07,m7,花水湾逸景温泉民宿,花水湾镇,途家,00:00,15,890
2026-10-07,m7,花水湾逸景温泉民宿,花水湾镇,去哪儿,08:00,15,860
2026-10-07,m7,花水湾逸景温泉民宿,花水湾镇,途家,08:00,15,873
2026-10-07,m7,花水湾逸景温泉民宿,花水湾镇,去哪儿,14:00,13,888
2026-10-07,m7,花水湾逸景温泉民宿,花水湾镇,途家,14:00,13,932
2026-10-07,m7,花水湾逸景温泉民宿,花水湾镇,去哪儿,20:00,2,1115
2026-10-07,m7,花水湾逸景温泉民宿,花水湾镇,途家,20:00,2,1165
2026-10-08,m7,花水湾逸景温泉民宿,花水湾镇,去哪儿,00:00,15,836
2026-10-08,m7,花水湾逸景温泉民宿,花水湾镇,途家,00:00,15,878
2026-10-08,m7,花水湾逸景温泉民宿,花水湾镇,去哪儿,08:00,14,862
2026-10-08,m7,花水湾逸景温泉民宿,花水湾镇,途家,08:00,14,907
2026-10-08,m7,花水湾逸景温泉民宿,花水湾镇,去哪儿,14:00,7,995
2026-10-08,m7,花水湾逸景温泉民宿,花水湾镇,途家,14:00,7,1043
2026-10-08,m7,花水湾逸景温泉民宿,花水湾镇,去哪儿,20:00,2,1089
2026-10-08,m7,花水湾逸景温泉民宿,花水湾镇,途家,20:00,2,1128
2026-10-09,m7,花水湾逸景温泉民宿,花水湾镇,去哪儿,00:00,16,415
2026-10-09,m7,花水湾逸景温泉民宿,花水湾镇,途家,00:00,16,429
2026-10-09,m7,花水湾逸景温泉民宿,花水湾镇,去哪儿,08:00,16,421
2026-10-09,m7,花水湾逸景温泉民宿,花水湾镇,途家,08:00,16,438
2026-10-09,m7,花水湾逸景温泉民宿,花水湾镇,去哪儿,14:00,13,452
2026-10-09,m7,花水湾逸景温泉民宿,花水湾镇,途家,14:00,13,469
2026-10-09,m7,花水湾逸景温泉民宿,花水湾镇,去哪儿,20:00,8,488
2026-10-09,m7,花水湾逸景温泉民宿,花水湾镇,途家,20:00,8,518
2026-10-10,m7,花水湾逸景温泉民宿,花水湾镇,去哪儿,00:00,16,530
2026-10-10,m7,花水湾逸景温泉民宿,花水湾镇,途家,00:00,16,567
2026-10-10,m7,花水湾逸景温泉民宿,花水湾镇,去哪儿,08:00,16,529
2026-10-10,m7,花水湾逸景温泉民宿,花水湾镇,途家,08:00,16,554
2026-10-10,m7,花水湾逸景温泉民宿,花水湾镇,去哪儿,14:00,14,569
2026-10-10,m7,花水湾逸景温泉民宿,花水湾镇,途家,14:00,14,581
2026-10-10,m7,花水湾逸景温泉民宿,花水湾镇,去哪儿,20:00,5,676
2026-10-10,m7,花水湾逸景温泉民宿,花水湾镇,途家,20:00,5,717
2026-10-11,m7,花水湾逸景温泉民宿,花水湾镇,去哪儿,00:00,14,554
2026-10-11,m7,花水湾逸景温泉民宿,花水湾镇,途家,00:00,14,579
2026-10-11,m7,花水湾逸景温泉民宿,花水湾镇,去哪儿,08:00,14,553
2026-10-11,m7,花水湾逸景温泉民宿,花水湾镇,途家,08:00,14,588
2026-10-11,m7,花水湾逸景温泉民宿,花水湾镇,去哪儿,14:00,9,616
2026-10-11,m7,花水湾逸景温泉民宿,花水湾镇,途家,14:00,9,648
2026-10-11,m7,花水湾逸景温泉民宿,花水湾镇,去哪儿,20:00,1,730
2026-10-11,m7,花水湾逸景温泉民宿,花水湾镇,途家,20:00,1,757
2026-10-12,m7,花水湾逸景温泉民宿,花水湾镇,去哪儿,00:00,17,403
2026-10-12,m7,花水湾逸景温泉民宿,花水湾镇,途家,00:00,17,423
2026-10-12,m7,花水湾逸景温泉民宿,花水湾镇,去哪儿,08:00,16,411
2026-10-12,m7,花水湾逸景温泉民宿,花水湾镇,途家,08:00,16,430
2026-10-12,m7,花水湾逸景温泉民宿,花水湾镇,去哪儿,14:00,12,456
2026-10-12,m7,花水湾逸景温泉民宿,花水湾镇,途家,14:00,12,479
2026-10-12,m7,花水湾逸景温泉民宿,花水湾镇,去哪儿,20:00,9,483
2026-10-12,m7,花水湾逸景温泉民宿,花水湾镇,途家,20:00,9,498
2026-10-13,m7,花水湾逸景温泉民宿,花水湾镇,去哪儿,00:00,15,425
2026-10-13,m7,花水湾逸景温泉民宿,花水湾镇,途家,00:00,15,434
2026-10-13,m7,花水湾逸景温泉民宿,花水湾镇,去哪儿,08:00,15,427
2026-10-13,m7,花水湾逸景温泉民宿,花水湾镇,途家,08:00,15,437
2026-10-13,m7,花水湾逸景温泉民宿,花水湾镇,去哪儿,14:00,12,455
2026-10-13,m7,花水湾逸景温泉民宿,花水湾镇,途家,14:00,12,468
2026-10-13,m7,花水湾逸景温泉民宿,花水湾镇,去哪儿,20:00,8,490
2026-10-13,m7,花水湾逸景温泉民宿,花水湾镇,途家,20:00,8,523
2026-10-14,m7,花水湾逸景温泉民宿,花水湾镇,去哪儿,00:00,18,403
2026-10-14,m7,花水湾逸景温泉民宿,花水湾镇,途家,00:00,18,417
2026-10-14,m7,花水湾逸景温泉民宿,花水湾镇,去哪儿,08:00,17,402
2026-10-14,m7,花水湾逸景温泉民宿,花水湾镇,途家,08:00,17,415
2026-10-14,m7,花水湾逸景温泉民宿,花水湾镇,去哪儿,14:00,12,457
2026-10-14,m7,花水湾逸景温泉民宿,花水湾镇,途家,14:00,12,469
2026-10-14,m7,花水湾逸景温泉民宿,花水湾镇,去哪儿,20:00,6,513
2026-10-14,m7,花水湾逸景温泉民宿,花水湾镇,途家,20:00,6,537
2026-10-15,m7,花水湾逸景温泉民宿,花水湾镇,去哪儿,00:00,16,412
2026-10-15,m7,花水湾逸景温泉民宿,花水湾镇,途家,00:00,16,432
2026-10-15,m7,花水湾逸景温泉民宿,花水湾镇,去哪儿,08:00,16,419
2026-10-15,m7,花水湾逸景温泉民宿,花水湾镇,途家,08:00,16,438
2026-10-15,m7,花水湾逸景温泉民宿,花水湾镇,去哪儿,14:00,12,452
2026-10-15,m7,花水湾逸景温泉民宿,花水湾镇,途家,14:00,12,481
2026-10-15,m7,花水湾逸景温泉民宿,花水湾镇,去哪儿,20:00,9,480
2026-10-15,m7,花水湾逸景温泉民宿,花水湾镇,途家,20:00,9,505
2026-10-16,m7,花水湾逸景温泉民宿,花水湾镇,去哪儿,00:00,16,409
2026-10-16,m7,花水湾逸景温泉民宿,花水湾镇,途家,00:00,16,426
2026-10-16,m7,花水湾逸景温泉民宿,花水湾镇,去哪儿,08:00,16,416
2026-10-16,m7,花水湾逸景温泉民宿,花水湾镇,途家,08:00,16,427
2026-10-16,m7,花水湾逸景温泉民宿,花水湾镇,去哪儿,14:00,13,438
2026-10-16,m7,花水湾逸景温泉民宿,花水湾镇,途家,14:00,13,469
2026-10-16,m7,花水湾逸景温泉民宿,花水湾镇,去哪儿,20:00,3,546
2026-10-16,m7,花水湾逸景温泉民宿,花水湾镇,途家,20:00,3,571
2026-10-17,m7,花水湾逸景温泉民宿,花水湾镇,去哪儿,00:00,16,530
2026-10-17,m7,花水湾逸景温泉民宿,花水湾镇,途家,00:00,16,567
2026-10-17,m7,花水湾逸景温泉民宿,花水湾镇,去哪儿,08:00,16,530
2026-10-17,m7,花水湾逸景温泉民宿,花水湾镇,途家,08:00,16,557
2026-10-17,m7,花水湾逸景温泉民宿,花水湾镇,去哪儿,14:00,13,584
2026-10-17,m7,花水湾逸景温泉民宿,花水湾镇,途家,14:00,13,589
2026-10-17,m7,花水湾逸景温泉民宿,花水湾镇,去哪儿,20:00,4,703
2026-10-17,m7,花水湾逸景温泉民宿,花水湾镇,途家,20:00,4,722
2026-10-18,m7,花水湾逸景温泉民宿,花水湾镇,去哪儿,00:00,16,543
2026-10-18,m7,花水湾逸景温泉民宿,花水湾镇,途家,00:00,16,553
2026-10-18,m7,花水湾逸景温泉民宿,花水湾镇,去哪儿,08:00,14,569
2026-10-18,m7,花水湾逸景温泉民宿,花水湾镇,途家,08:00,14,581
2026-10-18,m7,花水湾逸景温泉民宿,花水湾镇,去哪儿,14:00,11,607
2026-10-18,m7,花水湾逸景温泉民宿,花水湾镇,途家,14:00,11,634
2026-10-18,m7,花水湾逸景温泉民宿,花水湾镇,去哪儿,20:00,2,706
2026-10-18,m7,花水湾逸景温泉民宿,花水湾镇,途家,20:00,2,753
2026-10-19,m7,花水湾逸景温泉民宿,花水湾镇,去哪儿,00:00,16,416
2026-10-19,m7,花水湾逸景温泉民宿,花水湾镇,途家,00:00,16,435
2026-10-19,m7,花水湾逸景温泉民宿,花水湾镇,去哪儿,08:00,16,417
2026-10-19,m7,花水湾逸景温泉民宿,花水湾镇,途家,08:00,16,429
2026-10-19,m7,花水湾逸景温泉民宿,花水湾镇,去哪儿,14:00,8,490
2026-10-19,m7,花水湾逸景温泉民宿,花水湾镇,途家,14:00,8,511
2026-10-19,m7,花水湾逸景温泉民宿,花水湾镇,去哪儿,20:00,4,531
2026-10-19,m7,花水湾逸景温泉民宿,花水湾镇,途家,20:00,4,548
2026-10-20,m7,花水湾逸景温泉民宿,花水湾镇,去哪儿,00:00,17,403
2026-10-20,m7,花水湾逸景温泉民宿,花水湾镇,途家,00:00,17,424
2026-10-20,m7,花水湾逸景温泉民宿,花水湾镇,去哪儿,08:00,17,410
2026-10-20,m7,花水湾逸景温泉民宿,花水湾镇,途家,08:00,17,413
2026-10-20,m7,花水湾逸景温泉民宿,花水湾镇,去哪儿,14:00,11,460
2026-10-20,m7,花水湾逸景温泉民宿,花水湾镇,途家,14:00,11,476
2026-10-20,m7,花水湾逸景温泉民宿,花水湾镇,去哪儿,20:00,7,499
2026-10-20,m7,花水湾逸景温泉民宿,花水湾镇,途家,20:00,7,528
2026-10-21,m7,花水湾逸景温泉民宿,花水湾镇,去哪儿,00:00,14,443
2026-10-21,m7,花水湾逸景温泉民宿,花水湾镇,途家,00:00,14,445
2026-10-21,m7,花水湾逸景温泉民宿,花水湾镇,去哪儿,08:00,14,428
2026-10-21,m7,花水湾逸景温泉民宿,花水湾镇,途家,08:00,14,449
2026-10-21,m7,花水湾逸景温泉民宿,花水湾镇,去哪儿,14:00,10,464
2026-10-21,m7,花水湾逸景温泉民宿,花水湾镇,途家,14:00,10,500
2026-10-21,m7,花水湾逸景温泉民宿,花水湾镇,去哪儿,20:00,6,512
2026-10-21,m7,花水湾逸景温泉民宿,花水湾镇,途家,20:00,6,536
2026-10-22,m7,花水湾逸景温泉民宿,花水湾镇,去哪儿,00:00,17,412
2026-10-22,m7,花水湾逸景温泉民宿,花水湾镇,途家,00:00,17,419
2026-10-22,m7,花水湾逸景温泉民宿,花水湾镇,去哪儿,08:00,16,409
2026-10-22,m7,花水湾逸景温泉民宿,花水湾镇,途家,08:00,16,431
2026-10-22,m7,花水湾逸景温泉民宿,花水湾镇,去哪儿,14:00,13,445
2026-10-22,m7,花水湾逸景温泉民宿,花水湾镇,途家,14:00,13,464
2026-10-22,m7,花水湾逸景温泉民宿,花水湾镇,去哪儿,20:00,7,494
2026-10-22,m7,花水湾逸景温泉民宿,花水湾镇,途家,20:00,7,533
2026-10-23,m7,花水湾逸景温泉民宿,花水湾镇,去哪儿,00:00,14,432
2026-10-23,m7,花水湾逸景温泉民宿,花水湾镇,途家,00:00,14,453
2026-10-23,m7,花水湾逸景温泉民宿,花水湾镇,去哪儿,08:00,13,442
2026-10-23,m7,花水湾逸景温泉民宿,花水湾镇,途家,08:00,13,464
2026-10-23,m7,花水湾逸景温泉民宿,花水湾镇,去哪儿,14:00,9,474
2026-10-23,m7,花水湾逸景温泉民宿,花水湾镇,途家,14:00,9,509
2026-10-23,m7,花水湾逸景温泉民宿,花水湾镇,去哪儿,20:00,7,510
2026-10-23,m7,花水湾逸景温泉民宿,花水湾镇,途家,20:00,7,526
2026-10-24,m7,花水湾逸景温泉民宿,花水湾镇,去哪儿,00:00,14,560
2026-10-24,m7,花水湾逸景温泉民宿,花水湾镇,途家,00:00,14,576
2026-10-24,m7,花水湾逸景温泉民宿,花水湾镇,去哪儿,08:00,14,569
2026-10-24,m7,花水湾逸景温泉民宿,花水湾镇,途家,08:00,14,581
2026-10-24,m7,花水湾逸景温泉民宿,花水湾镇,去哪儿,14:00,11,598
2026-10-24,m7,花水湾逸景温泉民宿,花水湾镇,途家,14:00,11,637
2026-10-24,m7,花水湾逸景温泉民宿,花水湾镇,去哪儿,20:00,1,721
2026-10-24,m7,花水湾逸景温泉民宿,花水湾镇,途家,20:00,1,772
2026-10-25,m7,花水湾逸景温泉民宿,花水湾镇,去哪儿,00:00,14,562
2026-10-25,m7,花水湾逸景温泉民宿,花水湾镇,途家,00:00,14,580
2026-10-25,m7,花水湾逸景温泉民宿,花水湾镇,去哪儿,08:00,12,598
2026-10-25,m7,花水湾逸景温泉民宿,花水湾镇,途家,08:00,12,616
2026-10-25,m7,花水湾逸景温泉民宿,花水湾镇,去哪儿,14:00,9,617
2026-10-25,m7,花水湾逸景温泉民宿,花水湾镇,途家,14:00,9,660
2026-10-25,m7,花水湾逸景温泉民宿,花水湾镇,去哪儿,20:00,3,717
2026-10-25,m7,花水湾逸景温泉民宿,花水湾镇,途家,20:00,3,731
2026-10-26,m7,花水湾逸景温泉民宿,花水湾镇,去哪儿,00:00,18,398
2026-10-26,m7,花水湾逸景温泉民宿,花水湾镇,途家,00:00,18,415
2026-10-26,m7,花水湾逸景温泉民宿,花水湾镇,去哪儿,08:00,18,389
2026-10-26,m7,花水湾逸景温泉民宿,花水湾镇,途家,08:00,18,414
2026-10-26,m7,花水湾逸景温泉民宿,花水湾镇,去哪儿,14:00,12,449
2026-10-26,m7,花水湾逸景温泉民宿,花水湾镇,途家,14:00,12,474
2026-10-26,m7,花水湾逸景温泉民宿,花水湾镇,去哪儿,20:00,6,520
2026-10-26,m7,花水湾逸景温泉民宿,花水湾镇,途家,20:00,6,542
2026-10-27,m7,花水湾逸景温泉民宿,花水湾镇,去哪儿,00:00,13,447
2026-10-27,m7,花水湾逸景温泉民宿,花水湾镇,途家,00:00,13,460
2026-10-27,m7,花水湾逸景温泉民宿,花水湾镇,去哪儿,08:00,13,448
2026-10-27,m7,花水湾逸景温泉民宿,花水湾镇,途家,08:00,13,462
2026-10-27,m7,花水湾逸景温泉民宿,花水湾镇,去哪儿,14:00,9,477
2026-10-27,m7,花水湾逸景温泉民宿,花水湾镇,途家,14:00,9,514
2026-10-27,m7,花水湾逸景温泉民宿,花水湾镇,去哪儿,20:00,5,531
2026-10-27,m7,花水湾逸景温泉民宿,花水湾镇,途家,20:00,5,552
2026-10-28,m7,花水湾逸景温泉民宿,花水湾镇,去哪儿,00:00,12,451
2026-10-28,m7,花水湾逸景温泉民宿,花水湾镇,途家,00:00,12,464
2026-10-28,m7,花水湾逸景温泉民宿,花水湾镇,去哪儿,08:00,11,455
2026-10-28,m7,花水湾逸景温泉民宿,花水湾镇,途家,08:00,11,484
2026-10-28,m7,花水湾逸景温泉民宿,花水湾镇,去哪儿,14:00,7,507
2026-10-28,m7,花水湾逸景温泉民宿,花水湾镇,途家,14:00,7,514
2026-10-28,m7,花水湾逸景温泉民宿,花水湾镇,去哪儿,20:00,4,525
2026-10-28,m7,花水湾逸景温泉民宿,花水湾镇,途家,20:00,4,565
2026-10-29,m7,花水湾逸景温泉民宿,花水湾镇,去哪儿,00:00,14,441
2026-10-29,m7,花水湾逸景温泉民宿,花水湾镇,途家,00:00,14,460
2026-10-29,m7,花水湾逸景温泉民宿,花水湾镇,去哪儿,08:00,13,444
2026-10-29,m7,花水湾逸景温泉民宿,花水湾镇,途家,08:00,13,458
2026-10-29,m7,花水湾逸景温泉民宿,花水湾镇,去哪儿,14:00,9,486
2026-10-29,m7,花水湾逸景温泉民宿,花水湾镇,途家,14:00,9,497
2026-10-29,m7,花水湾逸景温泉民宿,花水湾镇,去哪儿,20:00,5,530
2026-10-29,m7,花水湾逸景温泉民宿,花水湾镇,途家,20:00,5,543
2026-10-30,m7,花水湾逸景温泉民宿,花水湾镇,去哪儿,00:00,16,415
2026-10-30,m7,花水湾逸景温泉民宿,花水湾镇,途家,00:00,16,437
2026-10-30,m7,花水湾逸景温泉民宿,花水湾镇,去哪儿,08:00,15,417
2026-10-30,m7,花水湾逸景温泉民宿,花水湾镇,途家,08:00,15,450
2026-10-30,m7,花水湾逸景温泉民宿,花水湾镇,去哪儿,14:00,13,439
2026-10-30,m7,花水湾逸景温泉民宿,花水湾镇,途家,14:00,13,461
2026-10-30,m7,花水湾逸景温泉民宿,花水湾镇,去哪儿,20:00,9,490
2026-10-30,m7,花水湾逸景温泉民宿,花水湾镇,途家,20:00,9,509
2026-10-31,m7,花水湾逸景温泉民宿,花水湾镇,去哪儿,00:00,13,582
2026-10-31,m7,花水湾逸景温泉民宿,花水湾镇,途家,00:00,13,592
2026-10-31,m7,花水湾逸景温泉民宿,花水湾镇,去哪儿,08:00,13,586
2026-10-31,m7,花水湾逸景温泉民宿,花水湾镇,途家,08:00,13,597
2026-10-31,m7,花水湾逸景温泉民宿,花水湾镇,去哪儿,14:00,9,619
2026-10-31,m7,花水湾逸景温泉民宿,花水湾镇,途家,14:00,9,662
2026-10-31,m7,花水湾逸景温泉民宿,花水湾镇,去哪儿,20:00,3,708
2026-10-31,m7,花水湾逸景温泉民宿,花水湾镇,途家,20:00,3,747
2026-10-01,m8,花水湾老街客栈,花水湾镇,同程,00:00,28,683
2026-10-01,m8,花水湾老街客栈,花水湾镇,途家,00:00,28,708
2026-10-01,m8,花水湾老街客栈,花水湾镇,同程,08:00,28,690
2026-10-01,m8,花水湾老街客栈,花水湾镇,途家,08:00,27,739
2026-10-01,m8,花水湾老街客栈,花水湾镇,同程,14:00,18,804
2026-10-01,m8,花水湾老街客栈,花水湾镇,途家,14:00,18,815
2026-10-01,m8,花水湾老街客栈,花水湾镇,同程,20:00,1,981
2026-10-01,m8,花水湾老街客栈,花水湾镇,途家,20:00,1,993
2026-10-02,m8,花水湾老街客栈,花水湾镇,同程,00:00,27,724
2026-10-02,m8,花水湾老街客栈,花水湾镇,途家,00:00,26,753
2026-10-02,m8,花水湾老街客栈,花水湾镇,同程,08:00,25,707
2026-10-02,m8,花水湾老街客栈,花水湾镇,途家,08:00,25,746
2026-10-02,m8,花水湾老街客栈,花水湾镇,同程,14:00,17,804
2026-10-02,m8,花水湾老街客栈,花水湾镇,途家,14:00,17,840
2026-10-02,m8,花水湾老街客栈,花水湾镇,同程,20:00,2,969
2026-10-02,m8,花水湾老街客栈,花水湾镇,途家,20:00,1,984
2026-10-03,m8,花水湾老街客栈,花水湾镇,同程,00:00,27,698
2026-10-03,m8,花水湾老街客栈,花水湾镇,途家,00:00,26,753
2026-10-03,m8,花水湾老街客栈,花水湾镇,同程,08:00,26,707
2026-10-03,m8,花水湾老街客栈,花水湾镇,途家,08:00,26,754
2026-10-03,m8,花水湾老街客栈,花水湾镇,同程,14:00,17,796
2026-10-03,m8,花水湾老街客栈,花水湾镇,途家,14:00,17,848
2026-10-03,m8,花水湾老街客栈,花水湾镇,同程,20:00,4,941
2026-10-03,m8,花水湾老街客栈,花水湾镇,途家,20:00,4,956
2026-10-04,m8,花水湾老街客栈,花水湾镇,同程,00:00,25,729
2026-10-04,m8,花水湾老街客栈,花水湾镇,途家,00:00,25,762
2026-10-04,m8,花水湾老街客栈,花水湾镇,同程,08:00,25,726
2026-10-04,m8,花水湾老街客栈,花水湾镇,途家,08:00,25,758
2026-10-04,m8,花水湾老街客栈,花水湾镇,同程,14:00,14,832
2026-10-04,m8,花水湾老街客栈,花水湾镇,途家,14:00,13,890
2026-10-04,m8,花水湾老街客栈,花水湾镇,同程,20:00,2,954
2026-10-04,m8,花水湾老街客栈,花水湾镇,途家,20:00,2,979
2026-10-05,m8,花水湾老街客栈,花水湾镇,同程,00:00,23,758
2026-10-05,m8,花水湾老街客栈,花水湾镇,途家,00:00,22,785
2026-10-05,m8,花水湾老街客栈,花水湾镇,同程,08:00,22,765
2026-10-05,m8,花水湾老街客栈,花水湾镇,途家,08:00,21,796
2026-10-05,m8,花水湾老街客栈,花水湾镇,同程,14:00,17,787
2026-10-05,m8,花水湾老街客栈,花水湾镇,途家,14:00,17,819
2026-10-05,m8,花水湾老街客栈,花水湾镇,同程,20:00,5,947
2026-10-05,m8,花水湾老街客栈,花水湾镇,途家,20:00,4,977
2026-10-06,m8,花水湾老街客栈,花水湾镇,同程,00:00,29,703
2026-10-06,m8,花水湾老街客栈,花水湾镇,途家,00:00,28,719
2026-10-06,m8,花水湾老街客栈,花水湾镇,同程,08:00,27,699
2026-10-06,m8,花水湾老街客栈,花水湾镇,途家,08:00,26,730
2026-10-06,m8,花水湾老街客栈,花水湾镇,同程,14:00,17,793
2026-10-06,m8,花水湾老街客栈,花水湾镇,途家,14:00,17,844
2026-10-06,m8,花水湾老街客栈,花水湾镇,同程,20:00,4,931
2026-10-06,m8,花水湾老街客栈,花水湾镇,途家,20:00,3,981
2026-10-07,m8,花水湾老街客栈,花水湾镇,同程,00:00,23,744
2026-10-07,m8,花水湾老街客栈,花水湾镇,途家,00:00,22,781
2026-10-07,m8,花水湾老街客栈,花水湾镇,同程,08:00,22,761
2026-10-07,m8,花水湾老街客栈,花水湾镇,途家,08:00,21,784
2026-10-07,m8,花水湾老街客栈,花水湾镇,同程,14:00,18,787
2026-10-07,m8,花水湾老街客栈,花水湾镇,途家,14:00,18,834
2026-10-07,m8,花水湾老街客栈,花水湾镇,同程,20:00,2,945
2026-10-07,m8,花水湾老街客栈,花水湾镇,途家,20:00,2,1010
2026-10-08,m8,花水湾老街客栈,花水湾镇,同程,00:00,23,748
2026-10-08,m8,花水湾老街客栈,花水湾镇,途家,00:00,23,786
2026-10-08,m8,花水湾老街客栈,花水湾镇,同程,08:00,23,763
2026-10-08,m8,花水湾老街客栈,花水湾镇,途家,08:00,22,773
2026-10-08,m8,花水湾老街客栈,花水湾镇,同程,14:00,18,792
2026-10-08,m8,花水湾老街客栈,花水湾镇,途家,14:00,17,850
2026-10-08,m8,花水湾老街客栈,花水湾镇,同程,20:00,3,953
2026-10-08,m8,花水湾老街客栈,花水湾镇,途家,20:00,3,999
2026-10-09,m8,花水湾老街客栈,花水湾镇,同程,00:00,28,354
2026-10-09,m8,花水湾老街客栈,花水湾镇,途家,00:00,27,359
2026-10-09,m8,花水湾老街客栈,花水湾镇,同程,08:00,27,352
2026-10-09,m8,花水湾老街客栈,花水湾镇,途家,08:00,27,362
2026-10-09,m8,花水湾老街客栈,花水湾镇,同程,14:00,21,384
2026-10-09,m8,花水湾老街客栈,花水湾镇,途家,14:00,20,401
2026-10-09,m8,花水湾老街客栈,花水湾镇,同程,20:00,11,438
2026-10-09,m8,花水湾老街客栈,花水湾镇,途家,20:00,11,453
2026-10-10,m8,花水湾老街客栈,花水湾镇,同程,00:00,27,462
2026-10-10,m8,花水湾老街客栈,花水湾镇,途家,00:00,26,477
2026-10-10,m8,花水湾老街客栈,花水湾镇,同程,08:00,25,482
2026-10-10,m8,花水湾老街客栈,花水湾镇,途家,08:00,24,497
2026-10-10,m8,花水湾老街客栈,花水湾镇,同程,14:00,16,519
2026-10-10,m8,花水湾老街客栈,花水湾镇,途家,14:00,16,539
2026-10-10,m8,花水湾老街客栈,花水湾镇,同程,20:00,4,614
2026-10-10,m8,花水湾老街客栈,花水湾镇,途家,20:00,4,632
2026-10-11,m8,花水湾老街客栈,花水湾镇,同程,00:00,26,459
2026-10-11,m8,花水湾老街客栈,花水湾镇,途家,00:00,25,488
2026-10-11,m8,花水湾老街客栈,花水湾镇,同程,08:00,24,482
2026-10-11,m8,花水湾老街客栈,花水湾镇,途家,08:00,24,489
2026-10-11,m8,花水湾老街客栈,花水湾镇,同程,14:00,16,524
2026-10-11,m8,花水湾老街客栈,花水湾镇,途家,14:00,15,544
2026-10-11,m8,花水湾老街客栈,花水湾镇,同程,20:00,5,594
2026-10-11,m8,花水湾老街客栈,花水湾镇,途家,20:00,5,616
2026-10-12,m8,花水湾老街客栈,花水湾镇,同程,00:00,29,350
2026-10-12,m8,花水湾老街客栈,花水湾镇,途家,00:00,28,363
2026-10-12,m8,花水湾老街客栈,花水湾镇,同程,08:00,28,349
2026-10-12,m8,花水湾老街客栈,花水湾镇,途家,08:00,27,364
2026-10-12,m8,花水湾老街客栈,花水湾镇,同程,14:00,21,382
2026-10-12,m8,花水湾老街客栈,花水湾镇,途家,14:00,21,391
2026-10-12,m8,花水湾老街客栈,花水湾镇,同程,20:00,13,414
2026-10-12,m8,花水湾老街客栈,花水湾镇,途家,20:00,13,444
2026-10-13,m8,花水湾老街客栈,花水湾镇,同程,00:00,29,352
2026-10-13,m8,花水湾老街客栈,花水湾镇,途家,00:00,28,355
2026-10-13,m8,花水湾老街客栈,花水湾镇,同程,08:00,28,350
2026-10-13,m8,花水湾老街客栈,花水湾镇,途家,08:00,28,355
2026-10-13,m8,花水湾老街客栈,花水湾镇,同程,14:00,25,366
2026-10-13,m8,花水湾老街客栈,花水湾镇,途家,14:00,25,371
2026-10-13,m8,花水湾老街客栈,花水湾镇,同程,20:00,14,408
2026-10-13,m8,花水湾老街客栈,花水湾镇,途家,20:00,14,437
2026-10-14,m8,花水湾老街客栈,花水湾镇,同程,00:00,29,348
2026-10-14,m8,花水湾老街客栈,花水湾镇,途家,00:00,28,357
2026-10-14,m8,花水湾老街客栈,花水湾镇,同程,08:00,29,340
2026-10-14,m8,花水湾老街客栈,花水湾镇,途家,08:00,28,365
2026-10-14,m8,花水湾老街客栈,花水湾镇,同程,14:00,22,378
2026-10-14,m8,花水湾老街客栈,花水湾镇,途家,14:00,21,402
2026-10-14,m8,花水湾老街客栈,花水湾镇,同程,20:00,17,408
2026-10-14,m8,花水湾老街客栈,花水湾镇,途家,20:00,17,411
2026-10-15,m8,花水湾老街客栈,花水湾镇,同程,00:00,26,351
2026-10-15,m8,花水湾老街客栈,花水湾镇,途家,00:00,26,367
2026-10-15,m8,花水湾老街客栈,花水湾镇,同程,08:00,26,352
2026-10-15,m8,花水湾老街客栈,花水湾镇,途家,08:00,26,364
2026-10-15,m8,花水湾老街客栈,花水湾镇,同程,14:00,23,371
2026-10-15,m8,花水湾老街客栈,花水湾镇,途家,14:00,22,394
2026-10-15,m8,花水湾老街客栈,花水湾镇,同程,20:00,18,396
2026-10-15,m8,花水湾老街客栈,花水湾镇,途家,20:00,17,416
2026-10-16,m8,花水湾老街客栈,花水湾镇,同程,00:00,28,354
2026-10-16,m8,花水湾老街客栈,花水湾镇,途家,00:00,27,362
2026-10-16,m8,花水湾老街客栈,花水湾镇,同程,08:00,26,358
2026-10-16,m8,花水湾老街客栈,花水湾镇,途家,08:00,25,372
2026-10-16,m8,花水湾老街客栈,花水湾镇,同程,14:00,22,378
2026-10-16,m8,花水湾老街客栈,花水湾镇,途家,14:00,21,399
2026-10-16,m8,花水湾老街客栈,花水湾镇,同程,20:00,12,425
2026-10-16,m8,花水湾老街客栈,花水湾镇,途家,20:00,12,440
2026-10-17,m8,花水湾老街客栈,花水湾镇,同程,00:00,21,502
2026-10-17,m8,花水湾老街客栈,花水湾镇,途家,00:00,20,518
2026-10-17,m8,花水湾老街客栈,花水湾镇,同程,08:00,20,495
2026-10-17,m8,花水湾老街客栈,花水湾镇,途家,08:00,20,530
2026-10-17,m8,花水湾老街客栈,花水湾镇,同程,14:00,17,520
2026-10-17,m8,花水湾老街客栈,花水湾镇,途家,14:00,16,549
2026-10-17,m8,花水湾老街客栈,花水湾镇,同程,20:00,6,605
2026-10-17,m8,花水湾老街客栈,花水湾镇,途家,20:00,5,617
2026-10-18,m8,花水湾老街客栈,花水湾镇,同程,00:00,24,481
2026-10-18,m8,花水湾老街客栈,花水湾镇,途家,00:00,23,491
2026-10-18,m8,花水湾老街客栈,花水湾镇,同程,08:00,22,489
2026-10-18,m8,花水湾老街客栈,花水湾镇,途家,08:00,22,511
2026-10-18,m8,花水湾老街客栈,花水湾镇,同程,14:00,19,506
2026-10-18,m8,花水湾老街客栈,花水湾镇,途家,14:00,19,519
2026-10-18,m8,花水湾老街客栈,花水湾镇,同程,20:00,4,605
2026-10-18,m8,花水湾老街客栈,花水湾镇,途家,20:00,3,648
2026-10-19,m8,花水湾老街客栈,花水湾镇,同程,00:00,29,352
2026-10-19,m8,花水湾老街客栈,花水湾镇,途家,00:00,28,354
2026-10-19,m8,花水湾老街客栈,花水湾镇,同程,08:00,29,340
2026-10-19,m8,花水湾老街客栈,花水湾镇,途家,08:00,28,366
2026-10-19,m8,花水湾老街客栈,花水湾镇,同程,14:00,24,372
2026-10-19,m8,花水湾老街客栈,花水湾镇,途家,14:00,24,381
2026-10-19,m8,花水湾老街客栈,花水湾镇,同程,20:00,11,425
2026-10-19,m8,花水湾老街客栈,花水湾镇,途家,20:00,11,441
2026-10-20,m8,花水湾老街客栈,花水湾镇,同程,00:00,27,348
2026-10-20,m8,花水湾老街客栈,花水湾镇,途家,00:00,26,375
2026-10-20,m8,花水湾老街客栈,花水湾镇,同程,08:00,26,362
2026-10-20,m8,花水湾老街客栈,花水湾镇,途家,08:00,26,377
2026-10-20,m8,花水湾老街客栈,花水湾镇,同程,14:00,24,369
2026-10-20,m8,花水湾老街客栈,花水湾镇,途家,14:00,23,392
2026-10-20,m8,花水湾老街客栈,花水湾镇,同程,20:00,16,418
2026-10-20,m8,花水湾老街客栈,花水湾镇,途家,20:00,15,428
2026-10-21,m8,花水湾老街客栈,花水湾镇,同程,00:00,28,355
2026-10-21,m8,花水湾老街客栈,花水湾镇,途家,00:00,27,370
2026-10-21,m8,花水湾老街客栈,花水湾镇,同程,08:00,28,343
2026-10-21,m8,花水湾老街客栈,花水湾镇,途家,08:00,27,366
2026-10-21,m8,花水湾老街客栈,花水湾镇,同程,14:00,23,382
2026-10-21,m8,花水湾老街客栈,花水湾镇,途家,14:00,22,394
2026-10-21,m8,花水湾老街客栈,花水湾镇,同程,20:00,13,429
2026-10-21,m8,花水湾老街客栈,花水湾镇,途家,20:00,12,436
2026-10-22,m8,花水湾老街客栈,花水湾镇,同程,00:00,27,362
2026-10-22,m8,花水湾老街客栈,花水湾镇,途家,00:00,26,366
2026-10-22,m8,花水湾老街客栈,花水湾镇,同程,08:00,26,355
2026-10-22,m8,花水湾老街客栈,花水湾镇,途家,08:00,25,369
2026-10-22,m8,花水湾老街客栈,花水湾镇,同程,14:00,22,380
2026-10-22,m8,花水湾老街客栈,花水湾镇,途家,14:00,22,386
2026-10-22,m8,花水湾老街客栈,花水湾镇,同程,20:00,11,429
2026-10-22,m8,花水湾老街客栈,花水湾镇,途家,20:00,10,458
2026-10-23,m8,花水湾老街客栈,花水湾镇,同程,00:00,27,357
2026-10-23,m8,花水湾老街客栈,花水湾镇,途家,00:00,27,370
2026-10-23,m8,花水湾老街客栈,花水湾镇,同程,08:00,28,346
2026-10-23,m8,花水湾老街客栈,花水湾镇,途家,08:00,27,358
2026-10-23,m8,花水湾老街客栈,花水湾镇,同程,14:00,25,357
2026-10-23,m8,花水湾老街客栈,花水湾镇,途家,14:00,25,370
2026-10-23,m8,花水湾老街客栈,花水湾镇,同程,20:00,20,397
2026-10-23,m8,花水湾老街客栈,花水湾镇,途家,20:00,19,412
2026-10-24,m8,花水湾老街客栈,花水湾镇,同程,00:00,26,466
2026-10-24,m8,花水湾老街客栈,花水湾镇,途家,00:00,25,479
2026-10-24,m8,花水湾老街客栈,花水湾镇,同程,08:00,24,488
2026-10-24,m8,花水湾老街客栈,花水湾镇,途家,08:00,23,502
2026-10-24,m8,花水湾老街客栈,花水湾镇,同程,14:00,22,492
2026-10-24,m8,花水湾老街客栈,花水湾镇,途家,14:00,21,521
2026-10-24,m8,花水湾老街客栈,花水湾镇,同程,20:00,3,605
2026-10-24,m8,花水湾老街客栈,花水湾镇,途家,20:00,2,632
2026-10-25,m8,花水湾老街客栈,花水湾镇,同程,00:00,25,477
2026-10-25,m8,花水湾老街客栈,花水湾镇,途家,00:00,24,490
2026-10-25,m8,花水湾老街客栈,花水湾镇,同程,08:00,23,479
2026-10-25,m8,花水湾老街客栈,花水湾镇,途家,08:00,23,504
2026-10-25,m8,花水湾老街客栈,花水湾镇,同程,14:00,16,524
2026-10-25,m8,花水湾老街客栈,花水湾镇,途家,14:00,15,563
2026-10-25,m8,花水湾老街客栈,花水湾镇,同程,20:00,4,604
2026-10-25,m8,花水湾老街客栈,花水湾镇,途家,20:00,4,625
2026-10-26,m8,花水湾老街客栈,花水湾镇,同程,00:00,24,376
2026-10-26,m8,花水湾老街客栈,花水湾镇,途家,00:00,23,381
2026-10-26,m8,花水湾老街客栈,花水湾镇,同程,08:00,24,375
2026-10-26,m8,花水湾老街客栈,花水湾镇,途家,08:00,23,379
2026-10-26,m8,花水湾老街客栈,花水湾镇,同程,14:00,20,385
2026-10-26,m8,花水湾老街客栈,花水湾镇,途家,14:00,19,410
2026-10-26,m8,花水湾老街客栈,花水湾镇,同程,20:00,14,410
2026-10-26,m8,花水湾老街客栈,花水湾镇,途家,20:00,14,430
2026-10-27,m8,花水湾老街客栈,花水湾镇,同程,00:00,26,360
2026-10-27,m8,花水湾老街客栈,花水湾镇,途家,00:00,26,372
2026-10-27,m8,花水湾老街客栈,花水湾镇,同程,08:00,25,361
2026-10-27,m8,花水湾老街客栈,花水湾镇,途家,08:00,25,375
2026-10-27,m8,花水湾老街客栈,花水湾镇,同程,14:00,19,387
2026-10-27,m8,花水湾老街客栈,花水湾镇,途家,14:00,19,400
2026-10-27,m8,花水湾老街客栈,花水湾镇,同程,20:00,12,420
2026-10-27,m8,花水湾老街客栈,花水湾镇,途家,20:00,12,451
2026-10-28,m8,花水湾老街客栈,花水湾镇,同程,00:00,26,359
2026-10-28,m8,花水湾老街客栈,花水湾镇,途家,00:00,26,372
2026-10-28,m8,花水湾老街客栈,花水湾镇,同程,08:00,26,353
2026-10-28,m8,花水湾老街客栈,花水湾镇,途家,08:00,25,380
2026-10-28,m8,花水湾老街客栈,花水湾镇,同程,14:00,22,375
2026-10-28,m8,花水湾老街客栈,花水湾镇,途家,14:00,22,392
2026-10-28,m8,花水湾老街客栈,花水湾镇,同程,20:00,14,429
2026-10-28,m8,花水湾老街客栈,花水湾镇,途家,20:00,13,445
2026-10-29,m8,花水湾老街客栈,花水湾镇,同程,00:00,26,359
2026-10-29,m8,花水湾老街客栈,花水湾镇,途家,00:00,26,370
2026-10-29,m8,花水湾老街客栈,花水湾镇,同程,08:00,25,354
2026-10-29,m8,花水湾老街客栈,花水湾镇,途家,08:00,25,371
2026-10-29,m8,花水湾老街客栈,花水湾镇,同程,14:00,22,376
2026-10-29,m8,花水湾老街客栈,花水湾镇,途家,14:00,22,397
2026-10-29,m8,花水湾老街客栈,花水湾镇,同程,20:00,15,412
2026-10-29,m8,花水湾老街客栈,花水湾镇,途家,20:00,14,438
2026-10-30,m8,花水湾老街客栈,花水湾镇,同程,00:00,24,362
2026-10-30,m8,花水湾老街客栈,花水湾镇,途家,00:00,24,387
2026-10-30,m8,花水湾老街客栈,花水湾镇,同程,08:00,25,362
2026-10-30,m8,花水湾老街客栈,花水湾镇,途家,08:00,24,380
2026-10-30,m8,花水湾老街客栈,花水湾镇,同程,14:00,23,371
2026-10-30,m8,花水湾老街客栈,花水湾镇,途家,14:00,22,394
2026-10-30,m8,花水湾老街客栈,花水湾镇,同程,20:00,15,408
2026-10-30,m8,花水湾老街客栈,花水湾镇,途家,20:00,15,429
2026-10-31,m8,花水湾老街客栈,花水湾镇,同程,00:00,23,480
2026-10-31,m8,花水湾老街客栈,花水湾镇,途家,00:00,23,504
2026-10-31,m8,花水湾老街客栈,花水湾镇,同程,08:00,21,493
2026-10-31,m8,花水湾老街客栈,花水湾镇,途家,08:00,21,522
2026-10-31,m8,花水湾老街客栈,花水湾镇,同程,14:00,16,526
2026-10-31,m8,花水湾老街客栈,花水湾镇,途家,14:00,15,553
2026-10-31,m8,花水湾老街客栈,花水湾镇,同程,20:00,0,639
2026-10-31,m8,花水湾老街客栈,花水湾镇,途家,20:00,0,660
2026-10-01,m9,花水湾石桥客栈,花水湾镇,携程,00:00,14,1098
2026-10-01,m9,花水湾石桥客栈,花水湾镇,飞猪,00:00,14,1097
2026-10-01,m9,花水湾石桥客栈,花水湾镇,携程,08:00,13,1112
2026-10-01,m9,花水湾石桥客栈,花水湾镇,飞猪,08:00,13,1112
2026-10-01,m9,花水湾石桥客栈,花水湾镇,携程,14:00,9,1231
2026-10-01,m9,花水湾石桥客栈,花水湾镇,飞猪,14:00,8,1212
2026-10-01,m9,花水湾石桥客栈,花水湾镇,携程,20:00,1,1388
2026-10-01,m9,花水湾石桥客栈,花水湾镇,飞猪,20:00,1,1348
2026-10-02,m9,花水湾石桥客栈,花水湾镇,携程,00:00,16,1055
2026-10-02,m9,花水湾石桥客栈,花水湾镇,飞猪,00:00,15,1059
2026-10-02,m9,花水湾石桥客栈,花水湾镇,携程,08:00,14,1088
2026-10-02,m9,花水湾石桥客栈,花水湾镇,飞猪,08:00,14,1085
2026-10-02,m9,花水湾石桥客栈,花水湾镇,携程,14:00,9,1192
2026-10-02,m9,花水湾石桥客栈,花水湾镇,飞猪,14:00,10,1167
2026-10-02,m9,花水湾石桥客栈,花水湾镇,携程,20:00,2,1322
2026-10-02,m9,花水湾石桥客栈,花水湾镇,飞猪,20:00,2,1309
2026-10-03,m9,花水湾石桥客栈,花水湾镇,携程,00:00,15,1078
2026-10-03,m9,花水湾石桥客栈,花水湾镇,飞猪,00:00,15,1052
2026-10-03,m9,花水湾石桥客栈,花水湾镇,携程,08:00,15,1081
2026-10-03,m9,花水湾石桥客栈,花水湾镇,飞猪,08:00,15,1045
2026-10-03,m9,花水湾石桥客栈,花水湾镇,携程,14:00,8,1229
2026-10-03,m9,花水湾石桥客栈,花水湾镇,飞猪,14:00,8,1182
2026-10-03,m9,花水湾石桥客栈,花水湾镇,携程,20:00,1,1394
2026-10-03,m9,花水湾石桥客栈,花水湾镇,飞猪,20:00,1,1346
2026-10-04,m9,花水湾石桥客栈,花水湾镇,携程,00:00,17,1022
2026-10-04,m9,花水湾石桥客栈,花水湾镇,飞猪,00:00,18,1019
2026-10-04,m9,花水湾石桥客栈,花水湾镇,携程,08:00,17,1042
2026-10-04,m9,花水湾石桥客栈,花水湾镇,飞猪,08:00,17,1023
2026-10-04,m9,花水湾石桥客栈,花水湾镇,携程,14:00,7,1279
2026-10-04,m9,花水湾石桥客栈,花水湾镇,飞猪,14:00,7,1234
2026-10-04,m9,花水湾石桥客栈,花水湾镇,携程,20:00,1,1360
2026-10-04,m9,花水湾石桥客栈,花水湾镇,飞猪,20:00,1,1331
2026-10-05,m9,花水湾石桥客栈,花水湾镇,携程,00:00,19,992
2026-10-05,m9,花水湾石桥客栈,花水湾镇,飞猪,00:00,19,973
2026-10-05,m9,花水湾石桥客栈,花水湾镇,携程,08:00,18,1018
2026-10-05,m9,花水湾石桥客栈,花水湾镇,飞猪,08:00,18,993
2026-10-05,m9,花水湾石桥客栈,花水湾镇,携程,14:00,16,1051
2026-10-05,m9,花水湾石桥客栈,花水湾镇,飞猪,14:00,16,1046
2026-10-05,m9,花水湾石桥客栈,花水湾镇,携程,20:00,1,1366
2026-10-05,m9,花水湾石桥客栈,花水湾镇,飞猪,20:00,1,1340
2026-10-06,m9,花水湾石桥客栈,花水湾镇,携程,00:00,18,1018
2026-10-06,m9,花水湾石桥客栈,花水湾镇,飞猪,00:00,18,996
2026-10-06,m9,花水湾石桥客栈,花水湾镇,携程,08:00,17,1035
2026-10-06,m9,花水湾石桥客栈,花水湾镇,飞猪,08:00,17,995
2026-10-06,m9,花水湾石桥客栈,花水湾镇,携程,14:00,9,1214
2026-10-06,m9,花水湾石桥客栈,花水湾镇,飞猪,14:00,8,1215
2026-10-06,m9,花水湾石桥客栈,花水湾镇,携程,20:00,4,1288
2026-10-06,m9,花水湾石桥客栈,花水湾镇,飞猪,20:00,4,1293
2026-10-07,m9,花水湾石桥客栈,花水湾镇,携程,00:00,16,1067
2026-10-07,m9,花水湾石桥客栈,花水湾镇,飞猪,00:00,15,1069
2026-10-07,m9,花水湾石桥客栈,花水湾镇,携程,08:00,14,1103
2026-10-07,m9,花水湾石桥客栈,花水湾镇,飞猪,08:00,14,1073
2026-10-07,m9,花水湾石桥客栈,花水湾镇,携程,14:00,9,1182
2026-10-07,m9,花水湾石桥客栈,花水湾镇,飞猪,14:00,10,1203
2026-10-07,m9,花水湾石桥客栈,花水湾镇,携程,20:00,2,1343
2026-10-07,m9,花水湾石桥客栈,花水湾镇,飞猪,20:00,2,1318
2026-10-08,m9,花水湾石桥客栈,花水湾镇,携程,00:00,17,1029
2026-10-08,m9,花水湾石桥客栈,花水湾镇,飞猪,00:00,17,1016
2026-10-08,m9,花水湾石桥客栈,花水湾镇,携程,08:00,17,1041
2026-10-08,m9,花水湾石桥客栈,花水湾镇,飞猪,08:00,17,1027
2026-10-08,m9,花水湾石桥客栈,花水湾镇,携程,14:00,12,1117
2026-10-08,m9,花水湾石桥客栈,花水湾镇,飞猪,14:00,13,1107
2026-10-08,m9,花水湾石桥客栈,花水湾镇,携程,20:00,3,1346
2026-10-08,m9,花水湾石桥客栈,花水湾镇,飞猪,20:00,2,1308
2026-10-09,m9,花水湾石桥客栈,花水湾镇,携程,00:00,17,506
2026-10-09,m9,花水湾石桥客栈,花水湾镇,飞猪,00:00,17,499
2026-10-09,m9,花水湾石桥客栈,花水湾镇,携程,08:00,17,532
2026-10-09,m9,花水湾石桥客栈,花水湾镇,飞猪,08:00,16,518
2026-10-09,m9,花水湾石桥客栈,花水湾镇,携程,14:00,14,543
2026-10-09,m9,花水湾石桥客栈,花水湾镇,飞猪,14:00,14,540
2026-10-09,m9,花水湾石桥客栈,花水湾镇,携程,20:00,8,614
2026-10-09,m9,花水湾石桥客栈,花水湾镇,飞猪,20:00,9,601
2026-10-10,m9,花水湾石桥客栈,花水湾镇,携程,00:00,12,748
2026-10-10,m9,花水湾石桥客栈,花水湾镇,飞猪,00:00,12,715
2026-10-10,m9,花水湾石桥客栈,花水湾镇,携程,08:00,10,749
2026-10-10,m9,花水湾石桥客栈,花水湾镇,飞猪,08:00,10,755
2026-10-10,m9,花水湾石桥客栈,花水湾镇,携程,14:00,6,821
2026-10-10,m9,花水湾石桥客栈,花水湾镇,飞猪,14:00,6,804
2026-10-10,m9,花水湾石桥客栈,花水湾镇,携程,20:00,2,890
2026-10-10,m9,花水湾石桥客栈,花水湾镇,飞猪,20:00,1,875
2026-10-11,m9,花水湾石桥客栈,花水湾镇,携程,00:00,14,711
2026-10-11,m9,花水湾石桥客栈,花水湾镇,飞猪,00:00,14,690
2026-10-11,m9,花水湾石桥客栈,花水湾镇,携程,08:00,13,729
2026-10-11,m9,花水湾石桥客栈,花水湾镇,飞猪,08:00,13,713
2026-10-11,m9,花水湾石桥客栈,花水湾镇,携程,14:00,11,750
2026-10-11,m9,花水湾石桥客栈,花水湾镇,飞猪,14:00,10,766
2026-10-11,m9,花水湾石桥客栈,花水湾镇,携程,20:00,4,866
2026-10-11,m9,花水湾石桥客栈,花水湾镇,飞猪,20:00,3,863
2026-10-12,m9,花水湾石桥客栈,花水湾镇,携程,00:00,17,514
2026-10-12,m9,花水湾石桥客栈,花水湾镇,飞猪,00:00,16,517
2026-10-12,m9,花水湾石桥客栈,花水湾镇,携程,08:00,16,531
2026-10-12,m9,花水湾石桥客栈,花水湾镇,飞猪,08:00,17,508
2026-10-12,m9,花水湾石桥客栈,花水湾镇,携程,14:00,16,533
2026-10-12,m9,花水湾石桥客栈,花水湾镇,飞猪,14:00,15,519
2026-10-12,m9,花水湾石桥客栈,花水湾镇,携程,20:00,8,610
2026-10-12,m9,花水湾石桥客栈,花水湾镇,飞猪,20:00,8,598
2026-10-13,m9,花水湾石桥客栈,花水湾镇,携程,00:00,14,533
2026-10-13,m9,花水湾石桥客栈,花水湾镇,飞猪,00:00,14,529
2026-10-13,m9,花水湾石桥客栈,花水湾镇,携程,08:00,14,554
2026-10-13,m9,花水湾石桥客栈,花水湾镇,飞猪,08:00,14,548
2026-10-13,m9,花水湾石桥客栈,花水湾镇,携程,14:00,14,546
2026-10-13,m9,花水湾石桥客栈,花水湾镇,飞猪,14:00,14,546
2026-10-13,m9,花水湾石桥客栈,花水湾镇,携程,20:00,8,601
2026-10-13,m9,花水湾石桥客栈,花水湾镇,飞猪,20:00,9,609
2026-10-14,m9,花水湾石桥客栈,花水湾镇,携程,00:00,16,526
2026-10-14,m9,花水湾石桥客栈,花水湾镇,飞猪,00:00,16,519
2026-10-14,m9,花水湾石桥客栈,花水湾镇,携程,08:00,16,527
2026-10-14,m9,花水湾石桥客栈,花水湾镇,飞猪,08:00,16,522
2026-10-14,m9,花水湾石桥客栈,花水湾镇,携程,14:00,16,530
2026-10-14,m9,花水湾石桥客栈,花水湾镇,飞猪,14:00,16,521
2026-10-14,m9,花水湾石桥客栈,花水湾镇,携程,20:00,9,603
2026-10-14,m9,花水湾石桥客栈,花水湾镇,飞猪,20:00,9,586
2026-10-15,m9,花水湾石桥客栈,花水湾镇,携程,00:00,19,496
2026-10-15,m9,花水湾石桥客栈,花水湾镇,飞猪,00:00,19,478
2026-10-15,m9,花水湾石桥客栈,花水湾镇,携程,08:00,20,491
2026-10-15,m9,花水湾石桥客栈,花水湾镇,飞猪,08:00,19,485
2026-10-15,m9,花水湾石桥客栈,花水湾镇,携程,14:00,14,540
2026-10-15,m9,花水湾石桥客栈,花水湾镇,飞猪,14:00,14,542
2026-10-15,m9,花水湾石桥客栈,花水湾镇,携程,20:00,12,569
2026-10-15,m9,花水湾石桥客栈,花水湾镇,飞猪,20:00,13,570
2026-10-16,m9,花水湾石桥客栈,花水湾镇,携程,00:00,18,505
2026-10-16,m9,花水湾石桥客栈,花水湾镇,飞猪,00:00,17,516
2026-10-16,m9,花水湾石桥客栈,花水湾镇,携程,08:00,17,510
2026-10-16,m9,花水湾石桥客栈,花水湾镇,飞猪,08:00,18,496
2026-10-16,m9,花水湾石桥客栈,花水湾镇,携程,14:00,12,562
2026-10-16,m9,花水湾石桥客栈,花水湾镇,飞猪,14:00,13,552
2026-10-16,m9,花水湾石桥客栈,花水湾镇,携程,20:00,8,611
2026-10-16,m9,花水湾石桥客栈,花水湾镇,飞猪,20:00,8,607
2026-10-17,m9,花水湾石桥客栈,花水湾镇,携程,00:00,17,659
2026-10-17,m9,花水湾石桥客栈,花水湾镇,飞猪,00:00,17,663
2026-10-17,m9,花水湾石桥客栈,花水湾镇,携程,08:00,17,673
2026-10-17,m9,花水湾石桥客栈,花水湾镇,飞猪,08:00,17,652
2026-10-17,m9,花水湾石桥客栈,花水湾镇,携程,14:00,14,707
2026-10-17,m9,花水湾石桥客栈,花水湾镇,飞猪,14:00,14,720
2026-10-17,m9,花水湾石桥客栈,花水湾镇,携程,20:00,6,828
2026-10-17,m9,花水湾石桥客栈,花水湾镇,飞猪,20:00,5,824
2026-10-18,m9,花水湾石桥客栈,花水湾镇,携程,00:00,16,694
2026-10-18,m9,花水湾石桥客栈,花水湾镇,飞猪,00:00,15,684
2026-10-18,m9,花水湾石桥客栈,花水湾镇,携程,08:00,16,696
2026-10-18,m9,花水湾石桥客栈,花水湾镇,飞猪,08:00,15,685
2026-10-18,m9,花水湾石桥客栈,花水湾镇,携程,14:00,10,764
2026-10-18,m9,花水湾石桥客栈,花水湾镇,飞猪,14:00,10,741
2026-10-18,m9,花水湾石桥客栈,花水湾镇,携程,20:00,3,843
2026-10-18,m9,花水湾石桥客栈,花水湾镇,飞猪,20:00,3,849
2026-10-19,m9,花水湾石桥客栈,花水湾镇,携程,00:00,18,497
2026-10-19,m9,花水湾石桥客栈,花水湾镇,飞猪,00:00,18,491
2026-10-19,m9,花水湾石桥客栈,花水湾镇,携程,08:00,18,510
2026-10-19,m9,花水湾石桥客栈,花水湾镇,飞猪,08:00,18,491
2026-10-19,m9,花水湾石桥客栈,花水湾镇,携程,14:00,15,532
2026-10-19,m9,花水湾石桥客栈,花水湾镇,飞猪,14:00,15,522
2026-10-19,m9,花水湾石桥客栈,花水湾镇,携程,20:00,11,597
2026-10-19,m9,花水湾石桥客栈,花水湾镇,飞猪,20:00,10,579
2026-10-20,m9,花水湾石桥客栈,花水湾镇,携程,00:00,19,489
2026-10-20,m9,花水湾石桥客栈,花水湾镇,飞猪,00:00,19,475
2026-10-20,m9,花水湾石桥客栈,花水湾镇,携程,08:00,19,483
2026-10-20,m9,花水湾石桥客栈,花水湾镇,飞猪,08:00,20,481
2026-10-20,m9,花水湾石桥客栈,花水湾镇,携程,14:00,14,549
2026-10-20,m9,花水湾石桥客栈,花水湾镇,飞猪,14:00,13,560
2026-10-20,m9,花水湾石桥客栈,花水湾镇,携程,20:00,12,570
2026-10-20,m9,花水湾石桥客栈,花水湾镇,飞猪,20:00,12,562
2026-10-21,m9,花水湾石桥客栈,花水湾镇,携程,00:00,17,525
2026-10-21,m9,花水湾石桥客栈,花水湾镇,飞猪,00:00,16,511
2026-10-21,m9,花水湾石桥客栈,花水湾镇,携程,08:00,16,528
2026-10-21,m9,花水湾石桥客栈,花水湾镇,飞猪,08:00,15,518
2026-10-21,m9,花水湾石桥客栈,花水湾镇,携程,14:00,14,539
2026-10-21,m9,花水湾石桥客栈,花水湾镇,飞猪,14:00,14,545
2026-10-21,m9,花水湾石桥客栈,花水湾镇,携程,20:00,11,580
2026-10-21,m9,花水湾石桥客栈,花水湾镇,飞猪,20:00,12,572
2026-10-22,m9,花水湾石桥客栈,花水湾镇,携程,00:00,19,496
2026-10-22,m9,花水湾石桥客栈,花水湾镇,飞猪,00:00,19,486
2026-10-22,m9,花水湾石桥客栈,花水湾镇,携程,08:00,19,497
2026-10-22,m9,花水湾石桥客栈,花水湾镇,飞猪,08:00,19,478
2026-10-22,m9,花水湾石桥客栈,花水湾镇,携程,14:00,14,547
2026-10-22,m9,花水湾石桥客栈,花水湾镇,飞猪,14:00,14,531
2026-10-22,m9,花水湾石桥客栈,花水湾镇,携程,20:00,8,603
2026-10-22,m9,花水湾石桥客栈,花水湾镇,飞猪,20:00,8,606
2026-10-23,m9,花水湾石桥客栈,花水湾镇,携程,00:00,17,520
2026-10-23,m9,花水湾石桥客栈,花水湾镇,飞猪,00:00,17,510
2026-10-23,m9,花水湾石桥客栈,花水湾镇,携程,08:00,17,503
2026-10-23,m9,花水湾石桥客栈,花水湾镇,飞猪,08:00,18,504
2026-10-23,m9,花水湾石桥客栈,花水湾镇,携程,14:00,12,570
2026-10-23,m9,花水湾石桥客栈,花水湾镇,飞猪,14:00,12,549
2026-10-23,m9,花水湾石桥客栈,花水湾镇,携程,20:00,9,594
2026-10-23,m9,花水湾石桥客栈,花水湾镇,飞猪,20:00,9,602
2026-10-24,m9,花水湾石桥客栈,花水湾镇,携程,00:00,17,658
2026-10-24,m9,花水湾石桥客栈,花水湾镇,飞猪,00:00,17,665
2026-10-24,m9,花水湾石桥客栈,花水湾镇,携程,08:00,14,718
2026-10-24,m9,花水湾石桥客栈,花水湾镇,飞猪,08:00,14,691
2026-10-24,m9,花水湾石桥客栈,花水湾镇,携程,14:00,12,723
2026-10-24,m9,花水湾石桥客栈,花水湾镇,飞猪,14:00,12,716
2026-10-24,m9,花水湾石桥客栈,花水湾镇,携程,20:00,5,821
2026-10-24,m9,花水湾石桥客栈,花水湾镇,飞猪,20:00,5,835
2026-10-25,m9,花水湾石桥客栈,花水湾镇,携程,00:00,15,703
2026-10-25,m9,花水湾石桥客栈,花水湾镇,飞猪,00:00,15,697
2026-10-25,m9,花水湾石桥客栈,花水湾镇,携程,08:00,15,693
2026-10-25,m9,花水湾石桥客栈,花水湾镇,飞猪,08:00,15,676
2026-10-25,m9,花水湾石桥客栈,花水湾镇,携程,14:00,12,745
2026-10-25,m9,花水湾石桥客栈,花水湾镇,飞猪,14:00,12,740
2026-10-25,m9,花水湾石桥客栈,花水湾镇,携程,20:00,6,832
2026-10-25,m9,花水湾石桥客栈,花水湾镇,飞猪,20:00,6,817
2026-10-26,m9,花水湾石桥客栈,花水湾镇,携程,00:00,17,513
2026-10-26,m9,花水湾石桥客栈,花水湾镇,飞猪,00:00,17,503
2026-10-26,m9,花水湾石桥客栈,花水湾镇,携程,08:00,17,509
2026-10-26,m9,花水湾石桥客栈,花水湾镇,飞猪,08:00,17,514
2026-10-26,m9,花水湾石桥客栈,花水湾镇,携程,14:00,15,527
2026-10-26,m9,花水湾石桥客栈,花水湾镇,飞猪,14:00,15,517
2026-10-26,m9,花水湾石桥客栈,花水湾镇,携程,20:00,7,615
2026-10-26,m9,花水湾石桥客栈,花水湾镇,飞猪,20:00,7,605
2026-10-27,m9,花水湾石桥客栈,花水湾镇,携程,00:00,18,491
2026-10-27,m9,花水湾石桥客栈,花水湾镇,飞猪,00:00,19,490
2026-10-27,m9,花水湾石桥客栈,花水湾镇,携程,08:00,18,503
2026-10-27,m9,花水湾石桥客栈,花水湾镇,飞猪,08:00,18,488
2026-10-27,m9,花水湾石桥客栈,花水湾镇,携程,14:00,17,515
2026-10-27,m9,花水湾石桥客栈,花水湾镇,飞猪,14:00,16,519
2026-10-27,m9,花水湾石桥客栈,花水湾镇,携程,20:00,11,579
2026-10-27,m9,花水湾石桥客栈,花水湾镇,飞猪,20:00,11,564
2026-10-28,m9,花水湾石桥客栈,花水湾镇,携程,00:00,18,512
2026-10-28,m9,花水湾石桥客栈,花水湾镇,飞猪,00:00,17,510
2026-10-28,m9,花水湾石桥客栈,花水湾镇,携程,08:00,17,521
2026-10-28,m9,花水湾石桥客栈,花水湾镇,飞猪,08:00,17,502
2026-10-28,m9,花水湾石桥客栈,花水湾镇,携程,14:00,15,527
2026-10-28,m9,花水湾石桥客栈,花水湾镇,飞猪,14:00,15,533
2026-10-28,m9,花水湾石桥客栈,花水湾镇,携程,20:00,9,612
2026-10-28,m9,花水湾石桥客栈,花水湾镇,飞猪,20:00,9,595
2026-10-29,m9,花水湾石桥客栈,花水湾镇,携程,00:00,15,546
2026-10-29,m9,花水湾石桥客栈,花水湾镇,飞猪,00:00,14,547
2026-10-29,m9,花水湾石桥客栈,花水湾镇,携程,08:00,14,536
2026-10-29,m9,花水湾石桥客栈,花水湾镇,飞猪,08:00,14,544
2026-10-29,m9,花水湾石桥客栈,花水湾镇,携程,14:00,12,559
2026-10-29,m9,花水湾石桥客栈,花水湾镇,飞猪,14:00,12,555
2026-10-29,m9,花水湾石桥客栈,花水湾镇,携程,20:00,6,638
2026-10-29,m9,花水湾石桥客栈,花水湾镇,飞猪,20:00,5,640
2026-10-30,m9,花水湾石桥客栈,花水湾镇,携程,00:00,20,478
2026-10-30,m9,花水湾石桥客栈,花水湾镇,飞猪,00:00,20,477
2026-10-30,m9,花水湾石桥客栈,花水湾镇,携程,08:00,17,509
2026-10-30,m9,花水湾石桥客栈,花水湾镇,飞猪,08:00,17,513
2026-10-30,m9,花水湾石桥客栈,花水湾镇,携程,14:00,10,576
2026-10-30,m9,花水湾石桥客栈,花水湾镇,飞猪,14:00,10,574
2026-10-30,m9,花水湾石桥客栈,花水湾镇,携程,20:00,7,620
2026-10-30,m9,花水湾石桥客栈,花水湾镇,飞猪,20:00,8,620
2026-10-31,m9,花水湾石桥客栈,花水湾镇,携程,00:00,18,672
2026-10-31,m9,花水湾石桥客栈,花水湾镇,飞猪,00:00,17,670
2026-10-31,m9,花水湾石桥客栈,花水湾镇,携程,08:00,18,676
2026-10-31,m9,花水湾石桥客栈,花水湾镇,飞猪,08:00,17,649
2026-10-31,m9,花水湾石桥客栈,花水湾镇,携程,14:00,12,722
2026-10-31,m9,花水湾石桥客栈,花水湾镇,飞猪,14:00,12,739
2026-10-31,m9,花水湾石桥客栈,花水湾镇,携程,20:00,2,869
2026-10-31,m9,花水湾石桥客栈,花水湾镇,飞猪,20:00,2,848
2026-10-01,m10,花水湾山房温泉民宿,花水湾镇,飞猪,00:00,16,1374
2026-10-01,m10,花水湾山房温泉民宿,花水湾镇,途家,00:00,16,1398
2026-10-01,m10,花水湾山房温泉民宿,花水湾镇,飞猪,08:00,15,1410
2026-10-01,m10,花水湾山房温泉民宿,花水湾镇,途家,08:00,15,1444
2026-10-01,m10,花水湾山房温泉民宿,花水湾镇,飞猪,14:00,9,1542
2026-10-01,m10,花水湾山房温泉民宿,花水湾镇,途家,14:00,9,1610
2026-10-01,m10,花水湾山房温泉民宿,花水湾镇,飞猪,20:00,2,1742
2026-10-01,m10,花水湾山房温泉民宿,花水湾镇,途家,20:00,2,1850
2026-10-02,m10,花水湾山房温泉民宿,花水湾镇,飞猪,00:00,18,1275
2026-10-02,m10,花水湾山房温泉民宿,花水湾镇,途家,00:00,18,1336
2026-10-02,m10,花水湾山房温泉民宿,花水湾镇,飞猪,08:00,16,1361
2026-10-02,m10,花水湾山房温泉民宿,花水湾镇,途家,08:00,16,1401
2026-10-02,m10,花水湾山房温泉民宿,花水湾镇,飞猪,14:00,12,1453
2026-10-02,m10,花水湾山房温泉民宿,花水湾镇,途家,14:00,12,1526
2026-10-02,m10,花水湾山房温泉民宿,花水湾镇,飞猪,20:00,1,1809
2026-10-02,m10,花水湾山房温泉民宿,花水湾镇,途家,20:00,1,1884
2026-10-03,m10,花水湾山房温泉民宿,花水湾镇,飞猪,00:00,14,1436
2026-10-03,m10,花水湾山房温泉民宿,花水湾镇,途家,00:00,14,1441
2026-10-03,m10,花水湾山房温泉民宿,花水湾镇,飞猪,08:00,15,1404
2026-10-03,m10,花水湾山房温泉民宿,花水湾镇,途家,08:00,14,1462
2026-10-03,m10,花水湾山房温泉民宿,花水湾镇,飞猪,14:00,9,1545
2026-10-03,m10,花水湾山房温泉民宿,花水湾镇,途家,14:00,9,1582
2026-10-03,m10,花水湾山房温泉民宿,花水湾镇,飞猪,20:00,4,1738
2026-10-03,m10,花水湾山房温泉民宿,花水湾镇,途家,20:00,3,1797
2026-10-04,m10,花水湾山房温泉民宿,花水湾镇,飞猪,00:00,16,1357
2026-10-04,m10,花水湾山房温泉民宿,花水湾镇,途家,00:00,16,1383
2026-10-04,m10,花水湾山房温泉民宿,花水湾镇,飞猪,08:00,16,1372
2026-10-04,m10,花水湾山房温泉民宿,花水湾镇,途家,08:00,16,1399
2026-10-04,m10,花水湾山房温泉民宿,花水湾镇,飞猪,14:00,13,1431
2026-10-04,m10,花水湾山房温泉民宿,花水湾镇,途家,14:00,13,1517
2026-10-04,m10,花水湾山房温泉民宿,花水湾镇,飞猪,20:00,3,1735
2026-10-04,m10,花水湾山房温泉民宿,花水湾镇,途家,20:00,3,1775
2026-10-05,m10,花水湾山房温泉民宿,花水湾镇,飞猪,00:00,15,1383
2026-10-05,m10,花水湾山房温泉民宿,花水湾镇,途家,00:00,15,1425
2026-10-05,m10,花水湾山房温泉民宿,花水湾镇,飞猪,08:00,15,1374
2026-10-05,m10,花水湾山房温泉民宿,花水湾镇,途家,08:00,15,1416
2026-10-05,m10,花水湾山房温泉民宿,花水湾镇,飞猪,14:00,11,1508
2026-10-05,m10,花水湾山房温泉民宿,花水湾镇,途家,14:00,10,1610
2026-10-05,m10,花水湾山房温泉民宿,花水湾镇,飞猪,20:00,2,1792
2026-10-05,m10,花水湾山房温泉民宿,花水湾镇,途家,20:00,1,1836
2026-10-06,m10,花水湾山房温泉民宿,花水湾镇,飞猪,00:00,18,1278
2026-10-06,m10,花水湾山房温泉民宿,花水湾镇,途家,00:00,18,1314
2026-10-06,m10,花水湾山房温泉民宿,花水湾镇,飞猪,08:00,18,1321
2026-10-06,m10,花水湾山房温泉民宿,花水湾镇,途家,08:00,18,1356
2026-10-06,m10,花水湾山房温泉民宿,花水湾镇,飞猪,14:00,13,1422
2026-10-06,m10,花水湾山房温泉民宿,花水湾镇,途家,14:00,13,1513
2026-10-06,m10,花水湾山房温泉民宿,花水湾镇,飞猪,20:00,2,1807
2026-10-06,m10,花水湾山房温泉民宿,花水湾镇,途家,20:00,1,1858
2026-10-07,m10,花水湾山房温泉民宿,花水湾镇,飞猪,00:00,16,1337
2026-10-07,m10,花水湾山房温泉民宿,花水湾镇,途家,00:00,16,1381
2026-10-07,m10,花水湾山房温泉民宿,花水湾镇,飞猪,08:00,15,1410
2026-10-07,m10,花水湾山房温泉民宿,花水湾镇,途家,08:00,14,1437
2026-10-07,m10,花水湾山房温泉民宿,花水湾镇,飞猪,14:00,9,1555
2026-10-07,m10,花水湾山房温泉民宿,花水湾镇,途家,14:00,9,1598
2026-10-07,m10,花水湾山房温泉民宿,花水湾镇,飞猪,20:00,0,1846
2026-10-07,m10,花水湾山房温泉民宿,花水湾镇,途家,20:00,0,1908
2026-10-08,m10,花水湾山房温泉民宿,花水湾镇,飞猪,00:00,13,1446
2026-10-08,m10,花水湾山房温泉民宿,花水湾镇,途家,00:00,13,1517
2026-10-08,m10,花水湾山房温泉民宿,花水湾镇,飞猪,08:00,10,1552
2026-10-08,m10,花水湾山房温泉民宿,花水湾镇,途家,08:00,10,1580
2026-10-08,m10,花水湾山房温泉民宿,花水湾镇,飞猪,14:00,5,1686
2026-10-08,m10,花水湾山房温泉民宿,花水湾镇,途家,14:00,5,1722
2026-10-08,m10,花水湾山房温泉民宿,花水湾镇,飞猪,20:00,1,1820
2026-10-08,m10,花水湾山房温泉民宿,花水湾镇,途家,20:00,1,1828
2026-10-09,m10,花水湾山房温泉民宿,花水湾镇,飞猪,00:00,15,704
2026-10-09,m10,花水湾山房温泉民宿,花水湾镇,途家,00:00,15,709
2026-10-09,m10,花水湾山房温泉民宿,花水湾镇,飞猪,08:00,15,698
2026-10-09,m10,花水湾山房温泉民宿,花水湾镇,途家,08:00,15,716
2026-10-09,m10,花水湾山房温泉民宿,花水湾镇,飞猪,14:00,14,728
2026-10-09,m10,花水湾山房温泉民宿,花水湾镇,途家,14:00,13,758
2026-10-09,m10,花水湾山房温泉民宿,花水湾镇,飞猪,20:00,7,805
2026-10-09,m10,花水湾山房温泉民宿,花水湾镇,途家,20:00,7,850
2026-10-10,m10,花水湾山房温泉民宿,花水湾镇,飞猪,00:00,17,875
2026-10-10,m10,花水湾山房温泉民宿,花水湾镇,途家,00:00,17,903
2026-10-10,m10,花水湾山房温泉民宿,花水湾镇,飞猪,08:00,18,867
2026-10-10,m10,花水湾山房温泉民宿,花水湾镇,途家,08:00,17,881
2026-10-10,m10,花水湾山房温泉民宿,花水湾镇,飞猪,14:00,12,993
2026-10-10,m10,花水湾山房温泉民宿,花水湾镇,途家,14:00,11,1001
2026-10-10,m10,花水湾山房温泉民宿,花水湾镇,飞猪,20:00,3,1161
2026-10-10,m10,花水湾山房温泉民宿,花水湾镇,途家,20:00,2,1169
2026-10-11,m10,花水湾山房温泉民宿,花水湾镇,飞猪,00:00,17,857
2026-10-11,m10,花水湾山房温泉民宿,花水湾镇,途家,00:00,17,890
2026-10-11,m10,花水湾山房温泉民宿,花水湾镇,飞猪,08:00,17,851
2026-10-11,m10,花水湾山房温泉民宿,花水湾镇,途家,08:00,17,895
2026-10-11,m10,花水湾山房温泉民宿,花水湾镇,飞猪,14:00,11,969
2026-10-11,m10,花水湾山房温泉民宿,花水湾镇,途家,14:00,11,1023
2026-10-11,m10,花水湾山房温泉民宿,花水湾镇,飞猪,20:00,3,1126
2026-10-11,m10,花水湾山房温泉民宿,花水湾镇,途家,20:00,3,1165
2026-10-12,m10,花水湾山房温泉民宿,花水湾镇,飞猪,00:00,15,699
2026-10-12,m10,花水湾山房温泉民宿,花水湾镇,途家,00:00,15,702
2026-10-12,m10,花水湾山房温泉民宿,花水湾镇,飞猪,08:00,15,684
2026-10-12,m10,花水湾山房温泉民宿,花水湾镇,途家,08:00,15,702
2026-10-12,m10,花水湾山房温泉民宿,花水湾镇,飞猪,14:00,11,746
2026-10-12,m10,花水湾山房温泉民宿,花水湾镇,途家,14:00,11,789
2026-10-12,m10,花水湾山房温泉民宿,花水湾镇,飞猪,20:00,6,859
2026-10-12,m10,花水湾山房温泉民宿,花水湾镇,途家,20:00,5,852
2026-10-13,m10,花水湾山房温泉民宿,花水湾镇,飞猪,00:00,16,701
2026-10-13,m10,花水湾山房温泉民宿,花水湾镇,途家,00:00,15,715
2026-10-13,m10,花水湾山房温泉民宿,花水湾镇,飞猪,08:00,15,697
2026-10-13,m10,花水湾山房温泉民宿,花水湾镇,途家,08:00,15,719
2026-10-13,m10,花水湾山房温泉民宿,花水湾镇,飞猪,14:00,13,735
2026-10-13,m10,花水湾山房温泉民宿,花水湾镇,途家,14:00,13,738
2026-10-13,m10,花水湾山房温泉民宿,花水湾镇,飞猪,20:00,5,832
2026-10-13,m10,花水湾山房温泉民宿,花水湾镇,途家,20:00,5,871
2026-10-14,m10,花水湾山房温泉民宿,花水湾镇,飞猪,00:00,15,698
2026-10-14,m10,花水湾山房温泉民宿,花水湾镇,途家,00:00,15,722
2026-10-14,m10,花水湾山房温泉民宿,花水湾镇,飞猪,08:00,15,682
2026-10-14,m10,花水湾山房温泉民宿,花水湾镇,途家,08:00,15,724
2026-10-14,m10,花水湾山房温泉民宿,花水湾镇,飞猪,14:00,15,702
2026-10-14,m10,花水湾山房温泉民宿,花水湾镇,途家,14:00,15,703
2026-10-14,m10,花水湾山房温泉民宿,花水湾镇,飞猪,20:00,9,775
2026-10-14,m10,花水湾山房温泉民宿,花水湾镇,途家,20:00,9,794
2026-10-15,m10,花水湾山房温泉民宿,花水湾镇,飞猪,00:00,19,632
2026-10-15,m10,花水湾山房温泉民宿,花水湾镇,途家,00:00,19,657
2026-10-15,m10,花水湾山房温泉民宿,花水湾镇,飞猪,08:00,19,644
2026-10-15,m10,花水湾山房温泉民宿,花水湾镇,途家,08:00,19,639
2026-10-15,m10,花水湾山房温泉民宿,花水湾镇,飞猪,14:00,16,677
2026-10-15,m10,花水湾山房温泉民宿,花水湾镇,途家,14:00,16,708
2026-10-15,m10,花水湾山房温泉民宿,花水湾镇,飞猪,20:00,17,690
2026-10-15,m10,花水湾山房温泉民宿,花水湾镇,途家,20:00,16,685
2026-10-16,m10,花水湾山房温泉民宿,花水湾镇,飞猪,00:00,16,690
2026-10-16,m10,花水湾山房温泉民宿,花水湾镇,途家,00:00,16,710
2026-10-16,m10,花水湾山房温泉民宿,花水湾镇,飞猪,08:00,16,689
2026-10-16,m10,花水湾山房温泉民宿,花水湾镇,途家,08:00,16,698
2026-10-16,m10,花水湾山房温泉民宿,花水湾镇,飞猪,14:00,13,723
2026-10-16,m10,花水湾山房温泉民宿,花水湾镇,途家,14:00,13,747
2026-10-16,m10,花水湾山房温泉民宿,花水湾镇,飞猪,20:00,4,854
2026-10-16,m10,花水湾山房温泉民宿,花水湾镇,途家,20:00,4,897
2026-10-17,m10,花水湾山房温泉民宿,花水湾镇,飞猪,00:00,15,911
2026-10-17,m10,花水湾山房温泉民宿,花水湾镇,途家,00:00,15,926
2026-10-17,m10,花水湾山房温泉民宿,花水湾镇,飞猪,08:00,15,904
2026-10-17,m10,花水湾山房温泉民宿,花水湾镇,途家,08:00,14,952
2026-10-17,m10,花水湾山房温泉民宿,花水湾镇,飞猪,14:00,10,989
2026-10-17,m10,花水湾山房温泉民宿,花水湾镇,途家,14:00,10,1042
2026-10-17,m10,花水湾山房温泉民宿,花水湾镇,飞猪,20:00,3,1124
2026-10-17,m10,花水湾山房温泉民宿,花水湾镇,途家,20:00,3,1170
2026-10-18,m10,花水湾山房温泉民宿,花水湾镇,飞猪,00:00,11,992
2026-10-18,m10,花水湾山房温泉民宿,花水湾镇,途家,00:00,11,994
2026-10-18,m10,花水湾山房温泉民宿,花水湾镇,飞猪,08:00,11,990
2026-10-18,m10,花水湾山房温泉民宿,花水湾镇,途家,08:00,11,1008
2026-10-18,m10,花水湾山房温泉民宿,花水湾镇,飞猪,14:00,3,1145
2026-10-18,m10,花水湾山房温泉民宿,花水湾镇,途家,14:00,3,1170
2026-10-18,m10,花水湾山房温泉民宿,花水湾镇,飞猪,20:00,0,1174
2026-10-18,m10,花水湾山房温泉民宿,花水湾镇,途家,20:00,0,1250
2026-10-19,m10,花水湾山房温泉民宿,花水湾镇,飞猪,00:00,15,689
2026-10-19,m10,花水湾山房温泉民宿,花水湾镇,途家,00:00,15,725
2026-10-19,m10,花水湾山房温泉民宿,花水湾镇,飞猪,08:00,15,681
2026-10-19,m10,花水湾山房温泉民宿,花水湾镇,途家,08:00,15,710
2026-10-19,m10,花水湾山房温泉民宿,花水湾镇,飞猪,14:00,13,715
2026-10-19,m10,花水湾山房温泉民宿,花水湾镇,途家,14:00,13,733
2026-10-19,m10,花水湾山房温泉民宿,花水湾镇,飞猪,20:00,6,819
2026-10-19,m10,花水湾山房温泉民宿,花水湾镇,途家,20:00,6,858
2026-10-20,m10,花水湾山房温泉民宿,花水湾镇,飞猪,00:00,15,705
2026-10-20,m10,花水湾山房温泉民宿,花水湾镇,途家,00:00,15,711
2026-10-20,m10,花水湾山房温泉民宿,花水湾镇,飞猪,08:00,15,699
2026-10-20,m10,花水湾山房温泉民宿,花水湾镇,途家,08:00,15,713
2026-10-20,m10,花水湾山房温泉民宿,花水湾镇,飞猪,14:00,13,744
2026-10-20,m10,花水湾山房温泉民宿,花水湾镇,途家,14:00,12,774
2026-10-20,m10,花水湾山房温泉民宿,花水湾镇,飞猪,20:00,7,814
2026-10-20,m10,花水湾山房温泉民宿,花水湾镇,途家,20:00,7,851
2026-10-21,m10,花水湾山房温泉民宿,花水湾镇,飞猪,00:00,16,666
2026-10-21,m10,花水湾山房温泉民宿,花水湾镇,途家,00:00,16,692
2026-10-21,m10,花水湾山房温泉民宿,花水湾镇,飞猪,08:00,17,681
2026-10-21,m10,花水湾山房温泉民宿,花水湾镇,途家,08:00,16,685
2026-10-21,m10,花水湾山房温泉民宿,花水湾镇,飞猪,14:00,11,759
2026-10-21,m10,花水湾山房温泉民宿,花水湾镇,途家,14:00,11,782
2026-10-21,m10,花水湾山房温泉民宿,花水湾镇,飞猪,20:00,7,821
2026-10-21,m10,花水湾山房温泉民宿,花水湾镇,途家,20:00,7,852
2026-10-22,m10,花水湾山房温泉民宿,花水湾镇,飞猪,00:00,16,665
2026-10-22,m10,花水湾山房温泉民宿,花水湾镇,途家,00:00,16,693
2026-10-22,m10,花水湾山房温泉民宿,花水湾镇,飞猪,08:00,14,710
2026-10-22,m10,花水湾山房温泉民宿,花水湾镇,途家,08:00,14,728
2026-10-22,m10,花水湾山房温泉民宿,花水湾镇,飞猪,14:00,11,763
2026-10-22,m10,花水湾山房温泉民宿,花水湾镇,途家,14:00,11,767
2026-10-22,m10,花水湾山房温泉民宿,花水湾镇,飞猪,20:00,5,857
2026-10-22,m10,花水湾山房温泉民宿,花水湾镇,途家,20:00,4,880
2026-10-23,m10,花水湾山房温泉民宿,花水湾镇,飞猪,00:00,18,656
2026-10-23,m10,花水湾山房温泉民宿,花水湾镇,途家,00:00,18,666
2026-10-23,m10,花水湾山房温泉民宿,花水湾镇,飞猪,08:00,18,659
2026-10-23,m10,花水湾山房温泉民宿,花水湾镇,途家,08:00,18,663
2026-10-23,m10,花水湾山房温泉民宿,花水湾镇,飞猪,14:00,17,681
2026-10-23,m10,花水湾山房温泉民宿,花水湾镇,途家,14:00,16,691
2026-10-23,m10,花水湾山房温泉民宿,花水湾镇,飞猪,20:00,15,708
2026-10-23,m10,花水湾山房温泉民宿,花水湾镇,途家,20:00,14,722
2026-10-24,m10,花水湾山房温泉民宿,花水湾镇,飞猪,00:00,14,944
2026-10-24,m10,花水湾山房温泉民宿,花水湾镇,途家,00:00,13,962
2026-10-24,m10,花水湾山房温泉民宿,花水湾镇,飞猪,08:00,10,984
2026-10-24,m10,花水湾山房温泉民宿,花水湾镇,途家,08:00,10,1007
2026-10-24,m10,花水湾山房温泉民宿,花水湾镇,飞猪,14:00,6,1078
2026-10-24,m10,花水湾山房温泉民宿,花水湾镇,途家,14:00,6,1104
2026-10-24,m10,花水湾山房温泉民宿,花水湾镇,飞猪,20:00,2,1139
2026-10-24,m10,花水湾山房温泉民宿,花水湾镇,途家,20:00,2,1164
2026-10-25,m10,花水湾山房温泉民宿,花水湾镇,飞猪,00:00,11,987
2026-10-25,m10,花水湾山房温泉民宿,花水湾镇,途家,00:00,11,1022
2026-10-25,m10,花水湾山房温泉民宿,花水湾镇,飞猪,08:00,11,973
2026-10-25,m10,花水湾山房温泉民宿,花水湾镇,途家,08:00,11,1007
2026-10-25,m10,花水湾山房温泉民宿,花水湾镇,飞猪,14:00,7,1037
2026-10-25,m10,花水湾山房温泉民宿,花水湾镇,途家,14:00,7,1085
2026-10-25,m10,花水湾山房温泉民宿,花水湾镇,飞猪,20:00,2,1177
2026-10-25,m10,花水湾山房温泉民宿,花水湾镇,途家,20:00,1,1205
2026-10-26,m10,花水湾山房温泉民宿,花水湾镇,飞猪,00:00,18,656
2026-10-26,m10,花水湾山房温泉民宿,花水湾镇,途家,00:00,18,676
2026-10-26,m10,花水湾山房温泉民宿,花水湾镇,飞猪,08:00,16,681
2026-10-26,m10,花水湾山房温泉民宿,花水湾镇,途家,08:00,16,708
2026-10-26,m10,花水湾山房温泉民宿,花水湾镇,飞猪,14:00,12,738
2026-10-26,m10,花水湾山房温泉民宿,花水湾镇,途家,14:00,12,765
2026-10-26,m10,花水湾山房温泉民宿,花水湾镇,飞猪,20:00,10,768
2026-10-26,m10,花水湾山房温泉民宿,花水湾镇,途家,20:00,10,801
2026-10-27,m10,花水湾山房温泉民宿,花水湾镇,飞猪,00:00,17,662
2026-10-27,m10,花水湾山房温泉民宿,花水湾镇,途家,00:00,17,677
2026-10-27,m10,花水湾山房温泉民宿,花水湾镇,飞猪,08:00,16,668
2026-10-27,m10,花水湾山房温泉民宿,花水湾镇,途家,08:00,16,702
2026-10-27,m10,花水湾山房温泉民宿,花水湾镇,飞猪,14:00,15,686
2026-10-27,m10,花水湾山房温泉民宿,花水湾镇,途家,14:00,15,710
2026-10-27,m10,花水湾山房温泉民宿,花水湾镇,飞猪,20:00,8,783
2026-10-27,m10,花水湾山房温泉民宿,花水湾镇,途家,20:00,8,806
2026-10-28,m10,花水湾山房温泉民宿,花水湾镇,飞猪,00:00,17,666
2026-10-28,m10,花水湾山房温泉民宿,花水湾镇,途家,00:00,17,681
2026-10-28,m10,花水湾山房温泉民宿,花水湾镇,飞猪,08:00,17,650
2026-10-28,m10,花水湾山房温泉民宿,花水湾镇,途家,08:00,17,689
2026-10-28,m10,花水湾山房温泉民宿,花水湾镇,飞猪,14:00,12,737
2026-10-28,m10,花水湾山房温泉民宿,花水湾镇,途家,14:00,12,753
2026-10-28,m10,花水湾山房温泉民宿,花水湾镇,飞猪,20:00,6,815
2026-10-28,m10,花水湾山房温泉民宿,花水湾镇,途家,20:00,6,839
2026-10-29,m10,花水湾山房温泉民宿,花水湾镇,飞猪,00:00,16,671
2026-10-29,m10,花水湾山房温泉民宿,花水湾镇,途家,00:00,16,711
2026-10-29,m10,花水湾山房温泉民宿,花水湾镇,飞猪,08:00,14,714
2026-10-29,m10,花水湾山房温泉民宿,花水湾镇,途家,08:00,14,727
2026-10-29,m10,花水湾山房温泉民宿,花水湾镇,飞猪,14:00,12,744
2026-10-29,m10,花水湾山房温泉民宿,花水湾镇,途家,14:00,12,764
2026-10-29,m10,花水湾山房温泉民宿,花水湾镇,飞猪,20:00,8,822
2026-10-29,m10,花水湾山房温泉民宿,花水湾镇,途家,20:00,7,846
2026-10-30,m10,花水湾山房温泉民宿,花水湾镇,飞猪,00:00,16,677
2026-10-30,m10,花水湾山房温泉民宿,花水湾镇,途家,00:00,16,692
2026-10-30,m10,花水湾山房温泉民宿,花水湾镇,飞猪,08:00,15,704
2026-10-30,m10,花水湾山房温泉民宿,花水湾镇,途家,08:00,15,716
2026-10-30,m10,花水湾山房温泉民宿,花水湾镇,飞猪,14:00,11,766
2026-10-30,m10,花水湾山房温泉民宿,花水湾镇,途家,14:00,11,765
2026-10-30,m10,花水湾山房温泉民宿,花水湾镇,飞猪,20:00,9,781
2026-10-30,m10,花水湾山房温泉民宿,花水湾镇,途家,20:00,9,812
2026-10-31,m10,花水湾山房温泉民宿,花水湾镇,飞猪,00:00,16,896
2026-10-31,m10,花水湾山房温泉民宿,花水湾镇,途家,00:00,16,889
2026-10-31,m10,花水湾山房温泉民宿,花水湾镇,飞猪,08:00,15,899
2026-10-31,m10,花水湾山房温泉民宿,花水湾镇,途家,08:00,15,909
2026-10-31,m10,花水湾山房温泉民宿,花水湾镇,飞猪,14:00,7,1066
2026-10-31,m10,花水湾山房温泉民宿,花水湾镇,途家,14:00,7,1087
2026-10-31,m10,花水湾山房温泉民宿,花水湾镇,飞猪,20:00,1,1182
2026-10-31,m10,花水湾山房温泉民宿,花水湾镇,途家,20:00,1,1228
2026-10-01,m11,花水湾中铁温泉酒店,花水湾镇,携程,00:00,146,2042
2026-10-01,m11,花水湾中铁温泉酒店,花水湾镇,去哪儿,00:00,146,1963
2026-10-01,m11,花水湾中铁温泉酒店,花水湾镇,同程,00:00,146,1979
2026-10-01,m11,花水湾中铁温泉酒店,花水湾镇,携程,08:00,137,2051
2026-10-01,m11,花水湾中铁温泉酒店,花水湾镇,去哪儿,08:00,136,2077
2026-10-01,m11,花水湾中铁温泉酒店,花水湾镇,同程,08:00,136,2031
2026-10-01,m11,花水湾中铁温泉酒店,花水湾镇,携程,14:00,93,2318
2026-10-01,m11,花水湾中铁温泉酒店,花水湾镇,去哪儿,14:00,93,2190
2026-10-01,m11,花水湾中铁温泉酒店,花水湾镇,同程,14:00,94,2241
2026-10-01,m11,花水湾中铁温泉酒店,花水湾镇,携程,20:00,21,2587
2026-10-01,m11,花水湾中铁温泉酒店,花水湾镇,去哪儿,20:00,21,2589
2026-10-01,m11,花水湾中铁温泉酒店,花水湾镇,同程,20:00,21,2586
2026-10-02,m11,花水湾中铁温泉酒店,花水湾镇,携程,00:00,138,2072
2026-10-02,m11,花水湾中铁温泉酒店,花水湾镇,去哪儿,00:00,138,2068
2026-10-02,m11,花水湾中铁温泉酒店,花水湾镇,同程,00:00,138,2002
2026-10-02,m11,花水湾中铁温泉酒店,花水湾镇,携程,08:00,128,2131
2026-10-02,m11,花水湾中铁温泉酒店,花水湾镇,去哪儿,08:00,128,2068
2026-10-02,m11,花水湾中铁温泉酒店,花水湾镇,同程,08:00,129,2087
2026-10-02,m11,花水湾中铁温泉酒店,花水湾镇,携程,14:00,82,2348
2026-10-02,m11,花水湾中铁温泉酒店,花水湾镇,去哪儿,14:00,82,2254
2026-10-02,m11,花水湾中铁温泉酒店,花水湾镇,同程,14:00,82,2327
2026-10-02,m11,花水湾中铁温泉酒店,花水湾镇,携程,20:00,16,2649
2026-10-02,m11,花水湾中铁温泉酒店,花水湾镇,去哪儿,20:00,16,2631
2026-10-02,m11,花水湾中铁温泉酒店,花水湾镇,同程,20:00,16,2557
2026-10-03,m11,花水湾中铁温泉酒店,花水湾镇,携程,00:00,143,2055
2026-10-03,m11,花水湾中铁温泉酒店,花水湾镇,去哪儿,00:00,143,2030
2026-10-03,m11,花水湾中铁温泉酒店,花水湾镇,同程,00:00,144,2047
2026-10-03,m11,花水湾中铁温泉酒店,花水湾镇,携程,08:00,136,2099
2026-10-03,m11,花水湾中铁温泉酒店,花水湾镇,去哪儿,08:00,136,2026
2026-10-03,m11,花水湾中铁温泉酒店,花水湾镇,同程,08:00,137,2030
2026-10-03,m11,花水湾中铁温泉酒店,花水湾镇,携程,14:00,85,2299
2026-10-03,m11,花水湾中铁温泉酒店,花水湾镇,去哪儿,14:00,85,2271
2026-10-03,m11,花水湾中铁温泉酒店,花水湾镇,同程,14:00,85,2304
2026-10-03,m11,花水湾中铁温泉酒店,花水湾镇,携程,20:00,12,2684
2026-10-03,m11,花水湾中铁温泉酒店,花水湾镇,去哪儿,20:00,12,2637
2026-10-03,m11,花水湾中铁温泉酒店,花水湾镇,同程,20:00,12,2641
2026-10-04,m11,花水湾中铁温泉酒店,花水湾镇,携程,00:00,150,2019
2026-10-04,m11,花水湾中铁温泉酒店,花水湾镇,去哪儿,00:00,149,1952
2026-10-04,m11,花水湾中铁温泉酒店,花水湾镇,同程,00:00,149,1993
2026-10-04,m11,花水湾中铁温泉酒店,花水湾镇,携程,08:00,138,2056
2026-10-04,m11,花水湾中铁温泉酒店,花水湾镇,去哪儿,08:00,138,2004
2026-10-04,m11,花水湾中铁温泉酒店,花水湾镇,同程,08:00,138,2021
2026-10-04,m11,花水湾中铁温泉酒店,花水湾镇,携程,14:00,92,2258
2026-10-04,m11,花水湾中铁温泉酒店,花水湾镇,去哪儿,14:00,92,2212
2026-10-04,m11,花水湾中铁温泉酒店,花水湾镇,同程,14:00,93,2233
2026-10-04,m11,花水湾中铁温泉酒店,花水湾镇,携程,20:00,19,2674
2026-10-04,m11,花水湾中铁温泉酒店,花水湾镇,去哪儿,20:00,18,2565
2026-10-04,m11,花水湾中铁温泉酒店,花水湾镇,同程,20:00,18,2607
2026-10-05,m11,花水湾中铁温泉酒店,花水湾镇,携程,00:00,159,1987
2026-10-05,m11,花水湾中铁温泉酒店,花水湾镇,去哪儿,00:00,158,1970
2026-10-05,m11,花水湾中铁温泉酒店,花水湾镇,同程,00:00,159,1979
2026-10-05,m11,花水湾中铁温泉酒店,花水湾镇,携程,08:00,149,1995
2026-10-05,m11,花水湾中铁温泉酒店,花水湾镇,去哪儿,08:00,149,1951
2026-10-05,m11,花水湾中铁温泉酒店,花水湾镇,同程,08:00,149,1953
2026-10-05,m11,花水湾中铁温泉酒店,花水湾镇,携程,14:00,99,2211
2026-10-05,m11,花水湾中铁温泉酒店,花水湾镇,去哪儿,14:00,98,2236
2026-10-05,m11,花水湾中铁温泉酒店,花水湾镇,同程,14:00,98,2205
2026-10-05,m11,花水湾中铁温泉酒店,花水湾镇,携程,20:00,17,2667
2026-10-05,m11,花水湾中铁温泉酒店,花水湾镇,去哪儿,20:00,16,2593
2026-10-05,m11,花水湾中铁温泉酒店,花水湾镇,同程,20:00,16,2626
2026-10-06,m11,花水湾中铁温泉酒店,花水湾镇,携程,00:00,140,2039
2026-10-06,m11,花水湾中铁温泉酒店,花水湾镇,去哪儿,00:00,140,2015
2026-10-06,m11,花水湾中铁温泉酒店,花水湾镇,同程,00:00,140,2034
2026-10-06,m11,花水湾中铁温泉酒店,花水湾镇,携程,08:00,132,2120
2026-10-06,m11,花水湾中铁温泉酒店,花水湾镇,去哪儿,08:00,132,2073
2026-10-06,m11,花水湾中铁温泉酒店,花水湾镇,同程,08:00,133,2086
2026-10-06,m11,花水湾中铁温泉酒店,花水湾镇,携程,14:00,89,2297
2026-10-06,m11,花水湾中铁温泉酒店,花水湾镇,去哪儿,14:00,88,2262
2026-10-06,m11,花水湾中铁温泉酒店,花水湾镇,同程,14:00,89,2301
2026-10-06,m11,花水湾中铁温泉酒店,花水湾镇,携程,20:00,18,2612
2026-10-06,m11,花水湾中铁温泉酒店,花水湾镇,去哪儿,20:00,18,2531
2026-10-06,m11,花水湾中铁温泉酒店,花水湾镇,同程,20:00,18,2572
2026-10-07,m11,花水湾中铁温泉酒店,花水湾镇,携程,00:00,149,2002
2026-10-07,m11,花水湾中铁温泉酒店,花水湾镇,去哪儿,00:00,148,1964
2026-10-07,m11,花水湾中铁温泉酒店,花水湾镇,同程,00:00,148,1997
2026-10-07,m11,花水湾中铁温泉酒店,花水湾镇,携程,08:00,139,2088
2026-10-07,m11,花水湾中铁温泉酒店,花水湾镇,去哪儿,08:00,139,2057
2026-10-07,m11,花水湾中铁温泉酒店,花水湾镇,同程,08:00,140,2054
2026-10-07,m11,花水湾中铁温泉酒店,花水湾镇,携程,14:00,100,2264
2026-10-07,m11,花水湾中铁温泉酒店,花水湾镇,去哪儿,14:00,99,2170
2026-10-07,m11,花水湾中铁温泉酒店,花水湾镇,同程,14:00,99,2240
2026-10-07,m11,花水湾中铁温泉酒店,花水湾镇,携程,20:00,20,2572
2026-10-07,m11,花水湾中铁温泉酒店,花水湾镇,去哪儿,20:00,20,2606
2026-10-07,m11,花水湾中铁温泉酒店,花水湾镇,同程,20:00,21,2608
2026-10-08,m11,花水湾中铁温泉酒店,花水湾镇,携程,00:00,149,2038
2026-10-08,m11,花水湾中铁温泉酒店,花水湾镇,去哪儿,00:00,149,1995
2026-10-08,m11,花水湾中铁温泉酒店,花水湾镇,同程,00:00,150,1999
2026-10-08,m11,花水湾中铁温泉酒店,花水湾镇,携程,08:00,139,2086
2026-10-08,m11,花水湾中铁温泉酒店,花水湾镇,去哪儿,08:00,139,1997
2026-10-08,m11,花水湾中铁温泉酒店,花水湾镇,同程,08:00,139,1998
2026-10-08,m11,花水湾中铁温泉酒店,花水湾镇,携程,14:00,106,2246
2026-10-08,m11,花水湾中铁温泉酒店,花水湾镇,去哪儿,14:00,106,2192
2026-10-08,m11,花水湾中铁温泉酒店,花水湾镇,同程,14:00,106,2178
2026-10-08,m11,花水湾中铁温泉酒店,花水湾镇,携程,20:00,17,2673
2026-10-08,m11,花水湾中铁温泉酒店,花水湾镇,去哪儿,20:00,17,2598
2026-10-08,m11,花水湾中铁温泉酒店,花水湾镇,同程,20:00,17,2615
2026-10-09,m11,花水湾中铁温泉酒店,花水湾镇,携程,00:00,159,970
2026-10-09,m11,花水湾中铁温泉酒店,花水湾镇,去哪儿,00:00,159,979
2026-10-09,m11,花水湾中铁温泉酒店,花水湾镇,同程,00:00,159,972
2026-10-09,m11,花水湾中铁温泉酒店,花水湾镇,携程,08:00,155,982
2026-10-09,m11,花水湾中铁温泉酒店,花水湾镇,去哪儿,08:00,155,981
2026-10-09,m11,花水湾中铁温泉酒店,花水湾镇,同程,08:00,155,981
2026-10-09,m11,花水湾中铁温泉酒店,花水湾镇,携程,14:00,125,1084
2026-10-09,m11,花水湾中铁温泉酒店,花水湾镇,去哪儿,14:00,125,1029
2026-10-09,m11,花水湾中铁温泉酒店,花水湾镇,同程,14:00,126,1041
2026-10-09,m11,花水湾中铁温泉酒店,花水湾镇,携程,20:00,76,1197
2026-10-09,m11,花水湾中铁温泉酒店,花水湾镇,去哪儿,20:00,75,1145
2026-10-09,m11,花水湾中铁温泉酒店,花水湾镇,同程,20:00,76,1146
2026-10-10,m11,花水湾中铁温泉酒店,花水湾镇,携程,00:00,139,1368
2026-10-10,m11,花水湾中铁温泉酒店,花水湾镇,去哪儿,00:00,139,1306
2026-10-10,m11,花水湾中铁温泉酒店,花水湾镇,同程,00:00,140,1304
2026-10-10,m11,花水湾中铁温泉酒店,花水湾镇,携程,08:00,129,1381
2026-10-10,m11,花水湾中铁温泉酒店,花水湾镇,去哪儿,08:00,129,1371
2026-10-10,m11,花水湾中铁温泉酒店,花水湾镇,同程,08:00,129,1354
2026-10-10,m11,花水湾中铁温泉酒店,花水湾镇,携程,14:00,100,1466
2026-10-10,m11,花水湾中铁温泉酒店,花水湾镇,去哪儿,14:00,100,1448
2026-10-10,m11,花水湾中铁温泉酒店,花水湾镇,同程,14:00,101,1408
2026-10-10,m11,花水湾中铁温泉酒店,花水湾镇,携程,20:00,20,1688
2026-10-10,m11,花水湾中铁温泉酒店,花水湾镇,去哪儿,20:00,19,1682
2026-10-10,m11,花水湾中铁温泉酒店,花水湾镇,同程,20:00,19,1692
2026-10-11,m11,花水湾中铁温泉酒店,花水湾镇,携程,00:00,142,1339
2026-10-11,m11,花水湾中铁温泉酒店,花水湾镇,去哪儿,00:00,142,1282
2026-10-11,m11,花水湾中铁温泉酒店,花水湾镇,同程,00:00,143,1290
2026-10-11,m11,花水湾中铁温泉酒店,花水湾镇,携程,08:00,134,1384
2026-10-11,m11,花水湾中铁温泉酒店,花水湾镇,去哪儿,08:00,134,1323
2026-10-11,m11,花水湾中铁温泉酒店,花水湾镇,同程,08:00,135,1345
2026-10-11,m11,花水湾中铁温泉酒店,花水湾镇,携程,14:00,91,1494
2026-10-11,m11,花水湾中铁温泉酒店,花水湾镇,去哪儿,14:00,91,1466
2026-10-11,m11,花水湾中铁温泉酒店,花水湾镇,同程,14:00,91,1436
2026-10-11,m11,花水湾中铁温泉酒店,花水湾镇,携程,20:00,24,1651
2026-10-11,m11,花水湾中铁温泉酒店,花水湾镇,去哪儿,20:00,24,1624
2026-10-11,m11,花水湾中铁温泉酒店,花水湾镇,同程,20:00,24,1670
2026-10-12,m11,花水湾中铁温泉酒店,花水湾镇,携程,00:00,158,984
2026-10-12,m11,花水湾中铁温泉酒店,花水湾镇,去哪儿,00:00,158,986
2026-10-12,m11,花水湾中铁温泉酒店,花水湾镇,同程,00:00,158,970
2026-10-12,m11,花水湾中铁温泉酒店,花水湾镇,携程,08:00,151,996
2026-10-12,m11,花水湾中铁温泉酒店,花水湾镇,去哪儿,08:00,150,973
2026-10-12,m11,花水湾中铁温泉酒店,花水湾镇,同程,08:00,150,997
2026-10-12,m11,花水湾中铁温泉酒店,花水湾镇,携程,14:00,130,1048
2026-10-12,m11,花水湾中铁温泉酒店,花水湾镇,去哪儿,14:00,130,1033
2026-10-12,m11,花水湾中铁温泉酒店,花水湾镇,同程,14:00,130,1039
2026-10-12,m11,花水湾中铁温泉酒店,花水湾镇,携程,20:00,80,1154
2026-10-12,m11,花水湾中铁温泉酒店,花水湾镇,去哪儿,20:00,80,1136
2026-10-12,m11,花水湾中铁温泉酒店,花水湾镇,同程,20:00,80,1126
2026-10-13,m11,花水湾中铁温泉酒店,花水湾镇,携程,00:00,156,1006
2026-10-13,m11,花水湾中铁温泉酒店,花水湾镇,去哪儿,00:00,156,971
2026-10-13,m11,花水湾中铁温泉酒店,花水湾镇,同程,00:00,157,958
2026-10-13,m11,花水湾中铁温泉酒店,花水湾镇,携程,08:00,149,1019
2026-10-13,m11,花水湾中铁温泉酒店,花水湾镇,去哪儿,08:00,148,1005
2026-10-13,m11,花水湾中铁温泉酒店,花水湾镇,同程,08:00,149,1003
2026-10-13,m11,花水湾中铁温泉酒店,花水湾镇,携程,14:00,124,1083
2026-10-13,m11,花水湾中铁温泉酒店,花水湾镇,去哪儿,14:00,123,1029
2026-10-13,m11,花水湾中铁温泉酒店,花水湾镇,同程,14:00,124,1056
2026-10-13,m11,花水湾中铁温泉酒店,花水湾镇,携程,20:00,62,1209
2026-10-13,m11,花水湾中铁温泉酒店,花水湾镇,去哪儿,20:00,62,1205
2026-10-13,m11,花水湾中铁温泉酒店,花水湾镇,同程,20:00,63,1207
2026-10-14,m11,花水湾中铁温泉酒店,花水湾镇,携程,00:00,160,993
2026-10-14,m11,花水湾中铁温泉酒店,花水湾镇,去哪儿,00:00,160,979
2026-10-14,m11,花水湾中铁温泉酒店,花水湾镇,同程,00:00,161,969
2026-10-14,m11,花水湾中铁温泉酒店,花水湾镇,携程,08:00,158,994
2026-10-14,m11,花水湾中铁温泉酒店,花水湾镇,去哪儿,08:00,158,988
2026-10-14,m11,花水湾中铁温泉酒店,花水湾镇,同程,08:00,159,952
2026-10-14,m11,花水湾中铁温泉酒店,花水湾镇,携程,14:00,128,1056
2026-10-14,m11,花水湾中铁温泉酒店,花水湾镇,去哪儿,14:00,127,1040
2026-10-14,m11,花水湾中铁温泉酒店,花水湾镇,同程,14:00,127,1044
2026-10-14,m11,花水湾中铁温泉酒店,花水湾镇,携程,20:00,79,1176
2026-10-14,m11,花水湾中铁温泉酒店,花水湾镇,去哪儿,20:00,79,1169
2026-10-14,m11,花水湾中铁温泉酒店,花水湾镇,同程,20:00,79,1144
2026-10-15,m11,花水湾中铁温泉酒店,花水湾镇,携程,00:00,160,981
2026-10-15,m11,花水湾中铁温泉酒店,花水湾镇,去哪儿,00:00,160,966
2026-10-15,m11,花水湾中铁温泉酒店,花水湾镇,同程,00:00,161,960
2026-10-15,m11,花水湾中铁温泉酒店,花水湾镇,携程,08:00,149,998
2026-10-15,m11,花水湾中铁温泉酒店,花水湾镇,去哪儿,08:00,149,983
2026-10-15,m11,花水湾中铁温泉酒店,花水湾镇,同程,08:00,150,977
2026-10-15,m11,花水湾中铁温泉酒店,花水湾镇,携程,14:00,122,1091
2026-10-15,m11,花水湾中铁温泉酒店,花水湾镇,去哪儿,14:00,122,1058
2026-10-15,m11,花水湾中铁温泉酒店,花水湾镇,同程,14:00,122,1070
2026-10-15,m11,花水湾中铁温泉酒店,花水湾镇,携程,20:00,79,1168
2026-10-15,m11,花水湾中铁温泉酒店,花水湾镇,去哪儿,20:00,79,1148
2026-10-15,m11,花水湾中铁温泉酒店,花水湾镇,同程,20:00,80,1130
2026-10-16,m11,花水湾中铁温泉酒店,花水湾镇,携程,00:00,178,943
2026-10-16,m11,花水湾中铁温泉酒店,花水湾镇,去哪儿,00:00,178,935
2026-10-16,m11,花水湾中铁温泉酒店,花水湾镇,同程,00:00,178,930
2026-10-16,m11,花水湾中铁温泉酒店,花水湾镇,携程,08:00,171,975
2026-10-16,m11,花水湾中铁温泉酒店,花水湾镇,去哪儿,08:00,170,934
2026-10-16,m11,花水湾中铁温泉酒店,花水湾镇,同程,08:00,171,943
2026-10-16,m11,花水湾中铁温泉酒店,花水湾镇,携程,14:00,140,1026
2026-10-16,m11,花水湾中铁温泉酒店,花水湾镇,去哪儿,14:00,140,1012
2026-10-16,m11,花水湾中铁温泉酒店,花水湾镇,同程,14:00,141,997
2026-10-16,m11,花水湾中铁温泉酒店,花水湾镇,携程,20:00,78,1156
2026-10-16,m11,花水湾中铁温泉酒店,花水湾镇,去哪儿,20:00,78,1143
2026-10-16,m11,花水湾中铁温泉酒店,花水湾镇,同程,20:00,78,1167
2026-10-17,m11,花水湾中铁温泉酒店,花水湾镇,携程,00:00,155,1274
2026-10-17,m11,花水湾中铁温泉酒店,花水湾镇,去哪儿,00:00,155,1291
2026-10-17,m11,花水湾中铁温泉酒店,花水湾镇,同程,00:00,155,1280
2026-10-17,m11,花水湾中铁温泉酒店,花水湾镇,携程,08:00,151,1293
2026-10-17,m11,花水湾中铁温泉酒店,花水湾镇,去哪儿,08:00,151,1292
2026-10-17,m11,花水湾中铁温泉酒店,花水湾镇,同程,08:00,151,1283
2026-10-17,m11,花水湾中铁温泉酒店,花水湾镇,携程,14:00,102,1424
2026-10-17,m11,花水湾中铁温泉酒店,花水湾镇,去哪儿,14:00,102,1403
2026-10-17,m11,花水湾中铁温泉酒店,花水湾镇,同程,14:00,103,1404
2026-10-17,m11,花水湾中铁温泉酒店,花水湾镇,携程,20:00,26,1708
2026-10-17,m11,花水湾中铁温泉酒店,花水湾镇,去哪儿,20:00,26,1660
2026-10-17,m11,花水湾中铁温泉酒店,花水湾镇,同程,20:00,27,1654
2026-10-18,m11,花水湾中铁温泉酒店,花水湾镇,携程,00:00,152,1316
2026-10-18,m11,花水湾中铁温泉酒店,花水湾镇,去哪儿,00:00,152,1269
2026-10-18,m11,花水湾中铁温泉酒店,花水湾镇,同程,00:00,152,1285
2026-10-18,m11,花水湾中铁温泉酒店,花水湾镇,携程,08:00,143,1313
2026-10-18,m11,花水湾中铁温泉酒店,花水湾镇,去哪儿,08:00,143,1325
2026-10-18,m11,花水湾中铁温泉酒店,花水湾镇,同程,08:00,144,1316
2026-10-18,m11,花水湾中铁温泉酒店,花水湾镇,携程,14:00,109,1413
2026-10-18,m11,花水湾中铁温泉酒店,花水湾镇,去哪儿,14:00,109,1403
2026-10-18,m11,花水湾中铁温泉酒店,花水湾镇,同程,14:00,109,1423
2026-10-18,m11,花水湾中铁温泉酒店,花水湾镇,携程,20:00,25,1706
2026-10-18,m11,花水湾中铁温泉酒店,花水湾镇,去哪儿,20:00,25,1623
2026-10-18,m11,花水湾中铁温泉酒店,花水湾镇,同程,20:00,25,1640
2026-10-19,m11,花水湾中铁温泉酒店,花水湾镇,携程,00:00,164,994
2026-10-19,m11,花水湾中铁温泉酒店,花水湾镇,去哪儿,00:00,163,949
2026-10-19,m11,花水湾中铁温泉酒店,花水湾镇,同程,00:00,164,941
2026-10-19,m11,花水湾中铁温泉酒店,花水湾镇,携程,08:00,157,991
2026-10-19,m11,花水湾中铁温泉酒店,花水湾镇,去哪儿,08:00,157,962
2026-10-19,m11,花水湾中铁温泉酒店,花水湾镇,同程,08:00,158,956
2026-10-19,m11,花水湾中铁温泉酒店,花水湾镇,携程,14:00,128,1074
2026-10-19,m11,花水湾中铁温泉酒店,花水湾镇,去哪儿,14:00,127,1046
2026-10-19,m11,花水湾中铁温泉酒店,花水湾镇,同程,14:00,128,1021
2026-10-19,m11,花水湾中铁温泉酒店,花水湾镇,携程,20:00,74,1170
2026-10-19,m11,花水湾中铁温泉酒店,花水湾镇,去哪儿,20:00,74,1175
2026-10-19,m11,花水湾中铁温泉酒店,花水湾镇,同程,20:00,75,1161
2026-10-20,m11,花水湾中铁温泉酒店,花水湾镇,携程,00:00,166,964
2026-10-20,m11,花水湾中铁温泉酒店,花水湾镇,去哪儿,00:00,166,955
2026-10-20,m11,花水湾中铁温泉酒店,花水湾镇,同程,00:00,166,956
2026-10-20,m11,花水湾中铁温泉酒店,花水湾镇,携程,08:00,164,972
2026-10-20,m11,花水湾中铁温泉酒店,花水湾镇,去哪儿,08:00,164,963
2026-10-20,m11,花水湾中铁温泉酒店,花水湾镇,同程,08:00,164,947
2026-10-20,m11,花水湾中铁温泉酒店,花水湾镇,携程,14:00,133,1051
2026-10-20,m11,花水湾中铁温泉酒店,花水湾镇,去哪儿,14:00,133,1034
2026-10-20,m11,花水湾中铁温泉酒店,花水湾镇,同程,14:00,133,1027
2026-10-20,m11,花水湾中铁温泉酒店,花水湾镇,携程,20:00,82,1148
2026-10-20,m11,花水湾中铁温泉酒店,花水湾镇,去哪儿,20:00,82,1150
2026-10-20,m11,花水湾中铁温泉酒店,花水湾镇,同程,20:00,82,1159
2026-10-21,m11,花水湾中铁温泉酒店,花水湾镇,携程,00:00,168,960
2026-10-21,m11,花水湾中铁温泉酒店,花水湾镇,去哪儿,00:00,168,954
2026-10-21,m11,花水湾中铁温泉酒店,花水湾镇,同程,00:00,169,952
2026-10-21,m11,花水湾中铁温泉酒店,花水湾镇,携程,08:00,163,979
2026-10-21,m11,花水湾中铁温泉酒店,花水湾镇,去哪儿,08:00,163,955
2026-10-21,m11,花水湾中铁温泉酒店,花水湾镇,同程,08:00,164,964
2026-10-21,m11,花水湾中铁温泉酒店,花水湾镇,携程,14:00,136,1053
2026-10-21,m11,花水湾中铁温泉酒店,花水湾镇,去哪儿,14:00,135,1003
2026-10-21,m11,花水湾中铁温泉酒店,花水湾镇,同程,14:00,136,1017
2026-10-21,m11,花水湾中铁温泉酒店,花水湾镇,携程,20:00,73,1172
2026-10-21,m11,花水湾中铁温泉酒店,花水湾镇,去哪儿,20:00,72,1166
2026-10-21,m11,花水湾中铁温泉酒店,花水湾镇,同程,20:00,72,1153
2026-10-22,m11,花水湾中铁温泉酒店,花水湾镇,携程,00:00,164,988
2026-10-22,m11,花水湾中铁温泉酒店,花水湾镇,去哪儿,00:00,163,964
2026-10-22,m11,花水湾中铁温泉酒店,花水湾镇,同程,00:00,163,954
2026-10-22,m11,花水湾中铁温泉酒店,花水湾镇,携程,08:00,157,980
2026-10-22,m11,花水湾中铁温泉酒店,花水湾镇,去哪儿,08:00,157,961
2026-10-22,m11,花水湾中铁温泉酒店,花水湾镇,同程,08:00,158,988
2026-10-22,m11,花水湾中铁温泉酒店,花水湾镇,携程,14:00,135,1056
2026-10-22,m11,花水湾中铁温泉酒店,花水湾镇,去哪儿,14:00,135,1024
2026-10-22,m11,花水湾中铁温泉酒店,花水湾镇,同程,14:00,135,1021
2026-10-22,m11,花水湾中铁温泉酒店,花水湾镇,携程,20:00,79,1180
2026-10-22,m11,花水湾中铁温泉酒店,花水湾镇,去哪儿,20:00,79,1128
2026-10-22,m11,花水湾中铁温泉酒店,花水湾镇,同程,20:00,79,1169
2026-10-23,m11,花水湾中铁温泉酒店,花水湾镇,携程,00:00,152,1007
2026-10-23,m11,花水湾中铁温泉酒店,花水湾镇,去哪儿,00:00,152,985
2026-10-23,m11,花水湾中铁温泉酒店,花水湾镇,同程,00:00,152,985
2026-10-23,m11,花水湾中铁温泉酒店,花水湾镇,携程,08:00,145,1035
2026-10-23,m11,花水湾中铁温泉酒店,花水湾镇,去哪儿,08:00,145,990
2026-10-23,m11,花水湾中铁温泉酒店,花水湾镇,同程,08:00,146,989
2026-10-23,m11,花水湾中铁温泉酒店,花水湾镇,携程,14:00,125,1068
2026-10-23,m11,花水湾中铁温泉酒店,花水湾镇,去哪儿,14:00,124,1033
2026-10-23,m11,花水湾中铁温泉酒店,花水湾镇,同程,14:00,125,1029
2026-10-23,m11,花水湾中铁温泉酒店,花水湾镇,携程,20:00,65,1219
2026-10-23,m11,花水湾中铁温泉酒店,花水湾镇,去哪儿,20:00,65,1174
2026-10-23,m11,花水湾中铁温泉酒店,花水湾镇,同程,20:00,66,1198
2026-10-24,m11,花水湾中铁温泉酒店,花水湾镇,携程,00:00,147,1301
2026-10-24,m11,花水湾中铁温泉酒店,花水湾镇,去哪儿,00:00,146,1294
2026-10-24,m11,花水湾中铁温泉酒店,花水湾镇,同程,00:00,147,1321
2026-10-24,m11,花水湾中铁温泉酒店,花水湾镇,携程,08:00,136,1357
2026-10-24,m11,花水湾中铁温泉酒店,花水湾镇,去哪儿,08:00,136,1341
2026-10-24,m11,花水湾中铁温泉酒店,花水湾镇,同程,08:00,136,1333
2026-10-24,m11,花水湾中铁温泉酒店,花水湾镇,携程,14:00,87,1476
2026-10-24,m11,花水湾中铁温泉酒店,花水湾镇,去哪儿,14:00,87,1494
2026-10-24,m11,花水湾中铁温泉酒店,花水湾镇,同程,14:00,87,1476
2026-10-24,m11,花水湾中铁温泉酒店,花水湾镇,携程,20:00,16,1712
2026-10-24,m11,花水湾中铁温泉酒店,花水湾镇,去哪儿,20:00,16,1641
2026-10-24,m11,花水湾中铁温泉酒店,花水湾镇,同程,20:00,17,1668
2026-10-25,m11,花水湾中铁温泉酒店,花水湾镇,携程,00:00,142,1334
2026-10-25,m11,花水湾中铁温泉酒店,花水湾镇,去哪儿,00:00,141,1304
2026-10-25,m11,花水湾中铁温泉酒店,花水湾镇,同程,00:00,142,1308
2026-10-25,m11,花水湾中铁温泉酒店,花水湾镇,携程,08:00,132,1370
2026-10-25,m11,花水湾中铁温泉酒店,花水湾镇,去哪儿,08:00,132,1347
2026-10-25,m11,花水湾中铁温泉酒店,花水湾镇,同程,08:00,132,1360
2026-10-25,m11,花水湾中铁温泉酒店,花水湾镇,携程,14:00,94,1458
2026-10-25,m11,花水湾中铁温泉酒店,花水湾镇,去哪儿,14:00,93,1446
2026-10-25,m11,花水湾中铁温泉酒店,花水湾镇,同程,14:00,93,1461
2026-10-25,m11,花水湾中铁温泉酒店,花水湾镇,携程,20:00,33,1687
2026-10-25,m11,花水湾中铁温泉酒店,花水湾镇,去哪儿,20:00,33,1634
2026-10-25,m11,花水湾中铁温泉酒店,花水湾镇,同程,20:00,33,1622
2026-10-26,m11,花水湾中铁温泉酒店,花水湾镇,携程,00:00,165,964
2026-10-26,m11,花水湾中铁温泉酒店,花水湾镇,去哪儿,00:00,164,970
2026-10-26,m11,花水湾中铁温泉酒店,花水湾镇,同程,00:00,165,949
2026-10-26,m11,花水湾中铁温泉酒店,花水湾镇,携程,08:00,160,974
2026-10-26,m11,花水湾中铁温泉酒店,花水湾镇,去哪儿,08:00,160,966
2026-10-26,m11,花水湾中铁温泉酒店,花水湾镇,同程,08:00,161,975
2026-10-26,m11,花水湾中铁温泉酒店,花水湾镇,携程,14:00,137,1035
2026-10-26,m11,花水湾中铁温泉酒店,花水湾镇,去哪儿,14:00,137,1036
2026-10-26,m11,花水湾中铁温泉酒店,花水湾镇,同程,14:00,137,1023
2026-10-26,m11,花水湾中铁温泉酒店,花水湾镇,携程,20:00,87,1158
2026-10-26,m11,花水湾中铁温泉酒店,花水湾镇,去哪儿,20:00,86,1130
2026-10-26,m11,花水湾中铁温泉酒店,花水湾镇,同程,20:00,86,1139
2026-10-27,m11,花水湾中铁温泉酒店,花水湾镇,携程,00:00,162,978
2026-10-27,m11,花水湾中铁温泉酒店,花水湾镇,去哪儿,00:00,161,974
2026-10-27,m11,花水湾中铁温泉酒店,花水湾镇,同程,00:00,162,955
2026-10-27,m11,花水湾中铁温泉酒店,花水湾镇,携程,08:00,153,999
2026-10-27,m11,花水湾中铁温泉酒店,花水湾镇,去哪儿,08:00,153,971
2026-10-27,m11,花水湾中铁温泉酒店,花水湾镇,同程,08:00,154,979
2026-10-27,m11,花水湾中铁温泉酒店,花水湾镇,携程,14:00,124,1057
2026-10-27,m11,花水湾中铁温泉酒店,花水湾镇,去哪儿,14:00,124,1026
2026-10-27,m11,花水湾中铁温泉酒店,花水湾镇,同程,14:00,125,1043
2026-10-27,m11,花水湾中铁温泉酒店,花水湾镇,携程,20:00,74,1165
2026-10-27,m11,花水湾中铁温泉酒店,花水湾镇,去哪儿,20:00,74,1147
2026-10-27,m11,花水湾中铁温泉酒店,花水湾镇,同程,20:00,74,1177
2026-10-28,m11,花水湾中铁温泉酒店,花水湾镇,携程,00:00,167,972
2026-10-28,m11,花水湾中铁温泉酒店,花水湾镇,去哪儿,00:00,166,940
2026-10-28,m11,花水湾中铁温泉酒店,花水湾镇,同程,00:00,167,967
2026-10-28,m11,花水湾中铁温泉酒店,花水湾镇,携程,08:00,161,990
2026-10-28,m11,花水湾中铁温泉酒店,花水湾镇,去哪儿,08:00,161,957
2026-10-28,m11,花水湾中铁温泉酒店,花水湾镇,同程,08:00,161,962
2026-10-28,m11,花水湾中铁温泉酒店,花水湾镇,携程,14:00,136,1024
2026-10-28,m11,花水湾中铁温泉酒店,花水湾镇,去哪儿,14:00,136,1002
2026-10-28,m11,花水湾中铁温泉酒店,花水湾镇,同程,14:00,136,1021
2026-10-28,m11,花水湾中铁温泉酒店,花水湾镇,携程,20:00,87,1134
2026-10-28,m11,花水湾中铁温泉酒店,花水湾镇,去哪儿,20:00,87,1130
2026-10-28,m11,花水湾中铁温泉酒店,花水湾镇,同程,20:00,87,1134
2026-10-29,m11,花水湾中铁温泉酒店,花水湾镇,携程,00:00,167,978
2026-10-29,m11,花水湾中铁温泉酒店,花水湾镇,去哪儿,00:00,167,948
2026-10-29,m11,花水湾中铁温泉酒店,花水湾镇,同程,00:00,167,967
2026-10-29,m11,花水湾中铁温泉酒店,花水湾镇,携程,08:00,159,971
2026-10-29,m11,花水湾中铁温泉酒店,花水湾镇,去哪儿,08:00,159,985
2026-10-29,m11,花水湾中铁温泉酒店,花水湾镇,同程,08:00,160,977
2026-10-29,m11,花水湾中铁温泉酒店,花水湾镇,携程,14:00,134,1035
2026-10-29,m11,花水湾中铁温泉酒店,花水湾镇,去哪儿,14:00,134,1044
2026-10-29,m11,花水湾中铁温泉酒店,花水湾镇,同程,14:00,134,1039
2026-10-29,m11,花水湾中铁温泉酒店,花水湾镇,携程,20:00,79,1150
2026-10-29,m11,花水湾中铁温泉酒店,花水湾镇,去哪儿,20:00,79,1155
2026-10-29,m11,花水湾中铁温泉酒店,花水湾镇,同程,20:00,80,1157
2026-10-30,m11,花水湾中铁温泉酒店,花水湾镇,携程,00:00,159,977
2026-10-30,m11,花水湾中铁温泉酒店,花水湾镇,去哪儿,00:00,159,960
2026-10-30,m11,花水湾中铁温泉酒店,花水湾镇,同程,00:00,160,967
2026-10-30,m11,花水湾中铁温泉酒店,花水湾镇,携程,08:00,153,1021
2026-10-30,m11,花水湾中铁温泉酒店,花水湾镇,去哪儿,08:00,153,963
2026-10-30,m11,花水湾中铁温泉酒店,花水湾镇,同程,08:00,154,989
2026-10-30,m11,花水湾中铁温泉酒店,花水湾镇,携程,14:00,130,1061
2026-10-30,m11,花水湾中铁温泉酒店,花水湾镇,去哪儿,14:00,130,1033
2026-10-30,m11,花水湾中铁温泉酒店,花水湾镇,同程,14:00,130,1045
2026-10-30,m11,花水湾中铁温泉酒店,花水湾镇,携程,20:00,76,1168
2026-10-30,m11,花水湾中铁温泉酒店,花水湾镇,去哪儿,20:00,76,1153
2026-10-30,m11,花水湾中铁温泉酒店,花水湾镇,同程,20:00,76,1159
2026-10-31,m11,花水湾中铁温泉酒店,花水湾镇,携程,00:00,141,1347
2026-10-31,m11,花水湾中铁温泉酒店,花水湾镇,去哪儿,00:00,141,1292
2026-10-31,m11,花水湾中铁温泉酒店,花水湾镇,同程,00:00,142,1284
2026-10-31,m11,花水湾中铁温泉酒店,花水湾镇,携程,08:00,133,1349
2026-10-31,m11,花水湾中铁温泉酒店,花水湾镇,去哪儿,08:00,132,1325
2026-10-31,m11,花水湾中铁温泉酒店,花水湾镇,同程,08:00,133,1354
2026-10-31,m11,花水湾中铁温泉酒店,花水湾镇,携程,14:00,101,1440
2026-10-31,m11,花水湾中铁温泉酒店,花水湾镇,去哪儿,14:00,101,1426
2026-10-31,m11,花水湾中铁温泉酒店,花水湾镇,同程,14:00,102,1412
2026-10-31,m11,花水湾中铁温泉酒店,花水湾镇,携程,20:00,23,1670
2026-10-31,m11,花水湾中铁温泉酒店,花水湾镇,去哪儿,20:00,23,1670
2026-10-31,m11,花水湾中铁温泉酒店,花水湾镇,同程,20:00,23,1649
2026-10-01,m12,花水湾山房温泉民宿,花水湾镇,飞猪,00:00,21,1072
2026-10-01,m12,花水湾山房温泉民宿,花水湾镇,去哪儿,00:00,21,1068
2026-10-01,m12,花水湾山房温泉民宿,花水湾镇,同程,00:00,22,1048
2026-10-01,m12,花水湾山房温泉民宿,花水湾镇,飞猪,08:00,21,1062
2026-10-01,m12,花水湾山房温泉民宿,花水湾镇,去哪儿,08:00,21,1065
2026-10-01,m12,花水湾山房温泉民宿,花水湾镇,同程,08:00,22,1045
2026-10-01,m12,花水湾山房温泉民宿,花水湾镇,飞猪,14:00,13,1230
2026-10-01,m12,花水湾山房温泉民宿,花水湾镇,去哪儿,14:00,13,1178
2026-10-01,m12,花水湾山房温泉民宿,花水湾镇,同程,14:00,13,1217
2026-10-01,m12,花水湾山房温泉民宿,花水湾镇,飞猪,20:00,3,1406
2026-10-01,m12,花水湾山房温泉民宿,花水湾镇,去哪儿,20:00,2,1424
2026-10-01,m12,花水湾山房温泉民宿,花水湾镇,同程,20:00,2,1419
2026-10-02,m12,花水湾山房温泉民宿,花水湾镇,飞猪,00:00,19,1091
2026-10-02,m12,花水湾山房温泉民宿,花水湾镇,去哪儿,00:00,19,1089
2026-10-02,m12,花水湾山房温泉民宿,花水湾镇,同程,00:00,19,1103
2026-10-02,m12,花水湾山房温泉民宿,花水湾镇,飞猪,08:00,17,1128
2026-10-02,m12,花水湾山房温泉民宿,花水湾镇,去哪儿,08:00,17,1134
2026-10-02,m12,花水湾山房温泉民宿,花水湾镇,同程,08:00,18,1134
2026-10-02,m12,花水湾山房温泉民宿,花水湾镇,飞猪,14:00,17,1172
2026-10-02,m12,花水湾山房温泉民宿,花水湾镇,去哪儿,14:00,16,1137
2026-10-02,m12,花水湾山房温泉民宿,花水湾镇,同程,14:00,16,1164
2026-10-02,m12,花水湾山房温泉民宿,花水湾镇,飞猪,20:00,3,1370
2026-10-02,m12,花水湾山房温泉民宿,花水湾镇,去哪儿,20:00,3,1354
2026-10-02,m12,花水湾山房温泉民宿,花水湾镇,同程,20:00,4,1386
2026-10-03,m12,花水湾山房温泉民宿,花水湾镇,飞猪,00:00,21,1064
2026-10-03,m12,花水湾山房温泉民宿,花水湾镇,去哪儿,00:00,21,1058
2026-10-03,m12,花水湾山房温泉民宿,花水湾镇,同程,00:00,22,1065
2026-10-03,m12,花水湾山房温泉民宿,花水湾镇,飞猪,08:00,21,1054
2026-10-03,m12,花水湾山房温泉民宿,花水湾镇,去哪儿,08:00,21,1047
2026-10-03,m12,花水湾山房温泉民宿,花水湾镇,同程,08:00,21,1045
2026-10-03,m12,花水湾山房温泉民宿,花水湾镇,飞猪,14:00,12,1244
2026-10-03,m12,花水湾山房温泉民宿,花水湾镇,去哪儿,14:00,12,1196
2026-10-03,m12,花水湾山房温泉民宿,花水湾镇,同程,14:00,12,1242
2026-10-03,m12,花水湾山房温泉民宿,花水湾镇,飞猪,20:00,2,1421
2026-10-03,m12,花水湾山房温泉民宿,花水湾镇,去哪儿,20:00,1,1427
2026-10-03,m12,花水湾山房温泉民宿,花水湾镇,同程,20:00,2,1422
2026-10-04,m12,花水湾山房温泉民宿,花水湾镇,飞猪,00:00,19,1120
2026-10-04,m12,花水湾山房温泉民宿,花水湾镇,去哪儿,00:00,19,1078
2026-10-04,m12,花水湾山房温泉民宿,花水湾镇,同程,00:00,19,1115
2026-10-04,m12,花水湾山房温泉民宿,花水湾镇,飞猪,08:00,16,1158
2026-10-04,m12,花水湾山房温泉民宿,花水湾镇,去哪儿,08:00,16,1150
2026-10-04,m12,花水湾山房温泉民宿,花水湾镇,同程,08:00,17,1136
2026-10-04,m12,花水湾山房温泉民宿,花水湾镇,飞猪,14:00,8,1318
2026-10-04,m12,花水湾山房温泉民宿,花水湾镇,去哪儿,14:00,8,1298
2026-10-04,m12,花水湾山房温泉民宿,花水湾镇,同程,14:00,8,1303
2026-10-04,m12,花水湾山房温泉民宿,花水湾镇,飞猪,20:00,2,1416
2026-10-04,m12,花水湾山房温泉民宿,花水湾镇,去哪儿,20:00,2,1402
2026-10-04,m12,花水湾山房温泉民宿,花水湾镇,同程,20:00,2,1390
2026-10-05,m12,花水湾山房温泉民宿,花水湾镇,飞猪,00:00,21,1049
2026-10-05,m12,花水湾山房温泉民宿,花水湾镇,去哪儿,00:00,21,1075
2026-10-05,m12,花水湾山房温泉民宿,花水湾镇,同程,00:00,22,1041
2026-10-05,m12,花水湾山房温泉民宿,花水湾镇,飞猪,08:00,20,1106
2026-10-05,m12,花水湾山房温泉民宿,花水湾镇,去哪儿,08:00,20,1091
2026-10-05,m12,花水湾山房温泉民宿,花水湾镇,同程,08:00,20,1091
2026-10-05,m12,花水湾山房温泉民宿,花水湾镇,飞猪,14:00,16,1171
2026-10-05,m12,花水湾山房温泉民宿,花水湾镇,去哪儿,14:00,16,1164
2026-10-05,m12,花水湾山房温泉民宿,花水湾镇,同程,14:00,17,1125
2026-10-05,m12,花水湾山房温泉民宿,花水湾镇,飞猪,20:00,1,1421
2026-10-05,m12,花水湾山房温泉民宿,花水湾镇,去哪儿,20:00,1,1403
2026-10-05,m12,花水湾山房温泉民宿,花水湾镇,同程,20:00,2,1423
2026-10-06,m12,花水湾山房温泉民宿,花水湾镇,飞猪,00:00,21,1064
2026-10-06,m12,花水湾山房温泉民宿,花水湾镇,去哪儿,00:00,21,1061
2026-10-06,m12,花水湾山房温泉民宿,花水湾镇,同程,00:00,21,1044
2026-10-06,m12,花水湾山房温泉民宿,花水湾镇,飞猪,08:00,18,1134
2026-10-06,m12,花水湾山房温泉民宿,花水湾镇,去哪儿,08:00,18,1122
2026-10-06,m12,花水湾山房温泉民宿,花水湾镇,同程,08:00,19,1125
2026-10-06,m12,花水湾山房温泉民宿,花水湾镇,飞猪,14:00,13,1198
2026-10-06,m12,花水湾山房温泉民宿,花水湾镇,去哪儿,14:00,13,1215
2026-10-06,m12,花水湾山房温泉民宿,花水湾镇,同程,14:00,14,1209
2026-10-06,m12,花水湾山房温泉民宿,花水湾镇,飞猪,20:00,3,1417
2026-10-06,m12,花水湾山房温泉民宿,花水湾镇,去哪儿,20:00,2,1398
2026-10-06,m12,花水湾山房温泉民宿,花水湾镇,同程,20:00,2,1404
2026-10-07,m12,花水湾山房温泉民宿,花水湾镇,飞猪,00:00,23,1017
2026-10-07,m12,花水湾山房温泉民宿,花水湾镇,去哪儿,00:00,23,1020
2026-10-07,m12,花水湾山房温泉民宿,花水湾镇,同程,00:00,23,1022
2026-10-07,m12,花水湾山房温泉民宿,花水湾镇,飞猪,08:00,23,1056
2026-10-07,m12,花水湾山房温泉民宿,花水湾镇,去哪儿,08:00,22,1052
2026-10-07,m12,花水湾山房温泉民宿,花水湾镇,同程,08:00,22,1027
2026-10-07,m12,花水湾山房温泉民宿,花水湾镇,飞猪,14:00,16,1178
2026-10-07,m12,花水湾山房温泉民宿,花水湾镇,去哪儿,14:00,16,1170
2026-10-07,m12,花水湾山房温泉民宿,花水湾镇,同程,14:00,17,1141
2026-10-07,m12,花水湾山房温泉民宿,花水湾镇,飞猪,20:00,4,1367
2026-10-07,m12,花水湾山房温泉民宿,花水湾镇,去哪儿,20:00,4,1364
2026-10-07,m12,花水湾山房温泉民宿,花水湾镇,同程,20:00,4,1363
2026-10-08,m12,花水湾山房温泉民宿,花水湾镇,飞猪,00:00,24,1031
2026-10-08,m12,花水湾山房温泉民宿,花水湾镇,去哪儿,00:00,24,1024
2026-10-08,m12,花水湾山房温泉民宿,花水湾镇,同程,00:00,25,1008
2026-10-08,m12,花水湾山房温泉民宿,花水湾镇,飞猪,08:00,22,1072
2026-10-08,m12,花水湾山房温泉民宿,花水湾镇,去哪儿,08:00,22,1036
2026-10-08,m12,花水湾山房温泉民宿,花水湾镇,同程,08:00,23,1033
2026-10-08,m12,花水湾山房温泉民宿,花水湾镇,飞猪,14:00,18,1124
2026-10-08,m12,花水湾山房温泉民宿,花水湾镇,去哪儿,14:00,18,1100
2026-10-08,m12,花水湾山房温泉民宿,花水湾镇,同程,14:00,18,1126
2026-10-08,m12,花水湾山房温泉民宿,花水湾镇,飞猪,20:00,3,1384
2026-10-08,m12,花水湾山房温泉民宿,花水湾镇,去哪儿,20:00,3,1361
2026-10-08,m12,花水湾山房温泉民宿,花水湾镇,同程,20:00,4,1372
2026-10-09,m12,花水湾山房温泉民宿,花水湾镇,飞猪,00:00,20,539
2026-10-09,m12,花水湾山房温泉民宿,花水湾镇,去哪儿,00:00,20,533
2026-10-09,m12,花水湾山房温泉民宿,花水湾镇,同程,00:00,21,529
2026-10-09,m12,花水湾山房温泉民宿,花水湾镇,飞猪,08:00,18,557
2026-10-09,m12,花水湾山房温泉民宿,花水湾镇,去哪儿,08:00,18,567
2026-10-09,m12,花水湾山房温泉民宿,花水湾镇,同程,08:00,19,562
2026-10-09,m12,花水湾山房温泉民宿,花水湾镇,飞猪,14:00,15,589
2026-10-09,m12,花水湾山房温泉民宿,花水湾镇,去哪儿,14:00,15,573
2026-10-09,m12,花水湾山房温泉民宿,花水湾镇,同程,14:00,15,591
2026-10-09,m12,花水湾山房温泉民宿,花水湾镇,飞猪,20:00,8,663
2026-10-09,m12,花水湾山房温泉民宿,花水湾镇,去哪儿,20:00,8,642
2026-10-09,m12,花水湾山房温泉民宿,花水湾镇,同程,20:00,8,644
2026-10-10,m12,花水湾山房温泉民宿,花水湾镇,飞猪,00:00,22,684
2026-10-10,m12,花水湾山房温泉民宿,花水湾镇,去哪儿,00:00,21,683
2026-10-10,m12,花水湾山房温泉民宿,花水湾镇,同程,00:00,21,689
2026-10-10,m12,花水湾山房温泉民宿,花水湾镇,飞猪,08:00,21,693
2026-10-10,m12,花水湾山房温泉民宿,花水湾镇,去哪儿,08:00,21,693
2026-10-10,m12,花水湾山房温泉民宿,花水湾镇,同程,08:00,22,675
2026-10-10,m12,花水湾山房温泉民宿,花水湾镇,飞猪,14:00,15,775
2026-10-10,m12,花水湾山房温泉民宿,花水湾镇,去哪儿,14:00,14,781
2026-10-10,m12,花水湾山房温泉民宿,花水湾镇,同程,14:00,14,773
2026-10-10,m12,花水湾山房温泉民宿,花水湾镇,飞猪,20:00,4,880
2026-10-10,m12,花水湾山房温泉民宿,花水湾镇,去哪儿,20:00,4,894
2026-10-10,m12,花水湾山房温泉民宿,花水湾镇,同程,20:00,4,888
2026-10-11,m12,花水湾山房温泉民宿,花水湾镇,飞猪,00:00,19,732
2026-10-11,m12,花水湾山房温泉民宿,花水湾镇,去哪儿,00:00,19,703
2026-10-11,m12,花水湾山房温泉民宿,花水湾镇,同程,00:00,20,703
2026-10-11,m12,花水湾山房温泉民宿,花水湾镇,飞猪,08:00,18,715
2026-10-11,m12,花水湾山房温泉民宿,花水湾镇,去哪儿,08:00,18,713
2026-10-11,m12,花水湾山房温泉民宿,花水湾镇,同程,08:00,18,716
2026-10-11,m12,花水湾山房温泉民宿,花水湾镇,飞猪,14:00,16,756
2026-10-11,m12,花水湾山房温泉民宿,花水湾镇,去哪儿,14:00,16,747
2026-10-11,m12,花水湾山房温泉民宿,花水湾镇,同程,14:00,17,752
2026-10-11,m12,花水湾山房温泉民宿,花水湾镇,飞猪,20:00,5,872
2026-10-11,m12,花水湾山房温泉民宿,花水湾镇,去哪儿,20:00,5,880
2026-10-11,m12,花水湾山房温泉民宿,花水湾镇,同程,20:00,6,881
2026-10-12,m12,花水湾山房温泉民宿,花水湾镇,飞猪,00:00,21,535
2026-10-12,m12,花水湾山房温泉民宿,花水湾镇,去哪儿,00:00,21,521
2026-10-12,m12,花水湾山房温泉民宿,花水湾镇,同程,00:00,21,535
2026-10-12,m12,花水湾山房温泉民宿,花水湾镇,飞猪,08:00,21,543
2026-10-12,m12,花水湾山房温泉民宿,花水湾镇,去哪儿,08:00,21,539
2026-10-12,m12,花水湾山房温泉民宿,花水湾镇,同程,08:00,21,534
2026-10-12,m12,花水湾山房温泉民宿,花水湾镇,飞猪,14:00,18,572
2026-10-12,m12,花水湾山房温泉民宿,花水湾镇,去哪儿,14:00,18,551
2026-10-12,m12,花水湾山房温泉民宿,花水湾镇,同程,14:00,18,566
2026-10-12,m12,花水湾山房温泉民宿,花水湾镇,飞猪,20:00,5,673
2026-10-12,m12,花水湾山房温泉民宿,花水湾镇,去哪儿,20:00,5,668
2026-10-12,m12,花水湾山房温泉民宿,花水湾镇,同程,20:00,6,679
2026-10-13,m12,花水湾山房温泉民宿,花水湾镇,飞猪,00:00,23,521
2026-10-13,m12,花水湾山房温泉民宿,花水湾镇,去哪儿,00:00,22,528
2026-10-13,m12,花水湾山房温泉民宿,花水湾镇,同程,00:00,22,518
2026-10-13,m12,花水湾山房温泉民宿,花水湾镇,飞猪,08:00,21,526
2026-10-13,m12,花水湾山房温泉民宿,花水湾镇,去哪儿,08:00,21,531
2026-10-13,m12,花水湾山房温泉民宿,花水湾镇,同程,08:00,22,535
2026-10-13,m12,花水湾山房温泉民宿,花水湾镇,飞猪,14:00,15,595
2026-10-13,m12,花水湾山房温泉民宿,花水湾镇,去哪儿,14:00,15,582
2026-10-13,m12,花水湾山房温泉民宿,花水湾镇,同程,14:00,15,589
2026-10-13,m12,花水湾山房温泉民宿,花水湾镇,飞猪,20:00,9,644
2026-10-13,m12,花水湾山房温泉民宿,花水湾镇,去哪儿,20:00,9,633
2026-10-13,m12,花水湾山房温泉民宿,花水湾镇,同程,20:00,9,624
2026-10-14,m12,花水湾山房温泉民宿,花水湾镇,飞猪,00:00,22,517
2026-10-14,m12,花水湾山房温泉民宿,花水湾镇,去哪儿,00:00,22,513
2026-10-14,m12,花水湾山房温泉民宿,花水湾镇,同程,00:00,22,526
2026-10-14,m12,花水湾山房温泉民宿,花水湾镇,飞猪,08:00,22,529
2026-10-14,m12,花水湾山房温泉民宿,花水湾镇,去哪儿,08:00,22,530
2026-10-14,m12,花水湾山房温泉民宿,花水湾镇,同程,08:00,23,517
2026-10-14,m12,花水湾山房温泉民宿,花水湾镇,飞猪,14:00,19,571
2026-10-14,m12,花水湾山房温泉民宿,花水湾镇,去哪儿,14:00,18,564
2026-10-14,m12,花水湾山房温泉民宿,花水湾镇,同程,14:00,19,564
2026-10-14,m12,花水湾山房温泉民宿,花水湾镇,飞猪,20:00,8,651
2026-10-14,m12,花水湾山房温泉民宿,花水湾镇,去哪儿,20:00,7,652
2026-10-14,m12,花水湾山房温泉民宿,花水湾镇,同程,20:00,7,645
2026-10-15,m12,花水湾山房温泉民宿,花水湾镇,飞猪,00:00,21,536
2026-10-15,m12,花水湾山房温泉民宿,花水湾镇,去哪儿,00:00,21,532
2026-10-15,m12,花水湾山房温泉民宿,花水湾镇,同程,00:00,22,519
2026-10-15,m12,花水湾山房温泉民宿,花水湾镇,飞猪,08:00,20,539
2026-10-15,m12,花水湾山房温泉民宿,花水湾镇,去哪儿,08:00,20,542
2026-10-15,m12,花水湾山房温泉民宿,花水湾镇,同程,08:00,20,536
2026-10-15,m12,花水湾山房温泉民宿,花水湾镇,飞猪,14:00,16,574
2026-10-15,m12,花水湾山房温泉民宿,花水湾镇,去哪儿,14:00,16,568
2026-10-15,m12,花水湾山房温泉民宿,花水湾镇,同程,14:00,17,567
2026-10-15,m12,花水湾山房温泉民宿,花水湾镇,飞猪,20:00,11,625
2026-10-15,m12,花水湾山房温泉民宿,花水湾镇,去哪儿,20:00,10,621
2026-10-15,m12,花水湾山房温泉民宿,花水湾镇,同程,20:00,11,623
2026-10-16,m12,花水湾山房温泉民宿,花水湾镇,飞猪,00:00,24,509
2026-10-16,m12,花水湾山房温泉民宿,花水湾镇,去哪儿,00:00,24,493
2026-10-16,m12,花水湾山房温泉民宿,花水湾镇,同程,00:00,25,511
2026-10-16,m12,花水湾山房温泉民宿,花水湾镇,飞猪,08:00,22,534
2026-10-16,m12,花水湾山房温泉民宿,花水湾镇,去哪儿,08:00,22,518
2026-10-16,m12,花水湾山房温泉民宿,花水湾镇,同程,08:00,22,519
2026-10-16,m12,花水湾山房温泉民宿,花水湾镇,飞猪,14:00,20,536
2026-10-16,m12,花水湾山房温泉民宿,花水湾镇,去哪儿,14:00,20,536
2026-10-16,m12,花水湾山房温泉民宿,花水湾镇,同程,14:00,20,534
2026-10-16,m12,花水湾山房温泉民宿,花水湾镇,飞猪,20:00,11,614
2026-10-16,m12,花水湾山房温泉民宿,花水湾镇,去哪儿,20:00,11,611
2026-10-16,m12,花水湾山房温泉民宿,花水湾镇,同程,20:00,11,631
2026-10-17,m12,花水湾山房温泉民宿,花水湾镇,飞猪,00:00,22,672
2026-10-17,m12,花水湾山房温泉民宿,花水湾镇,去哪儿,00:00,22,682
2026-10-17,m12,花水湾山房温泉民宿,花水湾镇,同程,00:00,22,664
2026-10-17,m12,花水湾山房温泉民宿,花水湾镇,飞猪,08:00,19,732
2026-10-17,m12,花水湾山房温泉民宿,花水湾镇,去哪儿,08:00,19,722
2026-10-17,m12,花水湾山房温泉民宿,花水湾镇,同程,08:00,19,698
2026-10-17,m12,花水湾山房温泉民宿,花水湾镇,飞猪,14:00,15,769
2026-10-17,m12,花水湾山房温泉民宿,花水湾镇,去哪儿,14:00,15,756
2026-10-17,m12,花水湾山房温泉民宿,花水湾镇,同程,14:00,15,770
2026-10-17,m12,花水湾山房温泉民宿,花水湾镇,飞猪,20:00,4,885
2026-10-17,m12,花水湾山房温泉民宿,花水湾镇,去哪儿,20:00,4,879
2026-10-17,m12,花水湾山房温泉民宿,花水湾镇,同程,20:00,4,869
2026-10-18,m12,花水湾山房温泉民宿,花水湾镇,飞猪,00:00,23,671
2026-10-18,m12,花水湾山房温泉民宿,花水湾镇,去哪儿,00:00,23,677
2026-10-18,m12,花水湾山房温泉民宿,花水湾镇,同程,00:00,23,657
2026-10-18,m12,花水湾山房温泉民宿,花水湾镇,飞猪,08:00,23,680
2026-10-18,m12,花水湾山房温泉民宿,花水湾镇,去哪儿,08:00,22,672
2026-10-18,m12,花水湾山房温泉民宿,花水湾镇,同程,08:00,22,683
2026-10-18,m12,花水湾山房温泉民宿,花水湾镇,飞猪,14:00,19,719
2026-10-18,m12,花水湾山房温泉民宿,花水湾镇,去哪儿,14:00,19,719
2026-10-18,m12,花水湾山房温泉民宿,花水湾镇,同程,14:00,19,714
2026-10-18,m12,花水湾山房温泉民宿,花水湾镇,飞猪,20:00,4,907
2026-10-18,m12,花水湾山房温泉民宿,花水湾镇,去哪儿,20:00,4,879
2026-10-18,m12,花水湾山房温泉民宿,花水湾镇,同程,20:00,4,892
2026-10-19,m12,花水湾山房温泉民宿,花水湾镇,飞猪,00:00,20,535
2026-10-19,m12,花水湾山房温泉民宿,花水湾镇,去哪儿,00:00,20,547
2026-10-19,m12,花水湾山房温泉民宿,花水湾镇,同程,00:00,20,529
2026-10-19,m12,花水湾山房温泉民宿,花水湾镇,飞猪,08:00,19,551
2026-10-19,m12,花水湾山房温泉民宿,花水湾镇,去哪儿,08:00,18,565
2026-10-19,m12,花水湾山房温泉民宿,花水湾镇,同程,08:00,18,563
2026-10-19,m12,花水湾山房温泉民宿,花水湾镇,飞猪,14:00,12,604
2026-10-19,m12,花水湾山房温泉民宿,花水湾镇,去哪儿,14:00,12,608
2026-10-19,m12,花水湾山房温泉民宿,花水湾镇,同程,14:00,13,609
2026-10-19,m12,花水湾山房温泉民宿,花水湾镇,飞猪,20:00,8,644
2026-10-19,m12,花水湾山房温泉民宿,花水湾镇,去哪儿,20:00,8,637
2026-10-19,m12,花水湾山房温泉民宿,花水湾镇,同程,20:00,8,654
2026-10-20,m12,花水湾山房温泉民宿,花水湾镇,飞猪,00:00,23,514
2026-10-20,m12,花水湾山房温泉民宿,花水湾镇,去哪儿,00:00,23,509
2026-10-20,m12,花水湾山房温泉民宿,花水湾镇,同程,00:00,24,506
2026-10-20,m12,花水湾山房温泉民宿,花水湾镇,飞猪,08:00,23,526
2026-10-20,m12,花水湾山房温泉民宿,花水湾镇,去哪儿,08:00,23,517
2026-10-20,m12,花水湾山房温泉民宿,花水湾镇,同程,08:00,23,503
2026-10-20,m12,花水湾山房温泉民宿,花水湾镇,飞猪,14:00,19,545
2026-10-20,m12,花水湾山房温泉民宿,花水湾镇,去哪儿,14:00,19,538
2026-10-20,m12,花水湾山房温泉民宿,花水湾镇,同程,14:00,19,544
2026-10-20,m12,花水湾山房温泉民宿,花水湾镇,飞猪,20:00,11,636
2026-10-20,m12,花水湾山房温泉民宿,花水湾镇,去哪儿,20:00,11,616
2026-10-20,m12,花水湾山房温泉民宿,花水湾镇,同程,20:00,12,630
2026-10-21,m12,花水湾山房温泉民宿,花水湾镇,飞猪,00:00,22,523
2026-10-21,m12,花水湾山房温泉民宿,花水湾镇,去哪儿,00:00,22,516
2026-10-21,m12,花水湾山房温泉民宿,花水湾镇,同程,00:00,23,529
2026-10-21,m12,花水湾山房温泉民宿,花水湾镇,飞猪,08:00,21,526
2026-10-21,m12,花水湾山房温泉民宿,花水湾镇,去哪儿,08:00,21,532
2026-10-21,m12,花水湾山房温泉民宿,花水湾镇,同程,08:00,21,524
2026-10-21,m12,花水湾山房温泉民宿,花水湾镇,飞猪,14:00,17,582
2026-10-21,m12,花水湾山房温泉民宿,花水湾镇,去哪儿,14:00,17,555
2026-10-21,m12,花水湾山房温泉民宿,花水湾镇,同程,14:00,18,560
2026-10-21,m12,花水湾山房温泉民宿,花水湾镇,飞猪,20:00,7,652
2026-10-21,m12,花水湾山房温泉民宿,花水湾镇,去哪儿,20:00,7,651
2026-10-21,m12,花水湾山房温泉民宿,花水湾镇,同程,20:00,7,662
2026-10-22,m12,花水湾山房温泉民宿,花水湾镇,飞猪,00:00,23,507
2026-10-22,m12,花水湾山房温泉民宿,花水湾镇,去哪儿,00:00,23,521
2026-10-22,m12,花水湾山房温泉民宿,花水湾镇,同程,00:00,23,507
2026-10-22,m12,花水湾山房温泉民宿,花水湾镇,飞猪,08:00,22,522
2026-10-22,m12,花水湾山房温泉民宿,花水湾镇,去哪儿,08:00,22,522
2026-10-22,m12,花水湾山房温泉民宿,花水湾镇,同程,08:00,22,523
2026-10-22,m12,花水湾山房温泉民宿,花水湾镇,飞猪,14:00,18,579
2026-10-22,m12,花水湾山房温泉民宿,花水湾镇,去哪儿,14:00,17,570
2026-10-22,m12,花水湾山房温泉民宿,花水湾镇,同程,14:00,17,571
2026-10-22,m12,花水湾山房温泉民宿,花水湾镇,飞猪,20:00,9,647
2026-10-22,m12,花水湾山房温泉民宿,花水湾镇,去哪儿,20:00,9,631
2026-10-22,m12,花水湾山房温泉民宿,花水湾镇,同程,20:00,10,639
2026-10-23,m12,花水湾山房温泉民宿,花水湾镇,飞猪,00:00,22,541
2026-10-23,m12,花水湾山房温泉民宿,花水湾镇,去哪儿,00:00,21,528
2026-10-23,m12,花水湾山房温泉民宿,花水湾镇,同程,00:00,22,527
2026-10-23,m12,花水湾山房温泉民宿,花水湾镇,飞猪,08:00,20,548
2026-10-23,m12,花水湾山房温泉民宿,花水湾镇,去哪儿,08:00,20,531
2026-10-23,m12,花水湾山房温泉民宿,花水湾镇,同程,08:00,20,528
2026-10-23,m12,花水湾山房温泉民宿,花水湾镇,飞猪,14:00,19,552
2026-10-23,m12,花水湾山房温泉民宿,花水湾镇,去哪儿,14:00,19,543
2026-10-23,m12,花水湾山房温泉民宿,花水湾镇,同程,14:00,20,541
2026-10-23,m12,花水湾山房温泉民宿,花水湾镇,飞猪,20:00,11,619
2026-10-23,m12,花水湾山房温泉民宿,花水湾镇,去哪儿,20:00,11,624
2026-10-23,m12,花水湾山房温泉民宿,花水湾镇,同程,20:00,11,630
2026-10-24,m12,花水湾山房温泉民宿,花水湾镇,飞猪,00:00,23,670
2026-10-24,m12,花水湾山房温泉民宿,花水湾镇,去哪儿,00:00,23,675
2026-10-24,m12,花水湾山房温泉民宿,花水湾镇,同程,00:00,23,673
2026-10-24,m12,花水湾山房温泉民宿,花水湾镇,飞猪,08:00,21,693
2026-10-24,m12,花水湾山房温泉民宿,花水湾镇,去哪儿,08:00,21,682
2026-10-24,m12,花水湾山房温泉民宿,花水湾镇,同程,08:00,21,677
2026-10-24,m12,花水湾山房温泉民宿,花水湾镇,飞猪,14:00,15,751
2026-10-24,m12,花水湾山房温泉民宿,花水湾镇,去哪儿,14:00,15,761
2026-10-24,m12,花水湾山房温泉民宿,花水湾镇,同程,14:00,16,771
2026-10-24,m12,花水湾山房温泉民宿,花水湾镇,飞猪,20:00,1,938
2026-10-24,m12,花水湾山房温泉民宿,花水湾镇,去哪儿,20:00,1,918
2026-10-24,m12,花水湾山房温泉民宿,花水湾镇,同程,20:00,1,907
2026-10-25,m12,花水湾山房温泉民宿,花水湾镇,飞猪,00:00,23,672
2026-10-25,m12,花水湾山房温泉民宿,花水湾镇,去哪儿,00:00,23,651
2026-10-25,m12,花水湾山房温泉民宿,花水湾镇,同程,00:00,23,664
2026-10-25,m12,花水湾山房温泉民宿,花水湾镇,飞猪,08:00,22,696
2026-10-25,m12,花水湾山房温泉民宿,花水湾镇,去哪儿,08:00,22,682
2026-10-25,m12,花水湾山房温泉民宿,花水湾镇,同程,08:00,23,686
2026-10-25,m12,花水湾山房温泉民宿,花水湾镇,飞猪,14:00,19,723
2026-10-25,m12,花水湾山房温泉民宿,花水湾镇,去哪儿,14:00,19,702
2026-10-25,m12,花水湾山房温泉民宿,花水湾镇,同程,14:00,19,703
2026-10-25,m12,花水湾山房温泉民宿,花水湾镇,飞猪,20:00,9,825
2026-10-25,m12,花水湾山房温泉民宿,花水湾镇,去哪儿,20:00,9,816
2026-10-25,m12,花水湾山房温泉民宿,花水湾镇,同程,20:00,10,840
2026-10-26,m12,花水湾山房温泉民宿,花水湾镇,飞猪,00:00,23,527
2026-10-26,m12,花水湾山房温泉民宿,花水湾镇,去哪儿,00:00,23,510
2026-10-26,m12,花水湾山房温泉民宿,花水湾镇,同程,00:00,23,513
2026-10-26,m12,花水湾山房温泉民宿,花水湾镇,飞猪,08:00,23,527
2026-10-26,m12,花水湾山房温泉民宿,花水湾镇,去哪儿,08:00,23,507
2026-10-26,m12,花水湾山房温泉民宿,花水湾镇,同程,08:00,24,516
2026-10-26,m12,花水湾山房温泉民宿,花水湾镇,飞猪,14:00,15,598
2026-10-26,m12,花水湾山房温泉民宿,花水湾镇,去哪儿,14:00,15,581
2026-10-26,m12,花水湾山房温泉民宿,花水湾镇,同程,14:00,15,580
2026-10-26,m12,花水湾山房温泉民宿,花水湾镇,飞猪,20:00,13,625
2026-10-26,m12,花水湾山房温泉民宿,花水湾镇,去哪儿,20:00,12,613
2026-10-26,m12,花水湾山房温泉民宿,花水湾镇,同程,20:00,13,606
2026-10-27,m12,花水湾山房温泉民宿,花水湾镇,飞猪,00:00,20,534
2026-10-27,m12,花水湾山房温泉民宿,花水湾镇,去哪儿,00:00,20,547
2026-10-27,m12,花水湾山房温泉民宿,花水湾镇,同程,00:00,21,547
2026-10-27,m12,花水湾山房温泉民宿,花水湾镇,飞猪,08:00,20,538
2026-10-27,m12,花水湾山房温泉民宿,花水湾镇,去哪儿,08:00,20,535
2026-10-27,m12,花水湾山房温泉民宿,花水湾镇,同程,08:00,20,542
2026-10-27,m12,花水湾山房温泉民宿,花水湾镇,飞猪,14:00,17,574
2026-10-27,m12,花水湾山房温泉民宿,花水湾镇,去哪儿,14:00,17,557
2026-10-27,m12,花水湾山房温泉民宿,花水湾镇,同程,14:00,17,559
2026-10-27,m12,花水湾山房温泉民宿,花水湾镇,飞猪,20:00,11,621
2026-10-27,m12,花水湾山房温泉民宿,花水湾镇,去哪儿,20:00,11,615
2026-10-27,m12,花水湾山房温泉民宿,花水湾镇,同程,20:00,11,612
2026-10-28,m12,花水湾山房温泉民宿,花水湾镇,飞猪,00:00,22,518
2026-10-28,m12,花水湾山房温泉民宿,花水湾镇,去哪儿,00:00,22,520
2026-10-28,m12,花水湾山房温泉民宿,花水湾镇,同程,00:00,22,523
2026-10-28,m12,花水湾山房温泉民宿,花水湾镇,飞猪,08:00,21,532
2026-10-28,m12,花水湾山房温泉民宿,花水湾镇,去哪儿,08:00,21,524
2026-10-28,m12,花水湾山房温泉民宿,花水湾镇,同程,08:00,21,540
2026-10-28,m12,花水湾山房温泉民宿,花水湾镇,飞猪,14:00,18,566
2026-10-28,m12,花水湾山房温泉民宿,花水湾镇,去哪儿,14:00,17,574
2026-10-28,m12,花水湾山房温泉民宿,花水湾镇,同程,14:00,18,567
2026-10-28,m12,花水湾山房温泉民宿,花水湾镇,飞猪,20:00,9,646
2026-10-28,m12,花水湾山房温泉民宿,花水湾镇,去哪儿,20:00,9,638
2026-10-28,m12,花水湾山房温泉民宿,花水湾镇,同程,20:00,9,635
2026-10-29,m12,花水湾山房温泉民宿,花水湾镇,飞猪,00:00,24,504
2026-10-29,m12,花水湾山房温泉民宿,花水湾镇,去哪儿,00:00,24,510
2026-10-29,m12,花水湾山房温泉民宿,花水湾镇,同程,00:00,24,507
2026-10-29,m12,花水湾山房温泉民宿,花水湾镇,飞猪,08:00,25,514
2026-10-29,m12,花水湾山房温泉民宿,花水湾镇,去哪儿,08:00,24,509
2026-10-29,m12,花水湾山房温泉民宿,花水湾镇,同程,08:00,25,493
2026-10-29,m12,花水湾山房温泉民宿,花水湾镇,飞猪,14:00,16,572
2026-10-29,m12,花水湾山房温泉民宿,花水湾镇,去哪儿,14:00,16,566
2026-10-29,m12,花水湾山房温泉民宿,花水湾镇,同程,14:00,16,574
2026-10-29,m12,花水湾山房温泉民宿,花水湾镇,飞猪,20:00,10,635
2026-10-29,m12,花水湾山房温泉民宿,花水湾镇,去哪儿,20:00,10,630
2026-10-29,m12,花水湾山房温泉民宿,花水湾镇,同程,20:00,11,639
2026-10-30,m12,花水湾山房温泉民宿,花水湾镇,飞猪,00:00,22,520
2026-10-30,m12,花水湾山房温泉民宿,花水湾镇,去哪儿,00:00,22,519
2026-10-30,m12,花水湾山房温泉民宿,花水湾镇,同程,00:00,23,515
2026-10-30,m12,花水湾山房温泉民宿,花水湾镇,飞猪,08:00,21,525
2026-10-30,m12,花水湾山房温泉民宿,花水湾镇,去哪儿,08:00,21,533
2026-10-30,m12,花水湾山房温泉民宿,花水湾镇,同程,08:00,22,523
2026-10-30,m12,花水湾山房温泉民宿,花水湾镇,飞猪,14:00,15,599
2026-10-30,m12,花水湾山房温泉民宿,花水湾镇,去哪儿,14:00,15,580
2026-10-30,m12,花水湾山房温泉民宿,花水湾镇,同程,14:00,16,576
2026-10-30,m12,花水湾山房温泉民宿,花水湾镇,飞猪,20:00,6,668
2026-10-30,m12,花水湾山房温泉民宿,花水湾镇,去哪儿,20:00,6,665
2026-10-30,m12,花水湾山房温泉民宿,花水湾镇,同程,20:00,7,669
2026-10-31,m12,花水湾山房温泉民宿,花水湾镇,飞猪,00:00,23,666
2026-10-31,m12,花水湾山房温泉民宿,花水湾镇,去哪儿,00:00,23,669
2026-10-31,m12,花水湾山房温泉民宿,花水湾镇,同程,00:00,23,657
2026-10-31,m12,花水湾山房温泉民宿,花水湾镇,飞猪,08:00,24,673
2026-10-31,m12,花水湾山房温泉民宿,花水湾镇,去哪儿,08:00,23,652
2026-10-31,m12,花水湾山房温泉民宿,花水湾镇,同程,08:00,24,660
2026-10-31,m12,花水湾山房温泉民宿,花水湾镇,飞猪,14:00,15,760
2026-10-31,m12,花水湾山房温泉民宿,花水湾镇,去哪儿,14:00,15,759
2026-10-31,m12,花水湾山房温泉民宿,花水湾镇,同程,14:00,15,750
2026-10-31,m12,花水湾山房温泉民宿,花水湾镇,飞猪,20:00,6,872
2026-10-31,m12,花水湾山房温泉民宿,花水湾镇,去哪儿,20:00,6,875
2026-10-31,m12,花水湾山房温泉民宿,花水湾镇,同程,20:00,7,854
2026-10-01,m13,花水湾云中漫步温泉民宿,花水湾镇,美团,00:00,11,1399
2026-10-01,m13,花水湾云中漫步温泉民宿,花水湾镇,飞猪,00:00,10,1445
2026-10-01,m13,花水湾云中漫步温泉民宿,花水湾镇,同程,00:00,10,1414
2026-10-01,m13,花水湾云中漫步温泉民宿,花水湾镇,美团,08:00,11,1433
2026-10-01,m13,花水湾云中漫步温泉民宿,花水湾镇,飞猪,08:00,11,1451
2026-10-01,m13,花水湾云中漫步温泉民宿,花水湾镇,同程,08:00,10,1407
2026-10-01,m13,花水湾云中漫步温泉民宿,花水湾镇,美团,14:00,6,1598
2026-10-01,m13,花水湾云中漫步温泉民宿,花水湾镇,飞猪,14:00,6,1627
2026-10-01,m13,花水湾云中漫步温泉民宿,花水湾镇,同程,14:00,6,1561
2026-10-01,m13,花水湾云中漫步温泉民宿,花水湾镇,美团,20:00,2,1774
2026-10-01,m13,花水湾云中漫步温泉民宿,花水湾镇,飞猪,20:00,2,1826
2026-10-01,m13,花水湾云中漫步温泉民宿,花水湾镇,同程,20:00,2,1771
2026-10-02,m13,花水湾云中漫步温泉民宿,花水湾镇,美团,00:00,11,1350
2026-10-02,m13,花水湾云中漫步温泉民宿,花水湾镇,飞猪,00:00,11,1387
2026-10-02,m13,花水湾云中漫步温泉民宿,花水湾镇,同程,00:00,12,1356
2026-10-02,m13,花水湾云中漫步温泉民宿,花水湾镇,美团,08:00,11,1435
2026-10-02,m13,花水湾云中漫步温泉民宿,花水湾镇,飞猪,08:00,10,1416
2026-10-02,m13,花水湾云中漫步温泉民宿,花水湾镇,同程,08:00,10,1394
2026-10-02,m13,花水湾云中漫步温泉民宿,花水湾镇,美团,14:00,8,1500
2026-10-02,m13,花水湾云中漫步温泉民宿,花水湾镇,飞猪,14:00,8,1530
2026-10-02,m13,花水湾云中漫步温泉民宿,花水湾镇,同程,14:00,7,1517
2026-10-02,m13,花水湾云中漫步温泉民宿,花水湾镇,美团,20:00,4,1668
2026-10-02,m13,花水湾云中漫步温泉民宿,花水湾镇,飞猪,20:00,3,1719
2026-10-02,m13,花水湾云中漫步温泉民宿,花水湾镇,同程,20:00,3,1705
2026-10-03,m13,花水湾云中漫步温泉民宿,花水湾镇,美团,00:00,11,1382
2026-10-03,m13,花水湾云中漫步温泉民宿,花水湾镇,飞猪,00:00,11,1394
2026-10-03,m13,花水湾云中漫步温泉民宿,花水湾镇,同程,00:00,12,1385
2026-10-03,m13,花水湾云中漫步温泉民宿,花水湾镇,美团,08:00,11,1426
2026-10-03,m13,花水湾云中漫步温泉民宿,花水湾镇,飞猪,08:00,11,1419
2026-10-03,m13,花水湾云中漫步温泉民宿,花水湾镇,同程,08:00,10,1427
2026-10-03,m13,花水湾云中漫步温泉民宿,花水湾镇,美团,14:00,7,1521
2026-10-03,m13,花水湾云中漫步温泉民宿,花水湾镇,飞猪,14:00,7,1562
2026-10-03,m13,花水湾云中漫步温泉民宿,花水湾镇,同程,14:00,7,1550
2026-10-03,m13,花水湾云中漫步温泉民宿,花水湾镇,美团,20:00,3,1754
2026-10-03,m13,花水湾云中漫步温泉民宿,花水湾镇,飞猪,20:00,2,1745
2026-10-03,m13,花水湾云中漫步温泉民宿,花水湾镇,同程,20:00,2,1719
2026-10-04,m13,花水湾云中漫步温泉民宿,花水湾镇,美团,00:00,10,1397
2026-10-04,m13,花水湾云中漫步温泉民宿,花水湾镇,飞猪,00:00,10,1464
2026-10-04,m13,花水湾云中漫步温泉民宿,花水湾镇,同程,00:00,11,1402
2026-10-04,m13,花水湾云中漫步温泉民宿,花水湾镇,美团,08:00,10,1429
2026-10-04,m13,花水湾云中漫步温泉民宿,花水湾镇,飞猪,08:00,9,1467
2026-10-04,m13,花水湾云中漫步温泉民宿,花水湾镇,同程,08:00,9,1448
2026-10-04,m13,花水湾云中漫步温泉民宿,花水湾镇,美团,14:00,6,1553
2026-10-04,m13,花水湾云中漫步温泉民宿,花水湾镇,飞猪,14:00,7,1629
2026-10-04,m13,花水湾云中漫步温泉民宿,花水湾镇,同程,14:00,7,1561
2026-10-04,m13,花水湾云中漫步温泉民宿,花水湾镇,美团,20:00,2,1753
2026-10-04,m13,花水湾云中漫步温泉民宿,花水湾镇,飞猪,20:00,1,1790
2026-10-04,m13,花水湾云中漫步温泉民宿,花水湾镇,同程,20:00,2,1804
2026-10-05,m13,花水湾云中漫步温泉民宿,花水湾镇,美团,00:00,13,1343
2026-10-05,m13,花水湾云中漫步温泉民宿,花水湾镇,飞猪,00:00,12,1373
2026-10-05,m13,花水湾云中漫步温泉民宿,花水湾镇,同程,00:00,12,1349
2026-10-05,m13,花水湾云中漫步温泉民宿,花水湾镇,美团,08:00,13,1302
2026-10-05,m13,花水湾云中漫步温泉民宿,花水湾镇,飞猪,08:00,12,1373
2026-10-05,m13,花水湾云中漫步温泉民宿,花水湾镇,同程,08:00,13,1333
2026-10-05,m13,花水湾云中漫步温泉民宿,花水湾镇,美团,14:00,9,1429
2026-10-05,m13,花水湾云中漫步温泉民宿,花水湾镇,飞猪,14:00,9,1496
2026-10-05,m13,花水湾云中漫步温泉民宿,花水湾镇,同程,14:00,10,1485
2026-10-05,m13,花水湾云中漫步温泉民宿,花水湾镇,美团,20:00,4,1715
2026-10-05,m13,花水湾云中漫步温泉民宿,花水湾镇,飞猪,20:00,4,1725
2026-10-05,m13,花水湾云中漫步温泉民宿,花水湾镇,同程,20:00,4,1735
2026-10-06,m13,花水湾云中漫步温泉民宿,花水湾镇,美团,00:00,13,1328
2026-10-06,m13,花水湾云中漫步温泉民宿,花水湾镇,飞猪,00:00,12,1333
2026-10-06,m13,花水湾云中漫步温泉民宿,花水湾镇,同程,00:00,12,1344
2026-10-06,m13,花水湾云中漫步温泉民宿,花水湾镇,美团,08:00,12,1345
2026-10-06,m13,花水湾云中漫步温泉民宿,花水湾镇,飞猪,08:00,12,1390
2026-10-06,m13,花水湾云中漫步温泉民宿,花水湾镇,同程,08:00,11,1405
2026-10-06,m13,花水湾云中漫步温泉民宿,花水湾镇,美团,14:00,11,1387
2026-10-06,m13,花水湾云中漫步温泉民宿,花水湾镇,飞猪,14:00,10,1444
2026-10-06,m13,花水湾云中漫步温泉民宿,花水湾镇,同程,14:00,11,1443
2026-10-06,m13,花水湾云中漫步温泉民宿,花水湾镇,美团,20:00,1,1780
2026-10-06,m13,花水湾云中漫步温泉民宿,花水湾镇,飞猪,20:00,0,1824
2026-10-06,m13,花水湾云中漫步温泉民宿,花水湾镇,同程,20:00,1,1832
2026-10-07,m13,花水湾云中漫步温泉民宿,花水湾镇,美团,00:00,13,1263
2026-10-07,m13,花水湾云中漫步温泉民宿,花水湾镇,飞猪,00:00,13,1291
2026-10-07,m13,花水湾云中漫步温泉民宿,花水湾镇,同程,00:00,14,1324
2026-10-07,m13,花水湾云中漫步温泉民宿,花水湾镇,美团,08:00,12,1308
2026-10-07,m13,花水湾云中漫步温泉民宿,花水湾镇,飞猪,08:00,12,1363
2026-10-07,m13,花水湾云中漫步温泉民宿,花水湾镇,同程,08:00,13,1356
2026-10-07,m13,花水湾云中漫步温泉民宿,花水湾镇,美团,14:00,12,1354
2026-10-07,m13,花水湾云中漫步温泉民宿,花水湾镇,飞猪,14:00,12,1374
2026-10-07,m13,花水湾云中漫步温泉民宿,花水湾镇,同程,14:00,11,1360
2026-10-07,m13,花水湾云中漫步温泉民宿,花水湾镇,美团,20:00,3,1756
2026-10-07,m13,花水湾云中漫步温泉民宿,花水湾镇,飞猪,20:00,2,1789
2026-10-07,m13,花水湾云中漫步温泉民宿,花水湾镇,同程,20:00,3,1736
2026-10-08,m13,花水湾云中漫步温泉民宿,花水湾镇,美团,00:00,12,1347
2026-10-08,m13,花水湾云中漫步温泉民宿,花水湾镇,飞猪,00:00,12,1334
2026-10-08,m13,花水湾云中漫步温泉民宿,花水湾镇,同程,00:00,13,1317
2026-10-08,m13,花水湾云中漫步温泉民宿,花水湾镇,美团,08:00,12,1374
2026-10-08,m13,花水湾云中漫步温泉民宿,花水湾镇,飞猪,08:00,11,1423
2026-10-08,m13,花水湾云中漫步温泉民宿,花水湾镇,同程,08:00,12,1369
2026-10-08,m13,花水湾云中漫步温泉民宿,花水湾镇,美团,14:00,8,1504
2026-10-08,m13,花水湾云中漫步温泉民宿,花水湾镇,飞猪,14:00,8,1536
2026-10-08,m13,花水湾云中漫步温泉民宿,花水湾镇,同程,14:00,9,1480
2026-10-08,m13,花水湾云中漫步温泉民宿,花水湾镇,美团,20:00,3,1754
2026-10-08,m13,花水湾云中漫步温泉民宿,花水湾镇,飞猪,20:00,2,1748
2026-10-08,m13,花水湾云中漫步温泉民宿,花水湾镇,同程,20:00,3,1726
2026-10-09,m13,花水湾云中漫步温泉民宿,花水湾镇,美团,00:00,13,662
2026-10-09,m13,花水湾云中漫步温泉民宿,花水湾镇,飞猪,00:00,13,682
2026-10-09,m13,花水湾云中漫步温泉民宿,花水湾镇,同程,00:00,13,679
2026-10-09,m13,花水湾云中漫步温泉民宿,花水湾镇,美团,08:00,10,715
2026-10-09,m13,花水湾云中漫步温泉民宿,花水湾镇,飞猪,08:00,9,745
2026-10-09,m13,花水湾云中漫步温泉民宿,花水湾镇,同程,08:00,9,745
2026-10-09,m13,花水湾云中漫步温泉民宿,花水湾镇,美团,14:00,10,724
2026-10-09,m13,花水湾云中漫步温泉民宿,花水湾镇,飞猪,14:00,9,735
2026-10-09,m13,花水湾云中漫步温泉民宿,花水湾镇,同程,14:00,10,731
2026-10-09,m13,花水湾云中漫步温泉民宿,花水湾镇,美团,20:00,6,818
2026-10-09,m13,花水湾云中漫步温泉民宿,花水湾镇,飞猪,20:00,5,810
2026-10-09,m13,花水湾云中漫步温泉民宿,花水湾镇,同程,20:00,6,816
2026-10-10,m13,花水湾云中漫步温泉民宿,花水湾镇,美团,00:00,10,898
2026-10-10,m13,花水湾云中漫步温泉民宿,花水湾镇,飞猪,00:00,10,920
2026-10-10,m13,花水湾云中漫步温泉民宿,花水湾镇,同程,00:00,11,919
2026-10-10,m13,花水湾云中漫步温泉民宿,花水湾镇,美团,08:00,9,935
2026-10-10,m13,花水湾云中漫步温泉民宿,花水湾镇,飞猪,08:00,9,946
2026-10-10,m13,花水湾云中漫步温泉民宿,花水湾镇,同程,08:00,10,944
2026-10-10,m13,花水湾云中漫步温泉民宿,花水湾镇,美团,14:00,8,985
2026-10-10,m13,花水湾云中漫步温泉民宿,花水湾镇,飞猪,14:00,7,1029
2026-10-10,m13,花水湾云中漫步温泉民宿,花水湾镇,同程,14:00,8,1014
2026-10-10,m13,花水湾云中漫步温泉民宿,花水湾镇,美团,20:00,2,1146
2026-10-10,m13,花水湾云中漫步温泉民宿,花水湾镇,飞猪,20:00,2,1151
2026-10-10,m13,花水湾云中漫步温泉民宿,花水湾镇,同程,20:00,2,1153
2026-10-11,m13,花水湾云中漫步温泉民宿,花水湾镇,美团,00:00,12,876
2026-10-11,m13,花水湾云中漫步温泉民宿,花水湾镇,飞猪,00:00,12,867
2026-10-11,m13,花水湾云中漫步温泉民宿,花水湾镇,同程,00:00,13,887
2026-10-11,m13,花水湾云中漫步温泉民宿,花水湾镇,美团,08:00,12,886
2026-10-11,m13,花水湾云中漫步温泉民宿,花水湾镇,飞猪,08:00,11,904
2026-10-11,m13,花水湾云中漫步温泉民宿,花水湾镇,同程,08:00,11,894
2026-10-11,m13,花水湾云中漫步温泉民宿,花水湾镇,美团,14:00,8,975
2026-10-11,m13,花水湾云中漫步温泉民宿,花水湾镇,飞猪,14:00,8,976
2026-10-11,m13,花水湾云中漫步温泉民宿,花水湾镇,同程,14:00,8,976
2026-10-11,m13,花水湾云中漫步温泉民宿,花水湾镇,美团,20:00,2,1135
2026-10-11,m13,花水湾云中漫步温泉民宿,花水湾镇,飞猪,20:00,2,1142
2026-10-11,m13,花水湾云中漫步温泉民宿,花水湾镇,同程,20:00,3,1118
2026-10-12,m13,花水湾云中漫步温泉民宿,花水湾镇,美团,00:00,13,675
2026-10-12,m13,花水湾云中漫步温泉民宿,花水湾镇,飞猪,00:00,12,689
2026-10-12,m13,花水湾云中漫步温泉民宿,花水湾镇,同程,00:00,12,679
2026-10-12,m13,花水湾云中漫步温泉民宿,花水湾镇,美团,08:00,13,664
2026-10-12,m13,花水湾云中漫步温泉民宿,花水湾镇,飞猪,08:00,12,689
2026-10-12,m13,花水湾云中漫步温泉民宿,花水湾镇,同程,08:00,12,663
2026-10-12,m13,花水湾云中漫步温泉民宿,花水湾镇,美团,14:00,11,704
2026-10-12,m13,花水湾云中漫步温泉民宿,花水湾镇,飞猪,14:00,10,722
2026-10-12,m13,花水湾云中漫步温泉民宿,花水湾镇,同程,14:00,11,713
2026-10-12,m13,花水湾云中漫步温泉民宿,花水湾镇,美团,20:00,8,745
2026-10-12,m13,花水湾云中漫步温泉民宿,花水湾镇,飞猪,20:00,9,769
2026-10-12,m13,花水湾云中漫步温泉民宿,花水湾镇,同程,20:00,8,750
2026-10-13,m13,花水湾云中漫步温泉民宿,花水湾镇,美团,00:00,14,635
2026-10-13,m13,花水湾云中漫步温泉民宿,花水湾镇,飞猪,00:00,14,632
2026-10-13,m13,花水湾云中漫步温泉民宿,花水湾镇,同程,00:00,14,642
2026-10-13,m13,花水湾云中漫步温泉民宿,花水湾镇,美团,08:00,14,644
2026-10-13,m13,花水湾云中漫步温泉民宿,花水湾镇,飞猪,08:00,13,653
2026-10-13,m13,花水湾云中漫步温泉民宿,花水湾镇,同程,08:00,14,642
2026-10-13,m13,花水湾云中漫步温泉民宿,花水湾镇,美团,14:00,11,678
2026-10-13,m13,花水湾云中漫步温泉民宿,花水湾镇,飞猪,14:00,12,690
2026-10-13,m13,花水湾云中漫步温泉民宿,花水湾镇,同程,14:00,12,686
2026-10-13,m13,花水湾云中漫步温泉民宿,花水湾镇,美团,20:00,10,722
2026-10-13,m13,花水湾云中漫步温泉民宿,花水湾镇,飞猪,20:00,10,738
2026-10-13,m13,花水湾云中漫步温泉民宿,花水湾镇,同程,20:00,10,737
2026-10-14,m13,花水湾云中漫步温泉民宿,花水湾镇,美团,00:00,12,655
2026-10-14,m13,花水湾云中漫步温泉民宿,花水湾镇,飞猪,00:00,12,684
2026-10-14,m13,花水湾云中漫步温泉民宿,花水湾镇,同程,00:00,12,683
2026-10-14,m13,花水湾云中漫步温泉民宿,花水湾镇,美团,08:00,11,697
2026-10-14,m13,花水湾云中漫步温泉民宿,花水湾镇,飞猪,08:00,11,706
2026-10-14,m13,花水湾云中漫步温泉民宿,花水湾镇,同程,08:00,11,703
2026-10-14,m13,花水湾云中漫步温泉民宿,花水湾镇,美团,14:00,7,778
2026-10-14,m13,花水湾云中漫步温泉民宿,花水湾镇,飞猪,14:00,7,779
2026-10-14,m13,花水湾云中漫步温泉民宿,花水湾镇,同程,14:00,8,763
2026-10-14,m13,花水湾云中漫步温泉民宿,花水湾镇,美团,20:00,7,796
2026-10-14,m13,花水湾云中漫步温泉民宿,花水湾镇,飞猪,20:00,6,788
2026-10-14,m13,花水湾云中漫步温泉民宿,花水湾镇,同程,20:00,7,807
2026-10-15,m13,花水湾云中漫步温泉民宿,花水湾镇,美团,00:00,14,641
2026-10-15,m13,花水湾云中漫步温泉民宿,花水湾镇,飞猪,00:00,13,654
2026-10-15,m13,花水湾云中漫步温泉民宿,花水湾镇,同程,00:00,13,648
2026-10-15,m13,花水湾云中漫步温泉民宿,花水湾镇,美团,08:00,13,645
2026-10-15,m13,花水湾云中漫步温泉民宿,花水湾镇,飞猪,08:00,13,647
2026-10-15,m13,花水湾云中漫步温泉民宿,花水湾镇,同程,08:00,13,644
2026-10-15,m13,花水湾云中漫步温泉民宿,花水湾镇,美团,14:00,9,734
2026-10-15,m13,花水湾云中漫步温泉民宿,花水湾镇,飞猪,14:00,9,728
2026-10-15,m13,花水湾云中漫步温泉民宿,花水湾镇,同程,14:00,10,743
2026-10-15,m13,花水湾云中漫步温泉民宿,花水湾镇,美团,20:00,8,754
2026-10-15,m13,花水湾云中漫步温泉民宿,花水湾镇,飞猪,20:00,7,771
2026-10-15,m13,花水湾云中漫步温泉民宿,花水湾镇,同程,20:00,7,763
2026-10-16,m13,花水湾云中漫步温泉民宿,花水湾镇,美团,00:00,14,647
2026-10-16,m13,花水湾云中漫步温泉民宿,花水湾镇,飞猪,00:00,13,645
2026-10-16,m13,花水湾云中漫步温泉民宿,花水湾镇,同程,00:00,13,645
2026-10-16,m13,花水湾云中漫步温泉民宿,花水湾镇,美团,08:00,13,654
2026-10-16,m13,花水湾云中漫步温泉民宿,花水湾镇,飞猪,08:00,14,647
2026-10-16,m13,花水湾云中漫步温泉民宿,花水湾镇,同程,08:00,13,644
2026-10-16,m13,花水湾云中漫步温泉民宿,花水湾镇,美团,14:00,10,721
2026-10-16,m13,花水湾云中漫步温泉民宿,花水湾镇,飞猪,14:00,9,727
2026-10-16,m13,花水湾云中漫步温泉民宿,花水湾镇,同程,14:00,9,744
2026-10-16,m13,花水湾云中漫步温泉民宿,花水湾镇,美团,20:00,9,732
2026-10-16,m13,花水湾云中漫步温泉民宿,花水湾镇,飞猪,20:00,9,747
2026-10-16,m13,花水湾云中漫步温泉民宿,花水湾镇,同程,20:00,8,743
2026-10-17,m13,花水湾云中漫步温泉民宿,花水湾镇,美团,00:00,10,924
2026-10-17,m13,花水湾云中漫步温泉民宿,花水湾镇,飞猪,00:00,10,918
2026-10-17,m13,花水湾云中漫步温泉民宿,花水湾镇,同程,00:00,10,933
2026-10-17,m13,花水湾云中漫步温泉民宿,花水湾镇,美团,08:00,10,927
2026-10-17,m13,花水湾云中漫步温泉民宿,花水湾镇,飞猪,08:00,10,930
2026-10-17,m13,花水湾云中漫步温泉民宿,花水湾镇,同程,08:00,10,909
2026-10-17,m13,花水湾云中漫步温泉民宿,花水湾镇,美团,14:00,9,923
2026-10-17,m13,花水湾云中漫步温泉民宿,花水湾镇,飞猪,14:00,9,954
2026-10-17,m13,花水湾云中漫步温泉民宿,花水湾镇,同程,14:00,10,940
2026-10-17,m13,花水湾云中漫步温泉民宿,花水湾镇,美团,20:00,2,1161
2026-10-17,m13,花水湾云中漫步温泉民宿,花水湾镇,飞猪,20:00,1,1176
2026-10-17,m13,花水湾云中漫步温泉民宿,花水湾镇,同程,20:00,2,1169
2026-10-18,m13,花水湾云中漫步温泉民宿,花水湾镇,美团,00:00,12,877
2026-10-18,m13,花水湾云中漫步温泉民宿,花水湾镇,飞猪,00:00,12,888
2026-10-18,m13,花水湾云中漫步温泉民宿,花水湾镇,同程,00:00,11,889
2026-10-18,m13,花水湾云中漫步温泉民宿,花水湾镇,美团,08:00,10,957
2026-10-18,m13,花水湾云中漫步温泉民宿,花水湾镇,飞猪,08:00,9,973
2026-10-18,m13,花水湾云中漫步温泉民宿,花水湾镇,同程,08:00,10,933
2026-10-18,m13,花水湾云中漫步温泉民宿,花水湾镇,美团,14:00,7,1004
2026-10-18,m13,花水湾云中漫步温泉民宿,花水湾镇,飞猪,14:00,7,1016
2026-10-18,m13,花水湾云中漫步温泉民宿,花水湾镇,同程,14:00,8,1014
2026-10-18,m13,花水湾云中漫步温泉民宿,花水湾镇,美团,20:00,1,1132
2026-10-18,m13,花水湾云中漫步温泉民宿,花水湾镇,飞猪,20:00,1,1155
2026-10-18,m13,花水湾云中漫步温泉民宿,花水湾镇,同程,20:00,1,1143
2026-10-19,m13,花水湾云中漫步温泉民宿,花水湾镇,美团,00:00,13,635
2026-10-19,m13,花水湾云中漫步温泉民宿,花水湾镇,飞猪,00:00,13,649
2026-10-19,m13,花水湾云中漫步温泉民宿,花水湾镇,同程,00:00,14,663
2026-10-19,m13,花水湾云中漫步温泉民宿,花水湾镇,美团,08:00,12,661
2026-10-19,m13,花水湾云中漫步温泉民宿,花水湾镇,飞猪,08:00,13,674
2026-10-19,m13,花水湾云中漫步温泉民宿,花水湾镇,同程,08:00,13,677
2026-10-19,m13,花水湾云中漫步温泉民宿,花水湾镇,美团,14:00,10,718
2026-10-19,m13,花水湾云中漫步温泉民宿,花水湾镇,飞猪,14:00,9,727
2026-10-19,m13,花水湾云中漫步温泉民宿,花水湾镇,同程,14:00,10,737
2026-10-19,m13,花水湾云中漫步温泉民宿,花水湾镇,美团,20:00,7,772
2026-10-19,m13,花水湾云中漫步温泉民宿,花水湾镇,飞猪,20:00,7,792
2026-10-19,m13,花水湾云中漫步温泉民宿,花水湾镇,同程,20:00,7,787
2026-10-20,m13,花水湾云中漫步温泉民宿,花水湾镇,美团,00:00,13,656
2026-10-20,m13,花水湾云中漫步温泉民宿,花水湾镇,飞猪,00:00,12,678
2026-10-20,m13,花水湾云中漫步温泉民宿,花水湾镇,同程,00:00,12,682
2026-10-20,m13,花水湾云中漫步温泉民宿,花水湾镇,美团,08:00,12,659
2026-10-20,m13,花水湾云中漫步温泉民宿,花水湾镇,飞猪,08:00,13,690
2026-10-20,m13,花水湾云中漫步温泉民宿,花水湾镇,同程,08:00,12,675
2026-10-20,m13,花水湾云中漫步温泉民宿,花水湾镇,美团,14:00,13,655
2026-10-20,m13,花水湾云中漫步温泉民宿,花水湾镇,飞猪,14:00,12,667
2026-10-20,m13,花水湾云中漫步温泉民宿,花水湾镇,同程,14:00,13,663
2026-10-20,m13,花水湾云中漫步温泉民宿,花水湾镇,美团,20:00,9,742
2026-10-20,m13,花水湾云中漫步温泉民宿,花水湾镇,飞猪,20:00,8,751
2026-10-20,m13,花水湾云中漫步温泉民宿,花水湾镇,同程,20:00,8,756
2026-10-21,m13,花水湾云中漫步温泉民宿,花水湾镇,美团,00:00,12,656
2026-10-21,m13,花水湾云中漫步温泉民宿,花水湾镇,飞猪,00:00,12,664
2026-10-21,m13,花水湾云中漫步温泉民宿,花水湾镇,同程,00:00,12,672
2026-10-21,m13,花水湾云中漫步温泉民宿,花水湾镇,美团,08:00,11,682
2026-10-21,m13,花水湾云中漫步温泉民宿,花水湾镇,飞猪,08:00,11,702
2026-10-21,m13,花水湾云中漫步温泉民宿,花水湾镇,同程,08:00,11,690
2026-10-21,m13,花水湾云中漫步温泉民宿,花水湾镇,美团,14:00,11,687
2026-10-21,m13,花水湾云中漫步温泉民宿,花水湾镇,飞猪,14:00,12,688
2026-10-21,m13,花水湾云中漫步温泉民宿,花水湾镇,同程,14:00,11,705
2026-10-21,m13,花水湾云中漫步温泉民宿,花水湾镇,美团,20:00,5,817
2026-10-21,m13,花水湾云中漫步温泉民宿,花水湾镇,飞猪,20:00,5,854
2026-10-21,m13,花水湾云中漫步温泉民宿,花水湾镇,同程,20:00,4,829
2026-10-22,m13,花水湾云中漫步温泉民宿,花水湾镇,美团,00:00,14,643
2026-10-22,m13,花水湾云中漫步温泉民宿,花水湾镇,飞猪,00:00,13,669
2026-10-22,m13,花水湾云中漫步温泉民宿,花水湾镇,同程,00:00,14,640
2026-10-22,m13,花水湾云中漫步温泉民宿,花水湾镇,美团,08:00,13,642
2026-10-22,m13,花水湾云中漫步温泉民宿,花水湾镇,飞猪,08:00,13,665
2026-10-22,m13,花水湾云中漫步温泉民宿,花水湾镇,同程,08:00,14,653
2026-10-22,m13,花水湾云中漫步温泉民宿,花水湾镇,美团,14:00,11,674
2026-10-22,m13,花水湾云中漫步温泉民宿,花水湾镇,飞猪,14:00,12,711
2026-10-22,m13,花水湾云中漫步温泉民宿,花水湾镇,同程,14:00,11,678
2026-10-22,m13,花水湾云中漫步温泉民宿,花水湾镇,美团,20:00,9,749
2026-10-22,m13,花水湾云中漫步温泉民宿,花水湾镇,飞猪,20:00,9,753
2026-10-22,m13,花水湾云中漫步温泉民宿,花水湾镇,同程,20:00,8,741
2026-10-23,m13,花水湾云中漫步温泉民宿,花水湾镇,美团,00:00,11,674
2026-10-23,m13,花水湾云中漫步温泉民宿,花水湾镇,飞猪,00:00,11,692
2026-10-23,m13,花水湾云中漫步温泉民宿,花水湾镇,同程,00:00,12,692
2026-10-23,m13,花水湾云中漫步温泉民宿,花水湾镇,美团,08:00,10,707
2026-10-23,m13,花水湾云中漫步温泉民宿,花水湾镇,飞猪,08:00,11,733
2026-10-23,m13,花水湾云中漫步温泉民宿,花水湾镇,同程,08:00,11,715
2026-10-23,m13,花水湾云中漫步温泉民宿,花水湾镇,美团,14:00,9,741
2026-10-23,m13,花水湾云中漫步温泉民宿,花水湾镇,飞猪,14:00,8,745
2026-10-23,m13,花水湾云中漫步温泉民宿,花水湾镇,同程,14:00,8,748
2026-10-23,m13,花水湾云中漫步温泉民宿,花水湾镇,美团,20:00,7,789
2026-10-23,m13,花水湾云中漫步温泉民宿,花水湾镇,飞猪,20:00,7,798
2026-10-23,m13,花水湾云中漫步温泉民宿,花水湾镇,同程,20:00,6,799
2026-10-24,m13,花水湾云中漫步温泉民宿,花水湾镇,美团,00:00,11,878
2026-10-24,m13,花水湾云中漫步温泉民宿,花水湾镇,飞猪,00:00,11,902
2026-10-24,m13,花水湾云中漫步温泉民宿,花水湾镇,同程,00:00,12,903
2026-10-24,m13,花水湾云中漫步温泉民宿,花水湾镇,美团,08:00,11,889
2026-10-24,m13,花水湾云中漫步温泉民宿,花水湾镇,飞猪,08:00,12,897
2026-10-24,m13,花水湾云中漫步温泉民宿,花水湾镇,同程,08:00,11,895
2026-10-24,m13,花水湾云中漫步温泉民宿,花水湾镇,美团,14:00,10,916
2026-10-24,m13,花水湾云中漫步温泉民宿,花水湾镇,飞猪,14:00,10,949
2026-10-24,m13,花水湾云中漫步温泉民宿,花水湾镇,同程,14:00,10,919
2026-10-24,m13,花水湾云中漫步温泉民宿,花水湾镇,美团,20:00,2,1120
2026-10-24,m13,花水湾云中漫步温泉民宿,花水湾镇,飞猪,20:00,2,1166
2026-10-24,m13,花水湾云中漫步温泉民宿,花水湾镇,同程,20:00,3,1148
2026-10-25,m13,花水湾云中漫步温泉民宿,花水湾镇,美团,00:00,13,846
2026-10-25,m13,花水湾云中漫步温泉民宿,花水湾镇,飞猪,00:00,13,839
2026-10-25,m13,花水湾云中漫步温泉民宿,花水湾镇,同程,00:00,13,852
2026-10-25,m13,花水湾云中漫步温泉民宿,花水湾镇,美团,08:00,14,846
2026-10-25,m13,花水湾云中漫步温泉民宿,花水湾镇,飞猪,08:00,13,838
2026-10-25,m13,花水湾云中漫步温泉民宿,花水湾镇,同程,08:00,13,847
2026-10-25,m13,花水湾云中漫步温泉民宿,花水湾镇,美团,14:00,9,949
2026-10-25,m13,花水湾云中漫步温泉民宿,花水湾镇,飞猪,14:00,9,960
2026-10-25,m13,花水湾云中漫步温泉民宿,花水湾镇,同程,14:00,9,931
2026-10-25,m13,花水湾云中漫步温泉民宿,花水湾镇,美团,20:00,4,1113
2026-10-25,m13,花水湾云中漫步温泉民宿,花水湾镇,飞猪,20:00,4,1112
2026-10-25,m13,花水湾云中漫步温泉民宿,花水湾镇,同程,20:00,3,1109
2026-10-26,m13,花水湾云中漫步温泉民宿,花水湾镇,美团,00:00,12,677
2026-10-26,m13,花水湾云中漫步温泉民宿,花水湾镇,飞猪,00:00,12,686
2026-10-26,m13,花水湾云中漫步温泉民宿,花水湾镇,同程,00:00,12,700
2026-10-26,m13,花水湾云中漫步温泉民宿,花水湾镇,美团,08:00,10,712
2026-10-26,m13,花水湾云中漫步温泉民宿,花水湾镇,飞猪,08:00,10,730
2026-10-26,m13,花水湾云中漫步温泉民宿,花水湾镇,同程,08:00,10,707
2026-10-26,m13,花水湾云中漫步温泉民宿,花水湾镇,美团,14:00,10,719
2026-10-26,m13,花水湾云中漫步温泉民宿,花水湾镇,飞猪,14:00,10,750
2026-10-26,m13,花水湾云中漫步温泉民宿,花水湾镇,同程,14:00,10,742
2026-10-26,m13,花水湾云中漫步温泉民宿,花水湾镇,美团,20:00,5,811
2026-10-26,m13,花水湾云中漫步温泉民宿,花水湾镇,飞猪,20:00,5,847
2026-10-26,m13,花水湾云中漫步温泉民宿,花水湾镇,同程,20:00,5,821
2026-10-27,m13,花水湾云中漫步温泉民宿,花水湾镇,美团,00:00,13,661
2026-10-27,m13,花水湾云中漫步温泉民宿,花水湾镇,飞猪,00:00,12,668
2026-10-27,m13,花水湾云中漫步温泉民宿,花水湾镇,同程,00:00,12,678
2026-10-27,m13,花水湾云中漫步温泉民宿,花水湾镇,美团,08:00,13,671
2026-10-27,m13,花水湾云中漫步温泉民宿,花水湾镇,飞猪,08:00,12,665
2026-10-27,m13,花水湾云中漫步温泉民宿,花水湾镇,同程,08:00,12,676
2026-10-27,m13,花水湾云中漫步温泉民宿,花水湾镇,美团,14:00,8,732
2026-10-27,m13,花水湾云中漫步温泉民宿,花水湾镇,飞猪,14:00,8,752
2026-10-27,m13,花水湾云中漫步温泉民宿,花水湾镇,同程,14:00,8,748
2026-10-27,m13,花水湾云中漫步温泉民宿,花水湾镇,美团,20:00,7,789
2026-10-27,m13,花水湾云中漫步温泉民宿,花水湾镇,飞猪,20:00,6,801
2026-10-27,m13,花水湾云中漫步温泉民宿,花水湾镇,同程,20:00,6,795
2026-10-28,m13,花水湾云中漫步温泉民宿,花水湾镇,美团,00:00,13,644
2026-10-28,m13,花水湾云中漫步温泉民宿,花水湾镇,飞猪,00:00,13,651
2026-10-28,m13,花水湾云中漫步温泉民宿,花水湾镇,同程,00:00,14,662
2026-10-28,m13,花水湾云中漫步温泉民宿,花水湾镇,美团,08:00,12,656
2026-10-28,m13,花水湾云中漫步温泉民宿,花水湾镇,飞猪,08:00,12,679
2026-10-28,m13,花水湾云中漫步温泉民宿,花水湾镇,同程,08:00,12,670
2026-10-28,m13,花水湾云中漫步温泉民宿,花水湾镇,美团,14:00,13,662
2026-10-28,m13,花水湾云中漫步温泉民宿,花水湾镇,飞猪,14:00,12,666
2026-10-28,m13,花水湾云中漫步温泉民宿,花水湾镇,同程,14:00,13,660
2026-10-28,m13,花水湾云中漫步温泉民宿,花水湾镇,美团,20:00,11,684
2026-10-28,m13,花水湾云中漫步温泉民宿,花水湾镇,飞猪,20:00,11,693
2026-10-28,m13,花水湾云中漫步温泉民宿,花水湾镇,同程,20:00,11,703
2026-10-29,m13,花水湾云中漫步温泉民宿,花水湾镇,美团,00:00,13,631
2026-10-29,m13,花水湾云中漫步温泉民宿,花水湾镇,飞猪,00:00,13,654
2026-10-29,m13,花水湾云中漫步温泉民宿,花水湾镇,同程,00:00,14,657
2026-10-29,m13,花水湾云中漫步温泉民宿,花水湾镇,美团,08:00,13,656
2026-10-29,m13,花水湾云中漫步温泉民宿,花水湾镇,飞猪,08:00,13,669
2026-10-29,m13,花水湾云中漫步温泉民宿,花水湾镇,同程,08:00,13,647
2026-10-29,m13,花水湾云中漫步温泉民宿,花水湾镇,美团,14:00,14,645
2026-10-29,m13,花水湾云中漫步温泉民宿,花水湾镇,飞猪,14:00,14,648
2026-10-29,m13,花水湾云中漫步温泉民宿,花水湾镇,同程,14:00,14,658
2026-10-29,m13,花水湾云中漫步温泉民宿,花水湾镇,美团,20:00,7,783
2026-10-29,m13,花水湾云中漫步温泉民宿,花水湾镇,飞猪,20:00,6,799
2026-10-29,m13,花水湾云中漫步温泉民宿,花水湾镇,同程,20:00,6,776
2026-10-30,m13,花水湾云中漫步温泉民宿,花水湾镇,美团,00:00,12,659
2026-10-30,m13,花水湾云中漫步温泉民宿,花水湾镇,飞猪,00:00,13,684
2026-10-30,m13,花水湾云中漫步温泉民宿,花水湾镇,同程,00:00,13,674
2026-10-30,m13,花水湾云中漫步温泉民宿,花水湾镇,美团,08:00,13,667
2026-10-30,m13,花水湾云中漫步温泉民宿,花水湾镇,飞猪,08:00,12,667
2026-10-30,m13,花水湾云中漫步温泉民宿,花水湾镇,同程,08:00,12,671
2026-10-30,m13,花水湾云中漫步温泉民宿,花水湾镇,美团,14:00,9,715
2026-10-30,m13,花水湾云中漫步温泉民宿,花水湾镇,飞猪,14:00,9,751
2026-10-30,m13,花水湾云中漫步温泉民宿,花水湾镇,同程,14:00,10,745
2026-10-30,m13,花水湾云中漫步温泉民宿,花水湾镇,美团,20:00,8,745
2026-10-30,m13,花水湾云中漫步温泉民宿,花水湾镇,飞猪,20:00,8,749
2026-10-30,m13,花水湾云中漫步温泉民宿,花水湾镇,同程,20:00,8,746
2026-10-31,m13,花水湾云中漫步温泉民宿,花水湾镇,美团,00:00,13,836
2026-10-31,m13,花水湾云中漫步温泉民宿,花水湾镇,飞猪,00:00,14,859
2026-10-31,m13,花水湾云中漫步温泉民宿,花水湾镇,同程,00:00,13,832
2026-10-31,m13,花水湾云中漫步温泉民宿,花水湾镇,美团,08:00,13,825
2026-10-31,m13,花水湾云中漫步温泉民宿,花水湾镇,飞猪,08:00,13,846
2026-10-31,m13,花水湾云中漫步温泉民宿,花水湾镇,同程,08:00,13,847
2026-10-31,m13,花水湾云中漫步温泉民宿,花水湾镇,美团,14:00,9,944
2026-10-31,m13,花水湾云中漫步温泉民宿,花水湾镇,飞猪,14:00,9,968
2026-10-31,m13,花水湾云中漫步温泉民宿,花水湾镇,同程,14:00,9,968
2026-10-31,m13,花水湾云中漫步温泉民宿,花水湾镇,美团,20:00,4,1117
2026-10-31,m13,花水湾云中漫步温泉民宿,花水湾镇,飞猪,20:00,3,1111
2026-10-31,m13,花水湾云中漫步温泉民宿,花水湾镇,同程,20:00,3,1123
2026-10-01,m14,花水湾圣索亚温泉酒店,花水湾镇,携程,00:00,80,1046
2026-10-01,m14,花水湾圣索亚温泉酒店,花水湾镇,美团,00:00,80,992
2026-10-01,m14,花水湾圣索亚温泉酒店,花水湾镇,去哪儿,00:00,79,1027
2026-10-01,m14,花水湾圣索亚温泉酒店,花水湾镇,携程,08:00,76,1051
2026-10-01,m14,花水湾圣索亚温泉酒店,花水湾镇,美团,08:00,76,1006
2026-10-01,m14,花水湾圣索亚温泉酒店,花水湾镇,去哪儿,08:00,76,1014
2026-10-01,m14,花水湾圣索亚温泉酒店,花水湾镇,携程,14:00,55,1173
2026-10-01,m14,花水湾圣索亚温泉酒店,花水湾镇,美团,14:00,56,1127
2026-10-01,m14,花水湾圣索亚温泉酒店,花水湾镇,去哪儿,14:00,55,1147
2026-10-01,m14,花水湾圣索亚温泉酒店,花水湾镇,携程,20:00,13,1358
2026-10-01,m14,花水湾圣索亚温泉酒店,花水湾镇,美团,20:00,13,1321
2026-10-01,m14,花水湾圣索亚温泉酒店,花水湾镇,去哪儿,20:00,13,1338
2026-10-02,m14,花水湾圣索亚温泉酒店,花水湾镇,携程,00:00,78,1031
2026-10-02,m14,花水湾圣索亚温泉酒店,花水湾镇,美团,00:00,79,1020
2026-10-02,m14,花水湾圣索亚温泉酒店,花水湾镇,去哪儿,00:00,78,1004
2026-10-02,m14,花水湾圣索亚温泉酒店,花水湾镇,携程,08:00,72,1060
2026-10-02,m14,花水湾圣索亚温泉酒店,花水湾镇,美团,08:00,72,1024
2026-10-02,m14,花水湾圣索亚温泉酒店,花水湾镇,去哪儿,08:00,72,1048
2026-10-02,m14,花水湾圣索亚温泉酒店,花水湾镇,携程,14:00,53,1150
2026-10-02,m14,花水湾圣索亚温泉酒店,花水湾镇,美团,14:00,53,1156
2026-10-02,m14,花水湾圣索亚温泉酒店,花水湾镇,去哪儿,14:00,52,1136
2026-10-02,m14,花水湾圣索亚温泉酒店,花水湾镇,携程,20:00,11,1391
2026-10-02,m14,花水湾圣索亚温泉酒店,花水湾镇,美团,20:00,12,1345
2026-10-02,m14,花水湾圣索亚温泉酒店,花水湾镇,去哪儿,20:00,11,1340
2026-10-03,m14,花水湾圣索亚温泉酒店,花水湾镇,携程,00:00,71,1067
2026-10-03,m14,花水湾圣索亚温泉酒店,花水湾镇,美团,00:00,71,1059
2026-10-03,m14,花水湾圣索亚温泉酒店,花水湾镇,去哪儿,00:00,71,1062
2026-10-03,m14,花水湾圣索亚温泉酒店,花水湾镇,携程,08:00,66,1080
2026-10-03,m14,花水湾圣索亚温泉酒店,花水湾镇,美团,08:00,67,1050
2026-10-03,m14,花水湾圣索亚温泉酒店,花水湾镇,去哪儿,08:00,66,1093
2026-10-03,m14,花水湾圣索亚温泉酒店,花水湾镇,携程,14:00,47,1186
2026-10-03,m14,花水湾圣索亚温泉酒店,花水湾镇,美团,14:00,47,1163
2026-10-03,m14,花水湾圣索亚温泉酒店,花水湾镇,去哪儿,14:00,46,1196
2026-10-03,m14,花水湾圣索亚温泉酒店,花水湾镇,携程,20:00,5,1402
2026-10-03,m14,花水湾圣索亚温泉酒店,花水湾镇,美团,20:00,5,1364
2026-10-03,m14,花水湾圣索亚温泉酒店,花水湾镇,去哪儿,20:00,5,1361
2026-10-04,m14,花水湾圣索亚温泉酒店,花水湾镇,携程,00:00,76,1043
2026-10-04,m14,花水湾圣索亚温泉酒店,花水湾镇,美团,00:00,76,1020
2026-10-04,m14,花水湾圣索亚温泉酒店,花水湾镇,去哪儿,00:00,76,1041
2026-10-04,m14,花水湾圣索亚温泉酒店,花水湾镇,携程,08:00,72,1053
2026-10-04,m14,花水湾圣索亚温泉酒店,花水湾镇,美团,08:00,72,1039
2026-10-04,m14,花水湾圣索亚温泉酒店,花水湾镇,去哪儿,08:00,72,1035
2026-10-04,m14,花水湾圣索亚温泉酒店,花水湾镇,携程,14:00,43,1190
2026-10-04,m14,花水湾圣索亚温泉酒店,花水湾镇,美团,14:00,44,1155
2026-10-04,m14,花水湾圣索亚温泉酒店,花水湾镇,去哪儿,14:00,43,1198
2026-10-04,m14,花水湾圣索亚温泉酒店,花水湾镇,携程,20:00,9,1395
2026-10-04,m14,花水湾圣索亚温泉酒店,花水湾镇,美团,20:00,9,1353
2026-10-04,m14,花水湾圣索亚温泉酒店,花水湾镇,去哪儿,20:00,9,1370
2026-10-05,m14,花水湾圣索亚温泉酒店,花水湾镇,携程,00:00,73,1081
2026-10-05,m14,花水湾圣索亚温泉酒店,花水湾镇,美团,00:00,73,1029
2026-10-05,m14,花水湾圣索亚温泉酒店,花水湾镇,去哪儿,00:00,73,1062
2026-10-05,m14,花水湾圣索亚温泉酒店,花水湾镇,携程,08:00,73,1049
2026-10-05,m14,花水湾圣索亚温泉酒店,花水湾镇,美团,08:00,74,1045
2026-10-05,m14,花水湾圣索亚温泉酒店,花水湾镇,去哪儿,08:00,73,1028
2026-10-05,m14,花水湾圣索亚温泉酒店,花水湾镇,携程,14:00,54,1145
2026-10-05,m14,花水湾圣索亚温泉酒店,花水湾镇,美团,14:00,53,1145
2026-10-05,m14,花水湾圣索亚温泉酒店,花水湾镇,去哪儿,14:00,53,1155
2026-10-05,m14,花水湾圣索亚温泉酒店,花水湾镇,携程,20:00,7,1383
2026-10-05,m14,花水湾圣索亚温泉酒店,花水湾镇,美团,20:00,7,1343
2026-10-05,m14,花水湾圣索亚温泉酒店,花水湾镇,去哪儿,20:00,7,1354
2026-10-06,m14,花水湾圣索亚温泉酒店,花水湾镇,携程,00:00,74,1078
2026-10-06,m14,花水湾圣索亚温泉酒店,花水湾镇,美团,00:00,73,1035
2026-10-06,m14,花水湾圣索亚温泉酒店,花水湾镇,去哪儿,00:00,73,1052
2026-10-06,m14,花水湾圣索亚温泉酒店,花水湾镇,携程,08:00,72,1086
2026-10-06,m14,花水湾圣索亚温泉酒店,花水湾镇,美团,08:00,72,1058
2026-10-06,m14,花水湾圣索亚温泉酒店,花水湾镇,去哪儿,08:00,72,1052
2026-10-06,m14,花水湾圣索亚温泉酒店,花水湾镇,携程,14:00,51,1169
2026-10-06,m14,花水湾圣索亚温泉酒店,花水湾镇,美团,14:00,51,1153
2026-10-06,m14,花水湾圣索亚温泉酒店,花水湾镇,去哪儿,14:00,50,1160
2026-10-06,m14,花水湾圣索亚温泉酒店,花水湾镇,携程,20:00,12,1339
2026-10-06,m14,花水湾圣索亚温泉酒店,花水湾镇,美团,20:00,13,1328
2026-10-06,m14,花水湾圣索亚温泉酒店,花水湾镇,去哪儿,20:00,12,1339
2026-10-07,m14,花水湾圣索亚温泉酒店,花水湾镇,携程,00:00,74,1072
2026-10-07,m14,花水湾圣索亚温泉酒店,花水湾镇,美团,00:00,74,1054
2026-10-07,m14,花水湾圣索亚温泉酒店,花水湾镇,去哪儿,00:00,73,1032
2026-10-07,m14,花水湾圣索亚温泉酒店,花水湾镇,携程,08:00,69,1094
2026-10-07,m14,花水湾圣索亚温泉酒店,花水湾镇,美团,08:00,68,1073
2026-10-07,m14,花水湾圣索亚温泉酒店,花水湾镇,去哪儿,08:00,68,1070
2026-10-07,m14,花水湾圣索亚温泉酒店,花水湾镇,携程,14:00,50,1159
2026-10-07,m14,花水湾圣索亚温泉酒店,花水湾镇,美团,14:00,51,1145
2026-10-07,m14,花水湾圣索亚温泉酒店,花水湾镇,去哪儿,14:00,50,1164
2026-10-07,m14,花水湾圣索亚温泉酒店,花水湾镇,携程,20:00,11,1350
2026-10-07,m14,花水湾圣索亚温泉酒店,花水湾镇,美团,20:00,12,1315
2026-10-07,m14,花水湾圣索亚温泉酒店,花水湾镇,去哪儿,20:00,11,1315
2026-10-08,m14,花水湾圣索亚温泉酒店,花水湾镇,携程,00:00,77,1070
2026-10-08,m14,花水湾圣索亚温泉酒店,花水湾镇,美团,00:00,77,1030
2026-10-08,m14,花水湾圣索亚温泉酒店,花水湾镇,去哪儿,00:00,76,1047
2026-10-08,m14,花水湾圣索亚温泉酒店,花水湾镇,携程,08:00,73,1083
2026-10-08,m14,花水湾圣索亚温泉酒店,花水湾镇,美团,08:00,73,1050
2026-10-08,m14,花水湾圣索亚温泉酒店,花水湾镇,去哪儿,08:00,73,1027
2026-10-08,m14,花水湾圣索亚温泉酒店,花水湾镇,携程,14:00,52,1190
2026-10-08,m14,花水湾圣索亚温泉酒店,花水湾镇,美团,14:00,52,1116
2026-10-08,m14,花水湾圣索亚温泉酒店,花水湾镇,去哪儿,14:00,52,1137
2026-10-08,m14,花水湾圣索亚温泉酒店,花水湾镇,携程,20:00,16,1337
2026-10-08,m14,花水湾圣索亚温泉酒店,花水湾镇,美团,20:00,17,1281
2026-10-08,m14,花水湾圣索亚温泉酒店,花水湾镇,去哪儿,20:00,16,1314
2026-10-09,m14,花水湾圣索亚温泉酒店,花水湾镇,携程,00:00,78,529
2026-10-09,m14,花水湾圣索亚温泉酒店,花水湾镇,美团,00:00,78,512
2026-10-09,m14,花水湾圣索亚温泉酒店,花水湾镇,去哪儿,00:00,78,503
2026-10-09,m14,花水湾圣索亚温泉酒店,花水湾镇,携程,08:00,73,543
2026-10-09,m14,花水湾圣索亚温泉酒店,花水湾镇,美团,08:00,74,511
2026-10-09,m14,花水湾圣索亚温泉酒店,花水湾镇,去哪儿,08:00,73,524
2026-10-09,m14,花水湾圣索亚温泉酒店,花水湾镇,携程,14:00,57,580
2026-10-09,m14,花水湾圣索亚温泉酒店,花水湾镇,美团,14:00,57,564
2026-10-09,m14,花水湾圣索亚温泉酒店,花水湾镇,去哪儿,14:00,57,555
2026-10-09,m14,花水湾圣索亚温泉酒店,花水湾镇,携程,20:00,27,657
2026-10-09,m14,花水湾圣索亚温泉酒店,花水湾镇,美团,20:00,28,633
2026-10-09,m14,花水湾圣索亚温泉酒店,花水湾镇,去哪儿,20:00,27,635
2026-10-10,m14,花水湾圣索亚温泉酒店,花水湾镇,携程,00:00,75,683
2026-10-10,m14,花水湾圣索亚温泉酒店,花水湾镇,美团,00:00,75,667
2026-10-10,m14,花水湾圣索亚温泉酒店,花水湾镇,去哪儿,00:00,75,662
2026-10-10,m14,花水湾圣索亚温泉酒店,花水湾镇,携程,08:00,73,699
2026-10-10,m14,花水湾圣索亚温泉酒店,花水湾镇,美团,08:00,74,673
2026-10-10,m14,花水湾圣索亚温泉酒店,花水湾镇,去哪儿,08:00,73,672
2026-10-10,m14,花水湾圣索亚温泉酒店,花水湾镇,携程,14:00,54,766
2026-10-10,m14,花水湾圣索亚温泉酒店,花水湾镇,美团,14:00,55,723
2026-10-10,m14,花水湾圣索亚温泉酒店,花水湾镇,去哪儿,14:00,54,723
2026-10-10,m14,花水湾圣索亚温泉酒店,花水湾镇,携程,20:00,12,896
2026-10-10,m14,花水湾圣索亚温泉酒店,花水湾镇,美团,20:00,12,868
2026-10-10,m14,花水湾圣索亚温泉酒店,花水湾镇,去哪儿,20:00,12,873
2026-10-11,m14,花水湾圣索亚温泉酒店,花水湾镇,携程,00:00,71,686
2026-10-11,m14,花水湾圣索亚温泉酒店,花水湾镇,美团,00:00,71,686
2026-10-11,m14,花水湾圣索亚温泉酒店,花水湾镇,去哪儿,00:00,71,694
2026-10-11,m14,花水湾圣索亚温泉酒店,花水湾镇,携程,08:00,67,702
2026-10-11,m14,花水湾圣索亚温泉酒店,花水湾镇,美团,08:00,68,678
2026-10-11,m14,花水湾圣索亚温泉酒店,花水湾镇,去哪儿,08:00,67,707
2026-10-11,m14,花水湾圣索亚温泉酒店,花水湾镇,携程,14:00,47,769
2026-10-11,m14,花水湾圣索亚温泉酒店,花水湾镇,美团,14:00,47,754
2026-10-11,m14,花水湾圣索亚温泉酒店,花水湾镇,去哪儿,14:00,47,751
2026-10-11,m14,花水湾圣索亚温泉酒店,花水湾镇,携程,20:00,16,882
2026-10-11,m14,花水湾圣索亚温泉酒店,花水湾镇,美团,20:00,15,859
2026-10-11,m14,花水湾圣索亚温泉酒店,花水湾镇,去哪儿,20:00,15,869
2026-10-12,m14,花水湾圣索亚温泉酒店,花水湾镇,携程,00:00,77,523
2026-10-12,m14,花水湾圣索亚温泉酒店,花水湾镇,美团,00:00,78,504
2026-10-12,m14,花水湾圣索亚温泉酒店,花水湾镇,去哪儿,00:00,77,517
2026-10-12,m14,花水湾圣索亚温泉酒店,花水湾镇,携程,08:00,73,530
2026-10-12,m14,花水湾圣索亚温泉酒店,花水湾镇,美团,08:00,73,511
2026-10-12,m14,花水湾圣索亚温泉酒店,花水湾镇,去哪儿,08:00,73,529
2026-10-12,m14,花水湾圣索亚温泉酒店,花水湾镇,携程,14:00,53,587
2026-10-12,m14,花水湾圣索亚温泉酒店,花水湾镇,美团,14:00,53,564
2026-10-12,m14,花水湾圣索亚温泉酒店,花水湾镇,去哪儿,14:00,52,578
2026-10-12,m14,花水湾圣索亚温泉酒店,花水湾镇,携程,20:00,29,636
2026-10-12,m14,花水湾圣索亚温泉酒店,花水湾镇,美团,20:00,30,616
2026-10-12,m14,花水湾圣索亚温泉酒店,花水湾镇,去哪儿,20:00,29,638
2026-10-13,m14,花水湾圣索亚温泉酒店,花水湾镇,携程,00:00,79,521
2026-10-13,m14,花水湾圣索亚温泉酒店,花水湾镇,美团,00:00,80,508
2026-10-13,m14,花水湾圣索亚温泉酒店,花水湾镇,去哪儿,00:00,79,503
2026-10-13,m14,花水湾圣索亚温泉酒店,花水湾镇,携程,08:00,75,524
2026-10-13,m14,花水湾圣索亚温泉酒店,花水湾镇,美团,08:00,74,518
2026-10-13,m14,花水湾圣索亚温泉酒店,花水湾镇,去哪儿,08:00,74,521
2026-10-13,m14,花水湾圣索亚温泉酒店,花水湾镇,携程,14:00,58,584
2026-10-13,m14,花水湾圣索亚温泉酒店,花水湾镇,美团,14:00,58,563
2026-10-13,m14,花水湾圣索亚温泉酒店,花水湾镇,去哪儿,14:00,57,568
2026-10-13,m14,花水湾圣索亚温泉酒店,花水湾镇,携程,20:00,39,623
2026-10-13,m14,花水湾圣索亚温泉酒店,花水湾镇,美团,20:00,40,593
2026-10-13,m14,花水湾圣索亚温泉酒店,花水湾镇,去哪儿,20:00,39,606
2026-10-14,m14,花水湾圣索亚温泉酒店,花水湾镇,携程,00:00,81,505
2026-10-14,m14,花水湾圣索亚温泉酒店,花水湾镇,美团,00:00,82,489
2026-10-14,m14,花水湾圣索亚温泉酒店,花水湾镇,去哪儿,00:00,81,494
2026-10-14,m14,花水湾圣索亚温泉酒店,花水湾镇,携程,08:00,81,527
2026-10-14,m14,花水湾圣索亚温泉酒店,花水湾镇,美团,08:00,80,501
2026-10-14,m14,花水湾圣索亚温泉酒店,花水湾镇,去哪儿,08:00,80,513
2026-10-14,m14,花水湾圣索亚温泉酒店,花水湾镇,携程,14:00,64,551
2026-10-14,m14,花水湾圣索亚温泉酒店,花水湾镇,美团,14:00,65,538
2026-10-14,m14,花水湾圣索亚温泉酒店,花水湾镇,去哪儿,14:00,64,542
2026-10-14,m14,花水湾圣索亚温泉酒店,花水湾镇,携程,20:00,32,626
2026-10-14,m14,花水湾圣索亚温泉酒店,花水湾镇,美团,20:00,33,620
2026-10-14,m14,花水湾圣索亚温泉酒店,花水湾镇,去哪儿,20:00,32,610
2026-10-15,m14,花水湾圣索亚温泉酒店,花水湾镇,携程,00:00,78,527
2026-10-15,m14,花水湾圣索亚温泉酒店,花水湾镇,美团,00:00,79,508
2026-10-15,m14,花水湾圣索亚温泉酒店,花水湾镇,去哪儿,00:00,78,521
2026-10-15,m14,花水湾圣索亚温泉酒店,花水湾镇,携程,08:00,76,523
2026-10-15,m14,花水湾圣索亚温泉酒店,花水湾镇,美团,08:00,77,503
2026-10-15,m14,花水湾圣索亚温泉酒店,花水湾镇,去哪儿,08:00,76,518
2026-10-15,m14,花水湾圣索亚温泉酒店,花水湾镇,携程,14:00,61,557
2026-10-15,m14,花水湾圣索亚温泉酒店,花水湾镇,美团,14:00,61,541
2026-10-15,m14,花水湾圣索亚温泉酒店,花水湾镇,去哪儿,14:00,61,542
2026-10-15,m14,花水湾圣索亚温泉酒店,花水湾镇,携程,20:00,41,614
2026-10-15,m14,花水湾圣索亚温泉酒店,花水湾镇,美团,20:00,42,582
2026-10-15,m14,花水湾圣索亚温泉酒店,花水湾镇,去哪儿,20:00,41,605
2026-10-16,m14,花水湾圣索亚温泉酒店,花水湾镇,携程,00:00,84,507
2026-10-16,m14,花水湾圣索亚温泉酒店,花水湾镇,美团,00:00,83,496
2026-10-16,m14,花水湾圣索亚温泉酒店,花水湾镇,去哪儿,00:00,83,505
2026-10-16,m14,花水湾圣索亚温泉酒店,花水湾镇,携程,08:00,74,530
2026-10-16,m14,花水湾圣索亚温泉酒店,花水湾镇,美团,08:00,75,521
2026-10-16,m14,花水湾圣索亚温泉酒店,花水湾镇,去哪儿,08:00,74,524
2026-10-16,m14,花水湾圣索亚温泉酒店,花水湾镇,携程,14:00,54,574
2026-10-16,m14,花水湾圣索亚温泉酒店,花水湾镇,美团,14:00,54,556
2026-10-16,m14,花水湾圣索亚温泉酒店,花水湾镇,去哪儿,14:00,53,569
2026-10-16,m14,花水湾圣索亚温泉酒店,花水湾镇,携程,20:00,36,634
2026-10-16,m14,花水湾圣索亚温泉酒店,花水湾镇,美团,20:00,37,597
2026-10-16,m14,花水湾圣索亚温泉酒店,花水湾镇,去哪儿,20:00,36,615
2026-10-17,m14,花水湾圣索亚温泉酒店,花水湾镇,携程,00:00,74,690
2026-10-17,m14,花水湾圣索亚温泉酒店,花水湾镇,美团,00:00,74,685
2026-10-17,m14,花水湾圣索亚温泉酒店,花水湾镇,去哪儿,00:00,73,689
2026-10-17,m14,花水湾圣索亚温泉酒店,花水湾镇,携程,08:00,68,706
2026-10-17,m14,花水湾圣索亚温泉酒店,花水湾镇,美团,08:00,68,685
2026-10-17,m14,花水湾圣索亚温泉酒店,花水湾镇,去哪儿,08:00,68,685
2026-10-17,m14,花水湾圣索亚温泉酒店,花水湾镇,携程,14:00,48,767
2026-10-17,m14,花水湾圣索亚温泉酒店,花水湾镇,美团,14:00,48,740
2026-10-17,m14,花水湾圣索亚温泉酒店,花水湾镇,去哪儿,14:00,47,771
2026-10-17,m14,花水湾圣索亚温泉酒店,花水湾镇,携程,20:00,7,906
2026-10-17,m14,花水湾圣索亚温泉酒店,花水湾镇,美团,20:00,7,875
2026-10-17,m14,花水湾圣索亚温泉酒店,花水湾镇,去哪儿,20:00,7,886
2026-10-18,m14,花水湾圣索亚温泉酒店,花水湾镇,携程,00:00,78,684
2026-10-18,m14,花水湾圣索亚温泉酒店,花水湾镇,美团,00:00,78,668
2026-10-18,m14,花水湾圣索亚温泉酒店,花水湾镇,去哪儿,00:00,77,662
2026-10-18,m14,花水湾圣索亚温泉酒店,花水湾镇,携程,08:00,73,694
2026-10-18,m14,花水湾圣索亚温泉酒店,花水湾镇,美团,08:00,74,659
2026-10-18,m14,花水湾圣索亚温泉酒店,花水湾镇,去哪儿,08:00,73,683
2026-10-18,m14,花水湾圣索亚温泉酒店,花水湾镇,携程,14:00,50,775
2026-10-18,m14,花水湾圣索亚温泉酒店,花水湾镇,美团,14:00,50,755
2026-10-18,m14,花水湾圣索亚温泉酒店,花水湾镇,去哪儿,14:00,49,744
2026-10-18,m14,花水湾圣索亚温泉酒店,花水湾镇,携程,20:00,19,860
2026-10-18,m14,花水湾圣索亚温泉酒店,花水湾镇,美团,20:00,18,832
2026-10-18,m14,花水湾圣索亚温泉酒店,花水湾镇,去哪儿,20:00,18,864
2026-10-19,m14,花水湾圣索亚温泉酒店,花水湾镇,携程,00:00,80,510
2026-10-19,m14,花水湾圣索亚温泉酒店,花水湾镇,美团,00:00,80,506
2026-10-19,m14,花水湾圣索亚温泉酒店,花水湾镇,去哪儿,00:00,80,512
2026-10-19,m14,花水湾圣索亚温泉酒店,花水湾镇,携程,08:00,79,520
2026-10-19,m14,花水湾圣索亚温泉酒店,花水湾镇,美团,08:00,78,503
2026-10-19,m14,花水湾圣索亚温泉酒店,花水湾镇,去哪儿,08:00,78,509
2026-10-19,m14,花水湾圣索亚温泉酒店,花水湾镇,携程,14:00,65,552
2026-10-19,m14,花水湾圣索亚温泉酒店,花水湾镇,美团,14:00,66,536
2026-10-19,m14,花水湾圣索亚温泉酒店,花水湾镇,去哪儿,14:00,65,549
2026-10-19,m14,花水湾圣索亚温泉酒店,花水湾镇,携程,20:00,37,623
2026-10-19,m14,花水湾圣索亚温泉酒店,花水湾镇,美团,20:00,37,614
2026-10-19,m14,花水湾圣索亚温泉酒店,花水湾镇,去哪儿,20:00,37,616
2026-10-20,m14,花水湾圣索亚温泉酒店,花水湾镇,携程,00:00,75,525
2026-10-20,m14,花水湾圣索亚温泉酒店,花水湾镇,美团,00:00,76,521
2026-10-20,m14,花水湾圣索亚温泉酒店,花水湾镇,去哪儿,00:00,75,511
2026-10-20,m14,花水湾圣索亚温泉酒店,花水湾镇,携程,08:00,72,539
2026-10-20,m14,花水湾圣索亚温泉酒店,花水湾镇,美团,08:00,73,518
2026-10-20,m14,花水湾圣索亚温泉酒店,花水湾镇,去哪儿,08:00,72,535
2026-10-20,m14,花水湾圣索亚温泉酒店,花水湾镇,携程,14:00,55,572
2026-10-20,m14,花水湾圣索亚温泉酒店,花水湾镇,美团,14:00,56,566
2026-10-20,m14,花水湾圣索亚温泉酒店,花水湾镇,去哪儿,14:00,55,566
2026-10-20,m14,花水湾圣索亚温泉酒店,花水湾镇,携程,20:00,25,651
2026-10-20,m14,花水湾圣索亚温泉酒店,花水湾镇,美团,20:00,26,623
2026-10-20,m14,花水湾圣索亚温泉酒店,花水湾镇,去哪儿,20:00,25,636
2026-10-21,m14,花水湾圣索亚温泉酒店,花水湾镇,携程,00:00,75,538
2026-10-21,m14,花水湾圣索亚温泉酒店,花水湾镇,美团,00:00,76,517
2026-10-21,m14,花水湾圣索亚温泉酒店,花水湾镇,去哪儿,00:00,75,523
2026-10-21,m14,花水湾圣索亚温泉酒店,花水湾镇,携程,08:00,74,532
2026-10-21,m14,花水湾圣索亚温泉酒店,花水湾镇,美团,08:00,73,522
2026-10-21,m14,花水湾圣索亚温泉酒店,花水湾镇,去哪儿,08:00,73,532
2026-10-21,m14,花水湾圣索亚温泉酒店,花水湾镇,携程,14:00,58,560
2026-10-21,m14,花水湾圣索亚温泉酒店,花水湾镇,美团,14:00,59,553
2026-10-21,m14,花水湾圣索亚温泉酒店,花水湾镇,去哪儿,14:00,58,569
2026-10-21,m14,花水湾圣索亚温泉酒店,花水湾镇,携程,20:00,36,617
2026-10-21,m14,花水湾圣索亚温泉酒店,花水湾镇,美团,20:00,36,604
2026-10-21,m14,花水湾圣索亚温泉酒店,花水湾镇,去哪儿,20:00,36,621
2026-10-22,m14,花水湾圣索亚温泉酒店,花水湾镇,携程,00:00,78,525
2026-10-22,m14,花水湾圣索亚温泉酒店,花水湾镇,美团,00:00,77,515
2026-10-22,m14,花水湾圣索亚温泉酒店,花水湾镇,去哪儿,00:00,77,516
2026-10-22,m14,花水湾圣索亚温泉酒店,花水湾镇,携程,08:00,75,524
2026-10-22,m14,花水湾圣索亚温泉酒店,花水湾镇,美团,08:00,74,524
2026-10-22,m14,花水湾圣索亚温泉酒店,花水湾镇,去哪儿,08:00,74,517
2026-10-22,m14,花水湾圣索亚温泉酒店,花水湾镇,携程,14:00,60,574
2026-10-22,m14,花水湾圣索亚温泉酒店,花水湾镇,美团,14:00,60,546
2026-10-22,m14,花水湾圣索亚温泉酒店,花水湾镇,去哪儿,14:00,60,546
2026-10-22,m14,花水湾圣索亚温泉酒店,花水湾镇,携程,20:00,33,641
2026-10-22,m14,花水湾圣索亚温泉酒店,花水湾镇,美团,20:00,33,609
2026-10-22,m14,花水湾圣索亚温泉酒店,花水湾镇,去哪儿,20:00,33,629
2026-10-23,m14,花水湾圣索亚温泉酒店,花水湾镇,携程,00:00,80,524
2026-10-23,m14,花水湾圣索亚温泉酒店,花水湾镇,美团,00:00,80,491
2026-10-23,m14,花水湾圣索亚温泉酒店,花水湾镇,去哪儿,00:00,80,507
2026-10-23,m14,花水湾圣索亚温泉酒店,花水湾镇,携程,08:00,79,519
2026-10-23,m14,花水湾圣索亚温泉酒店,花水湾镇,美团,08:00,78,509
2026-10-23,m14,花水湾圣索亚温泉酒店,花水湾镇,去哪儿,08:00,78,519
2026-10-23,m14,花水湾圣索亚温泉酒店,花水湾镇,携程,14:00,61,557
2026-10-23,m14,花水湾圣索亚温泉酒店,花水湾镇,美团,14:00,61,553
2026-10-23,m14,花水湾圣索亚温泉酒店,花水湾镇,去哪儿,14:00,61,549
2026-10-23,m14,花水湾圣索亚温泉酒店,花水湾镇,携程,20:00,28,636
2026-10-23,m14,花水湾圣索亚温泉酒店,花水湾镇,美团,20:00,29,613
2026-10-23,m14,花水湾圣索亚温泉酒店,花水湾镇,去哪儿,20:00,28,622
2026-10-24,m14,花水湾圣索亚温泉酒店,花水湾镇,携程,00:00,76,688
2026-10-24,m14,花水湾圣索亚温泉酒店,花水湾镇,美团,00:00,76,660
2026-10-24,m14,花水湾圣索亚温泉酒店,花水湾镇,去哪儿,00:00,76,677
2026-10-24,m14,花水湾圣索亚温泉酒店,花水湾镇,携程,08:00,73,707
2026-10-24,m14,花水湾圣索亚温泉酒店,花水湾镇,美团,08:00,72,664
2026-10-24,m14,花水湾圣索亚温泉酒店,花水湾镇,去哪儿,08:00,72,691
2026-10-24,m14,花水湾圣索亚温泉酒店,花水湾镇,携程,14:00,55,746
2026-10-24,m14,花水湾圣索亚温泉酒店,花水湾镇,美团,14:00,56,718
2026-10-24,m14,花水湾圣索亚温泉酒店,花水湾镇,去哪儿,14:00,55,725
2026-10-24,m14,花水湾圣索亚温泉酒店,花水湾镇,携程,20:00,13,866
2026-10-24,m14,花水湾圣索亚温泉酒店,花水湾镇,美团,20:00,13,863
2026-10-24,m14,花水湾圣索亚温泉酒店,花水湾镇,去哪儿,20:00,13,873
2026-10-25,m14,花水湾圣索亚温泉酒店,花水湾镇,携程,00:00,83,672
2026-10-25,m14,花水湾圣索亚温泉酒店,花水湾镇,美团,00:00,83,640
2026-10-25,m14,花水湾圣索亚温泉酒店,花水湾镇,去哪儿,00:00,83,645
2026-10-25,m14,花水湾圣索亚温泉酒店,花水湾镇,携程,08:00,78,688
2026-10-25,m14,花水湾圣索亚温泉酒店,花水湾镇,美团,08:00,79,653
2026-10-25,m14,花水湾圣索亚温泉酒店,花水湾镇,去哪儿,08:00,78,660
2026-10-25,m14,花水湾圣索亚温泉酒店,花水湾镇,携程,14:00,54,752
2026-10-25,m14,花水湾圣索亚温泉酒店,花水湾镇,美团,14:00,55,735
2026-10-25,m14,花水湾圣索亚温泉酒店,花水湾镇,去哪儿,14:00,54,749
2026-10-25,m14,花水湾圣索亚温泉酒店,花水湾镇,携程,20:00,18,870
2026-10-25,m14,花水湾圣索亚温泉酒店,花水湾镇,美团,20:00,18,835
2026-10-25,m14,花水湾圣索亚温泉酒店,花水湾镇,去哪儿,20:00,17,851
2026-10-26,m14,花水湾圣索亚温泉酒店,花水湾镇,携程,00:00,70,539
2026-10-26,m14,花水湾圣索亚温泉酒店,花水湾镇,美团,00:00,70,522
2026-10-26,m14,花水湾圣索亚温泉酒店,花水湾镇,去哪儿,00:00,70,524
2026-10-26,m14,花水湾圣索亚温泉酒店,花水湾镇,携程,08:00,69,554
2026-10-26,m14,花水湾圣索亚温泉酒店,花水湾镇,美团,08:00,69,526
2026-10-26,m14,花水湾圣索亚温泉酒店,花水湾镇,去哪儿,08:00,69,524
2026-10-26,m14,花水湾圣索亚温泉酒店,花水湾镇,携程,14:00,56,582
2026-10-26,m14,花水湾圣索亚温泉酒店,花水湾镇,美团,14:00,57,556
2026-10-26,m14,花水湾圣索亚温泉酒店,花水湾镇,去哪儿,14:00,56,554
2026-10-26,m14,花水湾圣索亚温泉酒店,花水湾镇,携程,20:00,30,647
2026-10-26,m14,花水湾圣索亚温泉酒店,花水湾镇,美团,20:00,31,620
2026-10-26,m14,花水湾圣索亚温泉酒店,花水湾镇,去哪儿,20:00,30,636
2026-10-27,m14,花水湾圣索亚温泉酒店,花水湾镇,携程,00:00,76,532
2026-10-27,m14,花水湾圣索亚温泉酒店,花水湾镇,美团,00:00,76,512
2026-10-27,m14,花水湾圣索亚温泉酒店,花水湾镇,去哪儿,00:00,76,522
2026-10-27,m14,花水湾圣索亚温泉酒店,花水湾镇,携程,08:00,71,544
2026-10-27,m14,花水湾圣索亚温泉酒店,花水湾镇,美团,08:00,71,522
2026-10-27,m14,花水湾圣索亚温泉酒店,花水湾镇,去哪儿,08:00,71,529
2026-10-27,m14,花水湾圣索亚温泉酒店,花水湾镇,携程,14:00,51,598
2026-10-27,m14,花水湾圣索亚温泉酒店,花水湾镇,美团,14:00,51,561
2026-10-27,m14,花水湾圣索亚温泉酒店,花水湾镇,去哪儿,14:00,51,585
2026-10-27,m14,花水湾圣索亚温泉酒店,花水湾镇,携程,20:00,27,654
2026-10-27,m14,花水湾圣索亚温泉酒店,花水湾镇,美团,20:00,28,627
2026-10-27,m14,花水湾圣索亚温泉酒店,花水湾镇,去哪儿,20:00,27,633
2026-10-28,m14,花水湾圣索亚温泉酒店,花水湾镇,携程,00:00,80,522
2026-10-28,m14,花水湾圣索亚温泉酒店,花水湾镇,美团,00:00,80,511
2026-10-28,m14,花水湾圣索亚温泉酒店,花水湾镇,去哪儿,00:00,80,510
2026-10-28,m14,花水湾圣索亚温泉酒店,花水湾镇,携程,08:00,77,532
2026-10-28,m14,花水湾圣索亚温泉酒店,花水湾镇,美团,08:00,78,509
2026-10-28,m14,花水湾圣索亚温泉酒店,花水湾镇,去哪儿,08:00,77,508
2026-10-28,m14,花水湾圣索亚温泉酒店,花水湾镇,携程,14:00,66,552
2026-10-28,m14,花水湾圣索亚温泉酒店,花水湾镇,美团,14:00,65,528
2026-10-28,m14,花水湾圣索亚温泉酒店,花水湾镇,去哪儿,14:00,65,552
2026-10-28,m14,花水湾圣索亚温泉酒店,花水湾镇,携程,20:00,30,635
2026-10-28,m14,花水湾圣索亚温泉酒店,花水湾镇,美团,20:00,30,608
2026-10-28,m14,花水湾圣索亚温泉酒店,花水湾镇,去哪儿,20:00,30,634
2026-10-29,m14,花水湾圣索亚温泉酒店,花水湾镇,携程,00:00,82,511
2026-10-29,m14,花水湾圣索亚温泉酒店,花水湾镇,美团,00:00,82,505
2026-10-29,m14,花水湾圣索亚温泉酒店,花水湾镇,去哪儿,00:00,82,499
2026-10-29,m14,花水湾圣索亚温泉酒店,花水湾镇,携程,08:00,79,513
2026-10-29,m14,花水湾圣索亚温泉酒店,花水湾镇,美团,08:00,79,507
2026-10-29,m14,花水湾圣索亚温泉酒店,花水湾镇,去哪儿,08:00,79,516
2026-10-29,m14,花水湾圣索亚温泉酒店,花水湾镇,携程,14:00,65,551
2026-10-29,m14,花水湾圣索亚温泉酒店,花水湾镇,美团,14:00,65,540
2026-10-29,m14,花水湾圣索亚温泉酒店,花水湾镇,去哪儿,14:00,65,536
2026-10-29,m14,花水湾圣索亚温泉酒店,花水湾镇,携程,20:00,28,646
2026-10-29,m14,花水湾圣索亚温泉酒店,花水湾镇,美团,20:00,29,624
2026-10-29,m14,花水湾圣索亚温泉酒店,花水湾镇,去哪儿,20:00,28,630
2026-10-30,m14,花水湾圣索亚温泉酒店,花水湾镇,携程,00:00,84,501
2026-10-30,m14,花水湾圣索亚温泉酒店,花水湾镇,美团,00:00,85,499
2026-10-30,m14,花水湾圣索亚温泉酒店,花水湾镇,去哪儿,00:00,84,494
2026-10-30,m14,花水湾圣索亚温泉酒店,花水湾镇,携程,08:00,78,513
2026-10-30,m14,花水湾圣索亚温泉酒店,花水湾镇,美团,08:00,79,512
2026-10-30,m14,花水湾圣索亚温泉酒店,花水湾镇,去哪儿,08:00,78,512
2026-10-30,m14,花水湾圣索亚温泉酒店,花水湾镇,携程,14:00,71,542
2026-10-30,m14,花水湾圣索亚温泉酒店,花水湾镇,美团,14:00,71,524
2026-10-30,m14,花水湾圣索亚温泉酒店,花水湾镇,去哪儿,14:00,71,529
2026-10-30,m14,花水湾圣索亚温泉酒店,花水湾镇,携程,20:00,37,624
2026-10-30,m14,花水湾圣索亚温泉酒店,花水湾镇,美团,20:00,37,614
2026-10-30,m14,花水湾圣索亚温泉酒店,花水湾镇,去哪儿,20:00,36,605
2026-10-31,m14,花水湾圣索亚温泉酒店,花水湾镇,携程,00:00,72,703
2026-10-31,m14,花水湾圣索亚温泉酒店,花水湾镇,美团,00:00,72,686
2026-10-31,m14,花水湾圣索亚温泉酒店,花水湾镇,去哪儿,00:00,71,694
2026-10-31,m14,花水湾圣索亚温泉酒店,花水湾镇,携程,08:00,66,727
2026-10-31,m14,花水湾圣索亚温泉酒店,花水湾镇,美团,08:00,67,699
2026-10-31,m14,花水湾圣索亚温泉酒店,花水湾镇,去哪儿,08:00,66,710
2026-10-31,m14,花水湾圣索亚温泉酒店,花水湾镇,携程,14:00,49,760
2026-10-31,m14,花水湾圣索亚温泉酒店,花水湾镇,美团,14:00,50,756
2026-10-31,m14,花水湾圣索亚温泉酒店,花水湾镇,去哪儿,14:00,49,764
2026-10-31,m14,花水湾圣索亚温泉酒店,花水湾镇,携程,20:00,11,880
2026-10-31,m14,花水湾圣索亚温泉酒店,花水湾镇,美团,20:00,12,873
2026-10-31,m14,花水湾圣索亚温泉酒店,花水湾镇,去哪儿,20:00,11,880
2026-10-01,m15,花水湾青瓦客栈,花水湾镇,携程,00:00,31,704
2026-10-01,m15,花水湾青瓦客栈,花水湾镇,飞猪,00:00,32,690
2026-10-01,m15,花水湾青瓦客栈,花水湾镇,去哪儿,00:00,31,676
2026-10-01,m15,花水湾青瓦客栈,花水湾镇,途家,00:00,31,709
2026-10-01,m15,花水湾青瓦客栈,花水湾镇,携程,08:00,30,690
2026-10-01,m15,花水湾青瓦客栈,花水湾镇,飞猪,08:00,30,684
2026-10-01,m15,花水湾青瓦客栈,花水湾镇,去哪儿,08:00,30,678
2026-10-01,m15,花水湾青瓦客栈,花水湾镇,途家,08:00,30,713
2026-10-01,m15,花水湾青瓦客栈,花水湾镇,携程,14:00,20,770
2026-10-01,m15,花水湾青瓦客栈,花水湾镇,飞猪,14:00,21,756
2026-10-01,m15,花水湾青瓦客栈,花水湾镇,去哪儿,14:00,20,746
2026-10-01,m15,花水湾青瓦客栈,花水湾镇,途家,14:00,20,782
2026-10-01,m15,花水湾青瓦客栈,花水湾镇,携程,20:00,1,895
2026-10-01,m15,花水湾青瓦客栈,花水湾镇,飞猪,20:00,2,869
2026-10-01,m15,花水湾青瓦客栈,花水湾镇,去哪儿,20:00,1,879
2026-10-01,m15,花水湾青瓦客栈,花水湾镇,途家,20:00,1,906
2026-10-02,m15,花水湾青瓦客栈,花水湾镇,携程,00:00,37,665
2026-10-02,m15,花水湾青瓦客栈,花水湾镇,飞猪,00:00,37,656
2026-10-02,m15,花水湾青瓦客栈,花水湾镇,去哪儿,00:00,37,656
2026-10-02,m15,花水湾青瓦客栈,花水湾镇,途家,00:00,37,670
2026-10-02,m15,花水湾青瓦客栈,花水湾镇,携程,08:00,36,653
2026-10-02,m15,花水湾青瓦客栈,花水湾镇,飞猪,08:00,37,668
2026-10-02,m15,花水湾青瓦客栈,花水湾镇,去哪儿,08:00,36,643
2026-10-02,m15,花水湾青瓦客栈,花水湾镇,途家,08:00,36,683
2026-10-02,m15,花水湾青瓦客栈,花水湾镇,携程,14:00,25,744
2026-10-02,m15,花水湾青瓦客栈,花水湾镇,飞猪,14:00,25,739
2026-10-02,m15,花水湾青瓦客栈,花水湾镇,去哪儿,14:00,25,715
2026-10-02,m15,花水湾青瓦客栈,花水湾镇,途家,14:00,25,754
2026-10-02,m15,花水湾青瓦客栈,花水湾镇,携程,20:00,4,870
2026-10-02,m15,花水湾青瓦客栈,花水湾镇,飞猪,20:00,4,873
2026-10-02,m15,花水湾青瓦客栈,花水湾镇,去哪儿,20:00,4,869
2026-10-02,m15,花水湾青瓦客栈,花水湾镇,途家,20:00,4,884
2026-10-03,m15,花水湾青瓦客栈,花水湾镇,携程,00:00,34,674
2026-10-03,m15,花水湾青瓦客栈,花水湾镇,飞猪,00:00,35,673
2026-10-03,m15,花水湾青瓦客栈,花水湾镇,去哪儿,00:00,34,667
2026-10-03,m15,花水湾青瓦客栈,花水湾镇,途家,00:00,34,692
2026-10-03,m15,花水湾青瓦客栈,花水湾镇,携程,08:00,30,689
2026-10-03,m15,花水湾青瓦客栈,花水湾镇,飞猪,08:00,30,699
2026-10-03,m15,花水湾青瓦客栈,花水湾镇,去哪儿,08:00,30,699
2026-10-03,m15,花水湾青瓦客栈,花水湾镇,途家,08:00,30,716
2026-10-03,m15,花水湾青瓦客栈,花水湾镇,携程,14:00,19,771
2026-10-03,m15,花水湾青瓦客栈,花水湾镇,飞猪,14:00,20,772
2026-10-03,m15,花水湾青瓦客栈,花水湾镇,去哪儿,14:00,19,745
2026-10-03,m15,花水湾青瓦客栈,花水湾镇,途家,14:00,19,774
2026-10-03,m15,花水湾青瓦客栈,花水湾镇,携程,20:00,2,896
2026-10-03,m15,花水湾青瓦客栈,花水湾镇,飞猪,20:00,3,870
2026-10-03,m15,花水湾青瓦客栈,花水湾镇,去哪儿,20:00,2,866
2026-10-03,m15,花水湾青瓦客栈,花水湾镇,途家,20:00,2,895
2026-10-04,m15,花水湾青瓦客栈,花水湾镇,携程,00:00,37,661
2026-10-04,m15,花水湾青瓦客栈,花水湾镇,飞猪,00:00,37,660
2026-10-04,m15,花水湾青瓦客栈,花水湾镇,去哪儿,00:00,37,645
2026-10-04,m15,花水湾青瓦客栈,花水湾镇,途家,00:00,37,664
2026-10-04,m15,花水湾青瓦客栈,花水湾镇,携程,08:00,37,655
2026-10-04,m15,花水湾青瓦客栈,花水湾镇,飞猪,08:00,36,666
2026-10-04,m15,花水湾青瓦客栈,花水湾镇,去哪儿,08:00,36,646
2026-10-04,m15,花水湾青瓦客栈,花水湾镇,途家,08:00,36,675
2026-10-04,m15,花水湾青瓦客栈,花水湾镇,携程,14:00,24,742
2026-10-04,m15,花水湾青瓦客栈,花水湾镇,飞猪,14:00,24,731
2026-10-04,m15,花水湾青瓦客栈,花水湾镇,去哪儿,14:00,24,741
2026-10-04,m15,花水湾青瓦客栈,花水湾镇,途家,14:00,24,742
2026-10-04,m15,花水湾青瓦客栈,花水湾镇,携程,20:00,6,854
2026-10-04,m15,花水湾青瓦客栈,花水湾镇,飞猪,20:00,6,838
2026-10-04,m15,花水湾青瓦客栈,花水湾镇,去哪儿,20:00,6,824
2026-10-04,m15,花水湾青瓦客栈,花水湾镇,途家,20:00,6,885
2026-10-05,m15,花水湾青瓦客栈,花水湾镇,携程,00:00,36,683
2026-10-05,m15,花水湾青瓦客栈,花水湾镇,飞猪,00:00,35,656
2026-10-05,m15,花水湾青瓦客栈,花水湾镇,去哪儿,00:00,35,644
2026-10-05,m15,花水湾青瓦客栈,花水湾镇,途家,00:00,35,681
2026-10-05,m15,花水湾青瓦客栈,花水湾镇,携程,08:00,35,678
2026-10-05,m15,花水湾青瓦客栈,花水湾镇,飞猪,08:00,35,670
2026-10-05,m15,花水湾青瓦客栈,花水湾镇,去哪儿,08:00,35,649
2026-10-05,m15,花水湾青瓦客栈,花水湾镇,途家,08:00,35,676
2026-10-05,m15,花水湾青瓦客栈,花水湾镇,携程,14:00,22,756
2026-10-05,m15,花水湾青瓦客栈,花水湾镇,飞猪,14:00,22,759
2026-10-05,m15,花水湾青瓦客栈,花水湾镇,去哪儿,14:00,22,748
2026-10-05,m15,花水湾青瓦客栈,花水湾镇,途家,14:00,22,774
2026-10-05,m15,花水湾青瓦客栈,花水湾镇,携程,20:00,3,867
2026-10-05,m15,花水湾青瓦客栈,花水湾镇,飞猪,20:00,4,862
2026-10-05,m15,花水湾青瓦客栈,花水湾镇,去哪儿,20:00,3,860
2026-10-05,m15,花水湾青瓦客栈,花水湾镇,途家,20:00,3,911
2026-10-06,m15,花水湾青瓦客栈,花水湾镇,携程,00:00,36,653
2026-10-06,m15,花水湾青瓦客栈,花水湾镇,飞猪,00:00,37,663
2026-10-06,m15,花水湾青瓦客栈,花水湾镇,去哪儿,00:00,36,645
2026-10-06,m15,花水湾青瓦客栈,花水湾镇,途家,00:00,36,668
2026-10-06,m15,花水湾青瓦客栈,花水湾镇,携程,08:00,34,677
2026-10-06,m15,花水湾青瓦客栈,花水湾镇,飞猪,08:00,34,665
2026-10-06,m15,花水湾青瓦客栈,花水湾镇,去哪儿,08:00,34,674
2026-10-06,m15,花水湾青瓦客栈,花水湾镇,途家,08:00,34,683
2026-10-06,m15,花水湾青瓦客栈,花水湾镇,携程,14:00,23,752
2026-10-06,m15,花水湾青瓦客栈,花水湾镇,飞猪,14:00,24,754
2026-10-06,m15,花水湾青瓦客栈,花水湾镇,去哪儿,14:00,23,732
2026-10-06,m15,花水湾青瓦客栈,花水湾镇,途家,14:00,23,759
2026-10-06,m15,花水湾青瓦客栈,花水湾镇,携程,20:00,4,868
2026-10-06,m15,花水湾青瓦客栈,花水湾镇,飞猪,20:00,4,870
2026-10-06,m15,花水湾青瓦客栈,花水湾镇,去哪儿,20:00,3,848
2026-10-06,m15,花水湾青瓦客栈,花水湾镇,途家,20:00,3,892
2026-10-07,m15,花水湾青瓦客栈,花水湾镇,携程,00:00,37,660
2026-10-07,m15,花水湾青瓦客栈,花水湾镇,飞猪,00:00,37,656
2026-10-07,m15,花水湾青瓦客栈,花水湾镇,去哪儿,00:00,37,646
2026-10-07,m15,花水湾青瓦客栈,花水湾镇,途家,00:00,37,665
2026-10-07,m15,花水湾青瓦客栈,花水湾镇,携程,08:00,34,668
2026-10-07,m15,花水湾青瓦客栈,花水湾镇,飞猪,08:00,34,664
2026-10-07,m15,花水湾青瓦客栈,花水湾镇,去哪儿,08:00,34,662
2026-10-07,m15,花水湾青瓦客栈,花水湾镇,途家,08:00,34,684
2026-10-07,m15,花水湾青瓦客栈,花水湾镇,携程,14:00,24,728
2026-10-07,m15,花水湾青瓦客栈,花水湾镇,飞猪,14:00,24,746
2026-10-07,m15,花水湾青瓦客栈,花水湾镇,去哪儿,14:00,24,713
2026-10-07,m15,花水湾青瓦客栈,花水湾镇,途家,14:00,24,770
2026-10-07,m15,花水湾青瓦客栈,花水湾镇,携程,20:00,5,871
2026-10-07,m15,花水湾青瓦客栈,花水湾镇,飞猪,20:00,6,846
2026-10-07,m15,花水湾青瓦客栈,花水湾镇,去哪儿,20:00,5,852
2026-10-07,m15,花水湾青瓦客栈,花水湾镇,途家,20:00,5,869
2026-10-08,m15,花水湾青瓦客栈,花水湾镇,携程,00:00,41,640
2026-10-08,m15,花水湾青瓦客栈,花水湾镇,飞猪,00:00,41,628
2026-10-08,m15,花水湾青瓦客栈,花水湾镇,去哪儿,00:00,41,624
2026-10-08,m15,花水湾青瓦客栈,花水湾镇,途家,00:00,41,635
2026-10-08,m15,花水湾青瓦客栈,花水湾镇,携程,08:00,40,652
2026-10-08,m15,花水湾青瓦客栈,花水湾镇,飞猪,08:00,39,630
2026-10-08,m15,花水湾青瓦客栈,花水湾镇,去哪儿,08:00,39,634
2026-10-08,m15,花水湾青瓦客栈,花水湾镇,途家,08:00,39,647
2026-10-08,m15,花水湾青瓦客栈,花水湾镇,携程,14:00,32,698
2026-10-08,m15,花水湾青瓦客栈,花水湾镇,飞猪,14:00,32,682
2026-10-08,m15,花水湾青瓦客栈,花水湾镇,去哪儿,14:00,32,662
2026-10-08,m15,花水湾青瓦客栈,花水湾镇,途家,14:00,32,694
2026-10-08,m15,花水湾青瓦客栈,花水湾镇,携程,20:00,7,848
2026-10-08,m15,花水湾青瓦客栈,花水湾镇,飞猪,20:00,7,837
2026-10-08,m15,花水湾青瓦客栈,花水湾镇,去哪儿,20:00,7,844
2026-10-08,m15,花水湾青瓦客栈,花水湾镇,途家,20:00,7,853
2026-10-09,m15,花水湾青瓦客栈,花水湾镇,携程,00:00,37,327
2026-10-09,m15,花水湾青瓦客栈,花水湾镇,飞猪,00:00,37,330
2026-10-09,m15,花水湾青瓦客栈,花水湾镇,去哪儿,00:00,37,327
2026-10-09,m15,花水湾青瓦客栈,花水湾镇,途家,00:00,37,333
2026-10-09,m15,花水湾青瓦客栈,花水湾镇,携程,08:00,35,334
2026-10-09,m15,花水湾青瓦客栈,花水湾镇,飞猪,08:00,35,334
2026-10-09,m15,花水湾青瓦客栈,花水湾镇,去哪儿,08:00,35,331
2026-10-09,m15,花水湾青瓦客栈,花水湾镇,途家,08:00,35,339
2026-10-09,m15,花水湾青瓦客栈,花水湾镇,携程,14:00,27,355
2026-10-09,m15,花水湾青瓦客栈,花水湾镇,飞猪,14:00,27,358
2026-10-09,m15,花水湾青瓦客栈,花水湾镇,去哪儿,14:00,27,352
2026-10-09,m15,花水湾青瓦客栈,花水湾镇,途家,14:00,27,373
2026-10-09,m15,花水湾青瓦客栈,花水湾镇,携程,20:00,12,408
2026-10-09,m15,花水湾青瓦客栈,花水湾镇,飞猪,20:00,11,408
2026-10-09,m15,花水湾青瓦客栈,花水湾镇,去哪儿,20:00,11,403
2026-10-09,m15,花水湾青瓦客栈,花水湾镇,途家,20:00,11,422
2026-10-10,m15,花水湾青瓦客栈,花水湾镇,携程,00:00,36,426
2026-10-10,m15,花水湾青瓦客栈,花水湾镇,飞猪,00:00,36,421
2026-10-10,m15,花水湾青瓦客栈,花水湾镇,去哪儿,00:00,36,419
2026-10-10,m15,花水湾青瓦客栈,花水湾镇,途家,00:00,36,442
2026-10-10,m15,花水湾青瓦客栈,花水湾镇,携程,08:00,35,434
2026-10-10,m15,花水湾青瓦客栈,花水湾镇,飞猪,08:00,35,429
2026-10-10,m15,花水湾青瓦客栈,花水湾镇,去哪儿,08:00,35,426
2026-10-10,m15,花水湾青瓦客栈,花水湾镇,途家,08:00,35,450
2026-10-10,m15,花水湾青瓦客栈,花水湾镇,携程,14:00,25,474
2026-10-10,m15,花水湾青瓦客栈,花水湾镇,飞猪,14:00,25,468
2026-10-10,m15,花水湾青瓦客栈,花水湾镇,去哪儿,14:00,25,463
2026-10-10,m15,花水湾青瓦客栈,花水湾镇,途家,14:00,25,478
2026-10-10,m15,花水湾青瓦客栈,花水湾镇,携程,20:00,4,573
2026-10-10,m15,花水湾青瓦客栈,花水湾镇,飞猪,20:00,4,566
2026-10-10,m15,花水湾青瓦客栈,花水湾镇,去哪儿,20:00,4,549
2026-10-10,m15,花水湾青瓦客栈,花水湾镇,途家,20:00,4,586
2026-10-11,m15,花水湾青瓦客栈,花水湾镇,携程,00:00,42,418
2026-10-11,m15,花水湾青瓦客栈,花水湾镇,飞猪,00:00,41,398
2026-10-11,m15,花水湾青瓦客栈,花水湾镇,去哪儿,00:00,41,395
2026-10-11,m15,花水湾青瓦客栈,花水湾镇,途家,00:00,41,424
2026-10-11,m15,花水湾青瓦客栈,花水湾镇,携程,08:00,37,434
2026-10-11,m15,花水湾青瓦客栈,花水湾镇,飞猪,08:00,37,427
2026-10-11,m15,花水湾青瓦客栈,花水湾镇,去哪儿,08:00,37,416
2026-10-11,m15,花水湾青瓦客栈,花水湾镇,途家,08:00,37,440
2026-10-11,m15,花水湾青瓦客栈,花水湾镇,携程,14:00,28,463
2026-10-11,m15,花水湾青瓦客栈,花水湾镇,飞猪,14:00,28,462
2026-10-11,m15,花水湾青瓦客栈,花水湾镇,去哪儿,14:00,28,463
2026-10-11,m15,花水湾青瓦客栈,花水湾镇,途家,14:00,28,468
2026-10-11,m15,花水湾青瓦客栈,花水湾镇,携程,20:00,8,537
2026-10-11,m15,花水湾青瓦客栈,花水湾镇,飞猪,20:00,8,534
2026-10-11,m15,花水湾青瓦客栈,花水湾镇,去哪儿,20:00,8,531
2026-10-11,m15,花水湾青瓦客栈,花水湾镇,途家,20:00,8,563
2026-10-12,m15,花水湾青瓦客栈,花水湾镇,携程,00:00,37,325
2026-10-12,m15,花水湾青瓦客栈,花水湾镇,飞猪,00:00,37,320
2026-10-12,m15,花水湾青瓦客栈,花水湾镇,去哪儿,00:00,37,327
2026-10-12,m15,花水湾青瓦客栈,花水湾镇,途家,00:00,37,337
2026-10-12,m15,花水湾青瓦客栈,花水湾镇,携程,08:00,37,327
2026-10-12,m15,花水湾青瓦客栈,花水湾镇,飞猪,08:00,38,321
2026-10-12,m15,花水湾青瓦客栈,花水湾镇,去哪儿,08:00,37,324
2026-10-12,m15,花水湾青瓦客栈,花水湾镇,途家,08:00,37,333
2026-10-12,m15,花水湾青瓦客栈,花水湾镇,携程,14:00,31,341
2026-10-12,m15,花水湾青瓦客栈,花水湾镇,飞猪,14:00,31,348
2026-10-12,m15,花水湾青瓦客栈,花水湾镇,去哪儿,14:00,31,343
2026-10-12,m15,花水湾青瓦客栈,花水湾镇,途家,14:00,31,349
2026-10-12,m15,花水湾青瓦客栈,花水湾镇,携程,20:00,14,402
2026-10-12,m15,花水湾青瓦客栈,花水湾镇,飞猪,20:00,14,401
2026-10-12,m15,花水湾青瓦客栈,花水湾镇,去哪儿,20:00,14,400
2026-10-12,m15,花水湾青瓦客栈,花水湾镇,途家,20:00,14,418
2026-10-13,m15,花水湾青瓦客栈,花水湾镇,携程,00:00,32,342
2026-10-13,m15,花水湾青瓦客栈,花水湾镇,飞猪,00:00,32,338
2026-10-13,m15,花水湾青瓦客栈,花水湾镇,去哪儿,00:00,32,332
2026-10-13,m15,花水湾青瓦客栈,花水湾镇,途家,00:00,32,352
2026-10-13,m15,花水湾青瓦客栈,花水湾镇,携程,08:00,31,343
2026-10-13,m15,花水湾青瓦客栈,花水湾镇,飞猪,08:00,31,344
2026-10-13,m15,花水湾青瓦客栈,花水湾镇,去哪儿,08:00,31,347
2026-10-13,m15,花水湾青瓦客栈,花水湾镇,途家,08:00,31,357
2026-10-13,m15,花水湾青瓦客栈,花水湾镇,携程,14:00,23,377
2026-10-13,m15,花水湾青瓦客栈,花水湾镇,飞猪,14:00,23,376
2026-10-13,m15,花水湾青瓦客栈,花水湾镇,去哪儿,14:00,23,370
2026-10-13,m15,花水湾青瓦客栈,花水湾镇,途家,14:00,23,380
2026-10-13,m15,花水湾青瓦客栈,花水湾镇,携程,20:00,12,405
2026-10-13,m15,花水湾青瓦客栈,花水湾镇,飞猪,20:00,11,414
2026-10-13,m15,花水湾青瓦客栈,花水湾镇,去哪儿,20:00,11,399
2026-10-13,m15,花水湾青瓦客栈,花水湾镇,途家,20:00,11,425
2026-10-14,m15,花水湾青瓦客栈,花水湾镇,携程,00:00,35,337
2026-10-14,m15,花水湾青瓦客栈,花水湾镇,飞猪,00:00,35,328
2026-10-14,m15,花水湾青瓦客栈,花水湾镇,去哪儿,00:00,35,322
2026-10-14,m15,花水湾青瓦客栈,花水湾镇,途家,00:00,35,345
2026-10-14,m15,花水湾青瓦客栈,花水湾镇,携程,08:00,35,334
2026-10-14,m15,花水湾青瓦客栈,花水湾镇,飞猪,08:00,36,330
2026-10-14,m15,花水湾青瓦客栈,花水湾镇,去哪儿,08:00,35,322
2026-10-14,m15,花水湾青瓦客栈,花水湾镇,途家,08:00,35,337
2026-10-14,m15,花水湾青瓦客栈,花水湾镇,携程,14:00,30,350
2026-10-14,m15,花水湾青瓦客栈,花水湾镇,飞猪,14:00,29,347
2026-10-14,m15,花水湾青瓦客栈,花水湾镇,去哪儿,14:00,29,344
2026-10-14,m15,花水湾青瓦客栈,花水湾镇,途家,14:00,29,367
2026-10-14,m15,花水湾青瓦客栈,花水湾镇,携程,20:00,21,382
2026-10-14,m15,花水湾青瓦客栈,花水湾镇,飞猪,20:00,20,380
2026-10-14,m15,花水湾青瓦客栈,花水湾镇,去哪儿,20:00,20,374
2026-10-14,m15,花水湾青瓦客栈,花水湾镇,途家,20:00,20,390
2026-10-15,m15,花水湾青瓦客栈,花水湾镇,携程,00:00,38,327
2026-10-15,m15,花水湾青瓦客栈,花水湾镇,飞猪,00:00,38,327
2026-10-15,m15,花水湾青瓦客栈,花水湾镇,去哪儿,00:00,38,325
2026-10-15,m15,花水湾青瓦客栈,花水湾镇,途家,00:00,38,337
2026-10-15,m15,花水湾青瓦客栈,花水湾镇,携程,08:00,37,324
2026-10-15,m15,花水湾青瓦客栈,花水湾镇,飞猪,08:00,37,324
2026-10-15,m15,花水湾青瓦客栈,花水湾镇,去哪儿,08:00,37,325
2026-10-15,m15,花水湾青瓦客栈,花水湾镇,途家,08:00,37,333
2026-10-15,m15,花水湾青瓦客栈,花水湾镇,携程,14:00,25,373
2026-10-15,m15,花水湾青瓦客栈,花水湾镇,飞猪,14:00,25,366
2026-10-15,m15,花水湾青瓦客栈,花水湾镇,去哪儿,14:00,25,358
2026-10-15,m15,花水湾青瓦客栈,花水湾镇,途家,14:00,25,372
2026-10-15,m15,花水湾青瓦客栈,花水湾镇,携程,20:00,15,395
2026-10-15,m15,花水湾青瓦客栈,花水湾镇,飞猪,20:00,14,399
2026-10-15,m15,花水湾青瓦客栈,花水湾镇,去哪儿,20:00,14,391
2026-10-15,m15,花水湾青瓦客栈,花水湾镇,途家,20:00,14,416
2026-10-16,m15,花水湾青瓦客栈,花水湾镇,携程,00:00,38,322
2026-10-16,m15,花水湾青瓦客栈,花水湾镇,飞猪,00:00,38,326
2026-10-16,m15,花水湾青瓦客栈,花水湾镇,去哪儿,00:00,38,319
2026-10-16,m15,花水湾青瓦客栈,花水湾镇,途家,00:00,38,332
2026-10-16,m15,花水湾青瓦客栈,花水湾镇,携程,08:00,38,326
2026-10-16,m15,花水湾青瓦客栈,花水湾镇,飞猪,08:00,38,324
2026-10-16,m15,花水湾青瓦客栈,花水湾镇,去哪儿,08:00,37,323
2026-10-16,m15,花水湾青瓦客栈,花水湾镇,途家,08:00,37,328
2026-10-16,m15,花水湾青瓦客栈,花水湾镇,携程,14:00,32,339
2026-10-16,m15,花水湾青瓦客栈,花水湾镇,飞猪,14:00,33,334
2026-10-16,m15,花水湾青瓦客栈,花水湾镇,去哪儿,14:00,32,341
2026-10-16,m15,花水湾青瓦客栈,花水湾镇,途家,14:00,32,349
2026-10-16,m15,花水湾青瓦客栈,花水湾镇,携程,20:00,19,389
2026-10-16,m15,花水湾青瓦客栈,花水湾镇,飞猪,20:00,20,387
2026-10-16,m15,花水湾青瓦客栈,花水湾镇,去哪儿,20:00,19,375
2026-10-16,m15,花水湾青瓦客栈,花水湾镇,途家,20:00,19,395
2026-10-17,m15,花水湾青瓦客栈,花水湾镇,携程,00:00,36,428
2026-10-17,m15,花水湾青瓦客栈,花水湾镇,飞猪,00:00,35,423
2026-10-17,m15,花水湾青瓦客栈,花水湾镇,去哪儿,00:00,35,420
2026-10-17,m15,花水湾青瓦客栈,花水湾镇,途家,00:00,35,452
2026-10-17,m15,花水湾青瓦客栈,花水湾镇,携程,08:00,34,432
2026-10-17,m15,花水湾青瓦客栈,花水湾镇,飞猪,08:00,35,436
2026-10-17,m15,花水湾青瓦客栈,花水湾镇,去哪儿,08:00,34,435
2026-10-17,m15,花水湾青瓦客栈,花水湾镇,途家,08:00,34,451
2026-10-17,m15,花水湾青瓦客栈,花水湾镇,携程,14:00,26,481
2026-10-17,m15,花水湾青瓦客栈,花水湾镇,飞猪,14:00,25,468
2026-10-17,m15,花水湾青瓦客栈,花水湾镇,去哪儿,14:00,25,475
2026-10-17,m15,花水湾青瓦客栈,花水湾镇,途家,14:00,25,479
2026-10-17,m15,花水湾青瓦客栈,花水湾镇,携程,20:00,5,550
2026-10-17,m15,花水湾青瓦客栈,花水湾镇,飞猪,20:00,5,556
2026-10-17,m15,花水湾青瓦客栈,花水湾镇,去哪儿,20:00,5,559
2026-10-17,m15,花水湾青瓦客栈,花水湾镇,途家,20:00,5,569
2026-10-18,m15,花水湾青瓦客栈,花水湾镇,携程,00:00,35,442
2026-10-18,m15,花水湾青瓦客栈,花水湾镇,飞猪,00:00,34,427
2026-10-18,m15,花水湾青瓦客栈,花水湾镇,去哪儿,00:00,34,435
2026-10-18,m15,花水湾青瓦客栈,花水湾镇,途家,00:00,34,449
2026-10-18,m15,花水湾青瓦客栈,花水湾镇,携程,08:00,33,452
2026-10-18,m15,花水湾青瓦客栈,花水湾镇,飞猪,08:00,32,437
2026-10-18,m15,花水湾青瓦客栈,花水湾镇,去哪儿,08:00,32,434
2026-10-18,m15,花水湾青瓦客栈,花水湾镇,途家,08:00,32,456
2026-10-18,m15,花水湾青瓦客栈,花水湾镇,携程,14:00,25,470
2026-10-18,m15,花水湾青瓦客栈,花水湾镇,飞猪,14:00,25,478
2026-10-18,m15,花水湾青瓦客栈,花水湾镇,去哪儿,14:00,25,472
2026-10-18,m15,花水湾青瓦客栈,花水湾镇,途家,14:00,25,496
2026-10-18,m15,花水湾青瓦客栈,花水湾镇,携程,20:00,3,578
2026-10-18,m15,花水湾青瓦客栈,花水湾镇,飞猪,20:00,2,557
2026-10-18,m15,花水湾青瓦客栈,花水湾镇,去哪儿,20:00,2,553
2026-10-18,m15,花水湾青瓦客栈,花水湾镇,途家,20:00,2,592
2026-10-19,m15,花水湾青瓦客栈,花水湾镇,携程,00:00,41,320
2026-10-19,m15,花水湾青瓦客栈,花水湾镇,飞猪,00:00,40,318
2026-10-19,m15,花水湾青瓦客栈,花水湾镇,去哪儿,00:00,40,308
2026-10-19,m15,花水湾青瓦客栈,花水湾镇,途家,00:00,40,325
2026-10-19,m15,花水湾青瓦客栈,花水湾镇,携程,08:00,40,314
2026-10-19,m15,花水湾青瓦客栈,花水湾镇,飞猪,08:00,40,311
2026-10-19,m15,花水湾青瓦客栈,花水湾镇,去哪儿,08:00,40,318
2026-10-19,m15,花水湾青瓦客栈,花水湾镇,途家,08:00,40,324
2026-10-19,m15,花水湾青瓦客栈,花水湾镇,携程,14:00,31,349
2026-10-19,m15,花水湾青瓦客栈,花水湾镇,飞猪,14:00,32,340
2026-10-19,m15,花水湾青瓦客栈,花水湾镇,去哪儿,14:00,31,338
2026-10-19,m15,花水湾青瓦客栈,花水湾镇,途家,14:00,31,348
2026-10-19,m15,花水湾青瓦客栈,花水湾镇,携程,20:00,17,396
2026-10-19,m15,花水湾青瓦客栈,花水湾镇,飞猪,20:00,17,394
2026-10-19,m15,花水湾青瓦客栈,花水湾镇,去哪儿,20:00,17,387
2026-10-19,m15,花水湾青瓦客栈,花水湾镇,途家,20:00,17,401
2026-10-20,m15,花水湾青瓦客栈,花水湾镇,携程,00:00,38,329
2026-10-20,m15,花水湾青瓦客栈,花水湾镇,飞猪,00:00,39,326
2026-10-20,m15,花水湾青瓦客栈,花水湾镇,去哪儿,00:00,38,316
2026-10-20,m15,花水湾青瓦客栈,花水湾镇,途家,00:00,38,332
2026-10-20,m15,花水湾青瓦客栈,花水湾镇,携程,08:00,38,320
2026-10-20,m15,花水湾青瓦客栈,花水湾镇,飞猪,08:00,39,317
2026-10-20,m15,花水湾青瓦客栈,花水湾镇,去哪儿,08:00,38,325
2026-10-20,m15,花水湾青瓦客栈,花水湾镇,途家,08:00,38,326
2026-10-20,m15,花水湾青瓦客栈,花水湾镇,携程,14:00,26,366
2026-10-20,m15,花水湾青瓦客栈,花水湾镇,飞猪,14:00,26,358
2026-10-20,m15,花水湾青瓦客栈,花水湾镇,去哪儿,14:00,26,356
2026-10-20,m15,花水湾青瓦客栈,花水湾镇,途家,14:00,26,373
2026-10-20,m15,花水湾青瓦客栈,花水湾镇,携程,20:00,17,393
2026-10-20,m15,花水湾青瓦客栈,花水湾镇,飞猪,20:00,16,394
2026-10-20,m15,花水湾青瓦客栈,花水湾镇,去哪儿,20:00,16,393
2026-10-20,m15,花水湾青瓦客栈,花水湾镇,途家,20:00,16,404
2026-10-21,m15,花水湾青瓦客栈,花水湾镇,携程,00:00,37,332
2026-10-21,m15,花水湾青瓦客栈,花水湾镇,飞猪,00:00,37,329
2026-10-21,m15,花水湾青瓦客栈,花水湾镇,去哪儿,00:00,37,317
2026-10-21,m15,花水湾青瓦客栈,花水湾镇,途家,00:00,37,333
2026-10-21,m15,花水湾青瓦客栈,花水湾镇,携程,08:00,37,332
2026-10-21,m15,花水湾青瓦客栈,花水湾镇,飞猪,08:00,37,320
2026-10-21,m15,花水湾青瓦客栈,花水湾镇,去哪儿,08:00,37,318
2026-10-21,m15,花水湾青瓦客栈,花水湾镇,途家,08:00,37,340
2026-10-21,m15,花水湾青瓦客栈,花水湾镇,携程,14:00,31,346
2026-10-21,m15,花水湾青瓦客栈,花水湾镇,飞猪,14:00,30,349
2026-10-21,m15,花水湾青瓦客栈,花水湾镇,去哪儿,14:00,30,339
2026-10-21,m15,花水湾青瓦客栈,花水湾镇,途家,14:00,30,365
2026-10-21,m15,花水湾青瓦客栈,花水湾镇,携程,20:00,16,391
2026-10-21,m15,花水湾青瓦客栈,花水湾镇,飞猪,20:00,16,392
2026-10-21,m15,花水湾青瓦客栈,花水湾镇,去哪儿,20:00,16,381
2026-10-21,m15,花水湾青瓦客栈,花水湾镇,途家,20:00,16,410
2026-10-22,m15,花水湾青瓦客栈,花水湾镇,携程,00:00,39,328
2026-10-22,m15,花水湾青瓦客栈,花水湾镇,飞猪,00:00,39,320
2026-10-22,m15,花水湾青瓦客栈,花水湾镇,去哪儿,00:00,39,316
2026-10-22,m15,花水湾青瓦客栈,花水湾镇,途家,00:00,39,323
2026-10-22,m15,花水湾青瓦客栈,花水湾镇,携程,08:00,38,324
2026-10-22,m15,花水湾青瓦客栈,花水湾镇,飞猪,08:00,38,324
2026-10-22,m15,花水湾青瓦客栈,花水湾镇,去哪儿,08:00,38,324
2026-10-22,m15,花水湾青瓦客栈,花水湾镇,途家,08:00,38,327
2026-10-22,m15,花水湾青瓦客栈,花水湾镇,携程,14:00,32,340
2026-10-22,m15,花水湾青瓦客栈,花水湾镇,飞猪,14:00,32,347
2026-10-22,m15,花水湾青瓦客栈,花水湾镇,去哪儿,14:00,32,342
2026-10-22,m15,花水湾青瓦客栈,花水湾镇,途家,14:00,32,351
2026-10-22,m15,花水湾青瓦客栈,花水湾镇,携程,20:00,20,390
2026-10-22,m15,花水湾青瓦客栈,花水湾镇,飞猪,20:00,20,384
2026-10-22,m15,花水湾青瓦客栈,花水湾镇,去哪儿,20:00,20,375
2026-10-22,m15,花水湾青瓦客栈,花水湾镇,途家,20:00,20,394
2026-10-23,m15,花水湾青瓦客栈,花水湾镇,携程,00:00,37,322
2026-10-23,m15,花水湾青瓦客栈,花水湾镇,飞猪,00:00,37,322
2026-10-23,m15,花水湾青瓦客栈,花水湾镇,去哪儿,00:00,37,325
2026-10-23,m15,花水湾青瓦客栈,花水湾镇,途家,00:00,37,334
2026-10-23,m15,花水湾青瓦客栈,花水湾镇,携程,08:00,36,325
2026-10-23,m15,花水湾青瓦客栈,花水湾镇,飞猪,08:00,36,324
2026-10-23,m15,花水湾青瓦客栈,花水湾镇,去哪儿,08:00,36,331
2026-10-23,m15,花水湾青瓦客栈,花水湾镇,途家,08:00,36,338
2026-10-23,m15,花水湾青瓦客栈,花水湾镇,携程,14:00,32,350
2026-10-23,m15,花水湾青瓦客栈,花水湾镇,飞猪,14:00,33,339
2026-10-23,m15,花水湾青瓦客栈,花水湾镇,去哪儿,14:00,32,339
2026-10-23,m15,花水湾青瓦客栈,花水湾镇,途家,14:00,32,346
2026-10-23,m15,花水湾青瓦客栈,花水湾镇,携程,20:00,20,377
2026-10-23,m15,花水湾青瓦客栈,花水湾镇,飞猪,20:00,20,372
2026-10-23,m15,花水湾青瓦客栈,花水湾镇,去哪儿,20:00,20,372
2026-10-23,m15,花水湾青瓦客栈,花水湾镇,途家,20:00,20,391
2026-10-24,m15,花水湾青瓦客栈,花水湾镇,携程,00:00,36,423
2026-10-24,m15,花水湾青瓦客栈,花水湾镇,飞猪,00:00,36,420
2026-10-24,m15,花水湾青瓦客栈,花水湾镇,去哪儿,00:00,36,416
2026-10-24,m15,花水湾青瓦客栈,花水湾镇,途家,00:00,36,431
2026-10-24,m15,花水湾青瓦客栈,花水湾镇,携程,08:00,35,436
2026-10-24,m15,花水湾青瓦客栈,花水湾镇,飞猪,08:00,35,433
2026-10-24,m15,花水湾青瓦客栈,花水湾镇,去哪儿,08:00,35,428
2026-10-24,m15,花水湾青瓦客栈,花水湾镇,途家,08:00,35,444
2026-10-24,m15,花水湾青瓦客栈,花水湾镇,携程,14:00,25,472
2026-10-24,m15,花水湾青瓦客栈,花水湾镇,飞猪,14:00,24,475
2026-10-24,m15,花水湾青瓦客栈,花水湾镇,去哪儿,14:00,24,472
2026-10-24,m15,花水湾青瓦客栈,花水湾镇,途家,14:00,24,498
2026-10-24,m15,花水湾青瓦客栈,花水湾镇,携程,20:00,5,574
2026-10-24,m15,花水湾青瓦客栈,花水湾镇,飞猪,20:00,5,553
2026-10-24,m15,花水湾青瓦客栈,花水湾镇,去哪儿,20:00,4,553
2026-10-24,m15,花水湾青瓦客栈,花水湾镇,途家,20:00,4,565
2026-10-25,m15,花水湾青瓦客栈,花水湾镇,携程,00:00,35,436
2026-10-25,m15,花水湾青瓦客栈,花水湾镇,飞猪,00:00,36,423
2026-10-25,m15,花水湾青瓦客栈,花水湾镇,去哪儿,00:00,35,425
2026-10-25,m15,花水湾青瓦客栈,花水湾镇,途家,00:00,35,435
2026-10-25,m15,花水湾青瓦客栈,花水湾镇,携程,08:00,32,447
2026-10-25,m15,花水湾青瓦客栈,花水湾镇,飞猪,08:00,32,450
2026-10-25,m15,花水湾青瓦客栈,花水湾镇,去哪儿,08:00,32,442
2026-10-25,m15,花水湾青瓦客栈,花水湾镇,途家,08:00,32,457
2026-10-25,m15,花水湾青瓦客栈,花水湾镇,携程,14:00,22,481
2026-10-25,m15,花水湾青瓦客栈,花水湾镇,飞猪,14:00,22,478
2026-10-25,m15,花水湾青瓦客栈,花水湾镇,去哪儿,14:00,22,480
2026-10-25,m15,花水湾青瓦客栈,花水湾镇,途家,14:00,22,508
2026-10-25,m15,花水湾青瓦客栈,花水湾镇,携程,20:00,5,576
2026-10-25,m15,花水湾青瓦客栈,花水湾镇,飞猪,20:00,4,551
2026-10-25,m15,花水湾青瓦客栈,花水湾镇,去哪儿,20:00,4,554
2026-10-25,m15,花水湾青瓦客栈,花水湾镇,途家,20:00,4,587
2026-10-26,m15,花水湾青瓦客栈,花水湾镇,携程,00:00,37,326
2026-10-26,m15,花水湾青瓦客栈,花水湾镇,飞猪,00:00,37,323
2026-10-26,m15,花水湾青瓦客栈,花水湾镇,去哪儿,00:00,37,316
2026-10-26,m15,花水湾青瓦客栈,花水湾镇,途家,00:00,37,339
2026-10-26,m15,花水湾青瓦客栈,花水湾镇,携程,08:00,36,335
2026-10-26,m15,花水湾青瓦客栈,花水湾镇,飞猪,08:00,37,324
2026-10-26,m15,花水湾青瓦客栈,花水湾镇,去哪儿,08:00,36,320
2026-10-26,m15,花水湾青瓦客栈,花水湾镇,途家,08:00,36,334
2026-10-26,m15,花水湾青瓦客栈,花水湾镇,携程,14:00,32,350
2026-10-26,m15,花水湾青瓦客栈,花水湾镇,飞猪,14:00,32,343
2026-10-26,m15,花水湾青瓦客栈,花水湾镇,去哪儿,14:00,32,338
2026-10-26,m15,花水湾青瓦客栈,花水湾镇,途家,14:00,32,349
2026-10-26,m15,花水湾青瓦客栈,花水湾镇,携程,20:00,18,389
2026-10-26,m15,花水湾青瓦客栈,花水湾镇,飞猪,20:00,19,387
2026-10-26,m15,花水湾青瓦客栈,花水湾镇,去哪儿,20:00,18,383
2026-10-26,m15,花水湾青瓦客栈,花水湾镇,途家,20:00,18,392
2026-10-27,m15,花水湾青瓦客栈,花水湾镇,携程,00:00,37,334
2026-10-27,m15,花水湾青瓦客栈,花水湾镇,飞猪,00:00,37,327
2026-10-27,m15,花水湾青瓦客栈,花水湾镇,去哪儿,00:00,37,322
2026-10-27,m15,花水湾青瓦客栈,花水湾镇,途家,00:00,37,332
2026-10-27,m15,花水湾青瓦客栈,花水湾镇,携程,08:00,37,330
2026-10-27,m15,花水湾青瓦客栈,花水湾镇,飞猪,08:00,38,328
2026-10-27,m15,花水湾青瓦客栈,花水湾镇,去哪儿,08:00,37,322
2026-10-27,m15,花水湾青瓦客栈,花水湾镇,途家,08:00,37,340
2026-10-27,m15,花水湾青瓦客栈,花水湾镇,携程,14:00,29,356
2026-10-27,m15,花水湾青瓦客栈,花水湾镇,飞猪,14:00,29,350
2026-10-27,m15,花水湾青瓦客栈,花水湾镇,去哪儿,14:00,29,346
2026-10-27,m15,花水湾青瓦客栈,花水湾镇,途家,14:00,29,362
2026-10-27,m15,花水湾青瓦客栈,花水湾镇,携程,20:00,19,382
2026-10-27,m15,花水湾青瓦客栈,花水湾镇,飞猪,20:00,19,375
2026-10-27,m15,花水湾青瓦客栈,花水湾镇,去哪儿,20:00,19,384
2026-10-27,m15,花水湾青瓦客栈,花水湾镇,途家,20:00,19,400
2026-10-28,m15,花水湾青瓦客栈,花水湾镇,携程,00:00,37,330
2026-10-28,m15,花水湾青瓦客栈,花水湾镇,飞猪,00:00,37,319
2026-10-28,m15,花水湾青瓦客栈,花水湾镇,去哪儿,00:00,37,316
2026-10-28,m15,花水湾青瓦客栈,花水湾镇,途家,00:00,37,336
2026-10-28,m15,花水湾青瓦客栈,花水湾镇,携程,08:00,34,334
2026-10-28,m15,花水湾青瓦客栈,花水湾镇,飞猪,08:00,34,339
2026-10-28,m15,花水湾青瓦客栈,花水湾镇,去哪儿,08:00,34,336
2026-10-28,m15,花水湾青瓦客栈,花水湾镇,途家,08:00,34,339
2026-10-28,m15,花水湾青瓦客栈,花水湾镇,携程,14:00,29,359
2026-10-28,m15,花水湾青瓦客栈,花水湾镇,飞猪,14:00,29,355
2026-10-28,m15,花水湾青瓦客栈,花水湾镇,去哪儿,14:00,29,352
2026-10-28,m15,花水湾青瓦客栈,花水湾镇,途家,14:00,29,362
2026-10-28,m15,花水湾青瓦客栈,花水湾镇,携程,20:00,18,388
2026-10-28,m15,花水湾青瓦客栈,花水湾镇,飞猪,20:00,19,385
2026-10-28,m15,花水湾青瓦客栈,花水湾镇,去哪儿,20:00,18,381
2026-10-28,m15,花水湾青瓦客栈,花水湾镇,途家,20:00,18,390
2026-10-29,m15,花水湾青瓦客栈,花水湾镇,携程,00:00,37,329
2026-10-29,m15,花水湾青瓦客栈,花水湾镇,飞猪,00:00,36,326
2026-10-29,m15,花水湾青瓦客栈,花水湾镇,去哪儿,00:00,36,319
2026-10-29,m15,花水湾青瓦客栈,花水湾镇,途家,00:00,36,339
2026-10-29,m15,花水湾青瓦客栈,花水湾镇,携程,08:00,35,340
2026-10-29,m15,花水湾青瓦客栈,花水湾镇,飞猪,08:00,34,329
2026-10-29,m15,花水湾青瓦客栈,花水湾镇,去哪儿,08:00,34,335
2026-10-29,m15,花水湾青瓦客栈,花水湾镇,途家,08:00,34,348
2026-10-29,m15,花水湾青瓦客栈,花水湾镇,携程,14:00,32,347
2026-10-29,m15,花水湾青瓦客栈,花水湾镇,飞猪,14:00,32,344
2026-10-29,m15,花水湾青瓦客栈,花水湾镇,去哪儿,14:00,32,331
2026-10-29,m15,花水湾青瓦客栈,花水湾镇,途家,14:00,32,355
2026-10-29,m15,花水湾青瓦客栈,花水湾镇,携程,20:00,22,384
2026-10-29,m15,花水湾青瓦客栈,花水湾镇,飞猪,20:00,23,378
2026-10-29,m15,花水湾青瓦客栈,花水湾镇,去哪儿,20:00,22,366
2026-10-29,m15,花水湾青瓦客栈,花水湾镇,途家,20:00,22,391
2026-10-30,m15,花水湾青瓦客栈,花水湾镇,携程,00:00,39,317
2026-10-30,m15,花水湾青瓦客栈,花水湾镇,飞猪,00:00,40,315
2026-10-30,m15,花水湾青瓦客栈,花水湾镇,去哪儿,00:00,39,316
2026-10-30,m15,花水湾青瓦客栈,花水湾镇,途家,00:00,39,328
2026-10-30,m15,花水湾青瓦客栈,花水湾镇,携程,08:00,37,327
2026-10-30,m15,花水湾青瓦客栈,花水湾镇,飞猪,08:00,37,322
2026-10-30,m15,花水湾青瓦客栈,花水湾镇,去哪儿,08:00,37,318
2026-10-30,m15,花水湾青瓦客栈,花水湾镇,途家,08:00,37,337
2026-10-30,m15,花水湾青瓦客栈,花水湾镇,携程,14:00,30,358
2026-10-30,m15,花水湾青瓦客栈,花水湾镇,飞猪,14:00,29,354
2026-10-30,m15,花水湾青瓦客栈,花水湾镇,去哪儿,14:00,29,341
2026-10-30,m15,花水湾青瓦客栈,花水湾镇,途家,14:00,29,357
2026-10-30,m15,花水湾青瓦客栈,花水湾镇,携程,20:00,20,384
2026-10-30,m15,花水湾青瓦客栈,花水湾镇,飞猪,20:00,21,383
2026-10-30,m15,花水湾青瓦客栈,花水湾镇,去哪儿,20:00,20,374
2026-10-30,m15,花水湾青瓦客栈,花水湾镇,途家,20:00,20,385
2026-10-31,m15,花水湾青瓦客栈,花水湾镇,携程,00:00,37,438
2026-10-31,m15,花水湾青瓦客栈,花水湾镇,飞猪,00:00,37,423
2026-10-31,m15,花水湾青瓦客栈,花水湾镇,去哪儿,00:00,36,420
2026-10-31,m15,花水湾青瓦客栈,花水湾镇,途家,00:00,36,442
2026-10-31,m15,花水湾青瓦客栈,花水湾镇,携程,08:00,34,431
2026-10-31,m15,花水湾青瓦客栈,花水湾镇,飞猪,08:00,34,441
2026-10-31,m15,花水湾青瓦客栈,花水湾镇,去哪儿,08:00,34,434
2026-10-31,m15,花水湾青瓦客栈,花水湾镇,途家,08:00,34,453
2026-10-31,m15,花水湾青瓦客栈,花水湾镇,携程,14:00,25,482
2026-10-31,m15,花水湾青瓦客栈,花水湾镇,飞猪,14:00,25,476
2026-10-31,m15,花水湾青瓦客栈,花水湾镇,去哪儿,14:00,25,464
2026-10-31,m15,花水湾青瓦客栈,花水湾镇,途家,14:00,25,488
2026-10-31,m15,花水湾青瓦客栈,花水湾镇,携程,20:00,9,557
2026-10-31,m15,花水湾青瓦客栈,花水湾镇,飞猪,20:00,8,539
2026-10-31,m15,花水湾青瓦客栈,花水湾镇,去哪儿,20:00,8,542
2026-10-31,m15,花水湾青瓦客栈,花水湾镇,途家,20:00,8,567
2026-10-01,m16,花水湾小筑温泉民宿,花水湾镇,携程,00:00,13,1513
2026-10-01,m16,花水湾小筑温泉民宿,花水湾镇,美团,00:00,12,1497
2026-10-01,m16,花水湾小筑温泉民宿,花水湾镇,飞猪,00:00,13,1554
2026-10-01,m16,花水湾小筑温泉民宿,花水湾镇,途家,00:00,12,1573
2026-10-01,m16,花水湾小筑温泉民宿,花水湾镇,携程,08:00,11,1609
2026-10-01,m16,花水湾小筑温泉民宿,花水湾镇,美团,08:00,12,1549
2026-10-01,m16,花水湾小筑温泉民宿,花水湾镇,飞猪,08:00,12,1576
2026-10-01,m16,花水湾小筑温泉民宿,花水湾镇,途家,08:00,11,1590
2026-10-01,m16,花水湾小筑温泉民宿,花水湾镇,携程,14:00,8,1697
2026-10-01,m16,花水湾小筑温泉民宿,花水湾镇,美团,14:00,8,1623
2026-10-01,m16,花水湾小筑温泉民宿,花水湾镇,飞猪,14:00,9,1650
2026-10-01,m16,花水湾小筑温泉民宿,花水湾镇,途家,14:00,8,1736
2026-10-01,m16,花水湾小筑温泉民宿,花水湾镇,携程,20:00,2,1895
2026-10-01,m16,花水湾小筑温泉民宿,花水湾镇,美团,20:00,2,1817
2026-10-01,m16,花水湾小筑温泉民宿,花水湾镇,飞猪,20:00,2,1875
2026-10-01,m16,花水湾小筑温泉民宿,花水湾镇,途家,20:00,2,1906
2026-10-02,m16,花水湾小筑温泉民宿,花水湾镇,携程,00:00,13,1549
2026-10-02,m16,花水湾小筑温泉民宿,花水湾镇,美团,00:00,13,1496
2026-10-02,m16,花水湾小筑温泉民宿,花水湾镇,飞猪,00:00,13,1549
2026-10-02,m16,花水湾小筑温泉民宿,花水湾镇,途家,00:00,12,1587
2026-10-02,m16,花水湾小筑温泉民宿,花水湾镇,携程,08:00,12,1608
2026-10-02,m16,花水湾小筑温泉民宿,花水湾镇,美团,08:00,11,1504
2026-10-02,m16,花水湾小筑温泉民宿,花水湾镇,飞猪,08:00,11,1571
2026-10-02,m16,花水湾小筑温泉民宿,花水湾镇,途家,08:00,11,1630
2026-10-02,m16,花水湾小筑温泉民宿,花水湾镇,携程,14:00,7,1713
2026-10-02,m16,花水湾小筑温泉民宿,花水湾镇,美团,14:00,7,1693
2026-10-02,m16,花水湾小筑温泉民宿,花水湾镇,飞猪,14:00,7,1678
2026-10-02,m16,花水湾小筑温泉民宿,花水湾镇,途家,14:00,7,1790
2026-10-02,m16,花水湾小筑温泉民宿,花水湾镇,携程,20:00,0,1971
2026-10-02,m16,花水湾小筑温泉民宿,花水湾镇,美团,20:00,0,1935
2026-10-02,m16,花水湾小筑温泉民宿,花水湾镇,飞猪,20:00,0,1922
2026-10-02,m16,花水湾小筑温泉民宿,花水湾镇,途家,20:00,0,2039
2026-10-03,m16,花水湾小筑温泉民宿,花水湾镇,携程,00:00,16,1427
2026-10-03,m16,花水湾小筑温泉民宿,花水湾镇,美团,00:00,16,1398
2026-10-03,m16,花水湾小筑温泉民宿,花水湾镇,飞猪,00:00,16,1420
2026-10-03,m16,花水湾小筑温泉民宿,花水湾镇,途家,00:00,15,1459
2026-10-03,m16,花水湾小筑温泉民宿,花水湾镇,携程,08:00,14,1475
2026-10-03,m16,花水湾小筑温泉民宿,花水湾镇,美团,08:00,14,1409
2026-10-03,m16,花水湾小筑温泉民宿,花水湾镇,飞猪,08:00,14,1459
2026-10-03,m16,花水湾小筑温泉民宿,花水湾镇,途家,08:00,14,1491
2026-10-03,m16,花水湾小筑温泉民宿,花水湾镇,携程,14:00,9,1649
2026-10-03,m16,花水湾小筑温泉民宿,花水湾镇,美团,14:00,10,1605
2026-10-03,m16,花水湾小筑温泉民宿,花水湾镇,飞猪,14:00,9,1645
2026-10-03,m16,花水湾小筑温泉民宿,花水湾镇,途家,14:00,9,1650
2026-10-03,m16,花水湾小筑温泉民宿,花水湾镇,携程,20:00,3,1900
2026-10-03,m16,花水湾小筑温泉民宿,花水湾镇,美团,20:00,3,1817
2026-10-03,m16,花水湾小筑温泉民宿,花水湾镇,飞猪,20:00,3,1853
2026-10-03,m16,花水湾小筑温泉民宿,花水湾镇,途家,20:00,2,1911
2026-10-04,m16,花水湾小筑温泉民宿,花水湾镇,携程,00:00,17,1378
2026-10-04,m16,花水湾小筑温泉民宿,花水湾镇,美团,00:00,17,1300
2026-10-04,m16,花水湾小筑温泉民宿,花水湾镇,飞猪,00:00,17,1353
2026-10-04,m16,花水湾小筑温泉民宿,花水湾镇,途家,00:00,17,1410
2026-10-04,m16,花水湾小筑温泉民宿,花水湾镇,携程,08:00,16,1408
2026-10-04,m16,花水湾小筑温泉民宿,花水湾镇,美团,08:00,17,1356
2026-10-04,m16,花水湾小筑温泉民宿,花水湾镇,飞猪,08:00,17,1388
2026-10-04,m16,花水湾小筑温泉民宿,花水湾镇,途家,08:00,16,1444
2026-10-04,m16,花水湾小筑温泉民宿,花水湾镇,携程,14:00,11,1631
2026-10-04,m16,花水湾小筑温泉民宿,花水湾镇,美团,14:00,11,1579
2026-10-04,m16,花水湾小筑温泉民宿,花水湾镇,飞猪,14:00,10,1599
2026-10-04,m16,花水湾小筑温泉民宿,花水湾镇,途家,14:00,10,1648
2026-10-04,m16,花水湾小筑温泉民宿,花水湾镇,携程,20:00,1,1948
2026-10-04,m16,花水湾小筑温泉民宿,花水湾镇,美团,20:00,2,1889
2026-10-04,m16,花水湾小筑温泉民宿,花水湾镇,飞猪,20:00,2,1881
2026-10-04,m16,花水湾小筑温泉民宿,花水湾镇,途家,20:00,1,1975
2026-10-05,m16,花水湾小筑温泉民宿,花水湾镇,携程,00:00,15,1471
2026-10-05,m16,花水湾小筑温泉民宿,花水湾镇,美团,00:00,14,1427
2026-10-05,m16,花水湾小筑温泉民宿,花水湾镇,飞猪,00:00,14,1445
2026-10-05,m16,花水湾小筑温泉民宿,花水湾镇,途家,00:00,14,1528
2026-10-05,m16,花水湾小筑温泉民宿,花水湾镇,携程,08:00,14,1473
2026-10-05,m16,花水湾小筑温泉民宿,花水湾镇,美团,08:00,15,1415
2026-10-05,m16,花水湾小筑温泉民宿,花水湾镇,飞猪,08:00,15,1436
2026-10-05,m16,花水湾小筑温泉民宿,花水湾镇,途家,08:00,14,1516
2026-10-05,m16,花水湾小筑温泉民宿,花水湾镇,携程,14:00,12,1531
2026-10-05,m16,花水湾小筑温泉民宿,花水湾镇,美团,14:00,12,1525
2026-10-05,m16,花水湾小筑温泉民宿,花水湾镇,飞猪,14:00,12,1512
2026-10-05,m16,花水湾小筑温泉民宿,花水湾镇,途家,14:00,12,1562
2026-10-05,m16,花水湾小筑温泉民宿,花水湾镇,携程,20:00,1,1905
2026-10-05,m16,花水湾小筑温泉民宿,花水湾镇,美团,20:00,1,1875
2026-10-05,m16,花水湾小筑温泉民宿,花水湾镇,飞猪,20:00,2,1944
2026-10-05,m16,花水湾小筑温泉民宿,花水湾镇,途家,20:00,1,1993
2026-10-06,m16,花水湾小筑温泉民宿,花水湾镇,携程,00:00,13,1526
2026-10-06,m16,花水湾小筑温泉民宿,花水湾镇,美团,00:00,13,1479
2026-10-06,m16,花水湾小筑温泉民宿,花水湾镇,飞猪,00:00,13,1473
2026-10-06,m16,花水湾小筑温泉民宿,花水湾镇,途家,00:00,13,1507
2026-10-06,m16,花水湾小筑温泉民宿,花水湾镇,携程,08:00,13,1527
2026-10-06,m16,花水湾小筑温泉民宿,花水湾镇,美团,08:00,13,1501
2026-10-06,m16,花水湾小筑温泉民宿,花水湾镇,飞猪,08:00,12,1551
2026-10-06,m16,花水湾小筑温泉民宿,花水湾镇,途家,08:00,12,1572
2026-10-06,m16,花水湾小筑温泉民宿,花水湾镇,携程,14:00,10,1620
2026-10-06,m16,花水湾小筑温泉民宿,花水湾镇,美团,14:00,9,1618
2026-10-06,m16,花水湾小筑温泉民宿,花水湾镇,飞猪,14:00,9,1619
2026-10-06,m16,花水湾小筑温泉民宿,花水湾镇,途家,14:00,9,1651
2026-10-06,m16,花水湾小筑温泉民宿,花水湾镇,携程,20:00,1,1974
2026-10-06,m16,花水湾小筑温泉民宿,花水湾镇,美团,20:00,0,1922
2026-10-06,m16,花水湾小筑温泉民宿,花水湾镇,飞猪,20:00,0,1987
2026-10-06,m16,花水湾小筑温泉民宿,花水湾镇,途家,20:00,0,2001
2026-10-07,m16,花水湾小筑温泉民宿,花水湾镇,携程,00:00,11,1620
2026-10-07,m16,花水湾小筑温泉民宿,花水湾镇,美团,00:00,11,1567
2026-10-07,m16,花水湾小筑温泉民宿,花水湾镇,飞猪,00:00,10,1567
2026-10-07,m16,花水湾小筑温泉民宿,花水湾镇,途家,00:00,10,1644
2026-10-07,m16,花水湾小筑温泉民宿,花水湾镇,携程,08:00,8,1713
2026-10-07,m16,花水湾小筑温泉民宿,花水湾镇,美团,08:00,9,1637
2026-10-07,m16,花水湾小筑温泉民宿,花水湾镇,飞猪,08:00,8,1677
2026-10-07,m16,花水湾小筑温泉民宿,花水湾镇,途家,08:00,8,1740
2026-10-07,m16,花水湾小筑温泉民宿,花水湾镇,携程,14:00,7,1721
2026-10-07,m16,花水湾小筑温泉民宿,花水湾镇,美团,14:00,7,1651
2026-10-07,m16,花水湾小筑温泉民宿,花水湾镇,飞猪,14:00,7,1682
2026-10-07,m16,花水湾小筑温泉民宿,花水湾镇,途家,14:00,7,1767
2026-10-07,m16,花水湾小筑温泉民宿,花水湾镇,携程,20:00,4,1842
2026-10-07,m16,花水湾小筑温泉民宿,花水湾镇,美团,20:00,3,1806
2026-10-07,m16,花水湾小筑温泉民宿,花水湾镇,飞猪,20:00,3,1864
2026-10-07,m16,花水湾小筑温泉民宿,花水湾镇,途家,20:00,3,1869
2026-10-08,m16,花水湾小筑温泉民宿,花水湾镇,携程,00:00,12,1533
2026-10-08,m16,花水湾小筑温泉民宿,花水湾镇,美团,00:00,12,1503
2026-10-08,m16,花水湾小筑温泉民宿,花水湾镇,飞猪,00:00,13,1510
2026-10-08,m16,花水湾小筑温泉民宿,花水湾镇,途家,00:00,12,1581
2026-10-08,m16,花水湾小筑温泉民宿,花水湾镇,携程,08:00,11,1575
2026-10-08,m16,花水湾小筑温泉民宿,花水湾镇,美团,08:00,12,1523
2026-10-08,m16,花水湾小筑温泉民宿,花水湾镇,飞猪,08:00,11,1586
2026-10-08,m16,花水湾小筑温泉民宿,花水湾镇,途家,08:00,11,1618
2026-10-08,m16,花水湾小筑温泉民宿,花水湾镇,携程,14:00,9,1665
2026-10-08,m16,花水湾小筑温泉民宿,花水湾镇,美团,14:00,8,1606
2026-10-08,m16,花水湾小筑温泉民宿,花水湾镇,飞猪,14:00,8,1675
2026-10-08,m16,花水湾小筑温泉民宿,花水湾镇,途家,14:00,8,1738
2026-10-08,m16,花水湾小筑温泉民宿,花水湾镇,携程,20:00,2,1920
2026-10-08,m16,花水湾小筑温泉民宿,花水湾镇,美团,20:00,2,1902
2026-10-08,m16,花水湾小筑温泉民宿,花水湾镇,飞猪,20:00,2,1932
2026-10-08,m16,花水湾小筑温泉民宿,花水湾镇,途家,20:00,1,1983
2026-10-09,m16,花水湾小筑温泉民宿,花水湾镇,携程,00:00,15,705
2026-10-09,m16,花水湾小筑温泉民宿,花水湾镇,美团,00:00,15,685
2026-10-09,m16,花水湾小筑温泉民宿,花水湾镇,飞猪,00:00,15,712
2026-10-09,m16,花水湾小筑温泉民宿,花水湾镇,途家,00:00,15,731
2026-10-09,m16,花水湾小筑温泉民宿,花水湾镇,携程,08:00,14,766
2026-10-09,m16,花水湾小筑温泉民宿,花水湾镇,美团,08:00,13,721
2026-10-09,m16,花水湾小筑温泉民宿,花水湾镇,飞猪,08:00,14,760
2026-10-09,m16,花水湾小筑温泉民宿,花水湾镇,途家,08:00,13,783
2026-10-09,m16,花水湾小筑温泉民宿,花水湾镇,携程,14:00,13,780
2026-10-09,m16,花水湾小筑温泉民宿,花水湾镇,美团,14:00,13,761
2026-10-09,m16,花水湾小筑温泉民宿,花水湾镇,飞猪,14:00,12,768
2026-10-09,m16,花水湾小筑温泉民宿,花水湾镇,途家,14:00,12,774
2026-10-09,m16,花水湾小筑温泉民宿,花水湾镇,携程,20:00,9,836
2026-10-09,m16,花水湾小筑温泉民宿,花水湾镇,美团,20:00,10,804
2026-10-09,m16,花水湾小筑温泉民宿,花水湾镇,飞猪,20:00,9,815
2026-10-09,m16,花水湾小筑温泉民宿,花水湾镇,途家,20:00,9,831
2026-10-10,m16,花水湾小筑温泉民宿,花水湾镇,携程,00:00,12,985
2026-10-10,m16,花水湾小筑温泉民宿,花水湾镇,美团,00:00,12,962
2026-10-10,m16,花水湾小筑温泉民宿,花水湾镇,飞猪,00:00,12,987
2026-10-10,m16,花水湾小筑温泉民宿,花水湾镇,途家,00:00,12,1001
2026-10-10,m16,花水湾小筑温泉民宿,花水湾镇,携程,08:00,11,1010
2026-10-10,m16,花水湾小筑温泉民宿,花水湾镇,美团,08:00,11,1001
2026-10-10,m16,花水湾小筑温泉民宿,花水湾镇,飞猪,08:00,12,1000
2026-10-10,m16,花水湾小筑温泉民宿,花水湾镇,途家,08:00,11,1055
2026-10-10,m16,花水湾小筑温泉民宿,花水湾镇,携程,14:00,7,1109
2026-10-10,m16,花水湾小筑温泉民宿,花水湾镇,美团,14:00,7,1092
2026-10-10,m16,花水湾小筑温泉民宿,花水湾镇,飞猪,14:00,7,1098
2026-10-10,m16,花水湾小筑温泉民宿,花水湾镇,途家,14:00,7,1157
2026-10-10,m16,花水湾小筑温泉民宿,花水湾镇,携程,20:00,2,1251
2026-10-10,m16,花水湾小筑温泉民宿,花水湾镇,美团,20:00,2,1201
2026-10-10,m16,花水湾小筑温泉民宿,花水湾镇,飞猪,20:00,2,1228
2026-10-10,m16,花水湾小筑温泉民宿,花水湾镇,途家,20:00,2,1283
2026-10-11,m16,花水湾小筑温泉民宿,花水湾镇,携程,00:00,15,938
2026-10-11,m16,花水湾小筑温泉民宿,花水湾镇,美团,00:00,15,910
2026-10-11,m16,花水湾小筑温泉民宿,花水湾镇,飞猪,00:00,16,904
2026-10-11,m16,花水湾小筑温泉民宿,花水湾镇,途家,00:00,15,945
2026-10-11,m16,花水湾小筑温泉民宿,花水湾镇,携程,08:00,15,973
2026-10-11,m16,花水湾小筑温泉民宿,花水湾镇,美团,08:00,14,916
2026-10-11,m16,花水湾小筑温泉民宿,花水湾镇,飞猪,08:00,15,956
2026-10-11,m16,花水湾小筑温泉民宿,花水湾镇,途家,08:00,14,956
2026-10-11,m16,花水湾小筑温泉民宿,花水湾镇,携程,14:00,10,1054
2026-10-11,m16,花水湾小筑温泉民宿,花水湾镇,美团,14:00,10,1029
2026-10-11,m16,花水湾小筑温泉民宿,花水湾镇,飞猪,14:00,10,1054
2026-10-11,m16,花水湾小筑温泉民宿,花水湾镇,途家,14:00,10,1083
2026-10-11,m16,花水湾小筑温泉民宿,花水湾镇,携程,20:00,1,1264
2026-10-11,m16,花水湾小筑温泉民宿,花水湾镇,美团,20:00,2,1204
2026-10-11,m16,花水湾小筑温泉民宿,花水湾镇,飞猪,20:00,1,1254
2026-10-11,m16,花水湾小筑温泉民宿,花水湾镇,途家,20:00,1,1287
2026-10-12,m16,花水湾小筑温泉民宿,花水湾镇,携程,00:00,14,724
2026-10-12,m16,花水湾小筑温泉民宿,花水湾镇,美团,00:00,14,708
2026-10-12,m16,花水湾小筑温泉民宿,花水湾镇,飞猪,00:00,14,722
2026-10-12,m16,花水湾小筑温泉民宿,花水湾镇,途家,00:00,14,744
2026-10-12,m16,花水湾小筑温泉民宿,花水湾镇,携程,08:00,15,745
2026-10-12,m16,花水湾小筑温泉民宿,花水湾镇,美团,08:00,14,705
2026-10-12,m16,花水湾小筑温泉民宿,花水湾镇,飞猪,08:00,14,721
2026-10-12,m16,花水湾小筑温泉民宿,花水湾镇,途家,08:00,14,741
2026-10-12,m16,花水湾小筑温泉民宿,花水湾镇,携程,14:00,12,804
2026-10-12,m16,花水湾小筑温泉民宿,花水湾镇,美团,14:00,12,752
2026-10-12,m16,花水湾小筑温泉民宿,花水湾镇,飞猪,14:00,11,775
2026-10-12,m16,花水湾小筑温泉民宿,花水湾镇,途家,14:00,11,801
2026-10-12,m16,花水湾小筑温泉民宿,花水湾镇,携程,20:00,6,903
2026-10-12,m16,花水湾小筑温泉民宿,花水湾镇,美团,20:00,5,873
2026-10-12,m16,花水湾小筑温泉民宿,花水湾镇,飞猪,20:00,5,900
2026-10-12,m16,花水湾小筑温泉民宿,花水湾镇,途家,20:00,5,919
2026-10-13,m16,花水湾小筑温泉民宿,花水湾镇,携程,00:00,17,708
2026-10-13,m16,花水湾小筑温泉民宿,花水湾镇,美团,00:00,16,674
2026-10-13,m16,花水湾小筑温泉民宿,花水湾镇,飞猪,00:00,16,681
2026-10-13,m16,花水湾小筑温泉民宿,花水湾镇,途家,00:00,16,715
2026-10-13,m16,花水湾小筑温泉民宿,花水湾镇,携程,08:00,16,687
2026-10-13,m16,花水湾小筑温泉民宿,花水湾镇,美团,08:00,17,685
2026-10-13,m16,花水湾小筑温泉民宿,花水湾镇,飞猪,08:00,16,696
2026-10-13,m16,花水湾小筑温泉民宿,花水湾镇,途家,08:00,16,704
2026-10-13,m16,花水湾小筑温泉民宿,花水湾镇,携程,14:00,11,780
2026-10-13,m16,花水湾小筑温泉民宿,花水湾镇,美团,14:00,12,781
2026-10-13,m16,花水湾小筑温泉民宿,花水湾镇,飞猪,14:00,11,778
2026-10-13,m16,花水湾小筑温泉民宿,花水湾镇,途家,14:00,11,789
2026-10-13,m16,花水湾小筑温泉民宿,花水湾镇,携程,20:00,7,850
2026-10-13,m16,花水湾小筑温泉民宿,花水湾镇,美团,20:00,7,836
2026-10-13,m16,花水湾小筑温泉民宿,花水湾镇,飞猪,20:00,8,839
2026-10-13,m16,花水湾小筑温泉民宿,花水湾镇,途家,20:00,7,865
2026-10-14,m16,花水湾小筑温泉民宿,花水湾镇,携程,00:00,17,681
2026-10-14,m16,花水湾小筑温泉民宿,花水湾镇,美团,00:00,17,667
2026-10-14,m16,花水湾小筑温泉民宿,花水湾镇,飞猪,00:00,17,672
2026-10-14,m16,花水湾小筑温泉民宿,花水湾镇,途家,00:00,17,703
2026-10-14,m16,花水湾小筑温泉民宿,花水湾镇,携程,08:00,17,674
2026-10-14,m16,花水湾小筑温泉民宿,花水湾镇,美团,08:00,17,671
2026-10-14,m16,花水湾小筑温泉民宿,花水湾镇,飞猪,08:00,17,678
2026-10-14,m16,花水湾小筑温泉民宿,花水湾镇,途家,08:00,17,698
2026-10-14,m16,花水湾小筑温泉民宿,花水湾镇,携程,14:00,14,724
2026-10-14,m16,花水湾小筑温泉民宿,花水湾镇,美团,14:00,15,718
2026-10-14,m16,花水湾小筑温泉民宿,花水湾镇,飞猪,14:00,14,716
2026-10-14,m16,花水湾小筑温泉民宿,花水湾镇,途家,14:00,14,752
2026-10-14,m16,花水湾小筑温泉民宿,花水湾镇,携程,20:00,7,862
2026-10-14,m16,花水湾小筑温泉民宿,花水湾镇,美团,20:00,8,826
2026-10-14,m16,花水湾小筑温泉民宿,花水湾镇,飞猪,20:00,8,851
2026-10-14,m16,花水湾小筑温泉民宿,花水湾镇,途家,20:00,7,894
2026-10-15,m16,花水湾小筑温泉民宿,花水湾镇,携程,00:00,14,749
2026-10-15,m16,花水湾小筑温泉民宿,花水湾镇,美团,00:00,13,740
2026-10-15,m16,花水湾小筑温泉民宿,花水湾镇,飞猪,00:00,13,751
2026-10-15,m16,花水湾小筑温泉民宿,花水湾镇,途家,00:00,13,767
2026-10-15,m16,花水湾小筑温泉民宿,花水湾镇,携程,08:00,13,765
2026-10-15,m16,花水湾小筑温泉民宿,花水湾镇,美团,08:00,13,744
2026-10-15,m16,花水湾小筑温泉民宿,花水湾镇,飞猪,08:00,13,736
2026-10-15,m16,花水湾小筑温泉民宿,花水湾镇,途家,08:00,13,768
2026-10-15,m16,花水湾小筑温泉民宿,花水湾镇,携程,14:00,11,780
2026-10-15,m16,花水湾小筑温泉民宿,花水湾镇,美团,14:00,12,763
2026-10-15,m16,花水湾小筑温泉民宿,花水湾镇,飞猪,14:00,11,770
2026-10-15,m16,花水湾小筑温泉民宿,花水湾镇,途家,14:00,11,813
2026-10-15,m16,花水湾小筑温泉民宿,花水湾镇,携程,20:00,3,933
2026-10-15,m16,花水湾小筑温泉民宿,花水湾镇,美团,20:00,4,894
2026-10-15,m16,花水湾小筑温泉民宿,花水湾镇,飞猪,20:00,3,937
2026-10-15,m16,花水湾小筑温泉民宿,花水湾镇,途家,20:00,3,949
2026-10-16,m16,花水湾小筑温泉民宿,花水湾镇,携程,00:00,14,723
2026-10-16,m16,花水湾小筑温泉民宿,花水湾镇,美团,00:00,14,723
2026-10-16,m16,花水湾小筑温泉民宿,花水湾镇,飞猪,00:00,14,716
2026-10-16,m16,花水湾小筑温泉民宿,花水湾镇,途家,00:00,14,739
2026-10-16,m16,花水湾小筑温泉民宿,花水湾镇,携程,08:00,14,740
2026-10-16,m16,花水湾小筑温泉民宿,花水湾镇,美团,08:00,15,710
2026-10-16,m16,花水湾小筑温泉民宿,花水湾镇,飞猪,08:00,14,715
2026-10-16,m16,花水湾小筑温泉民宿,花水湾镇,途家,08:00,14,761
2026-10-16,m16,花水湾小筑温泉民宿,花水湾镇,携程,14:00,13,766
2026-10-16,m16,花水湾小筑温泉民宿,花水湾镇,美团,14:00,13,735
2026-10-16,m16,花水湾小筑温泉民宿,花水湾镇,飞猪,14:00,12,773
2026-10-16,m16,花水湾小筑温泉民宿,花水湾镇,途家,14:00,12,792
2026-10-16,m16,花水湾小筑温泉民宿,花水湾镇,携程,20:00,7,864
2026-10-16,m16,花水湾小筑温泉民宿,花水湾镇,美团,20:00,8,821
2026-10-16,m16,花水湾小筑温泉民宿,花水湾镇,飞猪,20:00,7,853
2026-10-16,m16,花水湾小筑温泉民宿,花水湾镇,途家,20:00,7,877
2026-10-17,m16,花水湾小筑温泉民宿,花水湾镇,携程,00:00,13,983
2026-10-17,m16,花水湾小筑温泉民宿,花水湾镇,美团,00:00,12,965
2026-10-17,m16,花水湾小筑温泉民宿,花水湾镇,飞猪,00:00,12,1000
2026-10-17,m16,花水湾小筑温泉民宿,花水湾镇,途家,00:00,12,1025
2026-10-17,m16,花水湾小筑温泉民宿,花水湾镇,携程,08:00,11,1014
2026-10-17,m16,花水湾小筑温泉民宿,花水湾镇,美团,08:00,12,985
2026-10-17,m16,花水湾小筑温泉民宿,花水湾镇,飞猪,08:00,11,1003
2026-10-17,m16,花水湾小筑温泉民宿,花水湾镇,途家,08:00,11,1045
2026-10-17,m16,花水湾小筑温泉民宿,花水湾镇,携程,14:00,8,1129
2026-10-17,m16,花水湾小筑温泉民宿,花水湾镇,美团,14:00,8,1066
2026-10-17,m16,花水湾小筑温泉民宿,花水湾镇,飞猪,14:00,8,1103
2026-10-17,m16,花水湾小筑温泉民宿,花水湾镇,途家,14:00,7,1155
2026-10-17,m16,花水湾小筑温泉民宿,花水湾镇,携程,20:00,2,1247
2026-10-17,m16,花水湾小筑温泉民宿,花水湾镇,美团,20:00,2,1187
2026-10-17,m16,花水湾小筑温泉民宿,花水湾镇,飞猪,20:00,3,1226
2026-10-17,m16,花水湾小筑温泉民宿,花水湾镇,途家,20:00,2,1265
2026-10-18,m16,花水湾小筑温泉民宿,花水湾镇,携程,00:00,15,957
2026-10-18,m16,花水湾小筑温泉民宿,花水湾镇,美团,00:00,14,934
2026-10-18,m16,花水湾小筑温泉民宿,花水湾镇,飞猪,00:00,14,930
2026-10-18,m16,花水湾小筑温泉民宿,花水湾镇,途家,00:00,14,985
2026-10-18,m16,花水湾小筑温泉民宿,花水湾镇,携程,08:00,14,946
2026-10-18,m16,花水湾小筑温泉民宿,花水湾镇,美团,08:00,14,935
2026-10-18,m16,花水湾小筑温泉民宿,花水湾镇,飞猪,08:00,14,958
2026-10-18,m16,花水湾小筑温泉民宿,花水湾镇,途家,08:00,14,968
2026-10-18,m16,花水湾小筑温泉民宿,花水湾镇,携程,14:00,12,1037
2026-10-18,m16,花水湾小筑温泉民宿,花水湾镇,美团,14:00,12,996
2026-10-18,m16,花水湾小筑温泉民宿,花水湾镇,飞猪,14:00,12,1025
2026-10-18,m16,花水湾小筑温泉民宿,花水湾镇,途家,14:00,11,1031
2026-10-18,m16,花水湾小筑温泉民宿,花水湾镇,携程,20:00,2,1245
2026-10-18,m16,花水湾小筑温泉民宿,花水湾镇,美团,20:00,3,1188
2026-10-18,m16,花水湾小筑温泉民宿,花水湾镇,飞猪,20:00,2,1236
2026-10-18,m16,花水湾小筑温泉民宿,花水湾镇,途家,20:00,2,1245
2026-10-19,m16,花水湾小筑温泉民宿,花水湾镇,携程,00:00,16,702
2026-10-19,m16,花水湾小筑温泉民宿,花水湾镇,美团,00:00,17,686
2026-10-19,m16,花水湾小筑温泉民宿,花水湾镇,飞猪,00:00,16,681
2026-10-19,m16,花水湾小筑温泉民宿,花水湾镇,途家,00:00,16,725
2026-10-19,m16,花水湾小筑温泉民宿,花水湾镇,携程,08:00,16,686
2026-10-19,m16,花水湾小筑温泉民宿,花水湾镇,美团,08:00,16,677
2026-10-19,m16,花水湾小筑温泉民宿,花水湾镇,飞猪,08:00,16,701
2026-10-19,m16,花水湾小筑温泉民宿,花水湾镇,途家,08:00,16,709
2026-10-19,m16,花水湾小筑温泉民宿,花水湾镇,携程,14:00,15,724
2026-10-19,m16,花水湾小筑温泉民宿,花水湾镇,美团,14:00,15,703
2026-10-19,m16,花水湾小筑温泉民宿,花水湾镇,飞猪,14:00,15,700
2026-10-19,m16,花水湾小筑温泉民宿,花水湾镇,途家,14:00,15,738
2026-10-19,m16,花水湾小筑温泉民宿,花水湾镇,携程,20:00,6,879
2026-10-19,m16,花水湾小筑温泉民宿,花水湾镇,美团,20:00,6,864
2026-10-19,m16,花水湾小筑温泉民宿,花水湾镇,飞猪,20:00,6,875
2026-10-19,m16,花水湾小筑温泉民宿,花水湾镇,途家,20:00,6,908
2026-10-20,m16,花水湾小筑温泉民宿,花水湾镇,携程,00:00,16,705
2026-10-20,m16,花水湾小筑温泉民宿,花水湾镇,美团,00:00,17,678
2026-10-20,m16,花水湾小筑温泉民宿,花水湾镇,飞猪,00:00,16,698
2026-10-20,m16,花水湾小筑温泉民宿,花水湾镇,途家,00:00,16,710
2026-10-20,m16,花水湾小筑温泉民宿,花水湾镇,携程,08:00,16,693
2026-10-20,m16,花水湾小筑温泉民宿,花水湾镇,美团,08:00,17,676
2026-10-20,m16,花水湾小筑温泉民宿,花水湾镇,飞猪,08:00,16,686
2026-10-20,m16,花水湾小筑温泉民宿,花水湾镇,途家,08:00,16,714
2026-10-20,m16,花水湾小筑温泉民宿,花水湾镇,携程,14:00,11,795
2026-10-20,m16,花水湾小筑温泉民宿,花水湾镇,美团,14:00,11,790
2026-10-20,m16,花水湾小筑温泉民宿,花水湾镇,飞猪,14:00,10,800
2026-10-20,m16,花水湾小筑温泉民宿,花水湾镇,途家,14:00,10,812
2026-10-20,m16,花水湾小筑温泉民宿,花水湾镇,携程,20:00,7,877
2026-10-20,m16,花水湾小筑温泉民宿,花水湾镇,美团,20:00,6,864
2026-10-20,m16,花水湾小筑温泉民宿,花水湾镇,飞猪,20:00,7,887
2026-10-20,m16,花水湾小筑温泉民宿,花水湾镇,途家,20:00,6,912
2026-10-21,m16,花水湾小筑温泉民宿,花水湾镇,携程,00:00,14,742
2026-10-21,m16,花水湾小筑温泉民宿,花水湾镇,美团,00:00,14,721
2026-10-21,m16,花水湾小筑温泉民宿,花水湾镇,飞猪,00:00,14,733
2026-10-21,m16,花水湾小筑温泉民宿,花水湾镇,途家,00:00,14,752
2026-10-21,m16,花水湾小筑温泉民宿,花水湾镇,携程,08:00,15,736
2026-10-21,m16,花水湾小筑温泉民宿,花水湾镇,美团,08:00,14,710
2026-10-21,m16,花水湾小筑温泉民宿,花水湾镇,飞猪,08:00,14,722
2026-10-21,m16,花水湾小筑温泉民宿,花水湾镇,途家,08:00,14,737
2026-10-21,m16,花水湾小筑温泉民宿,花水湾镇,携程,14:00,13,767
2026-10-21,m16,花水湾小筑温泉民宿,花水湾镇,美团,14:00,14,744
2026-10-21,m16,花水湾小筑温泉民宿,花水湾镇,飞猪,14:00,13,742
2026-10-21,m16,花水湾小筑温泉民宿,花水湾镇,途家,14:00,13,774
2026-10-21,m16,花水湾小筑温泉民宿,花水湾镇,携程,20:00,9,819
2026-10-21,m16,花水湾小筑温泉民宿,花水湾镇,美团,20:00,10,785
2026-10-21,m16,花水湾小筑温泉民宿,花水湾镇,飞猪,20:00,9,822
2026-10-21,m16,花水湾小筑温泉民宿,花水湾镇,途家,20:00,9,831
2026-10-22,m16,花水湾小筑温泉民宿,花水湾镇,携程,00:00,16,698
2026-10-22,m16,花水湾小筑温泉民宿,花水湾镇,美团,00:00,17,687
2026-10-22,m16,花水湾小筑温泉民宿,花水湾镇,飞猪,00:00,17,695
2026-10-22,m16,花水湾小筑温泉民宿,花水湾镇,途家,00:00,16,707
2026-10-22,m16,花水湾小筑温泉民宿,花水湾镇,携程,08:00,16,724
2026-10-22,m16,花水湾小筑温泉民宿,花水湾镇,美团,08:00,15,684
2026-10-22,m16,花水湾小筑温泉民宿,花水湾镇,飞猪,08:00,15,698
2026-10-22,m16,花水湾小筑温泉民宿,花水湾镇,途家,08:00,15,732
2026-10-22,m16,花水湾小筑温泉民宿,花水湾镇,携程,14:00,11,779
2026-10-22,m16,花水湾小筑温泉民宿,花水湾镇,美团,14:00,12,764
2026-10-22,m16,花水湾小筑温泉民宿,花水湾镇,飞猪,14:00,12,770
2026-10-22,m16,花水湾小筑温泉民宿,花水湾镇,途家,14:00,11,808
2026-10-22,m16,花水湾小筑温泉民宿,花水湾镇,携程,20:00,5,899
2026-10-22,m16,花水湾小筑温泉民宿,花水湾镇,美团,20:00,6,878
2026-10-22,m16,花水湾小筑温泉民宿,花水湾镇,飞猪,20:00,5,892
2026-10-22,m16,花水湾小筑温泉民宿,花水湾镇,途家,20:00,5,911
2026-10-23,m16,花水湾小筑温泉民宿,花水湾镇,携程,00:00,15,707
2026-10-23,m16,花水湾小筑温泉民宿,花水湾镇,美团,00:00,16,703
2026-10-23,m16,花水湾小筑温泉民宿,花水湾镇,飞猪,00:00,15,702
2026-10-23,m16,花水湾小筑温泉民宿,花水湾镇,途家,00:00,15,721
2026-10-23,m16,花水湾小筑温泉民宿,花水湾镇,携程,08:00,15,715
2026-10-23,m16,花水湾小筑温泉民宿,花水湾镇,美团,08:00,16,687
2026-10-23,m16,花水湾小筑温泉民宿,花水湾镇,飞猪,08:00,16,704
2026-10-23,m16,花水湾小筑温泉民宿,花水湾镇,途家,08:00,15,718
2026-10-23,m16,花水湾小筑温泉民宿,花水湾镇,携程,14:00,14,741
2026-10-23,m16,花水湾小筑温泉民宿,花水湾镇,美团,14:00,14,736
2026-10-23,m16,花水湾小筑温泉民宿,花水湾镇,飞猪,14:00,14,739
2026-10-23,m16,花水湾小筑温泉民宿,花水湾镇,途家,14:00,13,763
2026-10-23,m16,花水湾小筑温泉民宿,花水湾镇,携程,20:00,8,860
2026-10-23,m16,花水湾小筑温泉民宿,花水湾镇,美团,20:00,8,839
2026-10-23,m16,花水湾小筑温泉民宿,花水湾镇,飞猪,20:00,8,854
2026-10-23,m16,花水湾小筑温泉民宿,花水湾镇,途家,20:00,7,867
2026-10-24,m16,花水湾小筑温泉民宿,花水湾镇,携程,00:00,14,938
2026-10-24,m16,花水湾小筑温泉民宿,花水湾镇,美团,00:00,14,941
2026-10-24,m16,花水湾小筑温泉民宿,花水湾镇,飞猪,00:00,15,934
2026-10-24,m16,花水湾小筑温泉民宿,花水湾镇,途家,00:00,14,966
2026-10-24,m16,花水湾小筑温泉民宿,花水湾镇,携程,08:00,10,1038
2026-10-24,m16,花水湾小筑温泉民宿,花水湾镇,美团,08:00,10,1023
2026-10-24,m16,花水湾小筑温泉民宿,花水湾镇,飞猪,08:00,10,1048
2026-10-24,m16,花水湾小筑温泉民宿,花水湾镇,途家,08:00,10,1056
2026-10-24,m16,花水湾小筑温泉民宿,花水湾镇,携程,14:00,7,1109
2026-10-24,m16,花水湾小筑温泉民宿,花水湾镇,美团,14:00,8,1100
2026-10-24,m16,花水湾小筑温泉民宿,花水湾镇,飞猪,14:00,8,1101
2026-10-24,m16,花水湾小筑温泉民宿,花水湾镇,途家,14:00,7,1159
2026-10-24,m16,花水湾小筑温泉民宿,花水湾镇,携程,20:00,1,1255
2026-10-24,m16,花水湾小筑温泉民宿,花水湾镇,美团,20:00,2,1206
2026-10-24,m16,花水湾小筑温泉民宿,花水湾镇,飞猪,20:00,1,1268
2026-10-24,m16,花水湾小筑温泉民宿,花水湾镇,途家,20:00,1,1300
2026-10-25,m16,花水湾小筑温泉民宿,花水湾镇,携程,00:00,14,948
2026-10-25,m16,花水湾小筑温泉民宿,花水湾镇,美团,00:00,15,936
2026-10-25,m16,花水湾小筑温泉民宿,花水湾镇,飞猪,00:00,14,951
2026-10-25,m16,花水湾小筑温泉民宿,花水湾镇,途家,00:00,14,966
2026-10-25,m16,花水湾小筑温泉民宿,花水湾镇,携程,08:00,14,977
2026-10-25,m16,花水湾小筑温泉民宿,花水湾镇,美团,08:00,14,940
2026-10-25,m16,花水湾小筑温泉民宿,花水湾镇,飞猪,08:00,13,984
2026-10-25,m16,花水湾小筑温泉民宿,花水湾镇,途家,08:00,13,984
2026-10-25,m16,花水湾小筑温泉民宿,花水湾镇,携程,14:00,8,1108
2026-10-25,m16,花水湾小筑温泉民宿,花水湾镇,美团,14:00,8,1070
2026-10-25,m16,花水湾小筑温泉民宿,花水湾镇,飞猪,14:00,8,1101
2026-10-25,m16,花水湾小筑温泉民宿,花水湾镇,途家,14:00,8,1099
2026-10-25,m16,花水湾小筑温泉民宿,花水湾镇,携程,20:00,1,1246
2026-10-25,m16,花水湾小筑温泉民宿,花水湾镇,美团,20:00,2,1205
2026-10-25,m16,花水湾小筑温泉民宿,花水湾镇,飞猪,20:00,1,1266
2026-10-25,m16,花水湾小筑温泉民宿,花水湾镇,途家,20:00,1,1278
2026-10-26,m16,花水湾小筑温泉民宿,花水湾镇,携程,00:00,16,706
2026-10-26,m16,花水湾小筑温泉民宿,花水湾镇,美团,00:00,17,684
2026-10-26,m16,花水湾小筑温泉民宿,花水湾镇,飞猪,00:00,17,691
2026-10-26,m16,花水湾小筑温泉民宿,花水湾镇,途家,00:00,16,725
2026-10-26,m16,花水湾小筑温泉民宿,花水湾镇,携程,08:00,14,741
2026-10-26,m16,花水湾小筑温泉民宿,花水湾镇,美团,08:00,15,720
2026-10-26,m16,花水湾小筑温泉民宿,花水湾镇,飞猪,08:00,14,728
2026-10-26,m16,花水湾小筑温泉民宿,花水湾镇,途家,08:00,14,751
2026-10-26,m16,花水湾小筑温泉民宿,花水湾镇,携程,14:00,11,816
2026-10-26,m16,花水湾小筑温泉民宿,花水湾镇,美团,14:00,10,787
2026-10-26,m16,花水湾小筑温泉民宿,花水湾镇,飞猪,14:00,10,795
2026-10-26,m16,花水湾小筑温泉民宿,花水湾镇,途家,14:00,10,818
2026-10-26,m16,花水湾小筑温泉民宿,花水湾镇,携程,20:00,5,907
2026-10-26,m16,花水湾小筑温泉民宿,花水湾镇,美团,20:00,5,878
2026-10-26,m16,花水湾小筑温泉民宿,花水湾镇,飞猪,20:00,6,902
2026-10-26,m16,花水湾小筑温泉民宿,花水湾镇,途家,20:00,5,927
2026-10-27,m16,花水湾小筑温泉民宿,花水湾镇,携程,00:00,16,710
2026-10-27,m16,花水湾小筑温泉民宿,花水湾镇,美团,00:00,17,691
2026-10-27,m16,花水湾小筑温泉民宿,花水湾镇,飞猪,00:00,16,688
2026-10-27,m16,花水湾小筑温泉民宿,花水湾镇,途家,00:00,16,710
2026-10-27,m16,花水湾小筑温泉民宿,花水湾镇,携程,08:00,16,709
2026-10-27,m16,花水湾小筑温泉民宿,花水湾镇,美团,08:00,17,674
2026-10-27,m16,花水湾小筑温泉民宿,花水湾镇,飞猪,08:00,17,702
2026-10-27,m16,花水湾小筑温泉民宿,花水湾镇,途家,08:00,16,723
2026-10-27,m16,花水湾小筑温泉民宿,花水湾镇,携程,14:00,13,757
2026-10-27,m16,花水湾小筑温泉民宿,花水湾镇,美团,14:00,12,762
2026-10-27,m16,花水湾小筑温泉民宿,花水湾镇,飞猪,14:00,12,751
2026-10-27,m16,花水湾小筑温泉民宿,花水湾镇,途家,14:00,12,799
2026-10-27,m16,花水湾小筑温泉民宿,花水湾镇,携程,20:00,10,811
2026-10-27,m16,花水湾小筑温泉民宿,花水湾镇,美团,20:00,10,802
2026-10-27,m16,花水湾小筑温泉民宿,花水湾镇,飞猪,20:00,9,833
2026-10-27,m16,花水湾小筑温泉民宿,花水湾镇,途家,20:00,9,838
2026-10-28,m16,花水湾小筑温泉民宿,花水湾镇,携程,00:00,14,729
2026-10-28,m16,花水湾小筑温泉民宿,花水湾镇,美团,00:00,14,714
2026-10-28,m16,花水湾小筑温泉民宿,花水湾镇,飞猪,00:00,14,720
2026-10-28,m16,花水湾小筑温泉民宿,花水湾镇,途家,00:00,14,736
2026-10-28,m16,花水湾小筑温泉民宿,花水湾镇,携程,08:00,15,733
2026-10-28,m16,花水湾小筑温泉民宿,花水湾镇,美团,08:00,14,705
2026-10-28,m16,花水湾小筑温泉民宿,花水湾镇,飞猪,08:00,14,720
2026-10-28,m16,花水湾小筑温泉民宿,花水湾镇,途家,08:00,14,744
2026-10-28,m16,花水湾小筑温泉民宿,花水湾镇,携程,14:00,13,739
2026-10-28,m16,花水湾小筑温泉民宿,花水湾镇,美团,14:00,14,729
2026-10-28,m16,花水湾小筑温泉民宿,花水湾镇,飞猪,14:00,13,732
2026-10-28,m16,花水湾小筑温泉民宿,花水湾镇,途家,14:00,13,753
2026-10-28,m16,花水湾小筑温泉民宿,花水湾镇,携程,20:00,6,870
2026-10-28,m16,花水湾小筑温泉民宿,花水湾镇,美团,20:00,7,854
2026-10-28,m16,花水湾小筑温泉民宿,花水湾镇,飞猪,20:00,6,854
2026-10-28,m16,花水湾小筑温泉民宿,花水湾镇,途家,20:00,6,908
2026-10-29,m16,花水湾小筑温泉民宿,花水湾镇,携程,00:00,14,757
2026-10-29,m16,花水湾小筑温泉民宿,花水湾镇,美团,00:00,13,731
2026-10-29,m16,花水湾小筑温泉民宿,花水湾镇,飞猪,00:00,14,745
2026-10-29,m16,花水湾小筑温泉民宿,花水湾镇,途家,00:00,13,767
2026-10-29,m16,花水湾小筑温泉民宿,花水湾镇,携程,08:00,14,744
2026-10-29,m16,花水湾小筑温泉民宿,花水湾镇,美团,08:00,13,717
2026-10-29,m16,花水湾小筑温泉民宿,花水湾镇,飞猪,08:00,13,737
2026-10-29,m16,花水湾小筑温泉民宿,花水湾镇,途家,08:00,13,755
2026-10-29,m16,花水湾小筑温泉民宿,花水湾镇,携程,14:00,13,761
2026-10-29,m16,花水湾小筑温泉民宿,花水湾镇,美团,14:00,13,734
2026-10-29,m16,花水湾小筑温泉民宿,花水湾镇,飞猪,14:00,13,754
2026-10-29,m16,花水湾小筑温泉民宿,花水湾镇,途家,14:00,13,774
2026-10-29,m16,花水湾小筑温泉民宿,花水湾镇,携程,20:00,5,891
2026-10-29,m16,花水湾小筑温泉民宿,花水湾镇,美团,20:00,6,868
2026-10-29,m16,花水湾小筑温泉民宿,花水湾镇,飞猪,20:00,5,887
2026-10-29,m16,花水湾小筑温泉民宿,花水湾镇,途家,20:00,5,898
2026-10-30,m16,花水湾小筑温泉民宿,花水湾镇,携程,00:00,15,716
2026-10-30,m16,花水湾小筑温泉民宿,花水湾镇,美团,00:00,15,690
2026-10-30,m16,花水湾小筑温泉民宿,花水湾镇,飞猪,00:00,15,697
2026-10-30,m16,花水湾小筑温泉民宿,花水湾镇,途家,00:00,15,738
2026-10-30,m16,花水湾小筑温泉民宿,花水湾镇,携程,08:00,16,712
2026-10-30,m16,花水湾小筑温泉民宿,花水湾镇,美团,08:00,16,686
2026-10-30,m16,花水湾小筑温泉民宿,花水湾镇,飞猪,08:00,15,718
2026-10-30,m16,花水湾小筑温泉民宿,花水湾镇,途家,08:00,15,730
2026-10-30,m16,花水湾小筑温泉民宿,花水湾镇,携程,14:00,13,746
2026-10-30,m16,花水湾小筑温泉民宿,花水湾镇,美团,14:00,14,739
2026-10-30,m16,花水湾小筑温泉民宿,花水湾镇,飞猪,14:00,13,752
2026-10-30,m16,花水湾小筑温泉民宿,花水湾镇,途家,14:00,13,772
2026-10-30,m16,花水湾小筑温泉民宿,花水湾镇,携程,20:00,6,862
2026-10-30,m16,花水湾小筑温泉民宿,花水湾镇,美团,20:00,7,860
2026-10-30,m16,花水湾小筑温泉民宿,花水湾镇,飞猪,20:00,6,883
2026-10-30,m16,花水湾小筑温泉民宿,花水湾镇,途家,20:00,6,913
2026-10-31,m16,花水湾小筑温泉民宿,花水湾镇,携程,00:00,12,1014
2026-10-31,m16,花水湾小筑温泉民宿,花水湾镇,美团,00:00,13,966
2026-10-31,m16,花水湾小筑温泉民宿,花水湾镇,飞猪,00:00,12,1007
2026-10-31,m16,花水湾小筑温泉民宿,花水湾镇,途家,00:00,12,1004
2026-10-31,m16,花水湾小筑温泉民宿,花水湾镇,携程,08:00,12,1008
2026-10-31,m16,花水湾小筑温泉民宿,花水湾镇,美团,08:00,13,962
2026-10-31,m16,花水湾小筑温泉民宿,花水湾镇,飞猪,08:00,12,989
2026-10-31,m16,花水湾小筑温泉民宿,花水湾镇,途家,08:00,12,1036
2026-10-31,m16,花水湾小筑温泉民宿,花水湾镇,携程,14:00,9,1111
2026-10-31,m16,花水湾小筑温泉民宿,花水湾镇,美团,14:00,8,1068
2026-10-31,m16,花水湾小筑温泉民宿,花水湾镇,飞猪,14:00,8,1091
2026-10-31,m16,花水湾小筑温泉民宿,花水湾镇,途家,14:00,8,1129
2026-10-31,m16,花水湾小筑温泉民宿,花水湾镇,携程,20:00,0,1302
2026-10-31,m16,花水湾小筑温泉民宿,花水湾镇,美团,20:00,0,1240
2026-10-31,m16,花水湾小筑温泉民宿,花水湾镇,飞猪,20:00,0,1274
2026-10-31,m16,花水湾小筑温泉民宿,花水湾镇,途家,20:00,0,1331
2026-10-01,m17,花水湾山泉农家乐,花水湾镇,去哪儿,00:00,14,542
2026-10-01,m17,花水湾山泉农家乐,花水湾镇,途家,00:00,14,553
2026-10-01,m17,花水湾山泉农家乐,花水湾镇,去哪儿,08:00,13,553
2026-10-01,m17,花水湾山泉农家乐,花水湾镇,途家,08:00,13,573
2026-10-01,m17,花水湾山泉农家乐,花水湾镇,去哪儿,14:00,9,612
2026-10-01,m17,花水湾山泉农家乐,花水湾镇,途家,14:00,9,617
2026-10-01,m17,花水湾山泉农家乐,花水湾镇,去哪儿,20:00,2,705
2026-10-01,m17,花水湾山泉农家乐,花水湾镇,途家,20:00,2,710
2026-10-02,m17,花水湾山泉农家乐,花水湾镇,去哪儿,00:00,14,544
2026-10-02,m17,花水湾山泉农家乐,花水湾镇,途家,00:00,14,565
2026-10-02,m17,花水湾山泉农家乐,花水湾镇,去哪儿,08:00,14,541
2026-10-02,m17,花水湾山泉农家乐,花水湾镇,途家,08:00,14,555
2026-10-02,m17,花水湾山泉农家乐,花水湾镇,去哪儿,14:00,11,573
2026-10-02,m17,花水湾山泉农家乐,花水湾镇,途家,14:00,11,610
2026-10-02,m17,花水湾山泉农家乐,花水湾镇,去哪儿,20:00,2,693
2026-10-02,m17,花水湾山泉农家乐,花水湾镇,途家,20:00,2,738
2026-10-03,m17,花水湾山泉农家乐,花水湾镇,去哪儿,00:00,14,529
2026-10-03,m17,花水湾山泉农家乐,花水湾镇,途家,00:00,14,560
2026-10-03,m17,花水湾山泉农家乐,花水湾镇,去哪儿,08:00,14,537
2026-10-03,m17,花水湾山泉农家乐,花水湾镇,途家,08:00,14,566
2026-10-03,m17,花水湾山泉农家乐,花水湾镇,去哪儿,14:00,11,580
2026-10-03,m17,花水湾山泉农家乐,花水湾镇,途家,14:00,11,591
2026-10-03,m17,花水湾山泉农家乐,花水湾镇,去哪儿,20:00,0,717
2026-10-03,m17,花水湾山泉农家乐,花水湾镇,途家,20:00,0,758
2026-10-04,m17,花水湾山泉农家乐,花水湾镇,去哪儿,00:00,11,571
2026-10-04,m17,花水湾山泉农家乐,花水湾镇,途家,00:00,11,592
2026-10-04,m17,花水湾山泉农家乐,花水湾镇,去哪儿,08:00,10,595
2026-10-04,m17,花水湾山泉农家乐,花水湾镇,途家,08:00,10,605
2026-10-04,m17,花水湾山泉农家乐,花水湾镇,去哪儿,14:00,6,650
2026-10-04,m17,花水湾山泉农家乐,花水湾镇,途家,14:00,6,658
2026-10-04,m17,花水湾山泉农家乐,花水湾镇,去哪儿,20:00,1,713
2026-10-04,m17,花水湾山泉农家乐,花水湾镇,途家,20:00,1,748
2026-10-05,m17,花水湾山泉农家乐,花水湾镇,去哪儿,00:00,12,566
2026-10-05,m17,花水湾山泉农家乐,花水湾镇,途家,00:00,12,578
2026-10-05,m17,花水湾山泉农家乐,花水湾镇,去哪儿,08:00,12,564
2026-10-05,m17,花水湾山泉农家乐,花水湾镇,途家,08:00,12,584
2026-10-05,m17,花水湾山泉农家乐,花水湾镇,去哪儿,14:00,8,617
2026-10-05,m17,花水湾山泉农家乐,花水湾镇,途家,14:00,8,652
2026-10-05,m17,花水湾山泉农家乐,花水湾镇,去哪儿,20:00,3,673
2026-10-05,m17,花水湾山泉农家乐,花水湾镇,途家,20:00,3,719
2026-10-06,m17,花水湾山泉农家乐,花水湾镇,去哪儿,00:00,15,525
2026-10-06,m17,花水湾山泉农家乐,花水湾镇,途家,00:00,15,544
2026-10-06,m17,花水湾山泉农家乐,花水湾镇,去哪儿,08:00,15,515
2026-10-06,m17,花水湾山泉农家乐,花水湾镇,途家,08:00,15,552
2026-10-06,m17,花水湾山泉农家乐,花水湾镇,去哪儿,14:00,11,573
2026-10-06,m17,花水湾山泉农家乐,花水湾镇,途家,14:00,11,594
2026-10-06,m17,花水湾山泉农家乐,花水湾镇,去哪儿,20:00,2,708
2026-10-06,m17,花水湾山泉农家乐,花水湾镇,途家,20:00,2,724
2026-10-07,m17,花水湾山泉农家乐,花水湾镇,去哪儿,00:00,16,510
2026-10-07,m17,花水湾山泉农家乐,花水湾镇,途家,00:00,16,530
2026-10-07,m17,花水湾山泉农家乐,花水湾镇,去哪儿,08:00,15,529
2026-10-07,m17,花水湾山泉农家乐,花水湾镇,途家,08:00,15,536
2026-10-07,m17,花水湾山泉农家乐,花水湾镇,去哪儿,14:00,11,570
2026-10-07,m17,花水湾山泉农家乐,花水湾镇,途家,14:00,11,608
2026-10-07,m17,花水湾山泉农家乐,花水湾镇,去哪儿,20:00,1,715
2026-10-07,m17,花水湾山泉农家乐,花水湾镇,途家,20:00,1,731
2026-10-08,m17,花水湾山泉农家乐,花水湾镇,去哪儿,00:00,16,518
2026-10-08,m17,花水湾山泉农家乐,花水湾镇,途家,00:00,16,529
2026-10-08,m17,花水湾山泉农家乐,花水湾镇,去哪儿,08:00,15,528
2026-10-08,m17,花水湾山泉农家乐,花水湾镇,途家,08:00,15,540
2026-10-08,m17,花水湾山泉农家乐,花水湾镇,去哪儿,14:00,11,576
2026-10-08,m17,花水湾山泉农家乐,花水湾镇,途家,14:00,11,611
2026-10-08,m17,花水湾山泉农家乐,花水湾镇,去哪儿,20:00,0,713
2026-10-08,m17,花水湾山泉农家乐,花水湾镇,途家,20:00,0,743
2026-10-09,m17,花水湾山泉农家乐,花水湾镇,去哪儿,00:00,16,258
2026-10-09,m17,花水湾山泉农家乐,花水湾镇,途家,00:00,16,261
2026-10-09,m17,花水湾山泉农家乐,花水湾镇,去哪儿,08:00,16,258
2026-10-09,m17,花水湾山泉农家乐,花水湾镇,途家,08:00,16,264
2026-10-09,m17,花水湾山泉农家乐,花水湾镇,去哪儿,14:00,12,283
2026-10-09,m17,花水湾山泉农家乐,花水湾镇,途家,14:00,12,294
2026-10-09,m17,花水湾山泉农家乐,花水湾镇,去哪儿,20:00,8,310
2026-10-09,m17,花水湾山泉农家乐,花水湾镇,途家,20:00,8,318
2026-10-10,m17,花水湾山泉农家乐,花水湾镇,去哪儿,00:00,14,350
2026-10-10,m17,花水湾山泉农家乐,花水湾镇,途家,00:00,14,362
2026-10-10,m17,花水湾山泉农家乐,花水湾镇,去哪儿,08:00,13,360
2026-10-10,m17,花水湾山泉农家乐,花水湾镇,途家,08:00,13,368
2026-10-10,m17,花水湾山泉农家乐,花水湾镇,去哪儿,14:00,11,380
2026-10-10,m17,花水湾山泉农家乐,花水湾镇,途家,14:00,11,385
2026-10-10,m17,花水湾山泉农家乐,花水湾镇,去哪儿,20:00,3,449
2026-10-10,m17,花水湾山泉农家乐,花水湾镇,途家,20:00,3,464
2026-10-11,m17,花水湾山泉农家乐,花水湾镇,去哪儿,00:00,15,336
2026-10-11,m17,花水湾山泉农家乐,花水湾镇,途家,00:00,15,350
2026-10-11,m17,花水湾山泉农家乐,花水湾镇,去哪儿,08:00,15,336
2026-10-11,m17,花水湾山泉农家乐,花水湾镇,途家,08:00,15,356
2026-10-11,m17,花水湾山泉农家乐,花水湾镇,去哪儿,14:00,7,405
2026-10-11,m17,花水湾山泉农家乐,花水湾镇,途家,14:00,7,419
2026-10-11,m17,花水湾山泉农家乐,花水湾镇,去哪儿,20:00,3,446
2026-10-11,m17,花水湾山泉农家乐,花水湾镇,途家,20:00,3,453
2026-10-12,m17,花水湾山泉农家乐,花水湾镇,去哪儿,00:00,17,251
2026-10-12,m17,花水湾山泉农家乐,花水湾镇,途家,00:00,17,257
2026-10-12,m17,花水湾山泉农家乐,花水湾镇,去哪儿,08:00,17,248
2026-10-12,m17,花水湾山泉农家乐,花水湾镇,途家,08:00,17,255
2026-10-12,m17,花水湾山泉农家乐,花水湾镇,去哪儿,14:00,13,280
2026-10-12,m17,花水湾山泉农家乐,花水湾镇,途家,14:00,13,285
2026-10-12,m17,花水湾山泉农家乐,花水湾镇,去哪儿,20:00,9,305
2026-10-12,m17,花水湾山泉农家乐,花水湾镇,途家,20:00,9,318
2026-10-13,m17,花水湾山泉农家乐,花水湾镇,去哪儿,00:00,17,246
2026-10-13,m17,花水湾山泉农家乐,花水湾镇,途家,00:00,17,263
2026-10-13,m17,花水湾山泉农家乐,花水湾镇,去哪儿,08:00,15,264
2026-10-13,m17,花水湾山泉农家乐,花水湾镇,途家,08:00,15,275
2026-10-13,m17,花水湾山泉农家乐,花水湾镇,去哪儿,14:00,12,277
2026-10-13,m17,花水湾山泉农家乐,花水湾镇,途家,14:00,12,295
2026-10-13,m17,花水湾山泉农家乐,花水湾镇,去哪儿,20:00,6,326
2026-10-13,m17,花水湾山泉农家乐,花水湾镇,途家,20:00,6,341
2026-10-14,m17,花水湾山泉农家乐,花水湾镇,去哪儿,00:00,17,248
2026-10-14,m17,花水湾山泉农家乐,花水湾镇,途家,00:00,17,256
2026-10-14,m17,花水湾山泉农家乐,花水湾镇,去哪儿,08:00,17,250
2026-10-14,m17,花水湾山泉农家乐,花水湾镇,途家,08:00,17,262
2026-10-14,m17,花水湾山泉农家乐,花水湾镇,去哪儿,14:00,14,272
2026-10-14,m17,花水湾山泉农家乐,花水湾镇,途家,14:00,14,275
2026-10-14,m17,花水湾山泉农家乐,花水湾镇,去哪儿,20:00,8,304
2026-10-14,m17,花水湾山泉农家乐,花水湾镇,途家,20:00,8,326
2026-10-15,m17,花水湾山泉农家乐,花水湾镇,去哪儿,00:00,15,265
2026-10-15,m17,花水湾山泉农家乐,花水湾镇,途家,00:00,15,278
2026-10-15,m17,花水湾山泉农家乐,花水湾镇,去哪儿,08:00,15,266
2026-10-15,m17,花水湾山泉农家乐,花水湾镇,途家,08:00,15,274
2026-10-15,m17,花水湾山泉农家乐,花水湾镇,去哪儿,14:00,13,272
2026-10-15,m17,花水湾山泉农家乐,花水湾镇,途家,14:00,13,283
2026-10-15,m17,花水湾山泉农家乐,花水湾镇,去哪儿,20:00,7,315
2026-10-15,m17,花水湾山泉农家乐,花水湾镇,途家,20:00,7,322
2026-10-16,m17,花水湾山泉农家乐,花水湾镇,去哪儿,00:00,16,254
2026-10-16,m17,花水湾山泉农家乐,花水湾镇,途家,00:00,16,270
2026-10-16,m17,花水湾山泉农家乐,花水湾镇,去哪儿,08:00,16,254
2026-10-16,m17,花水湾山泉农家乐,花水湾镇,途家,08:00,16,265
2026-10-16,m17,花水湾山泉农家乐,花水湾镇,去哪儿,14:00,13,271
2026-10-16,m17,花水湾山泉农家乐,花水湾镇,途家,14:00,13,290
2026-10-16,m17,花水湾山泉农家乐,花水湾镇,去哪儿,20:00,8,313
2026-10-16,m17,花水湾山泉农家乐,花水湾镇,途家,20:00,8,316
2026-10-17,m17,花水湾山泉农家乐,花水湾镇,去哪儿,00:00,15,335
2026-10-17,m17,花水湾山泉农家乐,花水湾镇,途家,00:00,15,352
2026-10-17,m17,花水湾山泉农家乐,花水湾镇,去哪儿,08:00,13,356
2026-10-17,m17,花水湾山泉农家乐,花水湾镇,途家,08:00,13,367
2026-10-17,m17,花水湾山泉农家乐,花水湾镇,去哪儿,14:00,5,422
2026-10-17,m17,花水湾山泉农家乐,花水湾镇,途家,14:00,5,447
2026-10-17,m17,花水湾山泉农家乐,花水湾镇,去哪儿,20:00,0,476
2026-10-17,m17,花水湾山泉农家乐,花水湾镇,途家,20:00,0,481
2026-10-18,m17,花水湾山泉农家乐,花水湾镇,去哪儿,00:00,13,360
2026-10-18,m17,花水湾山泉农家乐,花水湾镇,途家,00:00,13,368
2026-10-18,m17,花水湾山泉农家乐,花水湾镇,去哪儿,08:00,12,367
2026-10-18,m17,花水湾山泉农家乐,花水湾镇,途家,08:00,12,383
2026-10-18,m17,花水湾山泉农家乐,花水湾镇,去哪儿,14:00,8,404
2026-10-18,m17,花水湾山泉农家乐,花水湾镇,途家,14:00,8,421
2026-10-18,m17,花水湾山泉农家乐,花水湾镇,去哪儿,20:00,2,455
2026-10-18,m17,花水湾山泉农家乐,花水湾镇,途家,20:00,2,467
2026-10-19,m17,花水湾山泉农家乐,花水湾镇,去哪儿,00:00,11,286
2026-10-19,m17,花水湾山泉农家乐,花水湾镇,途家,00:00,11,296
2026-10-19,m17,花水湾山泉农家乐,花水湾镇,去哪儿,08:00,10,301
2026-10-19,m17,花水湾山泉农家乐,花水湾镇,途家,08:00,10,313
2026-10-19,m17,花水湾山泉农家乐,花水湾镇,去哪儿,14:00,9,299
2026-10-19,m17,花水湾山泉农家乐,花水湾镇,途家,14:00,9,314
2026-10-19,m17,花水湾山泉农家乐,花水湾镇,去哪儿,20:00,7,315
2026-10-19,m17,花水湾山泉农家乐,花水湾镇,途家,20:00,7,331
2026-10-20,m17,花水湾山泉农家乐,花水湾镇,去哪儿,00:00,14,273
2026-10-20,m17,花水湾山泉农家乐,花水湾镇,途家,00:00,14,276
2026-10-20,m17,花水湾山泉农家乐,花水湾镇,去哪儿,08:00,13,272
2026-10-20,m17,花水湾山泉农家乐,花水湾镇,途家,08:00,13,283
2026-10-20,m17,花水湾山泉农家乐,花水湾镇,去哪儿,14:00,8,302
2026-10-20,m17,花水湾山泉农家乐,花水湾镇,途家,14:00,8,321
2026-10-20,m17,花水湾山泉农家乐,花水湾镇,去哪儿,20:00,7,317
2026-10-20,m17,花水湾山泉农家乐,花水湾镇,途家,20:00,7,322
2026-10-21,m17,花水湾山泉农家乐,花水湾镇,去哪儿,00:00,17,251
2026-10-21,m17,花水湾山泉农家乐,花水湾镇,途家,00:00,17,254
2026-10-21,m17,花水湾山泉农家乐,花水湾镇,去哪儿,08:00,16,256
2026-10-21,m17,花水湾山泉农家乐,花水湾镇,途家,08:00,16,267
2026-10-21,m17,花水湾山泉农家乐,花水湾镇,去哪儿,14:00,14,264
2026-10-21,m17,花水湾山泉农家乐,花水湾镇,途家,14:00,14,277
2026-10-21,m17,花水湾山泉农家乐,花水湾镇,去哪儿,20:00,9,296
2026-10-21,m17,花水湾山泉农家乐,花水湾镇,途家,20:00,9,308
2026-10-22,m17,花水湾山泉农家乐,花水湾镇,去哪儿,00:00,14,272
2026-10-22,m17,花水湾山泉农家乐,花水湾镇,途家,00:00,14,279
2026-10-22,m17,花水湾山泉农家乐,花水湾镇,去哪儿,08:00,14,264
2026-10-22,m17,花水湾山泉农家乐,花水湾镇,途家,08:00,14,283
2026-10-22,m17,花水湾山泉农家乐,花水湾镇,去哪儿,14:00,11,285
2026-10-22,m17,花水湾山泉农家乐,花水湾镇,途家,14:00,11,306
2026-10-22,m17,花水湾山泉农家乐,花水湾镇,去哪儿,20:00,9,307
2026-10-22,m17,花水湾山泉农家乐,花水湾镇,途家,20:00,9,315
2026-10-23,m17,花水湾山泉农家乐,花水湾镇,去哪儿,00:00,14,274
2026-10-23,m17,花水湾山泉农家乐,花水湾镇,途家,00:00,14,276
2026-10-23,m17,花水湾山泉农家乐,花水湾镇,去哪儿,08:00,14,273
2026-10-23,m17,花水湾山泉农家乐,花水湾镇,途家,08:00,14,284
2026-10-23,m17,花水湾山泉农家乐,花水湾镇,去哪儿,14:00,13,274
2026-10-23,m17,花水湾山泉农家乐,花水湾镇,途家,14:00,13,290
2026-10-23,m17,花水湾山泉农家乐,花水湾镇,去哪儿,20:00,10,293
2026-10-23,m17,花水湾山泉农家乐,花水湾镇,途家,20:00,10,307
2026-10-24,m17,花水湾山泉农家乐,花水湾镇,去哪儿,00:00,14,347
2026-10-24,m17,花水湾山泉农家乐,花水湾镇,途家,00:00,14,359
2026-10-24,m17,花水湾山泉农家乐,花水湾镇,去哪儿,08:00,14,351
2026-10-24,m17,花水湾山泉农家乐,花水湾镇,途家,08:00,14,368
2026-10-24,m17,花水湾山泉农家乐,花水湾镇,去哪儿,14:00,10,378
2026-10-24,m17,花水湾山泉农家乐,花水湾镇,途家,14:00,10,395
2026-10-24,m17,花水湾山泉农家乐,花水湾镇,去哪儿,20:00,1,466
2026-10-24,m17,花水湾山泉农家乐,花水湾镇,途家,20:00,1,479
2026-10-25,m17,花水湾山泉农家乐,花水湾镇,去哪儿,00:00,15,338
2026-10-25,m17,花水湾山泉农家乐,花水湾镇,途家,00:00,15,352
2026-10-25,m17,花水湾山泉农家乐,花水湾镇,去哪儿,08:00,15,347
2026-10-25,m17,花水湾山泉农家乐,花水湾镇,途家,08:00,15,353
2026-10-25,m17,花水湾山泉农家乐,花水湾镇,去哪儿,14:00,13,361
2026-10-25,m17,花水湾山泉农家乐,花水湾镇,途家,14:00,13,367
2026-10-25,m17,花水湾山泉农家乐,花水湾镇,去哪儿,20:00,1,457
2026-10-25,m17,花水湾山泉农家乐,花水湾镇,途家,20:00,1,483
2026-10-26,m17,花水湾山泉农家乐,花水湾镇,去哪儿,00:00,14,266
2026-10-26,m17,花水湾山泉农家乐,花水湾镇,途家,00:00,14,279
2026-10-26,m17,花水湾山泉农家乐,花水湾镇,去哪儿,08:00,13,280
2026-10-26,m17,花水湾山泉农家乐,花水湾镇,途家,08:00,13,286
2026-10-26,m17,花水湾山泉农家乐,花水湾镇,去哪儿,14:00,11,284
2026-10-26,m17,花水湾山泉农家乐,花水湾镇,途家,14:00,11,299
2026-10-26,m17,花水湾山泉农家乐,花水湾镇,去哪儿,20:00,7,314
2026-10-26,m17,花水湾山泉农家乐,花水湾镇,途家,20:00,7,325
2026-10-27,m17,花水湾山泉农家乐,花水湾镇,去哪儿,00:00,16,260
2026-10-27,m17,花水湾山泉农家乐,花水湾镇,途家,00:00,16,267
2026-10-27,m17,花水湾山泉农家乐,花水湾镇,去哪儿,08:00,16,254
2026-10-27,m17,花水湾山泉农家乐,花水湾镇,途家,08:00,16,264
2026-10-27,m17,花水湾山泉农家乐,花水湾镇,去哪儿,14:00,10,294
2026-10-27,m17,花水湾山泉农家乐,花水湾镇,途家,14:00,10,306
2026-10-27,m17,花水湾山泉农家乐,花水湾镇,去哪儿,20:00,7,315
2026-10-27,m17,花水湾山泉农家乐,花水湾镇,途家,20:00,7,334
2026-10-28,m17,花水湾山泉农家乐,花水湾镇,去哪儿,00:00,13,279
2026-10-28,m17,花水湾山泉农家乐,花水湾镇,途家,00:00,13,290
2026-10-28,m17,花水湾山泉农家乐,花水湾镇,去哪儿,08:00,12,287
2026-10-28,m17,花水湾山泉农家乐,花水湾镇,途家,08:00,12,292
2026-10-28,m17,花水湾山泉农家乐,花水湾镇,去哪儿,14:00,9,297
2026-10-28,m17,花水湾山泉农家乐,花水湾镇,途家,14:00,9,309
2026-10-28,m17,花水湾山泉农家乐,花水湾镇,去哪儿,20:00,4,340
2026-10-28,m17,花水湾山泉农家乐,花水湾镇,途家,20:00,4,352
2026-10-29,m17,花水湾山泉农家乐,花水湾镇,去哪儿,00:00,17,252
2026-10-29,m17,花水湾山泉农家乐,花水湾镇,途家,00:00,17,256
2026-10-29,m17,花水湾山泉农家乐,花水湾镇,去哪儿,08:00,17,244
2026-10-29,m17,花水湾山泉农家乐,花水湾镇,途家,08:00,17,256
2026-10-29,m17,花水湾山泉农家乐,花水湾镇,去哪儿,14:00,13,271
2026-10-29,m17,花水湾山泉农家乐,花水湾镇,途家,14:00,13,281
2026-10-29,m17,花水湾山泉农家乐,花水湾镇,去哪儿,20:00,8,313
2026-10-29,m17,花水湾山泉农家乐,花水湾镇,途家,20:00,8,316
2026-10-30,m17,花水湾山泉农家乐,花水湾镇,去哪儿,00:00,17,254
2026-10-30,m17,花水湾山泉农家乐,花水湾镇,途家,00:00,17,262
2026-10-30,m17,花水湾山泉农家乐,花水湾镇,去哪儿,08:00,16,259
2026-10-30,m17,花水湾山泉农家乐,花水湾镇,途家,08:00,16,267
2026-10-30,m17,花水湾山泉农家乐,花水湾镇,去哪儿,14:00,14,270
2026-10-30,m17,花水湾山泉农家乐,花水湾镇,途家,14:00,14,278
2026-10-30,m17,花水湾山泉农家乐,花水湾镇,去哪儿,20:00,7,315
2026-10-30,m17,花水湾山泉农家乐,花水湾镇,途家,20:00,7,333
2026-10-31,m17,花水湾山泉农家乐,花水湾镇,去哪儿,00:00,15,345
2026-10-31,m17,花水湾山泉农家乐,花水湾镇,途家,00:00,15,359
2026-10-31,m17,花水湾山泉农家乐,花水湾镇,去哪儿,08:00,14,355
2026-10-31,m17,花水湾山泉农家乐,花水湾镇,途家,08:00,14,368
2026-10-31,m17,花水湾山泉农家乐,花水湾镇,去哪儿,14:00,9,386
2026-10-31,m17,花水湾山泉农家乐,花水湾镇,途家,14:00,9,404
2026-10-31,m17,花水湾山泉农家乐,花水湾镇,去哪儿,20:00,4,433
2026-10-31,m17,花水湾山泉农家乐,花水湾镇,途家,20:00,4,450
2026-10-01,m18,花水湾李家农家乐,花水湾镇,携程,00:00,11,426
2026-10-01,m18,花水湾李家农家乐,花水湾镇,携程,08:00,11,427
2026-10-01,m18,花水湾李家农家乐,花水湾镇,携程,14:00,6,487
2026-10-01,m18,花水湾李家农家乐,花水湾镇,携程,20:00,0,560
2026-10-02,m18,花水湾李家农家乐,花水湾镇,携程,00:00,9,449
2026-10-02,m18,花水湾李家农家乐,花水湾镇,携程,08:00,9,447
2026-10-02,m18,花水湾李家农家乐,花水湾镇,携程,14:00,7,490
2026-10-02,m18,花水湾李家农家乐,花水湾镇,携程,20:00,1,558
2026-10-03,m18,花水湾李家农家乐,花水湾镇,携程,00:00,13,411
2026-10-03,m18,花水湾李家农家乐,花水湾镇,携程,08:00,11,432
2026-10-03,m18,花水湾李家农家乐,花水湾镇,携程,14:00,8,462
2026-10-03,m18,花水湾李家农家乐,花水湾镇,携程,20:00,3,545
2026-10-04,m18,花水湾李家农家乐,花水湾镇,携程,00:00,13,411
2026-10-04,m18,花水湾李家农家乐,花水湾镇,携程,08:00,12,418
2026-10-04,m18,花水湾李家农家乐,花水湾镇,携程,14:00,11,425
2026-10-04,m18,花水湾李家农家乐,花水湾镇,携程,20:00,1,553
2026-10-05,m18,花水湾李家农家乐,花水湾镇,携程,00:00,8,470
2026-10-05,m18,花水湾李家农家乐,花水湾镇,携程,08:00,8,471
2026-10-05,m18,花水湾李家农家乐,花水湾镇,携程,14:00,7,491
2026-10-05,m18,花水湾李家农家乐,花水湾镇,携程,20:00,0,558
2026-10-06,m18,花水湾李家农家乐,花水湾镇,携程,00:00,13,406
2026-10-06,m18,花水湾李家农家乐,花水湾镇,携程,08:00,13,419
2026-10-06,m18,花水湾李家农家乐,花水湾镇,携程,14:00,8,480
2026-10-06,m18,花水湾李家农家乐,花水湾镇,携程,20:00,1,540
2026-10-07,m18,花水湾李家农家乐,花水湾镇,携程,00:00,14,389
2026-10-07,m18,花水湾李家农家乐,花水湾镇,携程,08:00,12,405
2026-10-07,m18,花水湾李家农家乐,花水湾镇,携程,14:00,8,457
2026-10-07,m18,花水湾李家农家乐,花水湾镇,携程,20:00,2,544
2026-10-08,m18,花水湾李家农家乐,花水湾镇,携程,00:00,14,395
2026-10-08,m18,花水湾李家农家乐,花水湾镇,携程,08:00,14,387
2026-10-08,m18,花水湾李家农家乐,花水湾镇,携程,14:00,9,457
2026-10-08,m18,花水湾李家农家乐,花水湾镇,携程,20:00,4,528
2026-10-09,m18,花水湾李家农家乐,花水湾镇,携程,00:00,9,225
2026-10-09,m18,花水湾李家农家乐,花水湾镇,携程,08:00,9,221
2026-10-09,m18,花水湾李家农家乐,花水湾镇,携程,14:00,7,243
2026-10-09,m18,花水湾李家农家乐,花水湾镇,携程,20:00,5,246
2026-10-10,m18,花水湾李家农家乐,花水湾镇,携程,00:00,11,280
2026-10-10,m18,花水湾李家农家乐,花水湾镇,携程,08:00,10,287
2026-10-10,m18,花水湾李家农家乐,花水湾镇,携程,14:00,8,295
2026-10-10,m18,花水湾李家农家乐,花水湾镇,携程,20:00,4,337
2026-10-11,m18,花水湾李家农家乐,花水湾镇,携程,00:00,9,292
2026-10-11,m18,花水湾李家农家乐,花水湾镇,携程,08:00,10,289
2026-10-11,m18,花水湾李家农家乐,花水湾镇,携程,14:00,6,311
2026-10-11,m18,花水湾李家农家乐,花水湾镇,携程,20:00,4,332
2026-10-12,m18,花水湾李家农家乐,花水湾镇,携程,00:00,12,207
2026-10-12,m18,花水湾李家农家乐,花水湾镇,携程,08:00,12,203
2026-10-12,m18,花水湾李家农家乐,花水湾镇,携程,14:00,11,217
2026-10-12,m18,花水湾李家农家乐,花水湾镇,携程,20:00,9,227
2026-10-13,m18,花水湾李家农家乐,花水湾镇,携程,00:00,12,205
2026-10-13,m18,花水湾李家农家乐,花水湾镇,携程,08:00,10,215
2026-10-13,m18,花水湾李家农家乐,花水湾镇,携程,14:00,7,235
2026-10-13,m18,花水湾李家农家乐,花水湾镇,携程,20:00,4,255
2026-10-14,m18,花水湾李家农家乐,花水湾镇,携程,00:00,14,197
2026-10-14,m18,花水湾李家农家乐,花水湾镇,携程,08:00,13,201
2026-10-14,m18,花水湾李家农家乐,花水湾镇,携程,14:00,12,207
2026-10-14,m18,花水湾李家农家乐,花水湾镇,携程,20:00,8,241
2026-10-15,m18,花水湾李家农家乐,花水湾镇,携程,00:00,13,210
2026-10-15,m18,花水湾李家农家乐,花水湾镇,携程,08:00,12,210
2026-10-15,m18,花水湾李家农家乐,花水湾镇,携程,14:00,11,218
2026-10-15,m18,花水湾李家农家乐,花水湾镇,携程,20:00,5,254
2026-10-16,m18,花水湾李家农家乐,花水湾镇,携程,00:00,14,196
2026-10-16,m18,花水湾李家农家乐,花水湾镇,携程,08:00,13,203
2026-10-16,m18,花水湾李家农家乐,花水湾镇,携程,14:00,10,217
2026-10-16,m18,花水湾李家农家乐,花水湾镇,携程,20:00,9,233
2026-10-17,m18,花水湾李家农家乐,花水湾镇,携程,00:00,11,278
2026-10-17,m18,花水湾李家农家乐,花水湾镇,携程,08:00,11,276
2026-10-17,m18,花水湾李家农家乐,花水湾镇,携程,14:00,9,292
2026-10-17,m18,花水湾李家农家乐,花水湾镇,携程,20:00,5,324
2026-10-18,m18,花水湾李家农家乐,花水湾镇,携程,00:00,11,279
2026-10-18,m18,花水湾李家农家乐,花水湾镇,携程,08:00,11,277
2026-10-18,m18,花水湾李家农家乐,花水湾镇,携程,14:00,9,289
2026-10-18,m18,花水湾李家农家乐,花水湾镇,携程,20:00,2,343
2026-10-19,m18,花水湾李家农家乐,花水湾镇,携程,00:00,10,220
2026-10-19,m18,花水湾李家农家乐,花水湾镇,携程,08:00,10,222
2026-10-19,m18,花水湾李家农家乐,花水湾镇,携程,14:00,9,222
2026-10-19,m18,花水湾李家农家乐,花水湾镇,携程,20:00,6,243
2026-10-20,m18,花水湾李家农家乐,花水湾镇,携程,00:00,12,207
2026-10-20,m18,花水湾李家农家乐,花水湾镇,携程,08:00,12,212
2026-10-20,m18,花水湾李家农家乐,花水湾镇,携程,14:00,9,236
2026-10-20,m18,花水湾李家农家乐,花水湾镇,携程,20:00,6,246
2026-10-21,m18,花水湾李家农家乐,花水湾镇,携程,00:00,14,204
2026-10-21,m18,花水湾李家农家乐,花水湾镇,携程,08:00,12,203
2026-10-21,m18,花水湾李家农家乐,花水湾镇,携程,14:00,9,235
2026-10-21,m18,花水湾李家农家乐,花水湾镇,携程,20:00,6,242
2026-10-22,m18,花水湾李家农家乐,花水湾镇,携程,00:00,12,204
2026-10-22,m18,花水湾李家农家乐,花水湾镇,携程,08:00,12,204
2026-10-22,m18,花水湾李家农家乐,花水湾镇,携程,14:00,13,208
2026-10-22,m18,花水湾李家农家乐,花水湾镇,携程,20:00,6,248
2026-10-23,m18,花水湾李家农家乐,花水湾镇,携程,00:00,10,222
2026-10-23,m18,花水湾李家农家乐,花水湾镇,携程,08:00,9,222
2026-10-23,m18,花水湾李家农家乐,花水湾镇,携程,14:00,9,227
2026-10-23,m18,花水湾李家农家乐,花水湾镇,携程,20:00,8,237
2026-10-24,m18,花水湾李家农家乐,花水湾镇,携程,00:00,13,264
2026-10-24,m18,花水湾李家农家乐,花水湾镇,携程,08:00,12,271
2026-10-24,m18,花水湾李家农家乐,花水湾镇,携程,14:00,7,314
2026-10-24,m18,花水湾李家农家乐,花水湾镇,携程,20:00,2,354
2026-10-25,m18,花水湾李家农家乐,花水湾镇,携程,00:00,12,272
2026-10-25,m18,花水湾李家农家乐,花水湾镇,携程,08:00,11,275
2026-10-25,m18,花水湾李家农家乐,花水湾镇,携程,14:00,8,314
2026-10-25,m18,花水湾李家农家乐,花水湾镇,携程,20:00,4,339
2026-10-26,m18,花水湾李家农家乐,花水湾镇,携程,00:00,13,203
2026-10-26,m18,花水湾李家农家乐,花水湾镇,携程,08:00,13,203
2026-10-26,m18,花水湾李家农家乐,花水湾镇,携程,14:00,12,211
2026-10-26,m18,花水湾李家农家乐,花水湾镇,携程,20:00,6,250
2026-10-27,m18,花水湾李家农家乐,花水湾镇,携程,00:00,14,201
2026-10-27,m18,花水湾李家农家乐,花水湾镇,携程,08:00,13,196
2026-10-27,m18,花水湾李家农家乐,花水湾镇,携程,14:00,12,210
2026-10-27,m18,花水湾李家农家乐,花水湾镇,携程,20:00,7,235
2026-10-28,m18,花水湾李家农家乐,花水湾镇,携程,00:00,12,212
2026-10-28,m18,花水湾李家农家乐,花水湾镇,携程,08:00,12,211
2026-10-28,m18,花水湾李家农家乐,花水湾镇,携程,14:00,11,216
2026-10-28,m18,花水湾李家农家乐,花水湾镇,携程,20:00,5,246
2026-10-29,m18,花水湾李家农家乐,花水湾镇,携程,00:00,11,216
2026-10-29,m18,花水湾李家农家乐,花水湾镇,携程,08:00,11,214
2026-10-29,m18,花水湾李家农家乐,花水湾镇,携程,14:00,9,229
2026-10-29,m18,花水湾李家农家乐,花水湾镇,携程,20:00,3,264
2026-10-30,m18,花水湾李家农家乐,花水湾镇,携程,00:00,14,197
2026-10-30,m18,花水湾李家农家乐,花水湾镇,携程,08:00,14,194
2026-10-30,m18,花水湾李家农家乐,花水湾镇,携程,14:00,9,226
2026-10-30,m18,花水湾李家农家乐,花水湾镇,携程,20:00,4,254
2026-10-31,m18,花水湾李家农家乐,花水湾镇,携程,00:00,12,270
2026-10-31,m18,花水湾李家农家乐,花水湾镇,携程,08:00,12,273
2026-10-31,m18,花水湾李家农家乐,花水湾镇,携程,14:00,10,295
2026-10-31,m18,花水湾李家农家乐,花水湾镇,携程,20:00,3,338
2026-10-01,m19,花水湾竹林农家乐,花水湾镇,携程,00:00,13,496
2026-10-01,m19,花水湾竹林农家乐,花水湾镇,携程,08:00,13,518
2026-10-01,m19,花水湾竹林农家乐,花水湾镇,携程,14:00,10,522
2026-10-01,m19,花水湾竹林农家乐,花水湾镇,携程,20:00,2,614
2026-10-02,m19,花水湾竹林农家乐,花水湾镇,携程,00:00,16,472
2026-10-02,m19,花水湾竹林农家乐,花水湾镇,携程,08:00,16,473
2026-10-02,m19,花水湾竹林农家乐,花水湾镇,携程,14:00,10,531
2026-10-02,m19,花水湾竹林农家乐,花水湾镇,携程,20:00,4,616
2026-10-03,m19,花水湾竹林农家乐,花水湾镇,携程,00:00,13,493
2026-10-03,m19,花水湾竹林农家乐,花水湾镇,携程,08:00,13,495
2026-10-03,m19,花水湾竹林农家乐,花水湾镇,携程,14:00,9,543
2026-10-03,m19,花水湾竹林农家乐,花水湾镇,携程,20:00,0,652
2026-10-04,m19,花水湾竹林农家乐,花水湾镇,携程,00:00,15,478
2026-10-04,m19,花水湾竹林农家乐,花水湾镇,携程,08:00,14,490
2026-10-04,m19,花水湾竹林农家乐,花水湾镇,携程,14:00,6,581
2026-10-04,m19,花水湾竹林农家乐,花水湾镇,携程,20:00,3,598
2026-10-05,m19,花水湾竹林农家乐,花水湾镇,携程,00:00,15,477
2026-10-05,m19,花水湾竹林农家乐,花水湾镇,携程,08:00,13,495
2026-10-05,m19,花水湾竹林农家乐,花水湾镇,携程,14:00,10,530
2026-10-05,m19,花水湾竹林农家乐,花水湾镇,携程,20:00,3,615
2026-10-06,m19,花水湾竹林农家乐,花水湾镇,携程,00:00,18,461
2026-10-06,m19,花水湾竹林农家乐,花水湾镇,携程,08:00,16,473
2026-10-06,m19,花水湾竹林农家乐,花水湾镇,携程,14:00,10,523
2026-10-06,m19,花水湾竹林农家乐,花水湾镇,携程,20:00,4,604
2026-10-07,m19,花水湾竹林农家乐,花水湾镇,携程,00:00,17,459
2026-10-07,m19,花水湾竹林农家乐,花水湾镇,携程,08:00,15,483
2026-10-07,m19,花水湾竹林农家乐,花水湾镇,携程,14:00,13,502
2026-10-07,m19,花水湾竹林农家乐,花水湾镇,携程,20:00,5,597
2026-10-08,m19,花水湾竹林农家乐,花水湾镇,携程,00:00,17,455
2026-10-08,m19,花水湾竹林农家乐,花水湾镇,携程,08:00,16,471
2026-10-08,m19,花水湾竹林农家乐,花水湾镇,携程,14:00,12,503
2026-10-08,m19,花水湾竹林农家乐,花水湾镇,携程,20:00,4,592
2026-10-09,m19,花水湾竹林农家乐,花水湾镇,携程,00:00,18,223
2026-10-09,m19,花水湾竹林农家乐,花水湾镇,携程,08:00,16,237
2026-10-09,m19,花水湾竹林农家乐,花水湾镇,携程,14:00,15,240
2026-10-09,m19,花水湾竹林农家乐,花水湾镇,携程,20:00,8,277
2026-10-10,m19,花水湾竹林农家乐,花水湾镇,携程,00:00,17,305
2026-10-10,m19,花水湾竹林农家乐,花水湾镇,携程,08:00,14,315
2026-10-10,m19,花水湾竹林农家乐,花水湾镇,携程,14:00,9,353
2026-10-10,m19,花水湾竹林农家乐,花水湾镇,携程,20:00,6,381
2026-10-11,m19,花水湾竹林农家乐,花水湾镇,携程,00:00,14,321
2026-10-11,m19,花水湾竹林农家乐,花水湾镇,携程,08:00,12,326
2026-10-11,m19,花水湾竹林农家乐,花水湾镇,携程,14:00,10,340
2026-10-11,m19,花水湾竹林农家乐,花水湾镇,携程,20:00,2,401
2026-10-12,m19,花水湾竹林农家乐,花水湾镇,携程,00:00,18,221
2026-10-12,m19,花水湾竹林农家乐,花水湾镇,携程,08:00,17,225
2026-10-12,m19,花水湾竹林农家乐,花水湾镇,携程,14:00,11,259
2026-10-12,m19,花水湾竹林农家乐,花水湾镇,携程,20:00,8,281
2026-10-13,m19,花水湾竹林农家乐,花水湾镇,携程,00:00,16,232
2026-10-13,m19,花水湾竹林农家乐,花水湾镇,携程,08:00,15,237
2026-10-13,m19,花水湾竹林农家乐,花水湾镇,携程,14:00,11,258
2026-10-13,m19,花水湾竹林农家乐,花水湾镇,携程,20:00,10,265
2026-10-14,m19,花水湾竹林农家乐,花水湾镇,携程,00:00,18,223
2026-10-14,m19,花水湾竹林农家乐,花水湾镇,携程,08:00,17,229
2026-10-14,m19,花水湾竹林农家乐,花水湾镇,携程,14:00,15,240
2026-10-14,m19,花水湾竹林农家乐,花水湾镇,携程,20:00,13,258
2026-10-15,m19,花水湾竹林农家乐,花水湾镇,携程,00:00,16,231
2026-10-15,m19,花水湾竹林农家乐,花水湾镇,携程,08:00,14,246
2026-10-15,m19,花水湾竹林农家乐,花水湾镇,携程,14:00,12,252
2026-10-15,m19,花水湾竹林农家乐,花水湾镇,携程,20:00,10,265
2026-10-16,m19,花水湾竹林农家乐,花水湾镇,携程,00:00,15,237
2026-10-16,m19,花水湾竹林农家乐,花水湾镇,携程,08:00,15,242
2026-10-16,m19,花水湾竹林农家乐,花水湾镇,携程,14:00,13,251
2026-10-16,m19,花水湾竹林农家乐,花水湾镇,携程,20:00,6,287
2026-10-17,m19,花水湾竹林农家乐,花水湾镇,携程,00:00,15,313
2026-10-17,m19,花水湾竹林农家乐,花水湾镇,携程,08:00,15,308
2026-10-17,m19,花水湾竹林农家乐,花水湾镇,携程,14:00,12,331
2026-10-17,m19,花水湾竹林农家乐,花水湾镇,携程,20:00,5,374
2026-10-18,m19,花水湾竹林农家乐,花水湾镇,携程,00:00,15,312
2026-10-18,m19,花水湾竹林农家乐,花水湾镇,携程,08:00,12,324
2026-10-18,m19,花水湾竹林农家乐,花水湾镇,携程,14:00,8,359
2026-10-18,m19,花水湾竹林农家乐,花水湾镇,携程,20:00,5,386
2026-10-19,m19,花水湾竹林农家乐,花水湾镇,携程,00:00,15,234
2026-10-19,m19,花水湾竹林农家乐,花水湾镇,携程,08:00,16,237
2026-10-19,m19,花水湾竹林农家乐,花水湾镇,携程,14:00,14,247
2026-10-19,m19,花水湾竹林农家乐,花水湾镇,携程,20:00,11,258
2026-10-20,m19,花水湾竹林农家乐,花水湾镇,携程,00:00,15,242
2026-10-20,m19,花水湾竹林农家乐,花水湾镇,携程,08:00,16,235
2026-10-20,m19,花水湾竹林农家乐,花水湾镇,携程,14:00,14,244
2026-10-20,m19,花水湾竹林农家乐,花水湾镇,携程,20:00,6,283
2026-10-21,m19,花水湾竹林农家乐,花水湾镇,携程,00:00,16,232
2026-10-21,m19,花水湾竹林农家乐,花水湾镇,携程,08:00,14,241
2026-10-21,m19,花水湾竹林农家乐,花水湾镇,携程,14:00,14,250
2026-10-21,m19,花水湾竹林农家乐,花水湾镇,携程,20:00,6,294
2026-10-22,m19,花水湾竹林农家乐,花水湾镇,携程,00:00,14,246
2026-10-22,m19,花水湾竹林农家乐,花水湾镇,携程,08:00,13,244
2026-10-22,m19,花水湾竹林农家乐,花水湾镇,携程,14:00,11,260
2026-10-22,m19,花水湾竹林农家乐,花水湾镇,携程,20:00,7,282
2026-10-23,m19,花水湾竹林农家乐,花水湾镇,携程,00:00,17,227
2026-10-23,m19,花水湾竹林农家乐,花水湾镇,携程,08:00,17,227
2026-10-23,m19,花水湾竹林农家乐,花水湾镇,携程,14:00,10,268
2026-10-23,m19,花水湾竹林农家乐,花水湾镇,携程,20:00,9,277
2026-10-24,m19,花水湾竹林农家乐,花水湾镇,携程,00:00,18,292
2026-10-24,m19,花水湾竹林农家乐,花水湾镇,携程,08:00,18,284
2026-10-24,m19,花水湾竹林农家乐,花水湾镇,携程,14:00,14,312
2026-10-24,m19,花水湾竹林农家乐,花水湾镇,携程,20:00,4,380
2026-10-25,m19,花水湾竹林农家乐,花水湾镇,携程,00:00,13,323
2026-10-25,m19,花水湾竹林农家乐,花水湾镇,携程,08:00,13,320
2026-10-25,m19,花水湾竹林农家乐,花水湾镇,携程,14:00,11,335
2026-10-25,m19,花水湾竹林农家乐,花水湾镇,携程,20:00,9,356
2026-10-26,m19,花水湾竹林农家乐,花水湾镇,携程,00:00,18,222
2026-10-26,m19,花水湾竹林农家乐,花水湾镇,携程,08:00,17,225
2026-10-26,m19,花水湾竹林农家乐,花水湾镇,携程,14:00,16,233
2026-10-26,m19,花水湾竹林农家乐,花水湾镇,携程,20:00,10,268
2026-10-27,m19,花水湾竹林农家乐,花水湾镇,携程,00:00,18,223
2026-10-27,m19,花水湾竹林农家乐,花水湾镇,携程,08:00,18,224
2026-10-27,m19,花水湾竹林农家乐,花水湾镇,携程,14:00,15,241
2026-10-27,m19,花水湾竹林农家乐,花水湾镇,携程,20:00,10,263
2026-10-28,m19,花水湾竹林农家乐,花水湾镇,携程,00:00,14,247
2026-10-28,m19,花水湾竹林农家乐,花水湾镇,携程,08:00,14,241
2026-10-28,m19,花水湾竹林农家乐,花水湾镇,携程,14:00,10,270
2026-10-28,m19,花水湾竹林农家乐,花水湾镇,携程,20:00,5,288
2026-10-29,m19,花水湾竹林农家乐,花水湾镇,携程,00:00,17,229
2026-10-29,m19,花水湾竹林农家乐,花水湾镇,携程,08:00,17,226
2026-10-29,m19,花水湾竹林农家乐,花水湾镇,携程,14:00,17,230
2026-10-29,m19,花水湾竹林农家乐,花水湾镇,携程,20:00,9,269
2026-10-30,m19,花水湾竹林农家乐,花水湾镇,携程,00:00,18,223
2026-10-30,m19,花水湾竹林农家乐,花水湾镇,携程,08:00,17,222
2026-10-30,m19,花水湾竹林农家乐,花水湾镇,携程,14:00,15,235
2026-10-30,m19,花水湾竹林农家乐,花水湾镇,携程,20:00,10,270
2026-10-31,m19,花水湾竹林农家乐,花水湾镇,携程,00:00,16,304
2026-10-31,m19,花水湾竹林农家乐,花水湾镇,携程,08:00,14,319
2026-10-31,m19,花水湾竹林农家乐,花水湾镇,携程,14:00,11,349
2026-10-31,m19,花水湾竹林农家乐,花水湾镇,携程,20:00,5,383
2026-10-01,m20,花水湾罗马假日温泉大酒店,花水湾镇,美团,00:00,136,1762
2026-10-01,m20,花水湾罗马假日温泉大酒店,花水湾镇,飞猪,00:00,135,1856
2026-10-01,m20,花水湾罗马假日温泉大酒店,花水湾镇,去哪儿,00:00,135,1795
2026-10-01,m20,花水湾罗马假日温泉大酒店,花水湾镇,同程,00:00,136,1789
2026-10-01,m20,花水湾罗马假日温泉大酒店,花水湾镇,美团,08:00,129,1853
2026-10-01,m20,花水湾罗马假日温泉大酒店,花水湾镇,飞猪,08:00,130,1878
2026-10-01,m20,花水湾罗马假日温泉大酒店,花水湾镇,去哪儿,08:00,129,1856
2026-10-01,m20,花水湾罗马假日温泉大酒店,花水湾镇,同程,08:00,129,1857
2026-10-01,m20,花水湾罗马假日温泉大酒店,花水湾镇,美团,14:00,93,2018
2026-10-01,m20,花水湾罗马假日温泉大酒店,花水湾镇,飞猪,14:00,92,2051
2026-10-01,m20,花水湾罗马假日温泉大酒店,花水湾镇,去哪儿,14:00,92,1981
2026-10-01,m20,花水湾罗马假日温泉大酒店,花水湾镇,同程,14:00,92,2043
2026-10-01,m20,花水湾罗马假日温泉大酒店,花水湾镇,美团,20:00,16,2344
2026-10-01,m20,花水湾罗马假日温泉大酒店,花水湾镇,飞猪,20:00,16,2390
2026-10-01,m20,花水湾罗马假日温泉大酒店,花水湾镇,去哪儿,20:00,16,2366
2026-10-01,m20,花水湾罗马假日温泉大酒店,花水湾镇,同程,20:00,17,2384
2026-10-02,m20,花水湾罗马假日温泉大酒店,花水湾镇,美团,00:00,126,1872
2026-10-02,m20,花水湾罗马假日温泉大酒店,花水湾镇,飞猪,00:00,126,1854
2026-10-02,m20,花水湾罗马假日温泉大酒店,花水湾镇,去哪儿,00:00,125,1893
2026-10-02,m20,花水湾罗马假日温泉大酒店,花水湾镇,同程,00:00,126,1855
2026-10-02,m20,花水湾罗马假日温泉大酒店,花水湾镇,美团,08:00,117,1845
2026-10-02,m20,花水湾罗马假日温泉大酒店,花水湾镇,飞猪,08:00,117,1925
2026-10-02,m20,花水湾罗马假日温泉大酒店,花水湾镇,去哪儿,08:00,117,1935
2026-10-02,m20,花水湾罗马假日温泉大酒店,花水湾镇,同程,08:00,118,1861
2026-10-02,m20,花水湾罗马假日温泉大酒店,花水湾镇,美团,14:00,77,2057
2026-10-02,m20,花水湾罗马假日温泉大酒店,花水湾镇,飞猪,14:00,77,2137
2026-10-02,m20,花水湾罗马假日温泉大酒店,花水湾镇,去哪儿,14:00,76,2128
2026-10-02,m20,花水湾罗马假日温泉大酒店,花水湾镇,同程,14:00,77,2116
2026-10-02,m20,花水湾罗马假日温泉大酒店,花水湾镇,美团,20:00,9,2377
2026-10-02,m20,花水湾罗马假日温泉大酒店,花水湾镇,飞猪,20:00,9,2470
2026-10-02,m20,花水湾罗马假日温泉大酒店,花水湾镇,去哪儿,20:00,9,2430
2026-10-02,m20,花水湾罗马假日温泉大酒店,花水湾镇,同程,20:00,9,2365
2026-10-03,m20,花水湾罗马假日温泉大酒店,花水湾镇,美团,00:00,127,1802
2026-10-03,m20,花水湾罗马假日温泉大酒店,花水湾镇,飞猪,00:00,127,1889
2026-10-03,m20,花水湾罗马假日温泉大酒店,花水湾镇,去哪儿,00:00,127,1851
2026-10-03,m20,花水湾罗马假日温泉大酒店,花水湾镇,同程,00:00,127,1861
2026-10-03,m20,花水湾罗马假日温泉大酒店,花水湾镇,美团,08:00,121,1879
2026-10-03,m20,花水湾罗马假日温泉大酒店,花水湾镇,飞猪,08:00,122,1934
2026-10-03,m20,花水湾罗马假日温泉大酒店,花水湾镇,去哪儿,08:00,121,1903
2026-10-03,m20,花水湾罗马假日温泉大酒店,花水湾镇,同程,08:00,121,1876
2026-10-03,m20,花水湾罗马假日温泉大酒店,花水湾镇,美团,14:00,78,2044
2026-10-03,m20,花水湾罗马假日温泉大酒店,花水湾镇,飞猪,14:00,77,2119
2026-10-03,m20,花水湾罗马假日温泉大酒店,花水湾镇,去哪儿,14:00,77,2120
2026-10-03,m20,花水湾罗马假日温泉大酒店,花水湾镇,同程,14:00,77,2054
2026-10-03,m20,花水湾罗马假日温泉大酒店,花水湾镇,美团,20:00,22,2371
2026-10-03,m20,花水湾罗马假日温泉大酒店,花水湾镇,飞猪,20:00,21,2395
2026-10-03,m20,花水湾罗马假日温泉大酒店,花水湾镇,去哪儿,20:00,21,2356
2026-10-03,m20,花水湾罗马假日温泉大酒店,花水湾镇,同程,20:00,22,2371
2026-10-04,m20,花水湾罗马假日温泉大酒店,花水湾镇,美团,00:00,135,1793
2026-10-04,m20,花水湾罗马假日温泉大酒店,花水湾镇,飞猪,00:00,135,1838
2026-10-04,m20,花水湾罗马假日温泉大酒店,花水湾镇,去哪儿,00:00,135,1838
2026-10-04,m20,花水湾罗马假日温泉大酒店,花水湾镇,同程,00:00,135,1837
2026-10-04,m20,花水湾罗马假日温泉大酒店,花水湾镇,美团,08:00,127,1856
2026-10-04,m20,花水湾罗马假日温泉大酒店,花水湾镇,飞猪,08:00,126,1905
2026-10-04,m20,花水湾罗马假日温泉大酒店,花水湾镇,去哪儿,08:00,126,1835
2026-10-04,m20,花水湾罗马假日温泉大酒店,花水湾镇,同程,08:00,126,1824
2026-10-04,m20,花水湾罗马假日温泉大酒店,花水湾镇,美团,14:00,85,2049
2026-10-04,m20,花水湾罗马假日温泉大酒店,花水湾镇,飞猪,14:00,85,2087
2026-10-04,m20,花水湾罗马假日温泉大酒店,花水湾镇,去哪儿,14:00,84,2061
2026-10-04,m20,花水湾罗马假日温泉大酒店,花水湾镇,同程,14:00,85,2040
2026-10-04,m20,花水湾罗马假日温泉大酒店,花水湾镇,美团,20:00,18,2342
2026-10-04,m20,花水湾罗马假日温泉大酒店,花水湾镇,飞猪,20:00,19,2377
2026-10-04,m20,花水湾罗马假日温泉大酒店,花水湾镇,去哪儿,20:00,18,2333
2026-10-04,m20,花水湾罗马假日温泉大酒店,花水湾镇,同程,20:00,19,2383
2026-10-05,m20,花水湾罗马假日温泉大酒店,花水湾镇,美团,00:00,139,1745
2026-10-05,m20,花水湾罗马假日温泉大酒店,花水湾镇,飞猪,00:00,139,1818
2026-10-05,m20,花水湾罗马假日温泉大酒店,花水湾镇,去哪儿,00:00,138,1800
2026-10-05,m20,花水湾罗马假日温泉大酒店,花水湾镇,同程,00:00,138,1823
2026-10-05,m20,花水湾罗马假日温泉大酒店,花水湾镇,美团,08:00,131,1829
2026-10-05,m20,花水湾罗马假日温泉大酒店,花水湾镇,飞猪,08:00,131,1826
2026-10-05,m20,花水湾罗马假日温泉大酒店,花水湾镇,去哪儿,08:00,131,1861
2026-10-05,m20,花水湾罗马假日温泉大酒店,花水湾镇,同程,08:00,131,1842
2026-10-05,m20,花水湾罗马假日温泉大酒店,花水湾镇,美团,14:00,91,2041
2026-10-05,m20,花水湾罗马假日温泉大酒店,花水湾镇,飞猪,14:00,90,2073
2026-10-05,m20,花水湾罗马假日温泉大酒店,花水湾镇,去哪儿,14:00,90,2064
2026-10-05,m20,花水湾罗马假日温泉大酒店,花水湾镇,同程,14:00,90,2047
2026-10-05,m20,花水湾罗马假日温泉大酒店,花水湾镇,美团,20:00,22,2325
2026-10-05,m20,花水湾罗马假日温泉大酒店,花水湾镇,飞猪,20:00,23,2395
2026-10-05,m20,花水湾罗马假日温泉大酒店,花水湾镇,去哪儿,20:00,22,2345
2026-10-05,m20,花水湾罗马假日温泉大酒店,花水湾镇,同程,20:00,23,2321
2026-10-06,m20,花水湾罗马假日温泉大酒店,花水湾镇,美团,00:00,136,1781
2026-10-06,m20,花水湾罗马假日温泉大酒店,花水湾镇,飞猪,00:00,137,1854
2026-10-06,m20,花水湾罗马假日温泉大酒店,花水湾镇,去哪儿,00:00,136,1826
2026-10-06,m20,花水湾罗马假日温泉大酒店,花水湾镇,同程,00:00,137,1784
2026-10-06,m20,花水湾罗马假日温泉大酒店,花水湾镇,美团,08:00,127,1818
2026-10-06,m20,花水湾罗马假日温泉大酒店,花水湾镇,飞猪,08:00,128,1887
2026-10-06,m20,花水湾罗马假日温泉大酒店,花水湾镇,去哪儿,08:00,127,1854
2026-10-06,m20,花水湾罗马假日温泉大酒店,花水湾镇,同程,08:00,128,1824
2026-10-06,m20,花水湾罗马假日温泉大酒店,花水湾镇,美团,14:00,101,1930
2026-10-06,m20,花水湾罗马假日温泉大酒店,花水湾镇,飞猪,14:00,100,1992
2026-10-06,m20,花水湾罗马假日温泉大酒店,花水湾镇,去哪儿,14:00,100,1966
2026-10-06,m20,花水湾罗马假日温泉大酒店,花水湾镇,同程,14:00,101,1940
2026-10-06,m20,花水湾罗马假日温泉大酒店,花水湾镇,美团,20:00,26,2343
2026-10-06,m20,花水湾罗马假日温泉大酒店,花水湾镇,飞猪,20:00,25,2342
2026-10-06,m20,花水湾罗马假日温泉大酒店,花水湾镇,去哪儿,20:00,25,2292
2026-10-06,m20,花水湾罗马假日温泉大酒店,花水湾镇,同程,20:00,25,2349
2026-10-07,m20,花水湾罗马假日温泉大酒店,花水湾镇,美团,00:00,138,1755
2026-10-07,m20,花水湾罗马假日温泉大酒店,花水湾镇,飞猪,00:00,137,1824
2026-10-07,m20,花水湾罗马假日温泉大酒店,花水湾镇,去哪儿,00:00,137,1791
2026-10-07,m20,花水湾罗马假日温泉大酒店,花水湾镇,同程,00:00,138,1771
2026-10-07,m20,花水湾罗马假日温泉大酒店,花水湾镇,美团,08:00,129,1843
2026-10-07,m20,花水湾罗马假日温泉大酒店,花水湾镇,飞猪,08:00,128,1845
2026-10-07,m20,花水湾罗马假日温泉大酒店,花水湾镇,去哪儿,08:00,128,1844
2026-10-07,m20,花水湾罗马假日温泉大酒店,花水湾镇,同程,08:00,128,1860
2026-10-07,m20,花水湾罗马假日温泉大酒店,花水湾镇,美团,14:00,92,2025
2026-10-07,m20,花水湾罗马假日温泉大酒店,花水湾镇,飞猪,14:00,92,2008
2026-10-07,m20,花水湾罗马假日温泉大酒店,花水湾镇,去哪儿,14:00,92,2044
2026-10-07,m20,花水湾罗马假日温泉大酒店,花水湾镇,同程,14:00,92,2008
2026-10-07,m20,花水湾罗马假日温泉大酒店,花水湾镇,美团,20:00,21,2291
2026-10-07,m20,花水湾罗马假日温泉大酒店,花水湾镇,飞猪,20:00,21,2406
2026-10-07,m20,花水湾罗马假日温泉大酒店,花水湾镇,去哪儿,20:00,21,2372
2026-10-07,m20,花水湾罗马假日温泉大酒店,花水湾镇,同程,20:00,22,2349
2026-10-08,m20,花水湾罗马假日温泉大酒店,花水湾镇,美团,00:00,130,1798
2026-10-08,m20,花水湾罗马假日温泉大酒店,花水湾镇,飞猪,00:00,130,1872
2026-10-08,m20,花水湾罗马假日温泉大酒店,花水湾镇,去哪儿,00:00,130,1871
2026-10-08,m20,花水湾罗马假日温泉大酒店,花水湾镇,同程,00:00,130,1842
2026-10-08,m20,花水湾罗马假日温泉大酒店,花水湾镇,美团,08:00,125,1842
2026-10-08,m20,花水湾罗马假日温泉大酒店,花水湾镇,飞猪,08:00,124,1881
2026-10-08,m20,花水湾罗马假日温泉大酒店,花水湾镇,去哪儿,08:00,124,1842
2026-10-08,m20,花水湾罗马假日温泉大酒店,花水湾镇,同程,08:00,124,1869
2026-10-08,m20,花水湾罗马假日温泉大酒店,花水湾镇,美团,14:00,83,2067
2026-10-08,m20,花水湾罗马假日温泉大酒店,花水湾镇,飞猪,14:00,83,2053
2026-10-08,m20,花水湾罗马假日温泉大酒店,花水湾镇,去哪儿,14:00,83,2053
2026-10-08,m20,花水湾罗马假日温泉大酒店,花水湾镇,同程,14:00,84,2041
2026-10-08,m20,花水湾罗马假日温泉大酒店,花水湾镇,美团,20:00,14,2382
2026-10-08,m20,花水湾罗马假日温泉大酒店,花水湾镇,飞猪,20:00,13,2461
2026-10-08,m20,花水湾罗马假日温泉大酒店,花水湾镇,去哪儿,20:00,13,2411
2026-10-08,m20,花水湾罗马假日温泉大酒店,花水湾镇,同程,20:00,14,2347
2026-10-09,m20,花水湾罗马假日温泉大酒店,花水湾镇,美团,00:00,142,896
2026-10-09,m20,花水湾罗马假日温泉大酒店,花水湾镇,飞猪,00:00,143,892
2026-10-09,m20,花水湾罗马假日温泉大酒店,花水湾镇,去哪儿,00:00,142,901
2026-10-09,m20,花水湾罗马假日温泉大酒店,花水湾镇,同程,00:00,143,895
2026-10-09,m20,花水湾罗马假日温泉大酒店,花水湾镇,美团,08:00,136,881
2026-10-09,m20,花水湾罗马假日温泉大酒店,花水湾镇,飞猪,08:00,136,924
2026-10-09,m20,花水湾罗马假日温泉大酒店,花水湾镇,去哪儿,08:00,136,896
2026-10-09,m20,花水湾罗马假日温泉大酒店,花水湾镇,同程,08:00,136,911
2026-10-09,m20,花水湾罗马假日温泉大酒店,花水湾镇,美团,14:00,106,977
2026-10-09,m20,花水湾罗马假日温泉大酒店,花水湾镇,飞猪,14:00,105,996
2026-10-09,m20,花水湾罗马假日温泉大酒店,花水湾镇,去哪儿,14:00,105,971
2026-10-09,m20,花水湾罗马假日温泉大酒店,花水湾镇,同程,14:00,106,989
2026-10-09,m20,花水湾罗马假日温泉大酒店,花水湾镇,美团,20:00,50,1090
2026-10-09,m20,花水湾罗马假日温泉大酒店,花水湾镇,飞猪,20:00,51,1138
2026-10-09,m20,花水湾罗马假日温泉大酒店,花水湾镇,去哪儿,20:00,50,1126
2026-10-09,m20,花水湾罗马假日温泉大酒店,花水湾镇,同程,20:00,51,1094
2026-10-10,m20,花水湾罗马假日温泉大酒店,花水湾镇,美团,00:00,135,1182
2026-10-10,m20,花水湾罗马假日温泉大酒店,花水湾镇,飞猪,00:00,134,1208
2026-10-10,m20,花水湾罗马假日温泉大酒店,花水湾镇,去哪儿,00:00,134,1189
2026-10-10,m20,花水湾罗马假日温泉大酒店,花水湾镇,同程,00:00,135,1192
2026-10-10,m20,花水湾罗马假日温泉大酒店,花水湾镇,美团,08:00,130,1164
2026-10-10,m20,花水湾罗马假日温泉大酒店,花水湾镇,飞猪,08:00,129,1220
2026-10-10,m20,花水湾罗马假日温泉大酒店,花水湾镇,去哪儿,08:00,129,1207
2026-10-10,m20,花水湾罗马假日温泉大酒店,花水湾镇,同程,08:00,130,1172
2026-10-10,m20,花水湾罗马假日温泉大酒店,花水湾镇,美团,14:00,96,1280
2026-10-10,m20,花水湾罗马假日温泉大酒店,花水湾镇,飞猪,14:00,95,1293
2026-10-10,m20,花水湾罗马假日温泉大酒店,花水湾镇,去哪儿,14:00,95,1318
2026-10-10,m20,花水湾罗马假日温泉大酒店,花水湾镇,同程,14:00,96,1281
2026-10-10,m20,花水湾罗马假日温泉大酒店,花水湾镇,美团,20:00,30,1495
2026-10-10,m20,花水湾罗马假日温泉大酒店,花水湾镇,飞猪,20:00,29,1494
2026-10-10,m20,花水湾罗马假日温泉大酒店,花水湾镇,去哪儿,20:00,29,1494
2026-10-10,m20,花水湾罗马假日温泉大酒店,花水湾镇,同程,20:00,30,1489
2026-10-11,m20,花水湾罗马假日温泉大酒店,花水湾镇,美团,00:00,122,1223
2026-10-11,m20,花水湾罗马假日温泉大酒店,花水湾镇,飞猪,00:00,123,1242
2026-10-11,m20,花水湾罗马假日温泉大酒店,花水湾镇,去哪儿,00:00,122,1203
2026-10-11,m20,花水湾罗马假日温泉大酒店,花水湾镇,同程,00:00,122,1209
2026-10-11,m20,花水湾罗马假日温泉大酒店,花水湾镇,美团,08:00,114,1242
2026-10-11,m20,花水湾罗马假日温泉大酒店,花水湾镇,飞猪,08:00,114,1265
2026-10-11,m20,花水湾罗马假日温泉大酒店,花水湾镇,去哪儿,08:00,114,1251
2026-10-11,m20,花水湾罗马假日温泉大酒店,花水湾镇,同程,08:00,115,1243
2026-10-11,m20,花水湾罗马假日温泉大酒店,花水湾镇,美团,14:00,84,1308
2026-10-11,m20,花水湾罗马假日温泉大酒店,花水湾镇,飞猪,14:00,83,1343
2026-10-11,m20,花水湾罗马假日温泉大酒店,花水湾镇,去哪儿,14:00,83,1361
2026-10-11,m20,花水湾罗马假日温泉大酒店,花水湾镇,同程,14:00,84,1346
2026-10-11,m20,花水湾罗马假日温泉大酒店,花水湾镇,美团,20:00,25,1506
2026-10-11,m20,花水湾罗马假日温泉大酒店,花水湾镇,飞猪,20:00,26,1509
2026-10-11,m20,花水湾罗马假日温泉大酒店,花水湾镇,去哪儿,20:00,25,1545
2026-10-11,m20,花水湾罗马假日温泉大酒店,花水湾镇,同程,20:00,25,1537
2026-10-12,m20,花水湾罗马假日温泉大酒店,花水湾镇,美团,00:00,134,885
2026-10-12,m20,花水湾罗马假日温泉大酒店,花水湾镇,飞猪,00:00,135,909
2026-10-12,m20,花水湾罗马假日温泉大酒店,花水湾镇,去哪儿,00:00,134,913
2026-10-12,m20,花水湾罗马假日温泉大酒店,花水湾镇,同程,00:00,135,921
2026-10-12,m20,花水湾罗马假日温泉大酒店,花水湾镇,美团,08:00,128,900
2026-10-12,m20,花水湾罗马假日温泉大酒店,花水湾镇,飞猪,08:00,129,926
2026-10-12,m20,花水湾罗马假日温泉大酒店,花水湾镇,去哪儿,08:00,128,926
2026-10-12,m20,花水湾罗马假日温泉大酒店,花水湾镇,同程,08:00,129,932
2026-10-12,m20,花水湾罗马假日温泉大酒店,花水湾镇,美团,14:00,103,968
2026-10-12,m20,花水湾罗马假日温泉大酒店,花水湾镇,飞猪,14:00,103,987
2026-10-12,m20,花水湾罗马假日温泉大酒店,花水湾镇,去哪儿,14:00,102,978
2026-10-12,m20,花水湾罗马假日温泉大酒店,花水湾镇,同程,14:00,102,988
2026-10-12,m20,花水湾罗马假日温泉大酒店,花水湾镇,美团,20:00,62,1083
2026-10-12,m20,花水湾罗马假日温泉大酒店,花水湾镇,飞猪,20:00,61,1096
2026-10-12,m20,花水湾罗马假日温泉大酒店,花水湾镇,去哪儿,20:00,61,1103
2026-10-12,m20,花水湾罗马假日温泉大酒店,花水湾镇,同程,20:00,62,1093
2026-10-13,m20,花水湾罗马假日温泉大酒店,花水湾镇,美团,00:00,136,907
2026-10-13,m20,花水湾罗马假日温泉大酒店,花水湾镇,飞猪,00:00,136,923
2026-10-13,m20,花水湾罗马假日温泉大酒店,花水湾镇,去哪儿,00:00,136,896
2026-10-13,m20,花水湾罗马假日温泉大酒店,花水湾镇,同程,00:00,136,922
2026-10-13,m20,花水湾罗马假日温泉大酒店,花水湾镇,美团,08:00,131,908
2026-10-13,m20,花水湾罗马假日温泉大酒店,花水湾镇,飞猪,08:00,131,911
2026-10-13,m20,花水湾罗马假日温泉大酒店,花水湾镇,去哪儿,08:00,131,916
2026-10-13,m20,花水湾罗马假日温泉大酒店,花水湾镇,同程,08:00,132,910
2026-10-13,m20,花水湾罗马假日温泉大酒店,花水湾镇,美团,14:00,106,982
2026-10-13,m20,花水湾罗马假日温泉大酒店,花水湾镇,飞猪,14:00,106,991
2026-10-13,m20,花水湾罗马假日温泉大酒店,花水湾镇,去哪儿,14:00,106,989
2026-10-13,m20,花水湾罗马假日温泉大酒店,花水湾镇,同程,14:00,106,990
2026-10-13,m20,花水湾罗马假日温泉大酒店,花水湾镇,美团,20:00,54,1074
2026-10-13,m20,花水湾罗马假日温泉大酒店,花水湾镇,飞猪,20:00,54,1126
2026-10-13,m20,花水湾罗马假日温泉大酒店,花水湾镇,去哪儿,20:00,54,1120
2026-10-13,m20,花水湾罗马假日温泉大酒店,花水湾镇,同程,20:00,55,1095
2026-10-14,m20,花水湾罗马假日温泉大酒店,花水湾镇,美团,00:00,133,888
2026-10-14,m20,花水湾罗马假日温泉大酒店,花水湾镇,飞猪,00:00,133,905
2026-10-14,m20,花水湾罗马假日温泉大酒店,花水湾镇,去哪儿,00:00,133,907
2026-10-14,m20,花水湾罗马假日温泉大酒店,花水湾镇,同程,00:00,133,894
2026-10-14,m20,花水湾罗马假日温泉大酒店,花水湾镇,美团,08:00,126,914
2026-10-14,m20,花水湾罗马假日温泉大酒店,花水湾镇,飞猪,08:00,126,951
2026-10-14,m20,花水湾罗马假日温泉大酒店,花水湾镇,去哪儿,08:00,126,937
2026-10-14,m20,花水湾罗马假日温泉大酒店,花水湾镇,同程,08:00,127,927
2026-10-14,m20,花水湾罗马假日温泉大酒店,花水湾镇,美团,14:00,100,984
2026-10-14,m20,花水湾罗马假日温泉大酒店,花水湾镇,飞猪,14:00,99,992
2026-10-14,m20,花水湾罗马假日温泉大酒店,花水湾镇,去哪儿,14:00,99,996
2026-10-14,m20,花水湾罗马假日温泉大酒店,花水湾镇,同程,14:00,100,976
2026-10-14,m20,花水湾罗马假日温泉大酒店,花水湾镇,美团,20:00,56,1077
2026-10-14,m20,花水湾罗马假日温泉大酒店,花水湾镇,飞猪,20:00,55,1122
2026-10-14,m20,花水湾罗马假日温泉大酒店,花水湾镇,去哪儿,20:00,55,1087
2026-10-14,m20,花水湾罗马假日温泉大酒店,花水湾镇,同程,20:00,56,1091
2026-10-15,m20,花水湾罗马假日温泉大酒店,花水湾镇,美团,00:00,135,882
2026-10-15,m20,花水湾罗马假日温泉大酒店,花水湾镇,飞猪,00:00,135,900
2026-10-15,m20,花水湾罗马假日温泉大酒店,花水湾镇,去哪儿,00:00,135,923
2026-10-15,m20,花水湾罗马假日温泉大酒店,花水湾镇,同程,00:00,135,891
2026-10-15,m20,花水湾罗马假日温泉大酒店,花水湾镇,美团,08:00,130,904
2026-10-15,m20,花水湾罗马假日温泉大酒店,花水湾镇,飞猪,08:00,130,925
2026-10-15,m20,花水湾罗马假日温泉大酒店,花水湾镇,去哪儿,08:00,130,935
2026-10-15,m20,花水湾罗马假日温泉大酒店,花水湾镇,同程,08:00,131,926
2026-10-15,m20,花水湾罗马假日温泉大酒店,花水湾镇,美团,14:00,98,991
2026-10-15,m20,花水湾罗马假日温泉大酒店,花水湾镇,飞猪,14:00,97,1012
2026-10-15,m20,花水湾罗马假日温泉大酒店,花水湾镇,去哪儿,14:00,97,1010
2026-10-15,m20,花水湾罗马假日温泉大酒店,花水湾镇,同程,14:00,98,990
2026-10-15,m20,花水湾罗马假日温泉大酒店,花水湾镇,美团,20:00,46,1100
2026-10-15,m20,花水湾罗马假日温泉大酒店,花水湾镇,飞猪,20:00,47,1116
2026-10-15,m20,花水湾罗马假日温泉大酒店,花水湾镇,去哪儿,20:00,46,1098
2026-10-15,m20,花水湾罗马假日温泉大酒店,花水湾镇,同程,20:00,47,1109
2026-10-16,m20,花水湾罗马假日温泉大酒店,花水湾镇,美团,00:00,141,883
2026-10-16,m20,花水湾罗马假日温泉大酒店,花水湾镇,飞猪,00:00,140,890
2026-10-16,m20,花水湾罗马假日温泉大酒店,花水湾镇,去哪儿,00:00,140,885
2026-10-16,m20,花水湾罗马假日温泉大酒店,花水湾镇,同程,00:00,140,910
2026-10-16,m20,花水湾罗马假日温泉大酒店,花水湾镇,美团,08:00,138,903
2026-10-16,m20,花水湾罗马假日温泉大酒店,花水湾镇,飞猪,08:00,137,905
2026-10-16,m20,花水湾罗马假日温泉大酒店,花水湾镇,去哪儿,08:00,137,912
2026-10-16,m20,花水湾罗马假日温泉大酒店,花水湾镇,同程,08:00,137,884
2026-10-16,m20,花水湾罗马假日温泉大酒店,花水湾镇,美团,14:00,108,970
2026-10-16,m20,花水湾罗马假日温泉大酒店,花水湾镇,飞猪,14:00,107,992
2026-10-16,m20,花水湾罗马假日温泉大酒店,花水湾镇,去哪儿,14:00,107,957
2026-10-16,m20,花水湾罗马假日温泉大酒店,花水湾镇,同程,14:00,107,970
2026-10-16,m20,花水湾罗马假日温泉大酒店,花水湾镇,美团,20:00,60,1092
2026-10-16,m20,花水湾罗马假日温泉大酒店,花水湾镇,飞猪,20:00,59,1080
2026-10-16,m20,花水湾罗马假日温泉大酒店,花水湾镇,去哪儿,20:00,59,1067
2026-10-16,m20,花水湾罗马假日温泉大酒店,花水湾镇,同程,20:00,59,1096
2026-10-17,m20,花水湾罗马假日温泉大酒店,花水湾镇,美团,00:00,126,1195
2026-10-17,m20,花水湾罗马假日温泉大酒店,花水湾镇,飞猪,00:00,126,1238
2026-10-17,m20,花水湾罗马假日温泉大酒店,花水湾镇,去哪儿,00:00,126,1199
2026-10-17,m20,花水湾罗马假日温泉大酒店,花水湾镇,同程,00:00,126,1186
2026-10-17,m20,花水湾罗马假日温泉大酒店,花水湾镇,美团,08:00,118,1236
2026-10-17,m20,花水湾罗马假日温泉大酒店,花水湾镇,飞猪,08:00,119,1243
2026-10-17,m20,花水湾罗马假日温泉大酒店,花水湾镇,去哪儿,08:00,118,1251
2026-10-17,m20,花水湾罗马假日温泉大酒店,花水湾镇,同程,08:00,119,1248
2026-10-17,m20,花水湾罗马假日温泉大酒店,花水湾镇,美团,14:00,84,1329
2026-10-17,m20,花水湾罗马假日温泉大酒店,花水湾镇,飞猪,14:00,84,1348
2026-10-17,m20,花水湾罗马假日温泉大酒店,花水湾镇,去哪儿,14:00,84,1313
2026-10-17,m20,花水湾罗马假日温泉大酒店,花水湾镇,同程,14:00,85,1328
2026-10-17,m20,花水湾罗马假日温泉大酒店,花水湾镇,美团,20:00,26,1494
2026-10-17,m20,花水湾罗马假日温泉大酒店,花水湾镇,飞猪,20:00,27,1535
2026-10-17,m20,花水湾罗马假日温泉大酒店,花水湾镇,去哪儿,20:00,26,1495
2026-10-17,m20,花水湾罗马假日温泉大酒店,花水湾镇,同程,20:00,27,1511
2026-10-18,m20,花水湾罗马假日温泉大酒店,花水湾镇,美团,00:00,130,1168
2026-10-18,m20,花水湾罗马假日温泉大酒店,花水湾镇,飞猪,00:00,129,1195
2026-10-18,m20,花水湾罗马假日温泉大酒店,花水湾镇,去哪儿,00:00,129,1218
2026-10-18,m20,花水湾罗马假日温泉大酒店,花水湾镇,同程,00:00,130,1203
2026-10-18,m20,花水湾罗马假日温泉大酒店,花水湾镇,美团,08:00,120,1230
2026-10-18,m20,花水湾罗马假日温泉大酒店,花水湾镇,飞猪,08:00,119,1221
2026-10-18,m20,花水湾罗马假日温泉大酒店,花水湾镇,去哪儿,08:00,119,1221
2026-10-18,m20,花水湾罗马假日温泉大酒店,花水湾镇,同程,08:00,120,1244
2026-10-18,m20,花水湾罗马假日温泉大酒店,花水湾镇,美团,14:00,90,1292
2026-10-18,m20,花水湾罗马假日温泉大酒店,花水湾镇,飞猪,14:00,90,1334
2026-10-18,m20,花水湾罗马假日温泉大酒店,花水湾镇,去哪儿,14:00,90,1322
2026-10-18,m20,花水湾罗马假日温泉大酒店,花水湾镇,同程,14:00,91,1314
2026-10-18,m20,花水湾罗马假日温泉大酒店,花水湾镇,美团,20:00,26,1474
2026-10-18,m20,花水湾罗马假日温泉大酒店,花水湾镇,飞猪,20:00,26,1538
2026-10-18,m20,花水湾罗马假日温泉大酒店,花水湾镇,去哪儿,20:00,26,1503
2026-10-18,m20,花水湾罗马假日温泉大酒店,花水湾镇,同程,20:00,27,1522
2026-10-19,m20,花水湾罗马假日温泉大酒店,花水湾镇,美团,00:00,140,888
2026-10-19,m20,花水湾罗马假日温泉大酒店,花水湾镇,飞猪,00:00,139,902
2026-10-19,m20,花水湾罗马假日温泉大酒店,花水湾镇,去哪儿,00:00,139,910
2026-10-19,m20,花水湾罗马假日温泉大酒店,花水湾镇,同程,00:00,140,885
2026-10-19,m20,花水湾罗马假日温泉大酒店,花水湾镇,美团,08:00,133,910
2026-10-19,m20,花水湾罗马假日温泉大酒店,花水湾镇,飞猪,08:00,133,920
2026-10-19,m20,花水湾罗马假日温泉大酒店,花水湾镇,去哪儿,08:00,133,907
2026-10-19,m20,花水湾罗马假日温泉大酒店,花水湾镇,同程,08:00,133,906
2026-10-19,m20,花水湾罗马假日温泉大酒店,花水湾镇,美团,14:00,107,972
2026-10-19,m20,花水湾罗马假日温泉大酒店,花水湾镇,飞猪,14:00,107,988
2026-10-19,m20,花水湾罗马假日温泉大酒店,花水湾镇,去哪儿,14:00,107,988
2026-10-19,m20,花水湾罗马假日温泉大酒店,花水湾镇,同程,14:00,107,962
2026-10-19,m20,花水湾罗马假日温泉大酒店,花水湾镇,美团,20:00,54,1089
2026-10-19,m20,花水湾罗马假日温泉大酒店,花水湾镇,飞猪,20:00,54,1093
2026-10-19,m20,花水湾罗马假日温泉大酒店,花水湾镇,去哪儿,20:00,53,1080
2026-10-19,m20,花水湾罗马假日温泉大酒店,花水湾镇,同程,20:00,54,1088
2026-10-20,m20,花水湾罗马假日温泉大酒店,花水湾镇,美团,00:00,141,882
2026-10-20,m20,花水湾罗马假日温泉大酒店,花水湾镇,飞猪,00:00,141,901
2026-10-20,m20,花水湾罗马假日温泉大酒店,花水湾镇,去哪儿,00:00,140,912
2026-10-20,m20,花水湾罗马假日温泉大酒店,花水湾镇,同程,00:00,140,897
2026-10-20,m20,花水湾罗马假日温泉大酒店,花水湾镇,美团,08:00,133,905
2026-10-20,m20,花水湾罗马假日温泉大酒店,花水湾镇,飞猪,08:00,133,925
2026-10-20,m20,花水湾罗马假日温泉大酒店,花水湾镇,去哪儿,08:00,133,913
2026-10-20,m20,花水湾罗马假日温泉大酒店,花水湾镇,同程,08:00,133,914
2026-10-20,m20,花水湾罗马假日温泉大酒店,花水湾镇,美团,14:00,107,957
2026-10-20,m20,花水湾罗马假日温泉大酒店,花水湾镇,飞猪,14:00,107,982
2026-10-20,m20,花水湾罗马假日温泉大酒店,花水湾镇,去哪儿,14:00,107,987
2026-10-20,m20,花水湾罗马假日温泉大酒店,花水湾镇,同程,14:00,107,957
2026-10-20,m20,花水湾罗马假日温泉大酒店,花水湾镇,美团,20:00,59,1064
2026-10-20,m20,花水湾罗马假日温泉大酒店,花水湾镇,飞猪,20:00,59,1116
2026-10-20,m20,花水湾罗马假日温泉大酒店,花水湾镇,去哪儿,20:00,59,1080
2026-10-20,m20,花水湾罗马假日温泉大酒店,花水湾镇,同程,20:00,59,1108
2026-10-21,m20,花水湾罗马假日温泉大酒店,花水湾镇,美团,00:00,140,885
2026-10-21,m20,花水湾罗马假日温泉大酒店,花水湾镇,飞猪,00:00,139,909
2026-10-21,m20,花水湾罗马假日温泉大酒店,花水湾镇,去哪儿,00:00,139,889
2026-10-21,m20,花水湾罗马假日温泉大酒店,花水湾镇,同程,00:00,139,901
2026-10-21,m20,花水湾罗马假日温泉大酒店,花水湾镇,美团,08:00,136,880
2026-10-21,m20,花水湾罗马假日温泉大酒店,花水湾镇,飞猪,08:00,137,921
2026-10-21,m20,花水湾罗马假日温泉大酒店,花水湾镇,去哪儿,08:00,136,914
2026-10-21,m20,花水湾罗马假日温泉大酒店,花水湾镇,同程,08:00,137,892
2026-10-21,m20,花水湾罗马假日温泉大酒店,花水湾镇,美团,14:00,105,975
2026-10-21,m20,花水湾罗马假日温泉大酒店,花水湾镇,飞猪,14:00,104,1009
2026-10-21,m20,花水湾罗马假日温泉大酒店,花水湾镇,去哪儿,14:00,104,984
2026-10-21,m20,花水湾罗马假日温泉大酒店,花水湾镇,同程,14:00,105,991
2026-10-21,m20,花水湾罗马假日温泉大酒店,花水湾镇,美团,20:00,58,1088
2026-10-21,m20,花水湾罗马假日温泉大酒店,花水湾镇,飞猪,20:00,59,1111
2026-10-21,m20,花水湾罗马假日温泉大酒店,花水湾镇,去哪儿,20:00,58,1095
2026-10-21,m20,花水湾罗马假日温泉大酒店,花水湾镇,同程,20:00,58,1096
2026-10-22,m20,花水湾罗马假日温泉大酒店,花水湾镇,美团,00:00,141,876
2026-10-22,m20,花水湾罗马假日温泉大酒店,花水湾镇,飞猪,00:00,141,913
2026-10-22,m20,花水湾罗马假日温泉大酒店,花水湾镇,去哪儿,00:00,141,909
2026-10-22,m20,花水湾罗马假日温泉大酒店,花水湾镇,同程,00:00,141,894
2026-10-22,m20,花水湾罗马假日温泉大酒店,花水湾镇,美团,08:00,133,897
2026-10-22,m20,花水湾罗马假日温泉大酒店,花水湾镇,飞猪,08:00,132,921
2026-10-22,m20,花水湾罗马假日温泉大酒店,花水湾镇,去哪儿,08:00,132,905
2026-10-22,m20,花水湾罗马假日温泉大酒店,花水湾镇,同程,08:00,133,923
2026-10-22,m20,花水湾罗马假日温泉大酒店,花水湾镇,美团,14:00,99,979
2026-10-22,m20,花水湾罗马假日温泉大酒店,花水湾镇,飞猪,14:00,98,999
2026-10-22,m20,花水湾罗马假日温泉大酒店,花水湾镇,去哪儿,14:00,98,988
2026-10-22,m20,花水湾罗马假日温泉大酒店,花水湾镇,同程,14:00,98,991
2026-10-22,m20,花水湾罗马假日温泉大酒店,花水湾镇,美团,20:00,51,1106
2026-10-22,m20,花水湾罗马假日温泉大酒店,花水湾镇,飞猪,20:00,51,1138
2026-10-22,m20,花水湾罗马假日温泉大酒店,花水湾镇,去哪儿,20:00,51,1086
2026-10-22,m20,花水湾罗马假日温泉大酒店,花水湾镇,同程,20:00,52,1118
2026-10-23,m20,花水湾罗马假日温泉大酒店,花水湾镇,美团,00:00,139,894
2026-10-23,m20,花水湾罗马假日温泉大酒店,花水湾镇,飞猪,00:00,138,896
2026-10-23,m20,花水湾罗马假日温泉大酒店,花水湾镇,去哪儿,00:00,138,883
2026-10-23,m20,花水湾罗马假日温泉大酒店,花水湾镇,同程,00:00,139,892
2026-10-23,m20,花水湾罗马假日温泉大酒店,花水湾镇,美团,08:00,130,903
2026-10-23,m20,花水湾罗马假日温泉大酒店,花水湾镇,飞猪,08:00,130,930
2026-10-23,m20,花水湾罗马假日温泉大酒店,花水湾镇,去哪儿,08:00,130,915
2026-10-23,m20,花水湾罗马假日温泉大酒店,花水湾镇,同程,08:00,131,916
2026-10-23,m20,花水湾罗马假日温泉大酒店,花水湾镇,美团,14:00,102,973
2026-10-23,m20,花水湾罗马假日温泉大酒店,花水湾镇,飞猪,14:00,102,984
2026-10-23,m20,花水湾罗马假日温泉大酒店,花水湾镇,去哪儿,14:00,102,994
2026-10-23,m20,花水湾罗马假日温泉大酒店,花水湾镇,同程,14:00,102,1003
2026-10-23,m20,花水湾罗马假日温泉大酒店,花水湾镇,美团,20:00,46,1093
2026-10-23,m20,花水湾罗马假日温泉大酒店,花水湾镇,飞猪,20:00,46,1148
2026-10-23,m20,花水湾罗马假日温泉大酒店,花水湾镇,去哪儿,20:00,46,1108
2026-10-23,m20,花水湾罗马假日温泉大酒店,花水湾镇,同程,20:00,47,1114
2026-10-24,m20,花水湾罗马假日温泉大酒店,花水湾镇,美团,00:00,134,1159
2026-10-24,m20,花水湾罗马假日温泉大酒店,花水湾镇,飞猪,00:00,134,1208
2026-10-24,m20,花水湾罗马假日温泉大酒店,花水湾镇,去哪儿,00:00,133,1189
2026-10-24,m20,花水湾罗马假日温泉大酒店,花水湾镇,同程,00:00,134,1162
2026-10-24,m20,花水湾罗马假日温泉大酒店,花水湾镇,美团,08:00,127,1206
2026-10-24,m20,花水湾罗马假日温泉大酒店,花水湾镇,飞猪,08:00,128,1222
2026-10-24,m20,花水湾罗马假日温泉大酒店,花水湾镇,去哪儿,08:00,127,1208
2026-10-24,m20,花水湾罗马假日温泉大酒店,花水湾镇,同程,08:00,127,1180
2026-10-24,m20,花水湾罗马假日温泉大酒店,花水湾镇,美团,14:00,101,1249
2026-10-24,m20,花水湾罗马假日温泉大酒店,花水湾镇,飞猪,14:00,100,1276
2026-10-24,m20,花水湾罗马假日温泉大酒店,花水湾镇,去哪儿,14:00,100,1277
2026-10-24,m20,花水湾罗马假日温泉大酒店,花水湾镇,同程,14:00,101,1271
2026-10-24,m20,花水湾罗马假日温泉大酒店,花水湾镇,美团,20:00,24,1513
2026-10-24,m20,花水湾罗马假日温泉大酒店,花水湾镇,飞猪,20:00,24,1532
2026-10-24,m20,花水湾罗马假日温泉大酒店,花水湾镇,去哪儿,20:00,24,1527
2026-10-24,m20,花水湾罗马假日温泉大酒店,花水湾镇,同程,20:00,25,1543
2026-10-25,m20,花水湾罗马假日温泉大酒店,花水湾镇,美团,00:00,134,1153
2026-10-25,m20,花水湾罗马假日温泉大酒店,花水湾镇,飞猪,00:00,134,1209
2026-10-25,m20,花水湾罗马假日温泉大酒店,花水湾镇,去哪儿,00:00,134,1163
2026-10-25,m20,花水湾罗马假日温泉大酒店,花水湾镇,同程,00:00,134,1187
2026-10-25,m20,花水湾罗马假日温泉大酒店,花水湾镇,美团,08:00,126,1205
2026-10-25,m20,花水湾罗马假日温泉大酒店,花水湾镇,飞猪,08:00,126,1207
2026-10-25,m20,花水湾罗马假日温泉大酒店,花水湾镇,去哪儿,08:00,126,1188
2026-10-25,m20,花水湾罗马假日温泉大酒店,花水湾镇,同程,08:00,127,1216
2026-10-25,m20,花水湾罗马假日温泉大酒店,花水湾镇,美团,14:00,88,1290
2026-10-25,m20,花水湾罗马假日温泉大酒店,花水湾镇,飞猪,14:00,88,1339
2026-10-25,m20,花水湾罗马假日温泉大酒店,花水湾镇,去哪儿,14:00,88,1307
2026-10-25,m20,花水湾罗马假日温泉大酒店,花水湾镇,同程,14:00,89,1309
2026-10-25,m20,花水湾罗马假日温泉大酒店,花水湾镇,美团,20:00,27,1497
2026-10-25,m20,花水湾罗马假日温泉大酒店,花水湾镇,飞猪,20:00,26,1554
2026-10-25,m20,花水湾罗马假日温泉大酒店,花水湾镇,去哪儿,20:00,26,1489
2026-10-25,m20,花水湾罗马假日温泉大酒店,花水湾镇,同程,20:00,27,1532
2026-10-26,m20,花水湾罗马假日温泉大酒店,花水湾镇,美团,00:00,141,897
2026-10-26,m20,花水湾罗马假日温泉大酒店,花水湾镇,飞猪,00:00,141,884
2026-10-26,m20,花水湾罗马假日温泉大酒店,花水湾镇,去哪儿,00:00,141,885
2026-10-26,m20,花水湾罗马假日温泉大酒店,花水湾镇,同程,00:00,142,902
2026-10-26,m20,花水湾罗马假日温泉大酒店,花水湾镇,美团,08:00,139,874
2026-10-26,m20,花水湾罗马假日温泉大酒店,花水湾镇,飞猪,08:00,139,921
2026-10-26,m20,花水湾罗马假日温泉大酒店,花水湾镇,去哪儿,08:00,139,899
2026-10-26,m20,花水湾罗马假日温泉大酒店,花水湾镇,同程,08:00,140,906
2026-10-26,m20,花水湾罗马假日温泉大酒店,花水湾镇,美团,14:00,116,925
2026-10-26,m20,花水湾罗马假日温泉大酒店,花水湾镇,飞猪,14:00,116,944
2026-10-26,m20,花水湾罗马假日温泉大酒店,花水湾镇,去哪儿,14:00,116,951
2026-10-26,m20,花水湾罗马假日温泉大酒店,花水湾镇,同程,14:00,116,934
2026-10-26,m20,花水湾罗马假日温泉大酒店,花水湾镇,美团,20:00,64,1055
2026-10-26,m20,花水湾罗马假日温泉大酒店,花水湾镇,飞猪,20:00,63,1082
2026-10-26,m20,花水湾罗马假日温泉大酒店,花水湾镇,去哪儿,20:00,63,1067
2026-10-26,m20,花水湾罗马假日温泉大酒店,花水湾镇,同程,20:00,63,1061
2026-10-27,m20,花水湾罗马假日温泉大酒店,花水湾镇,美团,00:00,132,888
2026-10-27,m20,花水湾罗马假日温泉大酒店,花水湾镇,飞猪,00:00,132,915
2026-10-27,m20,花水湾罗马假日温泉大酒店,花水湾镇,去哪儿,00:00,132,911
2026-10-27,m20,花水湾罗马假日温泉大酒店,花水湾镇,同程,00:00,132,896
2026-10-27,m20,花水湾罗马假日温泉大酒店,花水湾镇,美团,08:00,128,931
2026-10-27,m20,花水湾罗马假日温泉大酒店,花水湾镇,飞猪,08:00,128,916
2026-10-27,m20,花水湾罗马假日温泉大酒店,花水湾镇,去哪儿,08:00,128,939
2026-10-27,m20,花水湾罗马假日温泉大酒店,花水湾镇,同程,08:00,129,939
2026-10-27,m20,花水湾罗马假日温泉大酒店,花水湾镇,美团,14:00,105,957
2026-10-27,m20,花水湾罗马假日温泉大酒店,花水湾镇,飞猪,14:00,104,993
2026-10-27,m20,花水湾罗马假日温泉大酒店,花水湾镇,去哪儿,14:00,104,994
2026-10-27,m20,花水湾罗马假日温泉大酒店,花水湾镇,同程,14:00,104,997
2026-10-27,m20,花水湾罗马假日温泉大酒店,花水湾镇,美团,20:00,55,1071
2026-10-27,m20,花水湾罗马假日温泉大酒店,花水湾镇,飞猪,20:00,55,1097
2026-10-27,m20,花水湾罗马假日温泉大酒店,花水湾镇,去哪儿,20:00,55,1092
2026-10-27,m20,花水湾罗马假日温泉大酒店,花水湾镇,同程,20:00,56,1104
2026-10-28,m20,花水湾罗马假日温泉大酒店,花水湾镇,美团,00:00,147,868
2026-10-28,m20,花水湾罗马假日温泉大酒店,花水湾镇,飞猪,00:00,146,886
2026-10-28,m20,花水湾罗马假日温泉大酒店,花水湾镇,去哪儿,00:00,146,891
2026-10-28,m20,花水湾罗马假日温泉大酒店,花水湾镇,同程,00:00,146,875
2026-10-28,m20,花水湾罗马假日温泉大酒店,花水湾镇,美团,08:00,140,879
2026-10-28,m20,花水湾罗马假日温泉大酒店,花水湾镇,飞猪,08:00,139,903
2026-10-28,m20,花水湾罗马假日温泉大酒店,花水湾镇,去哪儿,08:00,139,883
2026-10-28,m20,花水湾罗马假日温泉大酒店,花水湾镇,同程,08:00,139,881
2026-10-28,m20,花水湾罗马假日温泉大酒店,花水湾镇,美团,14:00,112,943
2026-10-28,m20,花水湾罗马假日温泉大酒店,花水湾镇,飞猪,14:00,112,985
2026-10-28,m20,花水湾罗马假日温泉大酒店,花水湾镇,去哪儿,14:00,112,965
2026-10-28,m20,花水湾罗马假日温泉大酒店,花水湾镇,同程,14:00,112,955
2026-10-28,m20,花水湾罗马假日温泉大酒店,花水湾镇,美团,20:00,54,1075
2026-10-28,m20,花水湾罗马假日温泉大酒店,花水湾镇,飞猪,20:00,54,1094
2026-10-28,m20,花水湾罗马假日温泉大酒店,花水湾镇,去哪儿,20:00,54,1108
2026-10-28,m20,花水湾罗马假日温泉大酒店,花水湾镇,同程,20:00,55,1103
2026-10-29,m20,花水湾罗马假日温泉大酒店,花水湾镇,美团,00:00,143,895
2026-10-29,m20,花水湾罗马假日温泉大酒店,花水湾镇,飞猪,00:00,142,915
2026-10-29,m20,花水湾罗马假日温泉大酒店,花水湾镇,去哪儿,00:00,142,899
2026-10-29,m20,花水湾罗马假日温泉大酒店,花水湾镇,同程,00:00,142,880
2026-10-29,m20,花水湾罗马假日温泉大酒店,花水湾镇,美团,08:00,135,890
2026-10-29,m20,花水湾罗马假日温泉大酒店,花水湾镇,飞猪,08:00,135,900
2026-10-29,m20,花水湾罗马假日温泉大酒店,花水湾镇,去哪儿,08:00,135,897
2026-10-29,m20,花水湾罗马假日温泉大酒店,花水湾镇,同程,08:00,136,893
2026-10-29,m20,花水湾罗马假日温泉大酒店,花水湾镇,美团,14:00,114,952
2026-10-29,m20,花水湾罗马假日温泉大酒店,花水湾镇,飞猪,14:00,113,986
2026-10-29,m20,花水湾罗马假日温泉大酒店,花水湾镇,去哪儿,14:00,113,943
2026-10-29,m20,花水湾罗马假日温泉大酒店,花水湾镇,同程,14:00,114,967
2026-10-29,m20,花水湾罗马假日温泉大酒店,花水湾镇,美团,20:00,73,1061
2026-10-29,m20,花水湾罗马假日温泉大酒店,花水湾镇,飞猪,20:00,73,1065
2026-10-29,m20,花水湾罗马假日温泉大酒店,花水湾镇,去哪儿,20:00,72,1075
2026-10-29,m20,花水湾罗马假日温泉大酒店,花水湾镇,同程,20:00,72,1038
2026-10-30,m20,花水湾罗马假日温泉大酒店,花水湾镇,美团,00:00,127,907
2026-10-30,m20,花水湾罗马假日温泉大酒店,花水湾镇,飞猪,00:00,127,940
2026-10-30,m20,花水湾罗马假日温泉大酒店,花水湾镇,去哪儿,00:00,127,935
2026-10-30,m20,花水湾罗马假日温泉大酒店,花水湾镇,同程,00:00,127,918
2026-10-30,m20,花水湾罗马假日温泉大酒店,花水湾镇,美团,08:00,120,938
2026-10-30,m20,花水湾罗马假日温泉大酒店,花水湾镇,飞猪,08:00,120,966
2026-10-30,m20,花水湾罗马假日温泉大酒店,花水湾镇,去哪儿,08:00,120,950
2026-10-30,m20,花水湾罗马假日温泉大酒店,花水湾镇,同程,08:00,120,939
2026-10-30,m20,花水湾罗马假日温泉大酒店,花水湾镇,美团,14:00,103,954
2026-10-30,m20,花水湾罗马假日温泉大酒店,花水湾镇,飞猪,14:00,103,992
2026-10-30,m20,花水湾罗马假日温泉大酒店,花水湾镇,去哪儿,14:00,103,997
2026-10-30,m20,花水湾罗马假日温泉大酒店,花水湾镇,同程,14:00,103,970
2026-10-30,m20,花水湾罗马假日温泉大酒店,花水湾镇,美团,20:00,56,1102
2026-10-30,m20,花水湾罗马假日温泉大酒店,花水湾镇,飞猪,20:00,57,1119
2026-10-30,m20,花水湾罗马假日温泉大酒店,花水湾镇,去哪儿,20:00,56,1092
2026-10-30,m20,花水湾罗马假日温泉大酒店,花水湾镇,同程,20:00,56,1097
2026-10-31,m20,花水湾罗马假日温泉大酒店,花水湾镇,美团,00:00,138,1180
2026-10-31,m20,花水湾罗马假日温泉大酒店,花水湾镇,飞猪,00:00,137,1184
2026-10-31,m20,花水湾罗马假日温泉大酒店,花水湾镇,去哪儿,00:00,137,1191
2026-10-31,m20,花水湾罗马假日温泉大酒店,花水湾镇,同程,00:00,138,1187
2026-10-31,m20,花水湾罗马假日温泉大酒店,花水湾镇,美团,08:00,133,1188
2026-10-31,m20,花水湾罗马假日温泉大酒店,花水湾镇,飞猪,08:00,133,1187
2026-10-31,m20,花水湾罗马假日温泉大酒店,花水湾镇,去哪儿,08:00,132,1198
2026-10-31,m20,花水湾罗马假日温泉大酒店,花水湾镇,同程,08:00,132,1205
2026-10-31,m20,花水湾罗马假日温泉大酒店,花水湾镇,美团,14:00,91,1301
2026-10-31,m20,花水湾罗马假日温泉大酒店,花水湾镇,飞猪,14:00,90,1325
2026-10-31,m20,花水湾罗马假日温泉大酒店,花水湾镇,去哪儿,14:00,90,1331
2026-10-31,m20,花水湾罗马假日温泉大酒店,花水湾镇,同程,14:00,91,1313
2026-10-31,m20,花水湾罗马假日温泉大酒店,花水湾镇,美团,20:00,24,1479
2026-10-31,m20,花水湾罗马假日温泉大酒店,花水湾镇,飞猪,20:00,24,1562
2026-10-31,m20,花水湾罗马假日温泉大酒店,花水湾镇,去哪儿,20:00,24,1540
2026-10-31,m20,花水湾罗马假日温泉大酒店,花水湾镇,同程,20:00,25,1533
2026-10-01,m21,花水湾竹里温泉民宿,花水湾镇,美团,00:00,16,1022
2026-10-01,m21,花水湾竹里温泉民宿,花水湾镇,途家,00:00,15,1080
2026-10-01,m21,花水湾竹里温泉民宿,花水湾镇,美团,08:00,15,1006
2026-10-01,m21,花水湾竹里温泉民宿,花水湾镇,途家,08:00,15,1048
2026-10-01,m21,花水湾竹里温泉民宿,花水湾镇,美团,14:00,10,1133
2026-10-01,m21,花水湾竹里温泉民宿,花水湾镇,途家,14:00,10,1193
2026-10-01,m21,花水湾竹里温泉民宿,花水湾镇,美团,20:00,3,1347
2026-10-01,m21,花水湾竹里温泉民宿,花水湾镇,途家,20:00,2,1389
2026-10-02,m21,花水湾竹里温泉民宿,花水湾镇,美团,00:00,14,1049
2026-10-02,m21,花水湾竹里温泉民宿,花水湾镇,途家,00:00,13,1113
2026-10-02,m21,花水湾竹里温泉民宿,花水湾镇,美团,08:00,13,1086
2026-10-02,m21,花水湾竹里温泉民宿,花水湾镇,途家,08:00,12,1158
2026-10-02,m21,花水湾竹里温泉民宿,花水湾镇,美团,14:00,5,1284
2026-10-02,m21,花水湾竹里温泉民宿,花水湾镇,途家,14:00,4,1347
2026-10-02,m21,花水湾竹里温泉民宿,花水湾镇,美团,20:00,0,1390
2026-10-02,m21,花水湾竹里温泉民宿,花水湾镇,途家,20:00,0,1446
2026-10-03,m21,花水湾竹里温泉民宿,花水湾镇,美团,00:00,14,1055
2026-10-03,m21,花水湾竹里温泉民宿,花水湾镇,途家,00:00,13,1113
2026-10-03,m21,花水湾竹里温泉民宿,花水湾镇,美团,08:00,13,1086
2026-10-03,m21,花水湾竹里温泉民宿,花水湾镇,途家,08:00,12,1150
2026-10-03,m21,花水湾竹里温泉民宿,花水湾镇,美团,14:00,7,1220
2026-10-03,m21,花水湾竹里温泉民宿,花水湾镇,途家,14:00,6,1295
2026-10-03,m21,花水湾竹里温泉民宿,花水湾镇,美团,20:00,0,1379
2026-10-03,m21,花水湾竹里温泉民宿,花水湾镇,途家,20:00,0,1435
2026-10-04,m21,花水湾竹里温泉民宿,花水湾镇,美团,00:00,13,1069
2026-10-04,m21,花水湾竹里温泉民宿,花水湾镇,途家,00:00,13,1121
2026-10-04,m21,花水湾竹里温泉民宿,花水湾镇,美团,08:00,13,1079
2026-10-04,m21,花水湾竹里温泉民宿,花水湾镇,途家,08:00,12,1154
2026-10-04,m21,花水湾竹里温泉民宿,花水湾镇,美团,14:00,9,1201
2026-10-04,m21,花水湾竹里温泉民宿,花水湾镇,途家,14:00,8,1251
2026-10-04,m21,花水湾竹里温泉民宿,花水湾镇,美团,20:00,2,1383
2026-10-04,m21,花水湾竹里温泉民宿,花水湾镇,途家,20:00,1,1422
2026-10-05,m21,花水湾竹里温泉民宿,花水湾镇,美团,00:00,13,1070
2026-10-05,m21,花水湾竹里温泉民宿,花水湾镇,途家,00:00,13,1128
2026-10-05,m21,花水湾竹里温泉民宿,花水湾镇,美团,08:00,14,1040
2026-10-05,m21,花水湾竹里温泉民宿,花水湾镇,途家,08:00,13,1116
2026-10-05,m21,花水湾竹里温泉民宿,花水湾镇,美团,14:00,10,1141
2026-10-05,m21,花水湾竹里温泉民宿,花水湾镇,途家,14:00,10,1212
2026-10-05,m21,花水湾竹里温泉民宿,花水湾镇,美团,20:00,2,1334
2026-10-05,m21,花水湾竹里温泉民宿,花水湾镇,途家,20:00,2,1420
2026-10-06,m21,花水湾竹里温泉民宿,花水湾镇,美团,00:00,16,989
2026-10-06,m21,花水湾竹里温泉民宿,花水湾镇,途家,00:00,16,1050
2026-10-06,m21,花水湾竹里温泉民宿,花水湾镇,美团,08:00,14,1044
2026-10-06,m21,花水湾竹里温泉民宿,花水湾镇,途家,08:00,14,1104
2026-10-06,m21,花水湾竹里温泉民宿,花水湾镇,美团,14:00,11,1124
2026-10-06,m21,花水湾竹里温泉民宿,花水湾镇,途家,14:00,11,1183
2026-10-06,m21,花水湾竹里温泉民宿,花水湾镇,美团,20:00,1,1409
2026-10-06,m21,花水湾竹里温泉民宿,花水湾镇,途家,20:00,0,1442
2026-10-07,m21,花水湾竹里温泉民宿,花水湾镇,美团,00:00,15,1012
2026-10-07,m21,花水湾竹里温泉民宿,花水湾镇,途家,00:00,15,1069
2026-10-07,m21,花水湾竹里温泉民宿,花水湾镇,美团,08:00,15,1043
2026-10-07,m21,花水湾竹里温泉民宿,花水湾镇,途家,08:00,14,1108
2026-10-07,m21,花水湾竹里温泉民宿,花水湾镇,美团,14:00,12,1116
2026-10-07,m21,花水湾竹里温泉民宿,花水湾镇,途家,14:00,11,1154
2026-10-07,m21,花水湾竹里温泉民宿,花水湾镇,美团,20:00,1,1390
2026-10-07,m21,花水湾竹里温泉民宿,花水湾镇,途家,20:00,1,1447
2026-10-08,m21,花水湾竹里温泉民宿,花水湾镇,美团,00:00,15,1025
2026-10-08,m21,花水湾竹里温泉民宿,花水湾镇,途家,00:00,14,1095
2026-10-08,m21,花水湾竹里温泉民宿,花水湾镇,美团,08:00,13,1077
2026-10-08,m21,花水湾竹里温泉民宿,花水湾镇,途家,08:00,12,1137
2026-10-08,m21,花水湾竹里温泉民宿,花水湾镇,美团,14:00,9,1155
2026-10-08,m21,花水湾竹里温泉民宿,花水湾镇,途家,14:00,9,1206
2026-10-08,m21,花水湾竹里温泉民宿,花水湾镇,美团,20:00,5,1286
2026-10-08,m21,花水湾竹里温泉民宿,花水湾镇,途家,20:00,4,1380
2026-10-09,m21,花水湾竹里温泉民宿,花水湾镇,美团,00:00,15,496
2026-10-09,m21,花水湾竹里温泉民宿,花水湾镇,途家,00:00,15,524
2026-10-09,m21,花水湾竹里温泉民宿,花水湾镇,美团,08:00,15,518
2026-10-09,m21,花水湾竹里温泉民宿,花水湾镇,途家,08:00,14,541
2026-10-09,m21,花水湾竹里温泉民宿,花水湾镇,美团,14:00,9,591
2026-10-09,m21,花水湾竹里温泉民宿,花水湾镇,途家,14:00,9,605
2026-10-09,m21,花水湾竹里温泉民宿,花水湾镇,美团,20:00,6,611
2026-10-09,m21,花水湾竹里温泉民宿,花水湾镇,途家,20:00,6,660
2026-10-10,m21,花水湾竹里温泉民宿,花水湾镇,美团,00:00,15,661
2026-10-10,m21,花水湾竹里温泉民宿,花水湾镇,途家,00:00,15,692
2026-10-10,m21,花水湾竹里温泉民宿,花水湾镇,美团,08:00,13,699
2026-10-10,m21,花水湾竹里温泉民宿,花水湾镇,途家,08:00,13,738
2026-10-10,m21,花水湾竹里温泉民宿,花水湾镇,美团,14:00,10,731
2026-10-10,m21,花水湾竹里温泉民宿,花水湾镇,途家,14:00,10,787
2026-10-10,m21,花水湾竹里温泉民宿,花水湾镇,美团,20:00,1,891
2026-10-10,m21,花水湾竹里温泉民宿,花水湾镇,途家,20:00,1,932
2026-10-11,m21,花水湾竹里温泉民宿,花水湾镇,美团,00:00,15,663
2026-10-11,m21,花水湾竹里温泉民宿,花水湾镇,途家,00:00,14,716
2026-10-11,m21,花水湾竹里温泉民宿,花水湾镇,美团,08:00,13,688
2026-10-11,m21,花水湾竹里温泉民宿,花水湾镇,途家,08:00,13,736
2026-10-11,m21,花水湾竹里温泉民宿,花水湾镇,美团,14:00,8,756
2026-10-11,m21,花水湾竹里温泉民宿,花水湾镇,途家,14:00,8,816
2026-10-11,m21,花水湾竹里温泉民宿,花水湾镇,美团,20:00,2,884
2026-10-11,m21,花水湾竹里温泉民宿,花水湾镇,途家,20:00,1,943
2026-10-12,m21,花水湾竹里温泉民宿,花水湾镇,美团,00:00,15,514
2026-10-12,m21,花水湾竹里温泉民宿,花水湾镇,途家,00:00,15,533
2026-10-12,m21,花水湾竹里温泉民宿,花水湾镇,美团,08:00,15,523
2026-10-12,m21,花水湾竹里温泉民宿,花水湾镇,途家,08:00,14,536
2026-10-12,m21,花水湾竹里温泉民宿,花水湾镇,美团,14:00,13,523
2026-10-12,m21,花水湾竹里温泉民宿,花水湾镇,途家,14:00,13,562
2026-10-12,m21,花水湾竹里温泉民宿,花水湾镇,美团,20:00,9,571
2026-10-12,m21,花水湾竹里温泉民宿,花水湾镇,途家,20:00,9,619
2026-10-13,m21,花水湾竹里温泉民宿,花水湾镇,美团,00:00,17,501
2026-10-13,m21,花水湾竹里温泉民宿,花水湾镇,途家,00:00,16,512
2026-10-13,m21,花水湾竹里温泉民宿,花水湾镇,美团,08:00,16,500
2026-10-13,m21,花水湾竹里温泉民宿,花水湾镇,途家,08:00,15,536
2026-10-13,m21,花水湾竹里温泉民宿,花水湾镇,美团,14:00,13,535
2026-10-13,m21,花水湾竹里温泉民宿,花水湾镇,途家,14:00,13,549
2026-10-13,m21,花水湾竹里温泉民宿,花水湾镇,美团,20:00,6,621
2026-10-13,m21,花水湾竹里温泉民宿,花水湾镇,途家,20:00,5,676
2026-10-14,m21,花水湾竹里温泉民宿,花水湾镇,美团,00:00,14,510
2026-10-14,m21,花水湾竹里温泉民宿,花水湾镇,途家,00:00,14,541
2026-10-14,m21,花水湾竹里温泉民宿,花水湾镇,美团,08:00,15,525
2026-10-14,m21,花水湾竹里温泉民宿,花水湾镇,途家,08:00,14,549
2026-10-14,m21,花水湾竹里温泉民宿,花水湾镇,美团,14:00,12,554
2026-10-14,m21,花水湾竹里温泉民宿,花水湾镇,途家,14:00,11,593
2026-10-14,m21,花水湾竹里温泉民宿,花水湾镇,美团,20:00,8,596
2026-10-14,m21,花水湾竹里温泉民宿,花水湾镇,途家,20:00,7,632
2026-10-15,m21,花水湾竹里温泉民宿,花水湾镇,美团,00:00,15,524
2026-10-15,m21,花水湾竹里温泉民宿,花水湾镇,途家,00:00,14,535
2026-10-15,m21,花水湾竹里温泉民宿,花水湾镇,美团,08:00,15,521
2026-10-15,m21,花水湾竹里温泉民宿,花水湾镇,途家,08:00,14,540
2026-10-15,m21,花水湾竹里温泉民宿,花水湾镇,美团,14:00,11,558
2026-10-15,m21,花水湾竹里温泉民宿,花水湾镇,途家,14:00,11,591
2026-10-15,m21,花水湾竹里温泉民宿,花水湾镇,美团,20:00,7,605
2026-10-15,m21,花水湾竹里温泉民宿,花水湾镇,途家,20:00,7,648
2026-10-16,m21,花水湾竹里温泉民宿,花水湾镇,美团,00:00,15,520
2026-10-16,m21,花水湾竹里温泉民宿,花水湾镇,途家,00:00,14,539
2026-10-16,m21,花水湾竹里温泉民宿,花水湾镇,美团,08:00,15,516
2026-10-16,m21,花水湾竹里温泉民宿,花水湾镇,途家,08:00,14,535
2026-10-16,m21,花水湾竹里温泉民宿,花水湾镇,美团,14:00,10,570
2026-10-16,m21,花水湾竹里温泉民宿,花水湾镇,途家,14:00,9,611
2026-10-16,m21,花水湾竹里温泉民宿,花水湾镇,美团,20:00,7,613
2026-10-16,m21,花水湾竹里温泉民宿,花水湾镇,途家,20:00,6,645
2026-10-17,m21,花水湾竹里温泉民宿,花水湾镇,美团,00:00,16,663
2026-10-17,m21,花水湾竹里温泉民宿,花水湾镇,途家,00:00,15,680
2026-10-17,m21,花水湾竹里温泉民宿,花水湾镇,美团,08:00,14,662
2026-10-17,m21,花水湾竹里温泉民宿,花水湾镇,途家,08:00,14,696
2026-10-17,m21,花水湾竹里温泉民宿,花水湾镇,美团,14:00,7,815
2026-10-17,m21,花水湾竹里温泉民宿,花水湾镇,途家,14:00,6,847
2026-10-17,m21,花水湾竹里温泉民宿,花水湾镇,美团,20:00,4,852
2026-10-17,m21,花水湾竹里温泉民宿,花水湾镇,途家,20:00,4,893
2026-10-18,m21,花水湾竹里温泉民宿,花水湾镇,美团,00:00,14,699
2026-10-18,m21,花水湾竹里温泉民宿,花水湾镇,途家,00:00,13,714
2026-10-18,m21,花水湾竹里温泉民宿,花水湾镇,美团,08:00,13,695
2026-10-18,m21,花水湾竹里温泉民宿,花水湾镇,途家,08:00,13,714
2026-10-18,m21,花水湾竹里温泉民宿,花水湾镇,美团,14:00,9,778
2026-10-18,m21,花水湾竹里温泉民宿,花水湾镇,途家,14:00,8,806
2026-10-18,m21,花水湾竹里温泉民宿,花水湾镇,美团,20:00,2,898
2026-10-18,m21,花水湾竹里温泉民宿,花水湾镇,途家,20:00,1,923
2026-10-19,m21,花水湾竹里温泉民宿,花水湾镇,美团,00:00,17,472
2026-10-19,m21,花水湾竹里温泉民宿,花水湾镇,途家,00:00,17,509
2026-10-19,m21,花水湾竹里温泉民宿,花水湾镇,美团,08:00,17,477
2026-10-19,m21,花水湾竹里温泉民宿,花水湾镇,途家,08:00,17,501
2026-10-19,m21,花水湾竹里温泉民宿,花水湾镇,美团,14:00,16,512
2026-10-19,m21,花水湾竹里温泉民宿,花水湾镇,途家,14:00,15,527
2026-10-19,m21,花水湾竹里温泉民宿,花水湾镇,美团,20:00,11,557
2026-10-19,m21,花水湾竹里温泉民宿,花水湾镇,途家,20:00,11,583
2026-10-20,m21,花水湾竹里温泉民宿,花水湾镇,美团,00:00,15,499
2026-10-20,m21,花水湾竹里温泉民宿,花水湾镇,途家,00:00,15,539
2026-10-20,m21,花水湾竹里温泉民宿,花水湾镇,美团,08:00,15,515
2026-10-20,m21,花水湾竹里温泉民宿,花水湾镇,途家,08:00,14,540
2026-10-20,m21,花水湾竹里温泉民宿,花水湾镇,美团,14:00,9,588
2026-10-20,m21,花水湾竹里温泉民宿,花水湾镇,途家,14:00,9,609
2026-10-20,m21,花水湾竹里温泉民宿,花水湾镇,美团,20:00,5,654
2026-10-20,m21,花水湾竹里温泉民宿,花水湾镇,途家,20:00,4,686
2026-10-21,m21,花水湾竹里温泉民宿,花水湾镇,美团,00:00,16,496
2026-10-21,m21,花水湾竹里温泉民宿,花水湾镇,途家,00:00,15,529
2026-10-21,m21,花水湾竹里温泉民宿,花水湾镇,美团,08:00,15,497
2026-10-21,m21,花水湾竹里温泉民宿,花水湾镇,途家,08:00,15,532
2026-10-21,m21,花水湾竹里温泉民宿,花水湾镇,美团,14:00,15,512
2026-10-21,m21,花水湾竹里温泉民宿,花水湾镇,途家,14:00,14,533
2026-10-21,m21,花水湾竹里温泉民宿,花水湾镇,美团,20:00,9,592
2026-10-21,m21,花水湾竹里温泉民宿,花水湾镇,途家,20:00,8,622
2026-10-22,m21,花水湾竹里温泉民宿,花水湾镇,美团,00:00,12,553
2026-10-22,m21,花水湾竹里温泉民宿,花水湾镇,途家,00:00,12,575
2026-10-22,m21,花水湾竹里温泉民宿,花水湾镇,美团,08:00,13,542
2026-10-22,m21,花水湾竹里温泉民宿,花水湾镇,途家,08:00,12,563
2026-10-22,m21,花水湾竹里温泉民宿,花水湾镇,美团,14:00,8,603
2026-10-22,m21,花水湾竹里温泉民宿,花水湾镇,途家,14:00,8,629
2026-10-22,m21,花水湾竹里温泉民宿,花水湾镇,美团,20:00,3,668
2026-10-22,m21,花水湾竹里温泉民宿,花水湾镇,途家,20:00,3,679
2026-10-23,m21,花水湾竹里温泉民宿,花水湾镇,美团,00:00,13,525
2026-10-23,m21,花水湾竹里温泉民宿,花水湾镇,途家,00:00,13,566
2026-10-23,m21,花水湾竹里温泉民宿,花水湾镇,美团,08:00,13,531
2026-10-23,m21,花水湾竹里温泉民宿,花水湾镇,途家,08:00,13,559
2026-10-23,m21,花水湾竹里温泉民宿,花水湾镇,美团,14:00,9,590
2026-10-23,m21,花水湾竹里温泉民宿,花水湾镇,途家,14:00,8,617
2026-10-23,m21,花水湾竹里温泉民宿,花水湾镇,美团,20:00,5,656
2026-10-23,m21,花水湾竹里温泉民宿,花水湾镇,途家,20:00,4,670
2026-10-24,m21,花水湾竹里温泉民宿,花水湾镇,美团,00:00,13,684
2026-10-24,m21,花水湾竹里温泉民宿,花水湾镇,途家,00:00,13,710
2026-10-24,m21,花水湾竹里温泉民宿,花水湾镇,美团,08:00,13,677
2026-10-24,m21,花水湾竹里温泉民宿,花水湾镇,途家,08:00,13,727
2026-10-24,m21,花水湾竹里温泉民宿,花水湾镇,美团,14:00,9,777
2026-10-24,m21,花水湾竹里温泉民宿,花水湾镇,途家,14:00,8,823
2026-10-24,m21,花水湾竹里温泉民宿,花水湾镇,美团,20:00,1,875
2026-10-24,m21,花水湾竹里温泉民宿,花水湾镇,途家,20:00,1,936
2026-10-25,m21,花水湾竹里温泉民宿,花水湾镇,美团,00:00,14,676
2026-10-25,m21,花水湾竹里温泉民宿,花水湾镇,途家,00:00,13,710
2026-10-25,m21,花水湾竹里温泉民宿,花水湾镇,美团,08:00,12,699
2026-10-25,m21,花水湾竹里温泉民宿,花水湾镇,途家,08:00,12,729
2026-10-25,m21,花水湾竹里温泉民宿,花水湾镇,美团,14:00,6,813
2026-10-25,m21,花水湾竹里温泉民宿,花水湾镇,途家,14:00,6,860
2026-10-25,m21,花水湾竹里温泉民宿,花水湾镇,美团,20:00,2,879
2026-10-25,m21,花水湾竹里温泉民宿,花水湾镇,途家,20:00,1,914
2026-10-26,m21,花水湾竹里温泉民宿,花水湾镇,美团,00:00,14,523
2026-10-26,m21,花水湾竹里温泉民宿,花水湾镇,途家,00:00,14,551
2026-10-26,m21,花水湾竹里温泉民宿,花水湾镇,美团,08:00,15,523
2026-10-26,m21,花水湾竹里温泉民宿,花水湾镇,途家,08:00,14,540
2026-10-26,m21,花水湾竹里温泉民宿,花水湾镇,美团,14:00,12,547
2026-10-26,m21,花水湾竹里温泉民宿,花水湾镇,途家,14:00,12,577
2026-10-26,m21,花水湾竹里温泉民宿,花水湾镇,美团,20:00,9,604
2026-10-26,m21,花水湾竹里温泉民宿,花水湾镇,途家,20:00,8,634
2026-10-27,m21,花水湾竹里温泉民宿,花水湾镇,美团,00:00,17,495
2026-10-27,m21,花水湾竹里温泉民宿,花水湾镇,途家,00:00,16,520
2026-10-27,m21,花水湾竹里温泉民宿,花水湾镇,美团,08:00,16,508
2026-10-27,m21,花水湾竹里温泉民宿,花水湾镇,途家,08:00,15,530
2026-10-27,m21,花水湾竹里温泉民宿,花水湾镇,美团,14:00,14,534
2026-10-27,m21,花水湾竹里温泉民宿,花水湾镇,途家,14:00,13,550
2026-10-27,m21,花水湾竹里温泉民宿,花水湾镇,美团,20:00,7,603
2026-10-27,m21,花水湾竹里温泉民宿,花水湾镇,途家,20:00,7,632
2026-10-28,m21,花水湾竹里温泉民宿,花水湾镇,美团,00:00,16,507
2026-10-28,m21,花水湾竹里温泉民宿,花水湾镇,途家,00:00,15,525
2026-10-28,m21,花水湾竹里温泉民宿,花水湾镇,美团,08:00,14,523
2026-10-28,m21,花水湾竹里温泉民宿,花水湾镇,途家,08:00,14,550
2026-10-28,m21,花水湾竹里温泉民宿,花水湾镇,美团,14:00,10,569
2026-10-28,m21,花水湾竹里温泉民宿,花水湾镇,途家,14:00,10,586
2026-10-28,m21,花水湾竹里温泉民宿,花水湾镇,美团,20:00,6,640
2026-10-28,m21,花水湾竹里温泉民宿,花水湾镇,途家,20:00,5,653
2026-10-29,m21,花水湾竹里温泉民宿,花水湾镇,美团,00:00,12,539
2026-10-29,m21,花水湾竹里温泉民宿,花水湾镇,途家,00:00,12,560
2026-10-29,m21,花水湾竹里温泉民宿,花水湾镇,美团,08:00,11,570
2026-10-29,m21,花水湾竹里温泉民宿,花水湾镇,途家,08:00,10,596
2026-10-29,m21,花水湾竹里温泉民宿,花水湾镇,美团,14:00,9,589
2026-10-29,m21,花水湾竹里温泉民宿,花水湾镇,途家,14:00,8,624
2026-10-29,m21,花水湾竹里温泉民宿,花水湾镇,美团,20:00,5,624
2026-10-29,m21,花水湾竹里温泉民宿,花水湾镇,途家,20:00,5,669
2026-10-30,m21,花水湾竹里温泉民宿,花水湾镇,美团,00:00,15,503
2026-10-30,m21,花水湾竹里温泉民宿,花水湾镇,途家,00:00,15,530
2026-10-30,m21,花水湾竹里温泉民宿,花水湾镇,美团,08:00,14,520
2026-10-30,m21,花水湾竹里温泉民宿,花水湾镇,途家,08:00,14,540
2026-10-30,m21,花水湾竹里温泉民宿,花水湾镇,美团,14:00,13,535
2026-10-30,m21,花水湾竹里温泉民宿,花水湾镇,途家,14:00,13,549
2026-10-30,m21,花水湾竹里温泉民宿,花水湾镇,美团,20:00,7,609
2026-10-30,m21,花水湾竹里温泉民宿,花水湾镇,途家,20:00,6,655
2026-10-31,m21,花水湾竹里温泉民宿,花水湾镇,美团,00:00,16,634
2026-10-31,m21,花水湾竹里温泉民宿,花水湾镇,途家,00:00,16,671
2026-10-31,m21,花水湾竹里温泉民宿,花水湾镇,美团,08:00,14,674
2026-10-31,m21,花水湾竹里温泉民宿,花水湾镇,途家,08:00,14,715
2026-10-31,m21,花水湾竹里温泉民宿,花水湾镇,美团,14:00,11,731
2026-10-31,m21,花水湾竹里温泉民宿,花水湾镇,途家,14:00,11,767
2026-10-31,m21,花水湾竹里温泉民宿,花水湾镇,美团,20:00,2,863
2026-10-31,m21,花水湾竹里温泉民宿,花水湾镇,途家,20:00,2,923
2026-10-01,m22,花水湾逸景温泉民宿,花水湾镇,去哪儿,00:00,12,675
2026-10-01,m22,花水湾逸景温泉民宿,花水湾镇,同程,00:00,13,655
2026-10-01,m22,花水湾逸景温泉民宿,花水湾镇,去哪儿,08:00,12,669
2026-10-01,m22,花水湾逸景温泉民宿,花水湾镇,同程,08:00,13,665
2026-10-01,m22,花水湾逸景温泉民宿,花水湾镇,去哪儿,14:00,8,725
2026-10-01,m22,花水湾逸景温泉民宿,花水湾镇,同程,14:00,8,743
2026-10-01,m22,花水湾逸景温泉民宿,花水湾镇,去哪儿,20:00,0,848
2026-10-01,m22,花水湾逸景温泉民宿,花水湾镇,同程,20:00,1,851
2026-10-02,m22,花水湾逸景温泉民宿,花水湾镇,去哪儿,00:00,13,646
2026-10-02,m22,花水湾逸景温泉民宿,花水湾镇,同程,00:00,14,638
2026-10-02,m22,花水湾逸景温泉民宿,花水湾镇,去哪儿,08:00,12,670
2026-10-02,m22,花水湾逸景温泉民宿,花水湾镇,同程,08:00,12,669
2026-10-02,m22,花水湾逸景温泉民宿,花水湾镇,去哪儿,14:00,10,686
2026-10-02,m22,花水湾逸景温泉民宿,花水湾镇,同程,14:00,10,683
2026-10-02,m22,花水湾逸景温泉民宿,花水湾镇,去哪儿,20:00,3,815
2026-10-02,m22,花水湾逸景温泉民宿,花水湾镇,同程,20:00,3,792
2026-10-03,m22,花水湾逸景温泉民宿,花水湾镇,去哪儿,00:00,13,652
2026-10-03,m22,花水湾逸景温泉民宿,花水湾镇,同程,00:00,14,642
2026-10-03,m22,花水湾逸景温泉民宿,花水湾镇,去哪儿,08:00,12,674
2026-10-03,m22,花水湾逸景温泉民宿,花水湾镇,同程,08:00,13,664
2026-10-03,m22,花水湾逸景温泉民宿,花水湾镇,去哪儿,14:00,10,706
2026-10-03,m22,花水湾逸景温泉民宿,花水湾镇,同程,14:00,11,701
2026-10-03,m22,花水湾逸景温泉民宿,花水湾镇,去哪儿,20:00,0,847
2026-10-03,m22,花水湾逸景温泉民宿,花水湾镇,同程,20:00,1,865
2026-10-04,m22,花水湾逸景温泉民宿,花水湾镇,去哪儿,00:00,15,610
2026-10-04,m22,花水湾逸景温泉民宿,花水湾镇,同程,00:00,15,627
2026-10-04,m22,花水湾逸景温泉民宿,花水湾镇,去哪儿,08:00,15,612
2026-10-04,m22,花水湾逸景温泉民宿,花水湾镇,同程,08:00,15,624
2026-10-04,m22,花水湾逸景温泉民宿,花水湾镇,去哪儿,14:00,12,659
2026-10-04,m22,花水湾逸景温泉民宿,花水湾镇,同程,14:00,13,675
2026-10-04,m22,花水湾逸景温泉民宿,花水湾镇,去哪儿,20:00,1,844
2026-10-04,m22,花水湾逸景温泉民宿,花水湾镇,同程,20:00,1,853
2026-10-05,m22,花水湾逸景温泉民宿,花水湾镇,去哪儿,00:00,16,599
2026-10-05,m22,花水湾逸景温泉民宿,花水湾镇,同程,00:00,16,603
2026-10-05,m22,花水湾逸景温泉民宿,花水湾镇,去哪儿,08:00,15,610
2026-10-05,m22,花水湾逸景温泉民宿,花水湾镇,同程,08:00,16,609
2026-10-05,m22,花水湾逸景温泉民宿,花水湾镇,去哪儿,14:00,10,709
2026-10-05,m22,花水湾逸景温泉民宿,花水湾镇,同程,14:00,10,687
2026-10-05,m22,花水湾逸景温泉民宿,花水湾镇,去哪儿,20:00,1,847
2026-10-05,m22,花水湾逸景温泉民宿,花水湾镇,同程,20:00,2,831
2026-10-06,m22,花水湾逸景温泉民宿,花水湾镇,去哪儿,00:00,13,642
2026-10-06,m22,花水湾逸景温泉民宿,花水湾镇,同程,00:00,14,653
2026-10-06,m22,花水湾逸景温泉民宿,花水湾镇,去哪儿,08:00,12,668
2026-10-06,m22,花水湾逸景温泉民宿,花水湾镇,同程,08:00,13,662
2026-10-06,m22,花水湾逸景温泉民宿,花水湾镇,去哪儿,14:00,11,669
2026-10-06,m22,花水湾逸景温泉民宿,花水湾镇,同程,14:00,12,680
2026-10-06,m22,花水湾逸景温泉民宿,花水湾镇,去哪儿,20:00,0,854
2026-10-06,m22,花水湾逸景温泉民宿,花水湾镇,同程,20:00,0,864
2026-10-07,m22,花水湾逸景温泉民宿,花水湾镇,去哪儿,00:00,15,617
2026-10-07,m22,花水湾逸景温泉民宿,花水湾镇,同程,00:00,16,611
2026-10-07,m22,花水湾逸景温泉民宿,花水湾镇,去哪儿,08:00,15,618
2026-10-07,m22,花水湾逸景温泉民宿,花水湾镇,同程,08:00,15,614
2026-10-07,m22,花水湾逸景温泉民宿,花水湾镇,去哪儿,14:00,10,708
2026-10-07,m22,花水湾逸景温泉民宿,花水湾镇,同程,14:00,10,697
2026-10-07,m22,花水湾逸景温泉民宿,花水湾镇,去哪儿,20:00,2,822
2026-10-07,m22,花水湾逸景温泉民宿,花水湾镇,同程,20:00,3,827
2026-10-08,m22,花水湾逸景温泉民宿,花水湾镇,去哪儿,00:00,17,585
2026-10-08,m22,花水湾逸景温泉民宿,花水湾镇,同程,00:00,17,592
2026-10-08,m22,花水湾逸景温泉民宿,花水湾镇,去哪儿,08:00,17,596
2026-10-08,m22,花水湾逸景温泉民宿,花水湾镇,同程,08:00,17,583
2026-10-08,m22,花水湾逸景温泉民宿,花水湾镇,去哪儿,14:00,12,675
2026-10-08,m22,花水湾逸景温泉民宿,花水湾镇,同程,14:00,13,667
2026-10-08,m22,花水湾逸景温泉民宿,花水湾镇,去哪儿,20:00,2,831
2026-10-08,m22,花水湾逸景温泉民宿,花水湾镇,同程,20:00,3,815
2026-10-09,m22,花水湾逸景温泉民宿,花水湾镇,去哪儿,00:00,13,330
2026-10-09,m22,花水湾逸景温泉民宿,花水湾镇,同程,00:00,14,319
2026-10-09,m22,花水湾逸景温泉民宿,花水湾镇,去哪儿,08:00,13,326
2026-10-09,m22,花水湾逸景温泉民宿,花水湾镇,同程,08:00,13,330
2026-10-09,m22,花水湾逸景温泉民宿,花水湾镇,去哪儿,14:00,11,335
2026-10-09,m22,花水湾逸景温泉民宿,花水湾镇,同程,14:00,12,341
2026-10-09,m22,花水湾逸景温泉民宿,花水湾镇,去哪儿,20:00,4,397
2026-10-09,m22,花水湾逸景温泉民宿,花水湾镇,同程,20:00,5,401
2026-10-10,m22,花水湾逸景温泉民宿,花水湾镇,去哪儿,00:00,13,424
2026-10-10,m22,花水湾逸景温泉民宿,花水湾镇,同程,00:00,14,422
2026-10-10,m22,花水湾逸景温泉民宿,花水湾镇,去哪儿,08:00,13,421
2026-10-10,m22,花水湾逸景温泉民宿,花水湾镇,同程,08:00,13,423
2026-10-10,m22,花水湾逸景温泉民宿,花水湾镇,去哪儿,14:00,9,464
2026-10-10,m22,花水湾逸景温泉民宿,花水湾镇,同程,14:00,10,454
2026-10-10,m22,花水湾逸景温泉民宿,花水湾镇,去哪儿,20:00,4,514
2026-10-10,m22,花水湾逸景温泉民宿,花水湾镇,同程,20:00,5,517
2026-10-11,m22,花水湾逸景温泉民宿,花水湾镇,去哪儿,00:00,14,409
2026-10-11,m22,花水湾逸景温泉民宿,花水湾镇,同程,00:00,14,408
2026-10-11,m22,花水湾逸景温泉民宿,花水湾镇,去哪儿,08:00,14,411
2026-10-11,m22,花水湾逸景温泉民宿,花水湾镇,同程,08:00,15,411
2026-10-11,m22,花水湾逸景温泉民宿,花水湾镇,去哪儿,14:00,10,460
2026-10-11,m22,花水湾逸景温泉民宿,花水湾镇,同程,14:00,11,452
2026-10-11,m22,花水湾逸景温泉民宿,花水湾镇,去哪儿,20:00,1,542
2026-10-11,m22,花水湾逸景温泉民宿,花水湾镇,同程,20:00,2,534
2026-10-12,m22,花水湾逸景温泉民宿,花水湾镇,去哪儿,00:00,15,304
2026-10-12,m22,花水湾逸景温泉民宿,花水湾镇,同程,00:00,16,309
2026-10-12,m22,花水湾逸景温泉民宿,花水湾镇,去哪儿,08:00,15,314
2026-10-12,m22,花水湾逸景温泉民宿,花水湾镇,同程,08:00,16,307
2026-10-12,m22,花水湾逸景温泉民宿,花水湾镇,去哪儿,14:00,10,351
2026-10-12,m22,花水湾逸景温泉民宿,花水湾镇,同程,14:00,10,350
2026-10-12,m22,花水湾逸景温泉民宿,花水湾镇,去哪儿,20:00,6,377
2026-10-12,m22,花水湾逸景温泉民宿,花水湾镇,同程,20:00,6,384
2026-10-13,m22,花水湾逸景温泉民宿,花水湾镇,去哪儿,00:00,15,311
2026-10-13,m22,花水湾逸景温泉民宿,花水湾镇,同程,00:00,15,310
2026-10-13,m22,花水湾逸景温泉民宿,花水湾镇,去哪儿,08:00,14,322
2026-10-13,m22,花水湾逸景温泉民宿,花水湾镇,同程,08:00,15,320
2026-10-13,m22,花水湾逸景温泉民宿,花水湾镇,去哪儿,14:00,14,319
2026-10-13,m22,花水湾逸景温泉民宿,花水湾镇,同程,14:00,15,320
2026-10-13,m22,花水湾逸景温泉民宿,花水湾镇,去哪儿,20:00,5,384
2026-10-13,m22,花水湾逸景温泉民宿,花水湾镇,同程,20:00,6,388
2026-10-14,m22,花水湾逸景温泉民宿,花水湾镇,去哪儿,00:00,15,307
2026-10-14,m22,花水湾逸景温泉民宿,花水湾镇,同程,00:00,15,306
2026-10-14,m22,花水湾逸景温泉民宿,花水湾镇,去哪儿,08:00,15,314
2026-10-14,m22,花水湾逸景温泉民宿,花水湾镇,同程,08:00,15,306
2026-10-14,m22,花水湾逸景温泉民宿,花水湾镇,去哪儿,14:00,13,325
2026-10-14,m22,花水湾逸景温泉民宿,花水湾镇,同程,14:00,14,322
2026-10-14,m22,花水湾逸景温泉民宿,花水湾镇,去哪儿,20:00,5,382
2026-10-14,m22,花水湾逸景温泉民宿,花水湾镇,同程,20:00,6,393
2026-10-15,m22,花水湾逸景温泉民宿,花水湾镇,去哪儿,00:00,15,305
2026-10-15,m22,花水湾逸景温泉民宿,花水湾镇,同程,00:00,15,314
2026-10-15,m22,花水湾逸景温泉民宿,花水湾镇,去哪儿,08:00,15,308
2026-10-15,m22,花水湾逸景温泉民宿,花水湾镇,同程,08:00,15,314
2026-10-15,m22,花水湾逸景温泉民宿,花水湾镇,去哪儿,14:00,11,343
2026-10-15,m22,花水湾逸景温泉民宿,花水湾镇,同程,14:00,12,337
2026-10-15,m22,花水湾逸景温泉民宿,花水湾镇,去哪儿,20:00,6,378
2026-10-15,m22,花水湾逸景温泉民宿,花水湾镇,同程,20:00,6,385
2026-10-16,m22,花水湾逸景温泉民宿,花水湾镇,去哪儿,00:00,15,304
2026-10-16,m22,花水湾逸景温泉民宿,花水湾镇,同程,00:00,16,314
2026-10-16,m22,花水湾逸景温泉民宿,花水湾镇,去哪儿,08:00,14,318
2026-10-16,m22,花水湾逸景温泉民宿,花水湾镇,同程,08:00,14,316
2026-10-16,m22,花水湾逸景温泉民宿,花水湾镇,去哪儿,14:00,14,314
2026-10-16,m22,花水湾逸景温泉民宿,花水湾镇,同程,14:00,14,322
2026-10-16,m22,花水湾逸景温泉民宿,花水湾镇,去哪儿,20:00,5,388
2026-10-16,m22,花水湾逸景温泉民宿,花水湾镇,同程,20:00,5,395
2026-10-17,m22,花水湾逸景温泉民宿,花水湾镇,去哪儿,00:00,11,450
2026-10-17,m22,花水湾逸景温泉民宿,花水湾镇,同程,00:00,11,450
2026-10-17,m22,花水湾逸景温泉民宿,花水湾镇,去哪儿,08:00,10,449
2026-10-17,m22,花水湾逸景温泉民宿,花水湾镇,同程,08:00,11,458
2026-10-17,m22,花水湾逸景温泉民宿,花水湾镇,去哪儿,14:00,4,509
2026-10-17,m22,花水湾逸景温泉民宿,花水湾镇,同程,14:00,4,521
2026-10-17,m22,花水湾逸景温泉民宿,花水湾镇,去哪儿,20:00,2,533
2026-10-17,m22,花水湾逸景温泉民宿,花水湾镇,同程,20:00,3,527
2026-10-18,m22,花水湾逸景温泉民宿,花水湾镇,去哪儿,00:00,13,422
2026-10-18,m22,花水湾逸景温泉民宿,花水湾镇,同程,00:00,13,420
2026-10-18,m22,花水湾逸景温泉民宿,花水湾镇,去哪儿,08:00,13,427
2026-10-18,m22,花水湾逸景温泉民宿,花水湾镇,同程,08:00,13,424
2026-10-18,m22,花水湾逸景温泉民宿,花水湾镇,去哪儿,14:00,9,467
2026-10-18,m22,花水湾逸景温泉民宿,花水湾镇,同程,14:00,9,456
2026-10-18,m22,花水湾逸景温泉民宿,花水湾镇,去哪儿,20:00,2,528
2026-10-18,m22,花水湾逸景温泉民宿,花水湾镇,同程,20:00,2,534
2026-10-19,m22,花水湾逸景温泉民宿,花水湾镇,去哪儿,00:00,15,309
2026-10-19,m22,花水湾逸景温泉民宿,花水湾镇,同程,00:00,16,312
2026-10-19,m22,花水湾逸景温泉民宿,花水湾镇,去哪儿,08:00,14,323
2026-10-19,m22,花水湾逸景温泉民宿,花水湾镇,同程,08:00,15,318
2026-10-19,m22,花水湾逸景温泉民宿,花水湾镇,去哪儿,14:00,9,354
2026-10-19,m22,花水湾逸景温泉民宿,花水湾镇,同程,14:00,10,354
2026-10-19,m22,花水湾逸景温泉民宿,花水湾镇,去哪儿,20:00,5,393
2026-10-19,m22,花水湾逸景温泉民宿,花水湾镇,同程,20:00,5,382
2026-10-20,m22,花水湾逸景温泉民宿,花水湾镇,去哪儿,00:00,12,332
2026-10-20,m22,花水湾逸景温泉民宿,花水湾镇,同程,00:00,12,327
2026-10-20,m22,花水湾逸景温泉民宿,花水湾镇,去哪儿,08:00,12,327
2026-10-20,m22,花水湾逸景温泉民宿,花水湾镇,同程,08:00,12,335
2026-10-20,m22,花水湾逸景温泉民宿,花水湾镇,去哪儿,14:00,9,354
2026-10-20,m22,花水湾逸景温泉民宿,花水湾镇,同程,14:00,9,353
2026-10-20,m22,花水湾逸景温泉民宿,花水湾镇,去哪儿,20:00,3,406
2026-10-20,m22,花水湾逸景温泉民宿,花水湾镇,同程,20:00,4,403
2026-10-21,m22,花水湾逸景温泉民宿,花水湾镇,去哪儿,00:00,15,309
2026-10-21,m22,花水湾逸景温泉民宿,花水湾镇,同程,00:00,16,310
2026-10-21,m22,花水湾逸景温泉民宿,花水湾镇,去哪儿,08:00,14,323
2026-10-21,m22,花水湾逸景温泉民宿,花水湾镇,同程,08:00,15,322
2026-10-21,m22,花水湾逸景温泉民宿,花水湾镇,去哪儿,14:00,11,347
2026-10-21,m22,花水湾逸景温泉民宿,花水湾镇,同程,14:00,11,337
2026-10-21,m22,花水湾逸景温泉民宿,花水湾镇,去哪儿,20:00,7,369
2026-10-21,m22,花水湾逸景温泉民宿,花水湾镇,同程,20:00,8,378
2026-10-22,m22,花水湾逸景温泉民宿,花水湾镇,去哪儿,00:00,11,339
2026-10-22,m22,花水湾逸景温泉民宿,花水湾镇,同程,00:00,11,347
2026-10-22,m22,花水湾逸景温泉民宿,花水湾镇,去哪儿,08:00,9,354
2026-10-22,m22,花水湾逸景温泉民宿,花水湾镇,同程,08:00,9,358
2026-10-22,m22,花水湾逸景温泉民宿,花水湾镇,去哪儿,14:00,8,364
2026-10-22,m22,花水湾逸景温泉民宿,花水湾镇,同程,14:00,8,368
2026-10-22,m22,花水湾逸景温泉民宿,花水湾镇,去哪儿,20:00,4,397
2026-10-22,m22,花水湾逸景温泉民宿,花水湾镇,同程,20:00,4,399
2026-10-23,m22,花水湾逸景温泉民宿,花水湾镇,去哪儿,00:00,15,314
2026-10-23,m22,花水湾逸景温泉民宿,花水湾镇,同程,00:00,16,310
2026-10-23,m22,花水湾逸景温泉民宿,花水湾镇,去哪儿,08:00,15,315
2026-10-23,m22,花水湾逸景温泉民宿,花水湾镇,同程,08:00,15,316
2026-10-23,m22,花水湾逸景温泉民宿,花水湾镇,去哪儿,14:00,11,336
2026-10-23,m22,花水湾逸景温泉民宿,花水湾镇,同程,14:00,11,343
2026-10-23,m22,花水湾逸景温泉民宿,花水湾镇,去哪儿,20:00,5,391
2026-10-23,m22,花水湾逸景温泉民宿,花水湾镇,同程,20:00,5,382
2026-10-24,m22,花水湾逸景温泉民宿,花水湾镇,去哪儿,00:00,14,408
2026-10-24,m22,花水湾逸景温泉民宿,花水湾镇,同程,00:00,14,409
2026-10-24,m22,花水湾逸景温泉民宿,花水湾镇,去哪儿,08:00,14,413
2026-10-24,m22,花水湾逸景温泉民宿,花水湾镇,同程,08:00,15,405
2026-10-24,m22,花水湾逸景温泉民宿,花水湾镇,去哪儿,14:00,10,451
2026-10-24,m22,花水湾逸景温泉民宿,花水湾镇,同程,14:00,10,460
2026-10-24,m22,花水湾逸景温泉民宿,花水湾镇,去哪儿,20:00,2,526
2026-10-24,m22,花水湾逸景温泉民宿,花水湾镇,同程,20:00,3,526
2026-10-25,m22,花水湾逸景温泉民宿,花水湾镇,去哪儿,00:00,13,415
2026-10-25,m22,花水湾逸景温泉民宿,花水湾镇,同程,00:00,13,422
2026-10-25,m22,花水湾逸景温泉民宿,花水湾镇,去哪儿,08:00,13,414
2026-10-25,m22,花水湾逸景温泉民宿,花水湾镇,同程,08:00,14,425
2026-10-25,m22,花水湾逸景温泉民宿,花水湾镇,去哪儿,14:00,9,467
2026-10-25,m22,花水湾逸景温泉民宿,花水湾镇,同程,14:00,9,468
2026-10-25,m22,花水湾逸景温泉民宿,花水湾镇,去哪儿,20:00,4,510
2026-10-25,m22,花水湾逸景温泉民宿,花水湾镇,同程,20:00,4,504
2026-10-26,m22,花水湾逸景温泉民宿,花水湾镇,去哪儿,00:00,13,328
2026-10-26,m22,花水湾逸景温泉民宿,花水湾镇,同程,00:00,14,320
2026-10-26,m22,花水湾逸景温泉民宿,花水湾镇,去哪儿,08:00,13,328
2026-10-26,m22,花水湾逸景温泉民宿,花水湾镇,同程,08:00,13,331
2026-10-26,m22,花水湾逸景温泉民宿,花水湾镇,去哪儿,14:00,10,345
2026-10-26,m22,花水湾逸景温泉民宿,花水湾镇,同程,14:00,11,343
2026-10-26,m22,花水湾逸景温泉民宿,花水湾镇,去哪儿,20:00,4,392
2026-10-26,m22,花水湾逸景温泉民宿,花水湾镇,同程,20:00,4,392
2026-10-27,m22,花水湾逸景温泉民宿,花水湾镇,去哪儿,00:00,16,306
2026-10-27,m22,花水湾逸景温泉民宿,花水湾镇,同程,00:00,17,298
2026-10-27,m22,花水湾逸景温泉民宿,花水湾镇,去哪儿,08:00,16,304
2026-10-27,m22,花水湾逸景温泉民宿,花水湾镇,同程,08:00,17,305
2026-10-27,m22,花水湾逸景温泉民宿,花水湾镇,去哪儿,14:00,16,307
2026-10-27,m22,花水湾逸景温泉民宿,花水湾镇,同程,14:00,17,303
2026-10-27,m22,花水湾逸景温泉民宿,花水湾镇,去哪儿,20:00,11,336
2026-10-27,m22,花水湾逸景温泉民宿,花水湾镇,同程,20:00,11,346
2026-10-28,m22,花水湾逸景温泉民宿,花水湾镇,去哪儿,00:00,14,320
2026-10-28,m22,花水湾逸景温泉民宿,花水湾镇,同程,00:00,15,312
2026-10-28,m22,花水湾逸景温泉民宿,花水湾镇,去哪儿,08:00,14,314
2026-10-28,m22,花水湾逸景温泉民宿,花水湾镇,同程,08:00,14,319
2026-10-28,m22,花水湾逸景温泉民宿,花水湾镇,去哪儿,14:00,11,346
2026-10-28,m22,花水湾逸景温泉民宿,花水湾镇,同程,14:00,12,346
2026-10-28,m22,花水湾逸景温泉民宿,花水湾镇,去哪儿,20:00,8,363
2026-10-28,m22,花水湾逸景温泉民宿,花水湾镇,同程,20:00,9,365
2026-10-29,m22,花水湾逸景温泉民宿,花水湾镇,去哪儿,00:00,15,312
2026-10-29,m22,花水湾逸景温泉民宿,花水湾镇,同程,00:00,15,315
2026-10-29,m22,花水湾逸景温泉民宿,花水湾镇,去哪儿,08:00,15,313
2026-10-29,m22,花水湾逸景温泉民宿,花水湾镇,同程,08:00,16,306
2026-10-29,m22,花水湾逸景温泉民宿,花水湾镇,去哪儿,14:00,10,350
2026-10-29,m22,花水湾逸景温泉民宿,花水湾镇,同程,14:00,11,348
2026-10-29,m22,花水湾逸景温泉民宿,花水湾镇,去哪儿,20:00,6,381
2026-10-29,m22,花水湾逸景温泉民宿,花水湾镇,同程,20:00,7,376
2026-10-30,m22,花水湾逸景温泉民宿,花水湾镇,去哪儿,00:00,14,316
2026-10-30,m22,花水湾逸景温泉民宿,花水湾镇,同程,00:00,15,316
2026-10-30,m22,花水湾逸景温泉民宿,花水湾镇,去哪儿,08:00,14,313
2026-10-30,m22,花水湾逸景温泉民宿,花水湾镇,同程,08:00,14,316
2026-10-30,m22,花水湾逸景温泉民宿,花水湾镇,去哪儿,14:00,12,331
2026-10-30,m22,花水湾逸景温泉民宿,花水湾镇,同程,14:00,12,330
2026-10-30,m22,花水湾逸景温泉民宿,花水湾镇,去哪儿,20:00,7,369
2026-10-30,m22,花水湾逸景温泉民宿,花水湾镇,同程,20:00,7,371
2026-10-31,m22,花水湾逸景温泉民宿,花水湾镇,去哪儿,00:00,10,460
2026-10-31,m22,花水湾逸景温泉民宿,花水湾镇,同程,00:00,11,459
2026-10-31,m22,花水湾逸景温泉民宿,花水湾镇,去哪儿,08:00,10,445
2026-10-31,m22,花水湾逸景温泉民宿,花水湾镇,同程,08:00,11,461
2026-10-31,m22,花水湾逸景温泉民宿,花水湾镇,去哪儿,14:00,7,488
2026-10-31,m22,花水湾逸景温泉民宿,花水湾镇,同程,14:00,8,476
2026-10-31,m22,花水湾逸景温泉民宿,花水湾镇,去哪儿,20:00,3,513
2026-10-31,m22,花水湾逸景温泉民宿,花水湾镇,同程,20:00,4,516
2026-10-01,m23,花水湾青瓦客栈,花水湾镇,携程,00:00,30,918
2026-10-01,m23,花水湾青瓦客栈,花水湾镇,美团,00:00,31,912
2026-10-01,m23,花水湾青瓦客栈,花水湾镇,携程,08:00,30,909
2026-10-01,m23,花水湾青瓦客栈,花水湾镇,美团,08:00,31,881
2026-10-01,m23,花水湾青瓦客栈,花水湾镇,携程,14:00,19,1035
2026-10-01,m23,花水湾青瓦客栈,花水湾镇,美团,14:00,19,1005
2026-10-01,m23,花水湾青瓦客栈,花水湾镇,携程,20:00,3,1202
2026-10-01,m23,花水湾青瓦客栈,花水湾镇,美团,20:00,3,1138
2026-10-02,m23,花水湾青瓦客栈,花水湾镇,携程,00:00,33,896
2026-10-02,m23,花水湾青瓦客栈,花水湾镇,美团,00:00,34,872
2026-10-02,m23,花水湾青瓦客栈,花水湾镇,携程,08:00,29,926
2026-10-02,m23,花水湾青瓦客栈,花水湾镇,美团,08:00,30,902
2026-10-02,m23,花水湾青瓦客栈,花水湾镇,携程,14:00,19,1037
2026-10-02,m23,花水湾青瓦客栈,花水湾镇,美团,14:00,20,1012
2026-10-02,m23,花水湾青瓦客栈,花水湾镇,携程,20:00,5,1184
2026-10-02,m23,花水湾青瓦客栈,花水湾镇,美团,20:00,6,1143
2026-10-03,m23,花水湾青瓦客栈,花水湾镇,携程,00:00,34,881
2026-10-03,m23,花水湾青瓦客栈,花水湾镇,美团,00:00,34,881
2026-10-03,m23,花水湾青瓦客栈,花水湾镇,携程,08:00,33,894
2026-10-03,m23,花水湾青瓦客栈,花水湾镇,美团,08:00,33,858
2026-10-03,m23,花水湾青瓦客栈,花水湾镇,携程,14:00,24,983
2026-10-03,m23,花水湾青瓦客栈,花水湾镇,美团,14:00,25,942
2026-10-03,m23,花水湾青瓦客栈,花水湾镇,携程,20:00,4,1188
2026-10-03,m23,花水湾青瓦客栈,花水湾镇,美团,20:00,4,1169
2026-10-04,m23,花水湾青瓦客栈,花水湾镇,携程,00:00,33,912
2026-10-04,m23,花水湾青瓦客栈,花水湾镇,美团,00:00,32,878
2026-10-04,m23,花水湾青瓦客栈,花水湾镇,携程,08:00,29,937
2026-10-04,m23,花水湾青瓦客栈,花水湾镇,美团,08:00,30,907
2026-10-04,m23,花水湾青瓦客栈,花水湾镇,携程,14:00,24,998
2026-10-04,m23,花水湾青瓦客栈,花水湾镇,美团,14:00,25,969
2026-10-04,m23,花水湾青瓦客栈,花水湾镇,携程,20:00,2,1210
2026-10-04,m23,花水湾青瓦客栈,花水湾镇,美团,20:00,3,1188
2026-10-05,m23,花水湾青瓦客栈,花水湾镇,携程,00:00,31,920
2026-10-05,m23,花水湾青瓦客栈,花水湾镇,美团,00:00,31,899
2026-10-05,m23,花水湾青瓦客栈,花水湾镇,携程,08:00,29,951
2026-10-05,m23,花水湾青瓦客栈,花水湾镇,美团,08:00,28,906
2026-10-05,m23,花水湾青瓦客栈,花水湾镇,携程,14:00,19,1062
2026-10-05,m23,花水湾青瓦客栈,花水湾镇,美团,14:00,19,999
2026-10-05,m23,花水湾青瓦客栈,花水湾镇,携程,20:00,3,1215
2026-10-05,m23,花水湾青瓦客栈,花水湾镇,美团,20:00,3,1179
2026-10-06,m23,花水湾青瓦客栈,花水湾镇,携程,00:00,32,895
2026-10-06,m23,花水湾青瓦客栈,花水湾镇,美团,00:00,33,862
2026-10-06,m23,花水湾青瓦客栈,花水湾镇,携程,08:00,31,933
2026-10-06,m23,花水湾青瓦客栈,花水湾镇,美团,08:00,30,891
2026-10-06,m23,花水湾青瓦客栈,花水湾镇,携程,14:00,18,1028
2026-10-06,m23,花水湾青瓦客栈,花水湾镇,美团,14:00,18,1013
2026-10-06,m23,花水湾青瓦客栈,花水湾镇,携程,20:00,3,1182
2026-10-06,m23,花水湾青瓦客栈,花水湾镇,美团,20:00,3,1161
2026-10-07,m23,花水湾青瓦客栈,花水湾镇,携程,00:00,28,936
2026-10-07,m23,花水湾青瓦客栈,花水湾镇,美团,00:00,29,922
2026-10-07,m23,花水湾青瓦客栈,花水湾镇,携程,08:00,28,928
2026-10-07,m23,花水湾青瓦客栈,花水湾镇,美团,08:00,29,903
2026-10-07,m23,花水湾青瓦客栈,花水湾镇,携程,14:00,20,1021
2026-10-07,m23,花水湾青瓦客栈,花水湾镇,美团,14:00,21,976
2026-10-07,m23,花水湾青瓦客栈,花水湾镇,携程,20:00,5,1180
2026-10-07,m23,花水湾青瓦客栈,花水湾镇,美团,20:00,4,1130
2026-10-08,m23,花水湾青瓦客栈,花水湾镇,携程,00:00,30,917
2026-10-08,m23,花水湾青瓦客栈,花水湾镇,美团,00:00,30,899
2026-10-08,m23,花水湾青瓦客栈,花水湾镇,携程,08:00,28,949
2026-10-08,m23,花水湾青瓦客栈,花水湾镇,美团,08:00,28,916
2026-10-08,m23,花水湾青瓦客栈,花水湾镇,携程,14:00,21,1008
2026-10-08,m23,花水湾青瓦客栈,花水湾镇,美团,14:00,22,991
2026-10-08,m23,花水湾青瓦客栈,花水湾镇,携程,20:00,8,1153
2026-10-08,m23,花水湾青瓦客栈,花水湾镇,美团,20:00,8,1127
2026-10-09,m23,花水湾青瓦客栈,花水湾镇,携程,00:00,34,437
2026-10-09,m23,花水湾青瓦客栈,花水湾镇,美团,00:00,35,422
2026-10-09,m23,花水湾青瓦客栈,花水湾镇,携程,08:00,33,447
2026-10-09,m23,花水湾青瓦客栈,花水湾镇,美团,08:00,34,429
2026-10-09,m23,花水湾青瓦客栈,花水湾镇,携程,14:00,26,481
2026-10-09,m23,花水湾青瓦客栈,花水湾镇,美团,14:00,27,475
2026-10-09,m23,花水湾青瓦客栈,花水湾镇,携程,20:00,18,531
2026-10-09,m23,花水湾青瓦客栈,花水湾镇,美团,20:00,18,513
2026-10-10,m23,花水湾青瓦客栈,花水湾镇,携程,00:00,29,612
2026-10-10,m23,花水湾青瓦客栈,花水湾镇,美团,00:00,29,589
2026-10-10,m23,花水湾青瓦客栈,花水湾镇,携程,08:00,29,607
2026-10-10,m23,花水湾青瓦客栈,花水湾镇,美团,08:00,29,583
2026-10-10,m23,花水湾青瓦客栈,花水湾镇,携程,14:00,21,669
2026-10-10,m23,花水湾青瓦客栈,花水湾镇,美团,14:00,20,652
2026-10-10,m23,花水湾青瓦客栈,花水湾镇,携程,20:00,5,775
2026-10-10,m23,花水湾青瓦客栈,花水湾镇,美团,20:00,6,751
2026-10-11,m23,花水湾青瓦客栈,花水湾镇,携程,00:00,33,593
2026-10-11,m23,花水湾青瓦客栈,花水湾镇,美团,00:00,34,561
2026-10-11,m23,花水湾青瓦客栈,花水湾镇,携程,08:00,32,577
2026-10-11,m23,花水湾青瓦客栈,花水湾镇,美团,08:00,32,569
2026-10-11,m23,花水湾青瓦客栈,花水湾镇,携程,14:00,24,644
2026-10-11,m23,花水湾青瓦客栈,花水湾镇,美团,14:00,24,622
2026-10-11,m23,花水湾青瓦客栈,花水湾镇,携程,20:00,6,757
2026-10-11,m23,花水湾青瓦客栈,花水湾镇,美团,20:00,6,736
2026-10-12,m23,花水湾青瓦客栈,花水湾镇,携程,00:00,35,436
2026-10-12,m23,花水湾青瓦客栈,花水湾镇,美团,00:00,35,420
2026-10-12,m23,花水湾青瓦客栈,花水湾镇,携程,08:00,31,455
2026-10-12,m23,花水湾青瓦客栈,花水湾镇,美团,08:00,31,442
2026-10-12,m23,花水湾青瓦客栈,花水湾镇,携程,14:00,28,482
2026-10-12,m23,花水湾青瓦客栈,花水湾镇,美团,14:00,29,468
2026-10-12,m23,花水湾青瓦客栈,花水湾镇,携程,20:00,17,537
2026-10-12,m23,花水湾青瓦客栈,花水湾镇,美团,20:00,17,522
2026-10-13,m23,花水湾青瓦客栈,花水湾镇,携程,00:00,31,465
2026-10-13,m23,花水湾青瓦客栈,花水湾镇,美团,00:00,31,449
2026-10-13,m23,花水湾青瓦客栈,花水湾镇,携程,08:00,31,457
2026-10-13,m23,花水湾青瓦客栈,花水湾镇,美团,08:00,31,444
2026-10-13,m23,花水湾青瓦客栈,花水湾镇,携程,14:00,25,501
2026-10-13,m23,花水湾青瓦客栈,花水湾镇,美团,14:00,24,477
2026-10-13,m23,花水湾青瓦客栈,花水湾镇,携程,20:00,11,548
2026-10-13,m23,花水湾青瓦客栈,花水湾镇,美团,20:00,12,548
2026-10-14,m23,花水湾青瓦客栈,花水湾镇,携程,00:00,31,457
2026-10-14,m23,花水湾青瓦客栈,花水湾镇,美团,00:00,32,450
2026-10-14,m23,花水湾青瓦客栈,花水湾镇,携程,08:00,31,457
2026-10-14,m23,花水湾青瓦客栈,花水湾镇,美团,08:00,31,452
2026-10-14,m23,花水湾青瓦客栈,花水湾镇,携程,14:00,23,500
2026-10-14,m23,花水湾青瓦客栈,花水湾镇,美团,14:00,23,485
2026-10-14,m23,花水湾青瓦客栈,花水湾镇,携程,20:00,15,543
2026-10-14,m23,花水湾青瓦客栈,花水湾镇,美团,20:00,15,516
2026-10-15,m23,花水湾青瓦客栈,花水湾镇,携程,00:00,31,460
2026-10-15,m23,花水湾青瓦客栈,花水湾镇,美团,00:00,32,438
2026-10-15,m23,花水湾青瓦客栈,花水湾镇,携程,08:00,31,451
2026-10-15,m23,花水湾青瓦客栈,花水湾镇,美团,08:00,32,439
2026-10-15,m23,花水湾青瓦客栈,花水湾镇,携程,14:00,26,487
2026-10-15,m23,花水湾青瓦客栈,花水湾镇,美团,14:00,26,472
2026-10-15,m23,花水湾青瓦客栈,花水湾镇,携程,20:00,13,556
2026-10-15,m23,花水湾青瓦客栈,花水湾镇,美团,20:00,12,543
2026-10-16,m23,花水湾青瓦客栈,花水湾镇,携程,00:00,33,451
2026-10-16,m23,花水湾青瓦客栈,花水湾镇,美团,00:00,34,443
2026-10-16,m23,花水湾青瓦客栈,花水湾镇,携程,08:00,32,448
2026-10-16,m23,花水湾青瓦客栈,花水湾镇,美团,08:00,33,446
2026-10-16,m23,花水湾青瓦客栈,花水湾镇,携程,14:00,27,470
2026-10-16,m23,花水湾青瓦客栈,花水湾镇,美团,14:00,28,466
2026-10-16,m23,花水湾青瓦客栈,花水湾镇,携程,20:00,16,538
2026-10-16,m23,花水湾青瓦客栈,花水湾镇,美团,20:00,17,522
2026-10-17,m23,花水湾青瓦客栈,花水湾镇,携程,00:00,30,590
2026-10-17,m23,花水湾青瓦客栈,花水湾镇,美团,00:00,31,574
2026-10-17,m23,花水湾青瓦客栈,花水湾镇,携程,08:00,25,639
2026-10-17,m23,花水湾青瓦客栈,花水湾镇,美团,08:00,25,622
2026-10-17,m23,花水湾青瓦客栈,花水湾镇,携程,14:00,18,699
2026-10-17,m23,花水湾青瓦客栈,花水湾镇,美团,14:00,17,660
2026-10-17,m23,花水湾青瓦客栈,花水湾镇,携程,20:00,5,757
2026-10-17,m23,花水湾青瓦客栈,花水湾镇,美团,20:00,5,747
2026-10-18,m23,花水湾青瓦客栈,花水湾镇,携程,00:00,29,608
2026-10-18,m23,花水湾青瓦客栈,花水湾镇,美团,00:00,28,604
2026-10-18,m23,花水湾青瓦客栈,花水湾镇,携程,08:00,24,646
2026-10-18,m23,花水湾青瓦客栈,花水湾镇,美团,08:00,25,633
2026-10-18,m23,花水湾青瓦客栈,花水湾镇,携程,14:00,17,673
2026-10-18,m23,花水湾青瓦客栈,花水湾镇,美团,14:00,17,656
2026-10-18,m23,花水湾青瓦客栈,花水湾镇,携程,20:00,2,785
2026-10-18,m23,花水湾青瓦客栈,花水湾镇,美团,20:00,2,746
2026-10-19,m23,花水湾青瓦客栈,花水湾镇,携程,00:00,32,456
2026-10-19,m23,花水湾青瓦客栈,花水湾镇,美团,00:00,31,451
2026-10-19,m23,花水湾青瓦客栈,花水湾镇,携程,08:00,32,464
2026-10-19,m23,花水湾青瓦客栈,花水湾镇,美团,08:00,31,452
2026-10-19,m23,花水湾青瓦客栈,花水湾镇,携程,14:00,28,477
2026-10-19,m23,花水湾青瓦客栈,花水湾镇,美团,14:00,28,453
2026-10-19,m23,花水湾青瓦客栈,花水湾镇,携程,20:00,12,553
2026-10-19,m23,花水湾青瓦客栈,花水湾镇,美团,20:00,13,531
2026-10-20,m23,花水湾青瓦客栈,花水湾镇,携程,00:00,34,443
2026-10-20,m23,花水湾青瓦客栈,花水湾镇,美团,00:00,34,430
2026-10-20,m23,花水湾青瓦客栈,花水湾镇,携程,08:00,34,441
2026-10-20,m23,花水湾青瓦客栈,花水湾镇,美团,08:00,34,439
2026-10-20,m23,花水湾青瓦客栈,花水湾镇,携程,14:00,29,463
2026-10-20,m23,花水湾青瓦客栈,花水湾镇,美团,14:00,29,450
2026-10-20,m23,花水湾青瓦客栈,花水湾镇,携程,20:00,17,528
2026-10-20,m23,花水湾青瓦客栈,花水湾镇,美团,20:00,17,513
2026-10-21,m23,花水湾青瓦客栈,花水湾镇,携程,00:00,33,448
2026-10-21,m23,花水湾青瓦客栈,花水湾镇,美团,00:00,34,432
2026-10-21,m23,花水湾青瓦客栈,花水湾镇,携程,08:00,34,447
2026-10-21,m23,花水湾青瓦客栈,花水湾镇,美团,08:00,33,443
2026-10-21,m23,花水湾青瓦客栈,花水湾镇,携程,14:00,29,464
2026-10-21,m23,花水湾青瓦客栈,花水湾镇,美团,14:00,30,454
2026-10-21,m23,花水湾青瓦客栈,花水湾镇,携程,20:00,19,518
2026-10-21,m23,花水湾青瓦客栈,花水湾镇,美团,20:00,19,500
2026-10-22,m23,花水湾青瓦客栈,花水湾镇,携程,00:00,35,445
2026-10-22,m23,花水湾青瓦客栈,花水湾镇,美团,00:00,36,418
2026-10-22,m23,花水湾青瓦客栈,花水湾镇,携程,08:00,36,439
2026-10-22,m23,花水湾青瓦客栈,花水湾镇,美团,08:00,36,419
2026-10-22,m23,花水湾青瓦客栈,花水湾镇,携程,14:00,31,461
2026-10-22,m23,花水湾青瓦客栈,花水湾镇,美团,14:00,32,441
2026-10-22,m23,花水湾青瓦客栈,花水湾镇,携程,20:00,21,514
2026-10-22,m23,花水湾青瓦客栈,花水湾镇,美团,20:00,21,490
2026-10-23,m23,花水湾青瓦客栈,花水湾镇,携程,00:00,32,457
2026-10-23,m23,花水湾青瓦客栈,花水湾镇,美团,00:00,32,438
2026-10-23,m23,花水湾青瓦客栈,花水湾镇,携程,08:00,29,467
2026-10-23,m23,花水湾青瓦客栈,花水湾镇,美团,08:00,30,446
2026-10-23,m23,花水湾青瓦客栈,花水湾镇,携程,14:00,24,494
2026-10-23,m23,花水湾青瓦客栈,花水湾镇,美团,14:00,25,487
2026-10-23,m23,花水湾青瓦客栈,花水湾镇,携程,20:00,8,563
2026-10-23,m23,花水湾青瓦客栈,花水湾镇,美团,20:00,9,551
2026-10-24,m23,花水湾青瓦客栈,花水湾镇,携程,00:00,31,595
2026-10-24,m23,花水湾青瓦客栈,花水湾镇,美团,00:00,31,588
2026-10-24,m23,花水湾青瓦客栈,花水湾镇,携程,08:00,28,606
2026-10-24,m23,花水湾青瓦客栈,花水湾镇,美团,08:00,29,591
2026-10-24,m23,花水湾青瓦客栈,花水湾镇,携程,14:00,18,692
2026-10-24,m23,花水湾青瓦客栈,花水湾镇,美团,14:00,18,649
2026-10-24,m23,花水湾青瓦客栈,花水湾镇,携程,20:00,5,755
2026-10-24,m23,花水湾青瓦客栈,花水湾镇,美团,20:00,4,749
2026-10-25,m23,花水湾青瓦客栈,花水湾镇,携程,00:00,27,630
2026-10-25,m23,花水湾青瓦客栈,花水湾镇,美团,00:00,28,614
2026-10-25,m23,花水湾青瓦客栈,花水湾镇,携程,08:00,23,660
2026-10-25,m23,花水湾青瓦客栈,花水湾镇,美团,08:00,23,633
2026-10-25,m23,花水湾青瓦客栈,花水湾镇,携程,14:00,14,701
2026-10-25,m23,花水湾青瓦客栈,花水湾镇,美团,14:00,15,676
2026-10-25,m23,花水湾青瓦客栈,花水湾镇,携程,20:00,2,777
2026-10-25,m23,花水湾青瓦客栈,花水湾镇,美团,20:00,2,767
2026-10-26,m23,花水湾青瓦客栈,花水湾镇,携程,00:00,32,458
2026-10-26,m23,花水湾青瓦客栈,花水湾镇,美团,00:00,33,446
2026-10-26,m23,花水湾青瓦客栈,花水湾镇,携程,08:00,30,457
2026-10-26,m23,花水湾青瓦客栈,花水湾镇,美团,08:00,30,453
2026-10-26,m23,花水湾青瓦客栈,花水湾镇,携程,14:00,23,503
2026-10-26,m23,花水湾青瓦客栈,花水湾镇,美团,14:00,23,487
2026-10-26,m23,花水湾青瓦客栈,花水湾镇,携程,20:00,16,541
2026-10-26,m23,花水湾青瓦客栈,花水湾镇,美团,20:00,16,518
2026-10-27,m23,花水湾青瓦客栈,花水湾镇,携程,00:00,33,455
2026-10-27,m23,花水湾青瓦客栈,花水湾镇,美团,00:00,33,436
2026-10-27,m23,花水湾青瓦客栈,花水湾镇,携程,08:00,32,455
2026-10-27,m23,花水湾青瓦客栈,花水湾镇,美团,08:00,33,444
2026-10-27,m23,花水湾青瓦客栈,花水湾镇,携程,14:00,26,490
2026-10-27,m23,花水湾青瓦客栈,花水湾镇,美团,14:00,26,470
2026-10-27,m23,花水湾青瓦客栈,花水湾镇,携程,20:00,15,531
2026-10-27,m23,花水湾青瓦客栈,花水湾镇,美团,20:00,16,529
2026-10-28,m23,花水湾青瓦客栈,花水湾镇,携程,00:00,36,432
2026-10-28,m23,花水湾青瓦客栈,花水湾镇,美团,00:00,36,427
2026-10-28,m23,花水湾青瓦客栈,花水湾镇,携程,08:00,34,435
2026-10-28,m23,花水湾青瓦客栈,花水湾镇,美团,08:00,34,425
2026-10-28,m23,花水湾青瓦客栈,花水湾镇,携程,14:00,25,489
2026-10-28,m23,花水湾青瓦客栈,花水湾镇,美团,14:00,25,478
2026-10-28,m23,花水湾青瓦客栈,花水湾镇,携程,20:00,16,529
2026-10-28,m23,花水湾青瓦客栈,花水湾镇,美团,20:00,16,516
2026-10-29,m23,花水湾青瓦客栈,花水湾镇,携程,00:00,30,464
2026-10-29,m23,花水湾青瓦客栈,花水湾镇,美团,00:00,31,448
2026-10-29,m23,花水湾青瓦客栈,花水湾镇,携程,08:00,30,469
2026-10-29,m23,花水湾青瓦客栈,花水湾镇,美团,08:00,29,447
2026-10-29,m23,花水湾青瓦客栈,花水湾镇,携程,14:00,21,518
2026-10-29,m23,花水湾青瓦客栈,花水湾镇,美团,14:00,22,495
2026-10-29,m23,花水湾青瓦客栈,花水湾镇,携程,20:00,11,551
2026-10-29,m23,花水湾青瓦客栈,花水湾镇,美团,20:00,12,548
2026-10-30,m23,花水湾青瓦客栈,花水湾镇,携程,00:00,35,445
2026-10-30,m23,花水湾青瓦客栈,花水湾镇,美团,00:00,36,426
2026-10-30,m23,花水湾青瓦客栈,花水湾镇,携程,08:00,35,436
2026-10-30,m23,花水湾青瓦客栈,花水湾镇,美团,08:00,35,421
2026-10-30,m23,花水湾青瓦客栈,花水湾镇,携程,14:00,27,479
2026-10-30,m23,花水湾青瓦客栈,花水湾镇,美团,14:00,27,463
2026-10-30,m23,花水湾青瓦客栈,花水湾镇,携程,20:00,15,534
2026-10-30,m23,花水湾青瓦客栈,花水湾镇,美团,20:00,14,529
2026-10-31,m23,花水湾青瓦客栈,花水湾镇,携程,00:00,32,597
2026-10-31,m23,花水湾青瓦客栈,花水湾镇,美团,00:00,32,561
2026-10-31,m23,花水湾青瓦客栈,花水湾镇,携程,08:00,30,598
2026-10-31,m23,花水湾青瓦客栈,花水湾镇,美团,08:00,31,583
2026-10-31,m23,花水湾青瓦客栈,花水湾镇,携程,14:00,20,669
2026-10-31,m23,花水湾青瓦客栈,花水湾镇,美团,14:00,20,647
2026-10-31,m23,花水湾青瓦客栈,花水湾镇,携程,20:00,1,799
2026-10-31,m23,花水湾青瓦客栈,花水湾镇,美团,20:00,2,763
2026-10-01,m24,花水湾罗马假日温泉酒店,花水湾镇,携程,00:00,127,1579
2026-10-01,m24,花水湾罗马假日温泉酒店,花水湾镇,美团,00:00,127,1545
2026-10-01,m24,花水湾罗马假日温泉酒店,花水湾镇,去哪儿,00:00,126,1534
2026-10-01,m24,花水湾罗马假日温泉酒店,花水湾镇,途家,00:00,126,1600
2026-10-01,m24,花水湾罗马假日温泉酒店,花水湾镇,携程,08:00,124,1607
2026-10-01,m24,花水湾罗马假日温泉酒店,花水湾镇,美团,08:00,123,1553
2026-10-01,m24,花水湾罗马假日温泉酒店,花水湾镇,去哪儿,08:00,123,1540
2026-10-01,m24,花水湾罗马假日温泉酒店,花水湾镇,途家,08:00,123,1593
2026-10-01,m24,花水湾罗马假日温泉酒店,花水湾镇,携程,14:00,86,1715
2026-10-01,m24,花水湾罗马假日温泉酒店,花水湾镇,美团,14:00,87,1707
2026-10-01,m24,花水湾罗马假日温泉酒店,花水湾镇,去哪儿,14:00,86,1677
2026-10-01,m24,花水湾罗马假日温泉酒店,花水湾镇,途家,14:00,86,1803
2026-10-01,m24,花水湾罗马假日温泉酒店,花水湾镇,携程,20:00,13,2037
2026-10-01,m24,花水湾罗马假日温泉酒店,花水湾镇,美团,20:00,13,1967
2026-10-01,m24,花水湾罗马假日温泉酒店,花水湾镇,去哪儿,20:00,13,1987
2026-10-01,m24,花水湾罗马假日温泉酒店,花水湾镇,途家,20:00,13,2050
2026-10-02,m24,花水湾罗马假日温泉酒店,花水湾镇,携程,00:00,124,1584
2026-10-02,m24,花水湾罗马假日温泉酒店,花水湾镇,美团,00:00,124,1516
2026-10-02,m24,花水湾罗马假日温泉酒店,花水湾镇,去哪儿,00:00,124,1538
2026-10-02,m24,花水湾罗马假日温泉酒店,花水湾镇,途家,00:00,124,1577
2026-10-02,m24,花水湾罗马假日温泉酒店,花水湾镇,携程,08:00,120,1590
2026-10-02,m24,花水湾罗马假日温泉酒店,花水湾镇,美团,08:00,121,1521
2026-10-02,m24,花水湾罗马假日温泉酒店,花水湾镇,去哪儿,08:00,120,1539
2026-10-02,m24,花水湾罗马假日温泉酒店,花水湾镇,途家,08:00,120,1622
2026-10-02,m24,花水湾罗马假日温泉酒店,花水湾镇,携程,14:00,81,1774
2026-10-02,m24,花水湾罗马假日温泉酒店,花水湾镇,美团,14:00,82,1739
2026-10-02,m24,花水湾罗马假日温泉酒店,花水湾镇,去哪儿,14:00,81,1748
2026-10-02,m24,花水湾罗马假日温泉酒店,花水湾镇,途家,14:00,81,1828
2026-10-02,m24,花水湾罗马假日温泉酒店,花水湾镇,携程,20:00,17,2054
2026-10-02,m24,花水湾罗马假日温泉酒店,花水湾镇,美团,20:00,18,1963
2026-10-02,m24,花水湾罗马假日温泉酒店,花水湾镇,去哪儿,20:00,17,2025
2026-10-02,m24,花水湾罗马假日温泉酒店,花水湾镇,途家,20:00,17,2052
2026-10-03,m24,花水湾罗马假日温泉酒店,花水湾镇,携程,00:00,127,1540
2026-10-03,m24,花水湾罗马假日温泉酒店,花水湾镇,美团,00:00,128,1545
2026-10-03,m24,花水湾罗马假日温泉酒店,花水湾镇,去哪儿,00:00,127,1505
2026-10-03,m24,花水湾罗马假日温泉酒店,花水湾镇,途家,00:00,127,1566
2026-10-03,m24,花水湾罗马假日温泉酒店,花水湾镇,携程,08:00,120,1615
2026-10-03,m24,花水湾罗马假日温泉酒店,花水湾镇,美团,08:00,120,1558
2026-10-03,m24,花水湾罗马假日温泉酒店,花水湾镇,去哪儿,08:00,120,1582
2026-10-03,m24,花水湾罗马假日温泉酒店,花水湾镇,途家,08:00,120,1601
2026-10-03,m24,花水湾罗马假日温泉酒店,花水湾镇,携程,14:00,81,1781
2026-10-03,m24,花水湾罗马假日温泉酒店,花水湾镇,美团,14:00,81,1736
2026-10-03,m24,花水湾罗马假日温泉酒店,花水湾镇,去哪儿,14:00,81,1731
2026-10-03,m24,花水湾罗马假日温泉酒店,花水湾镇,途家,14:00,81,1812
2026-10-03,m24,花水湾罗马假日温泉酒店,花水湾镇,携程,20:00,20,2014
2026-10-03,m24,花水湾罗马假日温泉酒店,花水湾镇,美团,20:00,21,1978
2026-10-03,m24,花水湾罗马假日温泉酒店,花水湾镇,去哪儿,20:00,20,1948
2026-10-03,m24,花水湾罗马假日温泉酒店,花水湾镇,途家,20:00,20,2057
2026-10-04,m24,花水湾罗马假日温泉酒店,花水湾镇,携程,00:00,126,1582
2026-10-04,m24,花水湾罗马假日温泉酒店,花水湾镇,美团,00:00,126,1499
2026-10-04,m24,花水湾罗马假日温泉酒店,花水湾镇,去哪儿,00:00,126,1548
2026-10-04,m24,花水湾罗马假日温泉酒店,花水湾镇,途家,00:00,126,1586
2026-10-04,m24,花水湾罗马假日温泉酒店,花水湾镇,携程,08:00,117,1611
2026-10-04,m24,花水湾罗马假日温泉酒店,花水湾镇,美团,08:00,116,1545
2026-10-04,m24,花水湾罗马假日温泉酒店,花水湾镇,去哪儿,08:00,116,1552
2026-10-04,m24,花水湾罗马假日温泉酒店,花水湾镇,途家,08:00,116,1636
2026-10-04,m24,花水湾罗马假日温泉酒店,花水湾镇,携程,14:00,81,1730
2026-10-04,m24,花水湾罗马假日温泉酒店,花水湾镇,美团,14:00,81,1742
2026-10-04,m24,花水湾罗马假日温泉酒店,花水湾镇,去哪儿,14:00,80,1714
2026-10-04,m24,花水湾罗马假日温泉酒店,花水湾镇,途家,14:00,80,1795
2026-10-04,m24,花水湾罗马假日温泉酒店,花水湾镇,携程,20:00,21,1991
2026-10-04,m24,花水湾罗马假日温泉酒店,花水湾镇,美团,20:00,20,1954
2026-10-04,m24,花水湾罗马假日温泉酒店,花水湾镇,去哪儿,20:00,20,1950
2026-10-04,m24,花水湾罗马假日温泉酒店,花水湾镇,途家,20:00,20,2097
2026-10-05,m24,花水湾罗马假日温泉酒店,花水湾镇,携程,00:00,128,1551
2026-10-05,m24,花水湾罗马假日温泉酒店,花水湾镇,美团,00:00,127,1545
2026-10-05,m24,花水湾罗马假日温泉酒店,花水湾镇,去哪儿,00:00,127,1532
2026-10-05,m24,花水湾罗马假日温泉酒店,花水湾镇,途家,00:00,127,1602
2026-10-05,m24,花水湾罗马假日温泉酒店,花水湾镇,携程,08:00,123,1590
2026-10-05,m24,花水湾罗马假日温泉酒店,花水湾镇,美团,08:00,124,1544
2026-10-05,m24,花水湾罗马假日温泉酒店,花水湾镇,去哪儿,08:00,123,1519
2026-10-05,m24,花水湾罗马假日温泉酒店,花水湾镇,途家,08:00,123,1609
2026-10-05,m24,花水湾罗马假日温泉酒店,花水湾镇,携程,14:00,92,1729
2026-10-05,m24,花水湾罗马假日温泉酒店,花水湾镇,美团,14:00,92,1667
2026-10-05,m24,花水湾罗马假日温泉酒店,花水湾镇,去哪儿,14:00,92,1665
2026-10-05,m24,花水湾罗马假日温泉酒店,花水湾镇,途家,14:00,92,1781
2026-10-05,m24,花水湾罗马假日温泉酒店,花水湾镇,携程,20:00,15,2031
2026-10-05,m24,花水湾罗马假日温泉酒店,花水湾镇,美团,20:00,16,1982
2026-10-05,m24,花水湾罗马假日温泉酒店,花水湾镇,去哪儿,20:00,15,1996
2026-10-05,m24,花水湾罗马假日温泉酒店,花水湾镇,途家,20:00,15,2058
2026-10-06,m24,花水湾罗马假日温泉酒店,花水湾镇,携程,00:00,130,1546
2026-10-06,m24,花水湾罗马假日温泉酒店,花水湾镇,美团,00:00,131,1496
2026-10-06,m24,花水湾罗马假日温泉酒店,花水湾镇,去哪儿,00:00,130,1538
2026-10-06,m24,花水湾罗马假日温泉酒店,花水湾镇,途家,00:00,130,1559
2026-10-06,m24,花水湾罗马假日温泉酒店,花水湾镇,携程,08:00,124,1571
2026-10-06,m24,花水湾罗马假日温泉酒店,花水湾镇,美团,08:00,125,1531
2026-10-06,m24,花水湾罗马假日温泉酒店,花水湾镇,去哪儿,08:00,124,1576
2026-10-06,m24,花水湾罗马假日温泉酒店,花水湾镇,途家,08:00,124,1609
2026-10-06,m24,花水湾罗马假日温泉酒店,花水湾镇,携程,14:00,80,1794
2026-10-06,m24,花水湾罗马假日温泉酒店,花水湾镇,美团,14:00,81,1703
2026-10-06,m24,花水湾罗马假日温泉酒店,花水湾镇,去哪儿,14:00,80,1753
2026-10-06,m24,花水湾罗马假日温泉酒店,花水湾镇,途家,14:00,80,1822
2026-10-06,m24,花水湾罗马假日温泉酒店,花水湾镇,携程,20:00,17,1993
2026-10-06,m24,花水湾罗马假日温泉酒店,花水湾镇,美团,20:00,17,1942
2026-10-06,m24,花水湾罗马假日温泉酒店,花水湾镇,去哪儿,20:00,17,1989
2026-10-06,m24,花水湾罗马假日温泉酒店,花水湾镇,途家,20:00,17,2081
2026-10-07,m24,花水湾罗马假日温泉酒店,花水湾镇,携程,00:00,132,1559
2026-10-07,m24,花水湾罗马假日温泉酒店,花水湾镇,美团,00:00,132,1474
2026-10-07,m24,花水湾罗马假日温泉酒店,花水湾镇,去哪儿,00:00,132,1531
2026-10-07,m24,花水湾罗马假日温泉酒店,花水湾镇,途家,00:00,132,1560
2026-10-07,m24,花水湾罗马假日温泉酒店,花水湾镇,携程,08:00,126,1599
2026-10-07,m24,花水湾罗马假日温泉酒店,花水湾镇,美团,08:00,126,1525
2026-10-07,m24,花水湾罗马假日温泉酒店,花水湾镇,去哪儿,08:00,126,1508
2026-10-07,m24,花水湾罗马假日温泉酒店,花水湾镇,途家,08:00,126,1610
2026-10-07,m24,花水湾罗马假日温泉酒店,花水湾镇,携程,14:00,89,1727
2026-10-07,m24,花水湾罗马假日温泉酒店,花水湾镇,美团,14:00,90,1675
2026-10-07,m24,花水湾罗马假日温泉酒店,花水湾镇,去哪儿,14:00,89,1698
2026-10-07,m24,花水湾罗马假日温泉酒店,花水湾镇,途家,14:00,89,1776
2026-10-07,m24,花水湾罗马假日温泉酒店,花水湾镇,携程,20:00,14,2005
2026-10-07,m24,花水湾罗马假日温泉酒店,花水湾镇,美团,20:00,15,1980
2026-10-07,m24,花水湾罗马假日温泉酒店,花水湾镇,去哪儿,20:00,14,1967
2026-10-07,m24,花水湾罗马假日温泉酒店,花水湾镇,途家,20:00,14,2056
2026-10-08,m24,花水湾罗马假日温泉酒店,花水湾镇,携程,00:00,131,1549
2026-10-08,m24,花水湾罗马假日温泉酒店,花水湾镇,美团,00:00,132,1506
2026-10-08,m24,花水湾罗马假日温泉酒店,花水湾镇,去哪儿,00:00,131,1509
2026-10-08,m24,花水湾罗马假日温泉酒店,花水湾镇,途家,00:00,131,1552
2026-10-08,m24,花水湾罗马假日温泉酒店,花水湾镇,携程,08:00,127,1563
2026-10-08,m24,花水湾罗马假日温泉酒店,花水湾镇,美团,08:00,126,1540
2026-10-08,m24,花水湾罗马假日温泉酒店,花水湾镇,去哪儿,08:00,126,1546
2026-10-08,m24,花水湾罗马假日温泉酒店,花水湾镇,途家,08:00,126,1621
2026-10-08,m24,花水湾罗马假日温泉酒店,花水湾镇,携程,14:00,87,1720
2026-10-08,m24,花水湾罗马假日温泉酒店,花水湾镇,美团,14:00,87,1712
2026-10-08,m24,花水湾罗马假日温泉酒店,花水湾镇,去哪儿,14:00,87,1728
2026-10-08,m24,花水湾罗马假日温泉酒店,花水湾镇,途家,14:00,87,1739
2026-10-08,m24,花水湾罗马假日温泉酒店,花水湾镇,携程,20:00,20,2011
2026-10-08,m24,花水湾罗马假日温泉酒店,花水湾镇,美团,20:00,20,1994
2026-10-08,m24,花水湾罗马假日温泉酒店,花水湾镇,去哪儿,20:00,20,2012
2026-10-08,m24,花水湾罗马假日温泉酒店,花水湾镇,途家,20:00,20,2095
2026-10-09,m24,花水湾罗马假日温泉酒店,花水湾镇,携程,00:00,123,801
2026-10-09,m24,花水湾罗马假日温泉酒店,花水湾镇,美团,00:00,123,771
2026-10-09,m24,花水湾罗马假日温泉酒店,花水湾镇,去哪儿,00:00,123,768
2026-10-09,m24,花水湾罗马假日温泉酒店,花水湾镇,途家,00:00,123,800
2026-10-09,m24,花水湾罗马假日温泉酒店,花水湾镇,携程,08:00,118,795
2026-10-09,m24,花水湾罗马假日温泉酒店,花水湾镇,美团,08:00,119,780
2026-10-09,m24,花水湾罗马假日温泉酒店,花水湾镇,去哪儿,08:00,118,786
2026-10-09,m24,花水湾罗马假日温泉酒店,花水湾镇,途家,08:00,118,832
2026-10-09,m24,花水湾罗马假日温泉酒店,花水湾镇,携程,14:00,95,865
2026-10-09,m24,花水湾罗马假日温泉酒店,花水湾镇,美团,14:00,95,817
2026-10-09,m24,花水湾罗马假日温泉酒店,花水湾镇,去哪儿,14:00,95,834
2026-10-09,m24,花水湾罗马假日温泉酒店,花水湾镇,途家,14:00,95,881
2026-10-09,m24,花水湾罗马假日温泉酒店,花水湾镇,携程,20:00,58,925
2026-10-09,m24,花水湾罗马假日温泉酒店,花水湾镇,美团,20:00,58,915
2026-10-09,m24,花水湾罗马假日温泉酒店,花水湾镇,去哪儿,20:00,58,904
2026-10-09,m24,花水湾罗马假日温泉酒店,花水湾镇,途家,20:00,58,929
2026-10-10,m24,花水湾罗马假日温泉酒店,花水湾镇,携程,00:00,124,1009
2026-10-10,m24,花水湾罗马假日温泉酒店,花水湾镇,美团,00:00,125,982
2026-10-10,m24,花水湾罗马假日温泉酒店,花水湾镇,去哪儿,00:00,124,985
2026-10-10,m24,花水湾罗马假日温泉酒店,花水湾镇,途家,00:00,124,1046
2026-10-10,m24,花水湾罗马假日温泉酒店,花水湾镇,携程,08:00,120,1029
2026-10-10,m24,花水湾罗马假日温泉酒店,花水湾镇,美团,08:00,120,1025
2026-10-10,m24,花水湾罗马假日温泉酒店,花水湾镇,去哪儿,08:00,119,1017
2026-10-10,m24,花水湾罗马假日温泉酒店,花水湾镇,途家,08:00,119,1068
2026-10-10,m24,花水湾罗马假日温泉酒店,花水湾镇,携程,14:00,76,1140
2026-10-10,m24,花水湾罗马假日温泉酒店,花水湾镇,美团,14:00,76,1125
2026-10-10,m24,花水湾罗马假日温泉酒店,花水湾镇,去哪儿,14:00,76,1140
2026-10-10,m24,花水湾罗马假日温泉酒店,花水湾镇,途家,14:00,76,1185
2026-10-10,m24,花水湾罗马假日温泉酒店,花水湾镇,携程,20:00,17,1301
2026-10-10,m24,花水湾罗马假日温泉酒店,花水湾镇,美团,20:00,16,1284
2026-10-10,m24,花水湾罗马假日温泉酒店,花水湾镇,去哪儿,20:00,16,1286
2026-10-10,m24,花水湾罗马假日温泉酒店,花水湾镇,途家,20:00,16,1328
2026-10-11,m24,花水湾罗马假日温泉酒店,花水湾镇,携程,00:00,127,1013
2026-10-11,m24,花水湾罗马假日温泉酒店,花水湾镇,美团,00:00,127,982
2026-10-11,m24,花水湾罗马假日温泉酒店,花水湾镇,去哪儿,00:00,127,986
2026-10-11,m24,花水湾罗马假日温泉酒店,花水湾镇,途家,00:00,127,1031
2026-10-11,m24,花水湾罗马假日温泉酒店,花水湾镇,携程,08:00,123,1045
2026-10-11,m24,花水湾罗马假日温泉酒店,花水湾镇,美团,08:00,124,1013
2026-10-11,m24,花水湾罗马假日温泉酒店,花水湾镇,去哪儿,08:00,123,998
2026-10-11,m24,花水湾罗马假日温泉酒店,花水湾镇,途家,08:00,123,1054
2026-10-11,m24,花水湾罗马假日温泉酒店,花水湾镇,携程,14:00,85,1151
2026-10-11,m24,花水湾罗马假日温泉酒店,花水湾镇,美团,14:00,85,1115
2026-10-11,m24,花水湾罗马假日温泉酒店,花水湾镇,去哪儿,14:00,85,1097
2026-10-11,m24,花水湾罗马假日温泉酒店,花水湾镇,途家,14:00,85,1155
2026-10-11,m24,花水湾罗马假日温泉酒店,花水湾镇,携程,20:00,28,1281
2026-10-11,m24,花水湾罗马假日温泉酒店,花水湾镇,美团,20:00,29,1270
2026-10-11,m24,花水湾罗马假日温泉酒店,花水湾镇,去哪儿,20:00,28,1244
2026-10-11,m24,花水湾罗马假日温泉酒店,花水湾镇,途家,20:00,28,1326
2026-10-12,m24,花水湾罗马假日温泉酒店,花水湾镇,携程,00:00,130,760
2026-10-12,m24,花水湾罗马假日温泉酒店,花水湾镇,美团,00:00,130,747
2026-10-12,m24,花水湾罗马假日温泉酒店,花水湾镇,去哪儿,00:00,130,755
2026-10-12,m24,花水湾罗马假日温泉酒店,花水湾镇,途家,00:00,130,805
2026-10-12,m24,花水湾罗马假日温泉酒店,花水湾镇,携程,08:00,126,780
2026-10-12,m24,花水湾罗马假日温泉酒店,花水湾镇,美团,08:00,125,750
2026-10-12,m24,花水湾罗马假日温泉酒店,花水湾镇,去哪儿,08:00,125,778
2026-10-12,m24,花水湾罗马假日温泉酒店,花水湾镇,途家,08:00,125,792
2026-10-12,m24,花水湾罗马假日温泉酒店,花水湾镇,携程,14:00,92,872
2026-10-12,m24,花水湾罗马假日温泉酒店,花水湾镇,美团,14:00,92,832
2026-10-12,m24,花水湾罗马假日温泉酒店,花水湾镇,去哪儿,14:00,92,852
2026-10-12,m24,花水湾罗马假日温泉酒店,花水湾镇,途家,14:00,92,886
2026-10-12,m24,花水湾罗马假日温泉酒店,花水湾镇,携程,20:00,49,936
2026-10-12,m24,花水湾罗马假日温泉酒店,花水湾镇,美团,20:00,50,923
2026-10-12,m24,花水湾罗马假日温泉酒店,花水湾镇,去哪儿,20:00,49,910
2026-10-12,m24,花水湾罗马假日温泉酒店,花水湾镇,途家,20:00,49,973
2026-10-13,m24,花水湾罗马假日温泉酒店,花水湾镇,携程,00:00,129,777
2026-10-13,m24,花水湾罗马假日温泉酒店,花水湾镇,美团,00:00,129,762
2026-10-13,m24,花水湾罗马假日温泉酒店,花水湾镇,去哪儿,00:00,129,761
2026-10-13,m24,花水湾罗马假日温泉酒店,花水湾镇,途家,00:00,129,780
2026-10-13,m24,花水湾罗马假日温泉酒店,花水湾镇,携程,08:00,122,786
2026-10-13,m24,花水湾罗马假日温泉酒店,花水湾镇,美团,08:00,123,781
2026-10-13,m24,花水湾罗马假日温泉酒店,花水湾镇,去哪儿,08:00,122,783
2026-10-13,m24,花水湾罗马假日温泉酒店,花水湾镇,途家,08:00,122,813
2026-10-13,m24,花水湾罗马假日温泉酒店,花水湾镇,携程,14:00,88,859
2026-10-13,m24,花水湾罗马假日温泉酒店,花水湾镇,美团,14:00,89,828
2026-10-13,m24,花水湾罗马假日温泉酒店,花水湾镇,去哪儿,14:00,88,838
2026-10-13,m24,花水湾罗马假日温泉酒店,花水湾镇,途家,14:00,88,872
2026-10-13,m24,花水湾罗马假日温泉酒店,花水湾镇,携程,20:00,53,928
2026-10-13,m24,花水湾罗马假日温泉酒店,花水湾镇,美团,20:00,52,906
2026-10-13,m24,花水湾罗马假日温泉酒店,花水湾镇,去哪儿,20:00,52,921
2026-10-13,m24,花水湾罗马假日温泉酒店,花水湾镇,途家,20:00,52,971
2026-10-14,m24,花水湾罗马假日温泉酒店,花水湾镇,携程,00:00,130,767
2026-10-14,m24,花水湾罗马假日温泉酒店,花水湾镇,美团,00:00,131,741
2026-10-14,m24,花水湾罗马假日温泉酒店,花水湾镇,去哪儿,00:00,130,759
2026-10-14,m24,花水湾罗马假日温泉酒店,花水湾镇,途家,00:00,130,789
2026-10-14,m24,花水湾罗马假日温泉酒店,花水湾镇,携程,08:00,124,777
2026-10-14,m24,花水湾罗马假日温泉酒店,花水湾镇,美团,08:00,124,753
2026-10-14,m24,花水湾罗马假日温泉酒店,花水湾镇,去哪儿,08:00,124,768
2026-10-14,m24,花水湾罗马假日温泉酒店,花水湾镇,途家,08:00,124,789
2026-10-14,m24,花水湾罗马假日温泉酒店,花水湾镇,携程,14:00,94,866
2026-10-14,m24,花水湾罗马假日温泉酒店,花水湾镇,美团,14:00,94,814
2026-10-14,m24,花水湾罗马假日温泉酒店,花水湾镇,去哪儿,14:00,94,844
2026-10-14,m24,花水湾罗马假日温泉酒店,花水湾镇,途家,14:00,94,877
2026-10-14,m24,花水湾罗马假日温泉酒店,花水湾镇,携程,20:00,54,955
2026-10-14,m24,花水湾罗马假日温泉酒店,花水湾镇,美团,20:00,54,907
2026-10-14,m24,花水湾罗马假日温泉酒店,花水湾镇,去哪儿,20:00,54,921
2026-10-14,m24,花水湾罗马假日温泉酒店,花水湾镇,途家,20:00,54,964
2026-10-15,m24,花水湾罗马假日温泉酒店,花水湾镇,携程,00:00,124,798
2026-10-15,m24,花水湾罗马假日温泉酒店,花水湾镇,美团,00:00,124,776
2026-10-15,m24,花水湾罗马假日温泉酒店,花水湾镇,去哪儿,00:00,124,775
2026-10-15,m24,花水湾罗马假日温泉酒店,花水湾镇,途家,00:00,124,803
2026-10-15,m24,花水湾罗马假日温泉酒店,花水湾镇,携程,08:00,119,799
2026-10-15,m24,花水湾罗马假日温泉酒店,花水湾镇,美团,08:00,119,763
2026-10-15,m24,花水湾罗马假日温泉酒店,花水湾镇,去哪儿,08:00,119,783
2026-10-15,m24,花水湾罗马假日温泉酒店,花水湾镇,途家,08:00,119,819
2026-10-15,m24,花水湾罗马假日温泉酒店,花水湾镇,携程,14:00,90,850
2026-10-15,m24,花水湾罗马假日温泉酒店,花水湾镇,美团,14:00,90,838
2026-10-15,m24,花水湾罗马假日温泉酒店,花水湾镇,去哪儿,14:00,90,843
2026-10-15,m24,花水湾罗马假日温泉酒店,花水湾镇,途家,14:00,90,878
2026-10-15,m24,花水湾罗马假日温泉酒店,花水湾镇,携程,20:00,44,954
2026-10-15,m24,花水湾罗马假日温泉酒店,花水湾镇,美团,20:00,44,930
2026-10-15,m24,花水湾罗马假日温泉酒店,花水湾镇,去哪儿,20:00,44,933
2026-10-15,m24,花水湾罗马假日温泉酒店,花水湾镇,途家,20:00,44,986
2026-10-16,m24,花水湾罗马假日温泉酒店,花水湾镇,携程,00:00,134,755
2026-10-16,m24,花水湾罗马假日温泉酒店,花水湾镇,美团,00:00,134,759
2026-10-16,m24,花水湾罗马假日温泉酒店,花水湾镇,去哪儿,00:00,133,766
2026-10-16,m24,花水湾罗马假日温泉酒店,花水湾镇,途家,00:00,133,779
2026-10-16,m24,花水湾罗马假日温泉酒店,花水湾镇,携程,08:00,126,772
2026-10-16,m24,花水湾罗马假日温泉酒店,花水湾镇,美团,08:00,126,754
2026-10-16,m24,花水湾罗马假日温泉酒店,花水湾镇,去哪儿,08:00,125,769
2026-10-16,m24,花水湾罗马假日温泉酒店,花水湾镇,途家,08:00,125,799
2026-10-16,m24,花水湾罗马假日温泉酒店,花水湾镇,携程,14:00,102,832
2026-10-16,m24,花水湾罗马假日温泉酒店,花水湾镇,美团,14:00,102,821
2026-10-16,m24,花水湾罗马假日温泉酒店,花水湾镇,去哪儿,14:00,102,829
2026-10-16,m24,花水湾罗马假日温泉酒店,花水湾镇,途家,14:00,102,864
2026-10-16,m24,花水湾罗马假日温泉酒店,花水湾镇,携程,20:00,54,940
2026-10-16,m24,花水湾罗马假日温泉酒店,花水湾镇,美团,20:00,53,895
2026-10-16,m24,花水湾罗马假日温泉酒店,花水湾镇,去哪儿,20:00,53,904
2026-10-16,m24,花水湾罗马假日温泉酒店,花水湾镇,途家,20:00,53,945
2026-10-17,m24,花水湾罗马假日温泉酒店,花水湾镇,携程,00:00,131,1021
2026-10-17,m24,花水湾罗马假日温泉酒店,花水湾镇,美团,00:00,132,989
2026-10-17,m24,花水湾罗马假日温泉酒店,花水湾镇,去哪儿,00:00,131,968
2026-10-17,m24,花水湾罗马假日温泉酒店,花水湾镇,途家,00:00,131,1025
2026-10-17,m24,花水湾罗马假日温泉酒店,花水湾镇,携程,08:00,125,1028
2026-10-17,m24,花水湾罗马假日温泉酒店,花水湾镇,美团,08:00,126,1008
2026-10-17,m24,花水湾罗马假日温泉酒店,花水湾镇,去哪儿,08:00,125,1003
2026-10-17,m24,花水湾罗马假日温泉酒店,花水湾镇,途家,08:00,125,1054
2026-10-17,m24,花水湾罗马假日温泉酒店,花水湾镇,携程,14:00,90,1128
2026-10-17,m24,花水湾罗马假日温泉酒店,花水湾镇,美团,14:00,90,1075
2026-10-17,m24,花水湾罗马假日温泉酒店,花水湾镇,去哪儿,14:00,90,1099
2026-10-17,m24,花水湾罗马假日温泉酒店,花水湾镇,途家,14:00,90,1130
2026-10-17,m24,花水湾罗马假日温泉酒店,花水湾镇,携程,20:00,33,1255
2026-10-17,m24,花水湾罗马假日温泉酒店,花水湾镇,美团,20:00,34,1218
2026-10-17,m24,花水湾罗马假日温泉酒店,花水湾镇,去哪儿,20:00,33,1259
2026-10-17,m24,花水湾罗马假日温泉酒店,花水湾镇,途家,20:00,33,1310
2026-10-18,m24,花水湾罗马假日温泉酒店,花水湾镇,携程,00:00,133,1005
2026-10-18,m24,花水湾罗马假日温泉酒店,花水湾镇,美团,00:00,133,978
2026-10-18,m24,花水湾罗马假日温泉酒店,花水湾镇,去哪儿,00:00,133,960
2026-10-18,m24,花水湾罗马假日温泉酒店,花水湾镇,途家,00:00,133,1030
2026-10-18,m24,花水湾罗马假日温泉酒店,花水湾镇,携程,08:00,124,1037
2026-10-18,m24,花水湾罗马假日温泉酒店,花水湾镇,美团,08:00,125,981
2026-10-18,m24,花水湾罗马假日温泉酒店,花水湾镇,去哪儿,08:00,124,996
2026-10-18,m24,花水湾罗马假日温泉酒店,花水湾镇,途家,08:00,124,1035
2026-10-18,m24,花水湾罗马假日温泉酒店,花水湾镇,携程,14:00,88,1112
2026-10-18,m24,花水湾罗马假日温泉酒店,花水湾镇,美团,14:00,88,1084
2026-10-18,m24,花水湾罗马假日温泉酒店,花水湾镇,去哪儿,14:00,88,1121
2026-10-18,m24,花水湾罗马假日温泉酒店,花水湾镇,途家,14:00,88,1130
2026-10-18,m24,花水湾罗马假日温泉酒店,花水湾镇,携程,20:00,27,1310
2026-10-18,m24,花水湾罗马假日温泉酒店,花水湾镇,美团,20:00,27,1273
2026-10-18,m24,花水湾罗马假日温泉酒店,花水湾镇,去哪儿,20:00,26,1289
2026-10-18,m24,花水湾罗马假日温泉酒店,花水湾镇,途家,20:00,26,1295
2026-10-19,m24,花水湾罗马假日温泉酒店,花水湾镇,携程,00:00,137,750
2026-10-19,m24,花水湾罗马假日温泉酒店,花水湾镇,美团,00:00,137,732
2026-10-19,m24,花水湾罗马假日温泉酒店,花水湾镇,去哪儿,00:00,137,747
2026-10-19,m24,花水湾罗马假日温泉酒店,花水湾镇,途家,00:00,137,778
2026-10-19,m24,花水湾罗马假日温泉酒店,花水湾镇,携程,08:00,128,767
2026-10-19,m24,花水湾罗马假日温泉酒店,花水湾镇,美团,08:00,128,746
2026-10-19,m24,花水湾罗马假日温泉酒店,花水湾镇,去哪儿,08:00,128,769
2026-10-19,m24,花水湾罗马假日温泉酒店,花水湾镇,途家,08:00,128,811
2026-10-19,m24,花水湾罗马假日温泉酒店,花水湾镇,携程,14:00,100,856
2026-10-19,m24,花水湾罗马假日温泉酒店,花水湾镇,美团,14:00,100,814
2026-10-19,m24,花水湾罗马假日温泉酒店,花水湾镇,去哪儿,14:00,100,811
2026-10-19,m24,花水湾罗马假日温泉酒店,花水湾镇,途家,14:00,100,852
2026-10-19,m24,花水湾罗马假日温泉酒店,花水湾镇,携程,20:00,42,965
2026-10-19,m24,花水湾罗马假日温泉酒店,花水湾镇,美团,20:00,42,935
2026-10-19,m24,花水湾罗马假日温泉酒店,花水湾镇,去哪儿,20:00,42,928
2026-10-19,m24,花水湾罗马假日温泉酒店,花水湾镇,途家,20:00,42,963
2026-10-20,m24,花水湾罗马假日温泉酒店,花水湾镇,携程,00:00,125,781
2026-10-20,m24,花水湾罗马假日温泉酒店,花水湾镇,美团,00:00,126,752
2026-10-20,m24,花水湾罗马假日温泉酒店,花水湾镇,去哪儿,00:00,125,773
2026-10-20,m24,花水湾罗马假日温泉酒店,花水湾镇,途家,00:00,125,798
2026-10-20,m24,花水湾罗马假日温泉酒店,花水湾镇,携程,08:00,122,792
2026-10-20,m24,花水湾罗马假日温泉酒店,花水湾镇,美团,08:00,123,777
2026-10-20,m24,花水湾罗马假日温泉酒店,花水湾镇,去哪儿,08:00,122,766
2026-10-20,m24,花水湾罗马假日温泉酒店,花水湾镇,途家,08:00,122,794
2026-10-20,m24,花水湾罗马假日温泉酒店,花水湾镇,携程,14:00,100,841
2026-10-20,m24,花水湾罗马假日温泉酒店,花水湾镇,美团,14:00,100,819
2026-10-20,m24,花水湾罗马假日温泉酒店,花水湾镇,去哪儿,14:00,100,819
2026-10-20,m24,花水湾罗马假日温泉酒店,花水湾镇,途家,14:00,100,873
2026-10-20,m24,花水湾罗马假日温泉酒店,花水湾镇,携程,20:00,42,963
2026-10-20,m24,花水湾罗马假日温泉酒店,花水湾镇,美团,20:00,42,920
2026-10-20,m24,花水湾罗马假日温泉酒店,花水湾镇,去哪儿,20:00,41,960
2026-10-20,m24,花水湾罗马假日温泉酒店,花水湾镇,途家,20:00,41,974
2026-10-21,m24,花水湾罗马假日温泉酒店,花水湾镇,携程,00:00,129,771
2026-10-21,m24,花水湾罗马假日温泉酒店,花水湾镇,美团,00:00,130,760
2026-10-21,m24,花水湾罗马假日温泉酒店,花水湾镇,去哪儿,00:00,129,759
2026-10-21,m24,花水湾罗马假日温泉酒店,花水湾镇,途家,00:00,129,783
2026-10-21,m24,花水湾罗马假日温泉酒店,花水湾镇,携程,08:00,122,799
2026-10-21,m24,花水湾罗马假日温泉酒店,花水湾镇,美团,08:00,121,758
2026-10-21,m24,花水湾罗马假日温泉酒店,花水湾镇,去哪儿,08:00,121,777
2026-10-21,m24,花水湾罗马假日温泉酒店,花水湾镇,途家,08:00,121,796
2026-10-21,m24,花水湾罗马假日温泉酒店,花水湾镇,携程,14:00,101,835
2026-10-21,m24,花水湾罗马假日温泉酒店,花水湾镇,美团,14:00,101,816
2026-10-21,m24,花水湾罗马假日温泉酒店,花水湾镇,去哪儿,14:00,100,838
2026-10-21,m24,花水湾罗马假日温泉酒店,花水湾镇,途家,14:00,100,850
2026-10-21,m24,花水湾罗马假日温泉酒店,花水湾镇,携程,20:00,57,942
2026-10-21,m24,花水湾罗马假日温泉酒店,花水湾镇,美团,20:00,57,910
2026-10-21,m24,花水湾罗马假日温泉酒店,花水湾镇,去哪儿,20:00,57,920
2026-10-21,m24,花水湾罗马假日温泉酒店,花水湾镇,途家,20:00,57,954
2026-10-22,m24,花水湾罗马假日温泉酒店,花水湾镇,携程,00:00,136,769
2026-10-22,m24,花水湾罗马假日温泉酒店,花水湾镇,美团,00:00,137,730
2026-10-22,m24,花水湾罗马假日温泉酒店,花水湾镇,去哪儿,00:00,136,748
2026-10-22,m24,花水湾罗马假日温泉酒店,花水湾镇,途家,00:00,136,767
2026-10-22,m24,花水湾罗马假日温泉酒店,花水湾镇,携程,08:00,130,776
2026-10-22,m24,花水湾罗马假日温泉酒店,花水湾镇,美团,08:00,130,766
2026-10-22,m24,花水湾罗马假日温泉酒店,花水湾镇,去哪儿,08:00,130,751
2026-10-22,m24,花水湾罗马假日温泉酒店,花水湾镇,途家,08:00,130,797
2026-10-22,m24,花水湾罗马假日温泉酒店,花水湾镇,携程,14:00,101,821
2026-10-22,m24,花水湾罗马假日温泉酒店,花水湾镇,美团,14:00,102,821
2026-10-22,m24,花水湾罗马假日温泉酒店,花水湾镇,去哪儿,14:00,101,816
2026-10-22,m24,花水湾罗马假日温泉酒店,花水湾镇,途家,14:00,101,840
2026-10-22,m24,花水湾罗马假日温泉酒店,花水湾镇,携程,20:00,48,945
2026-10-22,m24,花水湾罗马假日温泉酒店,花水湾镇,美团,20:00,49,928
2026-10-22,m24,花水湾罗马假日温泉酒店,花水湾镇,去哪儿,20:00,48,936
2026-10-22,m24,花水湾罗马假日温泉酒店,花水湾镇,途家,20:00,48,969
2026-10-23,m24,花水湾罗马假日温泉酒店,花水湾镇,携程,00:00,131,778
2026-10-23,m24,花水湾罗马假日温泉酒店,花水湾镇,美团,00:00,131,744
2026-10-23,m24,花水湾罗马假日温泉酒店,花水湾镇,去哪儿,00:00,130,748
2026-10-23,m24,花水湾罗马假日温泉酒店,花水湾镇,途家,00:00,130,796
2026-10-23,m24,花水湾罗马假日温泉酒店,花水湾镇,携程,08:00,124,789
2026-10-23,m24,花水湾罗马假日温泉酒店,花水湾镇,美团,08:00,124,767
2026-10-23,m24,花水湾罗马假日温泉酒店,花水湾镇,去哪儿,08:00,124,758
2026-10-23,m24,花水湾罗马假日温泉酒店,花水湾镇,途家,08:00,124,815
2026-10-23,m24,花水湾罗马假日温泉酒店,花水湾镇,携程,14:00,104,826
2026-10-23,m24,花水湾罗马假日温泉酒店,花水湾镇,美团,14:00,105,818
2026-10-23,m24,花水湾罗马假日温泉酒店,花水湾镇,去哪儿,14:00,104,816
2026-10-23,m24,花水湾罗马假日温泉酒店,花水湾镇,途家,14:00,104,833
2026-10-23,m24,花水湾罗马假日温泉酒店,花水湾镇,携程,20:00,54,948
2026-10-23,m24,花水湾罗马假日温泉酒店,花水湾镇,美团,20:00,54,917
2026-10-23,m24,花水湾罗马假日温泉酒店,花水湾镇,去哪儿,20:00,54,919
2026-10-23,m24,花水湾罗马假日温泉酒店,花水湾镇,途家,20:00,54,942
2026-10-24,m24,花水湾罗马假日温泉酒店,花水湾镇,携程,00:00,127,998
2026-10-24,m24,花水湾罗马假日温泉酒店,花水湾镇,美团,00:00,127,980
2026-10-24,m24,花水湾罗马假日温泉酒店,花水湾镇,去哪儿,00:00,126,992
2026-10-24,m24,花水湾罗马假日温泉酒店,花水湾镇,途家,00:00,126,1055
2026-10-24,m24,花水湾罗马假日温泉酒店,花水湾镇,携程,08:00,117,1031
2026-10-24,m24,花水湾罗马假日温泉酒店,花水湾镇,美团,08:00,118,999
2026-10-24,m24,花水湾罗马假日温泉酒店,花水湾镇,去哪儿,08:00,117,1037
2026-10-24,m24,花水湾罗马假日温泉酒店,花水湾镇,途家,08:00,117,1081
2026-10-24,m24,花水湾罗马假日温泉酒店,花水湾镇,携程,14:00,88,1123
2026-10-24,m24,花水湾罗马假日温泉酒店,花水湾镇,美团,14:00,88,1092
2026-10-24,m24,花水湾罗马假日温泉酒店,花水湾镇,去哪儿,14:00,88,1122
2026-10-24,m24,花水湾罗马假日温泉酒店,花水湾镇,途家,14:00,88,1163
2026-10-24,m24,花水湾罗马假日温泉酒店,花水湾镇,携程,20:00,25,1290
2026-10-24,m24,花水湾罗马假日温泉酒店,花水湾镇,美团,20:00,25,1246
2026-10-24,m24,花水湾罗马假日温泉酒店,花水湾镇,去哪儿,20:00,25,1252
2026-10-24,m24,花水湾罗马假日温泉酒店,花水湾镇,途家,20:00,25,1347
2026-10-25,m24,花水湾罗马假日温泉酒店,花水湾镇,携程,00:00,130,1015
2026-10-25,m24,花水湾罗马假日温泉酒店,花水湾镇,美团,00:00,129,975
2026-10-25,m24,花水湾罗马假日温泉酒店,花水湾镇,去哪儿,00:00,129,971
2026-10-25,m24,花水湾罗马假日温泉酒店,花水湾镇,途家,00:00,129,1050
2026-10-25,m24,花水湾罗马假日温泉酒店,花水湾镇,携程,08:00,123,1039
2026-10-25,m24,花水湾罗马假日温泉酒店,花水湾镇,美团,08:00,122,1000
2026-10-25,m24,花水湾罗马假日温泉酒店,花水湾镇,去哪儿,08:00,122,1027
2026-10-25,m24,花水湾罗马假日温泉酒店,花水湾镇,途家,08:00,122,1041
2026-10-25,m24,花水湾罗马假日温泉酒店,花水湾镇,携程,14:00,84,1155
2026-10-25,m24,花水湾罗马假日温泉酒店,花水湾镇,美团,14:00,83,1108
2026-10-25,m24,花水湾罗马假日温泉酒店,花水湾镇,去哪儿,14:00,83,1133
2026-10-25,m24,花水湾罗马假日温泉酒店,花水湾镇,途家,14:00,83,1169
2026-10-25,m24,花水湾罗马假日温泉酒店,花水湾镇,携程,20:00,29,1307
2026-10-25,m24,花水湾罗马假日温泉酒店,花水湾镇,美团,20:00,30,1225
2026-10-25,m24,花水湾罗马假日温泉酒店,花水湾镇,去哪儿,20:00,29,1249
2026-10-25,m24,花水湾罗马假日温泉酒店,花水湾镇,途家,20:00,29,1308
2026-10-26,m24,花水湾罗马假日温泉酒店,花水湾镇,携程,00:00,134,770
2026-10-26,m24,花水湾罗马假日温泉酒店,花水湾镇,美团,00:00,134,757
2026-10-26,m24,花水湾罗马假日温泉酒店,花水湾镇,去哪儿,00:00,134,745
2026-10-26,m24,花水湾罗马假日温泉酒店,花水湾镇,途家,00:00,134,784
2026-10-26,m24,花水湾罗马假日温泉酒店,花水湾镇,携程,08:00,131,764
2026-10-26,m24,花水湾罗马假日温泉酒店,花水湾镇,美团,08:00,131,756
2026-10-26,m24,花水湾罗马假日温泉酒店,花水湾镇,去哪儿,08:00,130,755
2026-10-26,m24,花水湾罗马假日温泉酒店,花水湾镇,途家,08:00,130,792
2026-10-26,m24,花水湾罗马假日温泉酒店,花水湾镇,携程,14:00,104,827
2026-10-26,m24,花水湾罗马假日温泉酒店,花水湾镇,美团,14:00,103,805
2026-10-26,m24,花水湾罗马假日温泉酒店,花水湾镇,去哪儿,14:00,103,800
2026-10-26,m24,花水湾罗马假日温泉酒店,花水湾镇,途家,14:00,103,853
2026-10-26,m24,花水湾罗马假日温泉酒店,花水湾镇,携程,20:00,58,925
2026-10-26,m24,花水湾罗马假日温泉酒店,花水湾镇,美团,20:00,58,918
2026-10-26,m24,花水湾罗马假日温泉酒店,花水湾镇,去哪儿,20:00,58,904
2026-10-26,m24,花水湾罗马假日温泉酒店,花水湾镇,途家,20:00,58,962
2026-10-27,m24,花水湾罗马假日温泉酒店,花水湾镇,携程,00:00,130,779
2026-10-27,m24,花水湾罗马假日温泉酒店,花水湾镇,美团,00:00,129,751
2026-10-27,m24,花水湾罗马假日温泉酒店,花水湾镇,去哪儿,00:00,129,776
2026-10-27,m24,花水湾罗马假日温泉酒店,花水湾镇,途家,00:00,129,781
2026-10-27,m24,花水湾罗马假日温泉酒店,花水湾镇,携程,08:00,120,788
2026-10-27,m24,花水湾罗马假日温泉酒店,花水湾镇,美团,08:00,120,768
2026-10-27,m24,花水湾罗马假日温泉酒店,花水湾镇,去哪儿,08:00,119,785
2026-10-27,m24,花水湾罗马假日温泉酒店,花水湾镇,途家,08:00,119,815
2026-10-27,m24,花水湾罗马假日温泉酒店,花水湾镇,携程,14:00,97,842
2026-10-27,m24,花水湾罗马假日温泉酒店,花水湾镇,美团,14:00,97,811
2026-10-27,m24,花水湾罗马假日温泉酒店,花水湾镇,去哪儿,14:00,97,833
2026-10-27,m24,花水湾罗马假日温泉酒店,花水湾镇,途家,14:00,97,854
2026-10-27,m24,花水湾罗马假日温泉酒店,花水湾镇,携程,20:00,41,976
2026-10-27,m24,花水湾罗马假日温泉酒店,花水湾镇,美团,20:00,41,921
2026-10-27,m24,花水湾罗马假日温泉酒店,花水湾镇,去哪儿,20:00,40,935
2026-10-27,m24,花水湾罗马假日温泉酒店,花水湾镇,途家,20:00,40,991
2026-10-28,m24,花水湾罗马假日温泉酒店,花水湾镇,携程,00:00,129,785
2026-10-28,m24,花水湾罗马假日温泉酒店,花水湾镇,美团,00:00,129,757
2026-10-28,m24,花水湾罗马假日温泉酒店,花水湾镇,去哪儿,00:00,128,760
2026-10-28,m24,花水湾罗马假日温泉酒店,花水湾镇,途家,00:00,128,789
2026-10-28,m24,花水湾罗马假日温泉酒店,花水湾镇,携程,08:00,122,806
2026-10-28,m24,花水湾罗马假日温泉酒店,花水湾镇,美团,08:00,123,755
2026-10-28,m24,花水湾罗马假日温泉酒店,花水湾镇,去哪儿,08:00,122,766
2026-10-28,m24,花水湾罗马假日温泉酒店,花水湾镇,途家,08:00,122,821
2026-10-28,m24,花水湾罗马假日温泉酒店,花水湾镇,携程,14:00,93,869
2026-10-28,m24,花水湾罗马假日温泉酒店,花水湾镇,美团,14:00,94,813
2026-10-28,m24,花水湾罗马假日温泉酒店,花水湾镇,去哪儿,14:00,93,836
2026-10-28,m24,花水湾罗马假日温泉酒店,花水湾镇,途家,14:00,93,873
2026-10-28,m24,花水湾罗马假日温泉酒店,花水湾镇,携程,20:00,42,978
2026-10-28,m24,花水湾罗马假日温泉酒店,花水湾镇,美团,20:00,42,942
2026-10-28,m24,花水湾罗马假日温泉酒店,花水湾镇,去哪儿,20:00,42,938
2026-10-28,m24,花水湾罗马假日温泉酒店,花水湾镇,途家,20:00,42,979
2026-10-29,m24,花水湾罗马假日温泉酒店,花水湾镇,携程,00:00,134,771
2026-10-29,m24,花水湾罗马假日温泉酒店,花水湾镇,美团,00:00,135,740
2026-10-29,m24,花水湾罗马假日温泉酒店,花水湾镇,去哪儿,00:00,134,763
2026-10-29,m24,花水湾罗马假日温泉酒店,花水湾镇,途家,00:00,134,797
2026-10-29,m24,花水湾罗马假日温泉酒店,花水湾镇,携程,08:00,131,764
2026-10-29,m24,花水湾罗马假日温泉酒店,花水湾镇,美团,08:00,131,768
2026-10-29,m24,花水湾罗马假日温泉酒店,花水湾镇,去哪儿,08:00,130,771
2026-10-29,m24,花水湾罗马假日温泉酒店,花水湾镇,途家,08:00,130,789
2026-10-29,m24,花水湾罗马假日温泉酒店,花水湾镇,携程,14:00,107,833
2026-10-29,m24,花水湾罗马假日温泉酒店,花水湾镇,美团,14:00,108,812
2026-10-29,m24,花水湾罗马假日温泉酒店,花水湾镇,去哪儿,14:00,107,803
2026-10-29,m24,花水湾罗马假日温泉酒店,花水湾镇,途家,14:00,107,841
2026-10-29,m24,花水湾罗马假日温泉酒店,花水湾镇,携程,20:00,55,917
2026-10-29,m24,花水湾罗马假日温泉酒店,花水湾镇,美团,20:00,55,898
2026-10-29,m24,花水湾罗马假日温泉酒店,花水湾镇,去哪儿,20:00,55,908
2026-10-29,m24,花水湾罗马假日温泉酒店,花水湾镇,途家,20:00,55,969
2026-10-30,m24,花水湾罗马假日温泉酒店,花水湾镇,携程,00:00,128,794
2026-10-30,m24,花水湾罗马假日温泉酒店,花水湾镇,美团,00:00,129,768
2026-10-30,m24,花水湾罗马假日温泉酒店,花水湾镇,去哪儿,00:00,128,774
2026-10-30,m24,花水湾罗马假日温泉酒店,花水湾镇,途家,00:00,128,791
2026-10-30,m24,花水湾罗马假日温泉酒店,花水湾镇,携程,08:00,122,792
2026-10-30,m24,花水湾罗马假日温泉酒店,花水湾镇,美团,08:00,123,779
2026-10-30,m24,花水湾罗马假日温泉酒店,花水湾镇,去哪儿,08:00,122,781
2026-10-30,m24,花水湾罗马假日温泉酒店,花水湾镇,途家,08:00,122,807
2026-10-30,m24,花水湾罗马假日温泉酒店,花水湾镇,携程,14:00,97,856
2026-10-30,m24,花水湾罗马假日温泉酒店,花水湾镇,美团,14:00,98,831
2026-10-30,m24,花水湾罗马假日温泉酒店,花水湾镇,去哪儿,14:00,97,830
2026-10-30,m24,花水湾罗马假日温泉酒店,花水湾镇,途家,14:00,97,857
2026-10-30,m24,花水湾罗马假日温泉酒店,花水湾镇,携程,20:00,45,953
2026-10-30,m24,花水湾罗马假日温泉酒店,花水湾镇,美团,20:00,45,931
2026-10-30,m24,花水湾罗马假日温泉酒店,花水湾镇,去哪儿,20:00,45,941
2026-10-30,m24,花水湾罗马假日温泉酒店,花水湾镇,途家,20:00,45,977
2026-10-31,m24,花水湾罗马假日温泉酒店,花水湾镇,携程,00:00,123,1024
2026-10-31,m24,花水湾罗马假日温泉酒店,花水湾镇,美团,00:00,124,1015
2026-10-31,m24,花水湾罗马假日温泉酒店,花水湾镇,去哪儿,00:00,123,1011
2026-10-31,m24,花水湾罗马假日温泉酒店,花水湾镇,途家,00:00,123,1035
2026-10-31,m24,花水湾罗马假日温泉酒店,花水湾镇,携程,08:00,118,1031
2026-10-31,m24,花水湾罗马假日温泉酒店,花水湾镇,美团,08:00,118,998
2026-10-31,m24,花水湾罗马假日温泉酒店,花水湾镇,去哪儿,08:00,118,1000
2026-10-31,m24,花水湾罗马假日温泉酒店,花水湾镇,途家,08:00,118,1054
2026-10-31,m24,花水湾罗马假日温泉酒店,花水湾镇,携程,14:00,94,1102
2026-10-31,m24,花水湾罗马假日温泉酒店,花水湾镇,美团,14:00,93,1070
2026-10-31,m24,花水湾罗马假日温泉酒店,花水湾镇,去哪儿,14:00,93,1082
2026-10-31,m24,花水湾罗马假日温泉酒店,花水湾镇,途家,14:00,93,1126
2026-10-31,m24,花水湾罗马假日温泉酒店,花水湾镇,携程,20:00,22,1287
2026-10-31,m24,花水湾罗马假日温泉酒店,花水湾镇,美团,20:00,23,1280
2026-10-31,m24,花水湾罗马假日温泉酒店,花水湾镇,去哪儿,20:00,22,1289
2026-10-31,m24,花水湾罗马假日温泉酒店,花水湾镇,途家,20:00,22,1352
2026-10-01,m25,花水湾溪边客栈,花水湾镇,飞猪,00:00,42,799
2026-10-01,m25,花水湾溪边客栈,花水湾镇,去哪儿,00:00,42,808
2026-10-01,m25,花水湾溪边客栈,花水湾镇,同程,00:00,42,812
2026-10-01,m25,花水湾溪边客栈,花水湾镇,飞猪,08:00,40,820
2026-10-01,m25,花水湾溪边客栈,花水湾镇,去哪儿,08:00,39,821
2026-10-01,m25,花水湾溪边客栈,花水湾镇,同程,08:00,39,823
2026-10-01,m25,花水湾溪边客栈,花水湾镇,飞猪,14:00,29,907
2026-10-01,m25,花水湾溪边客栈,花水湾镇,去哪儿,14:00,28,885
2026-10-01,m25,花水湾溪边客栈,花水湾镇,同程,14:00,29,906
2026-10-01,m25,花水湾溪边客栈,花水湾镇,飞猪,20:00,10,1060
2026-10-01,m25,花水湾溪边客栈,花水湾镇,去哪儿,20:00,9,1019
2026-10-01,m25,花水湾溪边客栈,花水湾镇,同程,20:00,10,1016
2026-10-02,m25,花水湾溪边客栈,花水湾镇,飞猪,00:00,38,850
2026-10-02,m25,花水湾溪边客栈,花水湾镇,去哪儿,00:00,37,836
2026-10-02,m25,花水湾溪边客栈,花水湾镇,同程,00:00,38,833
2026-10-02,m25,花水湾溪边客栈,花水湾镇,飞猪,08:00,35,855
2026-10-02,m25,花水湾溪边客栈,花水湾镇,去哪儿,08:00,35,861
2026-10-02,m25,花水湾溪边客栈,花水湾镇,同程,08:00,35,858
2026-10-02,m25,花水湾溪边客栈,花水湾镇,飞猪,14:00,22,964
2026-10-02,m25,花水湾溪边客栈,花水湾镇,去哪儿,14:00,22,960
2026-10-02,m25,花水湾溪边客栈,花水湾镇,同程,14:00,22,941
2026-10-02,m25,花水湾溪边客栈,花水湾镇,飞猪,20:00,5,1082
2026-10-02,m25,花水湾溪边客栈,花水湾镇,去哪儿,20:00,5,1086
2026-10-02,m25,花水湾溪边客栈,花水湾镇,同程,20:00,5,1073
2026-10-03,m25,花水湾溪边客栈,花水湾镇,飞猪,00:00,37,832
2026-10-03,m25,花水湾溪边客栈,花水湾镇,去哪儿,00:00,37,832
2026-10-03,m25,花水湾溪边客栈,花水湾镇,同程,00:00,38,853
2026-10-03,m25,花水湾溪边客栈,花水湾镇,飞猪,08:00,33,881
2026-10-03,m25,花水湾溪边客栈,花水湾镇,去哪儿,08:00,33,849
2026-10-03,m25,花水湾溪边客栈,花水湾镇,同程,08:00,34,864
2026-10-03,m25,花水湾溪边客栈,花水湾镇,飞猪,14:00,25,932
2026-10-03,m25,花水湾溪边客栈,花水湾镇,去哪儿,14:00,25,933
2026-10-03,m25,花水湾溪边客栈,花水湾镇,同程,14:00,26,917
2026-10-03,m25,花水湾溪边客栈,花水湾镇,飞猪,20:00,6,1064
2026-10-03,m25,花水湾溪边客栈,花水湾镇,去哪儿,20:00,5,1052
2026-10-03,m25,花水湾溪边客栈,花水湾镇,同程,20:00,6,1062
2026-10-04,m25,花水湾溪边客栈,花水湾镇,飞猪,00:00,38,842
2026-10-04,m25,花水湾溪边客栈,花水湾镇,去哪儿,00:00,38,825
2026-10-04,m25,花水湾溪边客栈,花水湾镇,同程,00:00,38,845
2026-10-04,m25,花水湾溪边客栈,花水湾镇,飞猪,08:00,35,850
2026-10-04,m25,花水湾溪边客栈,花水湾镇,去哪儿,08:00,35,853
2026-10-04,m25,花水湾溪边客栈,花水湾镇,同程,08:00,35,839
2026-10-04,m25,花水湾溪边客栈,花水湾镇,飞猪,14:00,27,927
2026-10-04,m25,花水湾溪边客栈,花水湾镇,去哪儿,14:00,27,910
2026-10-04,m25,花水湾溪边客栈,花水湾镇,同程,14:00,27,906
2026-10-04,m25,花水湾溪边客栈,花水湾镇,飞猪,20:00,4,1072
2026-10-04,m25,花水湾溪边客栈,花水湾镇,去哪儿,20:00,3,1073
2026-10-04,m25,花水湾溪边客栈,花水湾镇,同程,20:00,4,1066
2026-10-05,m25,花水湾溪边客栈,花水湾镇,飞猪,00:00,41,806
2026-10-05,m25,花水湾溪边客栈,花水湾镇,去哪儿,00:00,41,796
2026-10-05,m25,花水湾溪边客栈,花水湾镇,同程,00:00,41,811
2026-10-05,m25,花水湾溪边客栈,花水湾镇,飞猪,08:00,40,826
2026-10-05,m25,花水湾溪边客栈,花水湾镇,去哪儿,08:00,40,809
2026-10-05,m25,花水湾溪边客栈,花水湾镇,同程,08:00,41,824
2026-10-05,m25,花水湾溪边客栈,花水湾镇,飞猪,14:00,27,921
2026-10-05,m25,花水湾溪边客栈,花水湾镇,去哪儿,14:00,26,900
2026-10-05,m25,花水湾溪边客栈,花水湾镇,同程,14:00,26,910
2026-10-05,m25,花水湾溪边客栈,花水湾镇,飞猪,20:00,5,1074
2026-10-05,m25,花水湾溪边客栈,花水湾镇,去哪儿,20:00,5,1072
2026-10-05,m25,花水湾溪边客栈,花水湾镇,同程,20:00,6,1073
2026-10-06,m25,花水湾溪边客栈,花水湾镇,飞猪,00:00,43,797
2026-10-06,m25,花水湾溪边客栈,花水湾镇,去哪儿,00:00,42,804
2026-10-06,m25,花水湾溪边客栈,花水湾镇,同程,00:00,42,806
2026-10-06,m25,花水湾溪边客栈,花水湾镇,飞猪,08:00,39,845
2026-10-06,m25,花水湾溪边客栈,花水湾镇,去哪儿,08:00,39,830
2026-10-06,m25,花水湾溪边客栈,花水湾镇,同程,08:00,40,822
2026-10-06,m25,花水湾溪边客栈,花水湾镇,飞猪,14:00,27,919
2026-10-06,m25,花水湾溪边客栈,花水湾镇,去哪儿,14:00,27,919
2026-10-06,m25,花水湾溪边客栈,花水湾镇,同程,14:00,27,914
2026-10-06,m25,花水湾溪边客栈,花水湾镇,飞猪,20:00,6,1071
2026-10-06,m25,花水湾溪边客栈,花水湾镇,去哪儿,20:00,5,1071
2026-10-06,m25,花水湾溪边客栈,花水湾镇,同程,20:00,5,1080
2026-10-07,m25,花水湾溪边客栈,花水湾镇,飞猪,00:00,38,844
2026-10-07,m25,花水湾溪边客栈,花水湾镇,去哪儿,00:00,38,831
2026-10-07,m25,花水湾溪边客栈,花水湾镇,同程,00:00,38,814
2026-10-07,m25,花水湾溪边客栈,花水湾镇,飞猪,08:00,37,856
2026-10-07,m25,花水湾溪边客栈,花水湾镇,去哪儿,08:00,37,821
2026-10-07,m25,花水湾溪边客栈,花水湾镇,同程,08:00,38,848
2026-10-07,m25,花水湾溪边客栈,花水湾镇,飞猪,14:00,34,869
2026-10-07,m25,花水湾溪边客栈,花水湾镇,去哪儿,14:00,33,863
2026-10-07,m25,花水湾溪边客栈,花水湾镇,同程,14:00,33,858
2026-10-07,m25,花水湾溪边客栈,花水湾镇,飞猪,20:00,9,1048
2026-10-07,m25,花水湾溪边客栈,花水湾镇,去哪儿,20:00,8,1063
2026-10-07,m25,花水湾溪边客栈,花水湾镇,同程,20:00,8,1024
2026-10-08,m25,花水湾溪边客栈,花水湾镇,飞猪,00:00,42,823
2026-10-08,m25,花水湾溪边客栈,花水湾镇,去哪儿,00:00,42,797
2026-10-08,m25,花水湾溪边客栈,花水湾镇,同程,00:00,42,813
2026-10-08,m25,花水湾溪边客栈,花水湾镇,飞猪,08:00,37,838
2026-10-08,m25,花水湾溪边客栈,花水湾镇,去哪儿,08:00,37,839
2026-10-08,m25,花水湾溪边客栈,花水湾镇,同程,08:00,38,850
2026-10-08,m25,花水湾溪边客栈,花水湾镇,飞猪,14:00,26,919
2026-10-08,m25,花水湾溪边客栈,花水湾镇,去哪儿,14:00,26,903
2026-10-08,m25,花水湾溪边客栈,花水湾镇,同程,14:00,26,920
2026-10-08,m25,花水湾溪边客栈,花水湾镇,飞猪,20:00,7,1086
2026-10-08,m25,花水湾溪边客栈,花水湾镇,去哪儿,20:00,6,1051
2026-10-08,m25,花水湾溪边客栈,花水湾镇,同程,20:00,6,1073
2026-10-09,m25,花水湾溪边客栈,花水湾镇,飞猪,00:00,41,409
2026-10-09,m25,花水湾溪边客栈,花水湾镇,去哪儿,00:00,40,406
2026-10-09,m25,花水湾溪边客栈,花水湾镇,同程,00:00,41,413
2026-10-09,m25,花水湾溪边客栈,花水湾镇,飞猪,08:00,39,419
2026-10-09,m25,花水湾溪边客栈,花水湾镇,去哪儿,08:00,39,406
2026-10-09,m25,花水湾溪边客栈,花水湾镇,同程,08:00,39,413
2026-10-09,m25,花水湾溪边客栈,花水湾镇,飞猪,14:00,27,457
2026-10-09,m25,花水湾溪边客栈,花水湾镇,去哪儿,14:00,27,448
2026-10-09,m25,花水湾溪边客栈,花水湾镇,同程,14:00,27,453
2026-10-09,m25,花水湾溪边客栈,花水湾镇,飞猪,20:00,13,511
2026-10-09,m25,花水湾溪边客栈,花水湾镇,去哪儿,20:00,12,508
2026-10-09,m25,花水湾溪边客栈,花水湾镇,同程,20:00,12,504
2026-10-10,m25,花水湾溪边客栈,花水湾镇,飞猪,00:00,41,519
2026-10-10,m25,花水湾溪边客栈,花水湾镇,去哪儿,00:00,41,525
2026-10-10,m25,花水湾溪边客栈,花水湾镇,同程,00:00,41,519
2026-10-10,m25,花水湾溪边客栈,花水湾镇,飞猪,08:00,36,543
2026-10-10,m25,花水湾溪边客栈,花水湾镇,去哪儿,08:00,36,557
2026-10-10,m25,花水湾溪边客栈,花水湾镇,同程,08:00,37,539
2026-10-10,m25,花水湾溪边客栈,花水湾镇,飞猪,14:00,28,596
2026-10-10,m25,花水湾溪边客栈,花水湾镇,去哪儿,14:00,27,595
2026-10-10,m25,花水湾溪边客栈,花水湾镇,同程,14:00,28,582
2026-10-10,m25,花水湾溪边客栈,花水湾镇,飞猪,20:00,2,706
2026-10-10,m25,花水湾溪边客栈,花水湾镇,去哪儿,20:00,2,699
2026-10-10,m25,花水湾溪边客栈,花水湾镇,同程,20:00,3,707
2026-10-11,m25,花水湾溪边客栈,花水湾镇,飞猪,00:00,37,554
2026-10-11,m25,花水湾溪边客栈,花水湾镇,去哪儿,00:00,37,548
2026-10-11,m25,花水湾溪边客栈,花水湾镇,同程,00:00,38,553
2026-10-11,m25,花水湾溪边客栈,花水湾镇,飞猪,08:00,35,573
2026-10-11,m25,花水湾溪边客栈,花水湾镇,去哪儿,08:00,34,556
2026-10-11,m25,花水湾溪边客栈,花水湾镇,同程,08:00,35,566
2026-10-11,m25,花水湾溪边客栈,花水湾镇,飞猪,14:00,26,598
2026-10-11,m25,花水湾溪边客栈,花水湾镇,去哪儿,14:00,26,587
2026-10-11,m25,花水湾溪边客栈,花水湾镇,同程,14:00,26,586
2026-10-11,m25,花水湾溪边客栈,花水湾镇,飞猪,20:00,3,717
2026-10-11,m25,花水湾溪边客栈,花水湾镇,去哪儿,20:00,3,695
2026-10-11,m25,花水湾溪边客栈,花水湾镇,同程,20:00,3,696
2026-10-12,m25,花水湾溪边客栈,花水湾镇,飞猪,00:00,46,395
2026-10-12,m25,花水湾溪边客栈,花水湾镇,去哪儿,00:00,46,383
2026-10-12,m25,花水湾溪边客栈,花水湾镇,同程,00:00,46,394
2026-10-12,m25,花水湾溪边客栈,花水湾镇,飞猪,08:00,46,394
2026-10-12,m25,花水湾溪边客栈,花水湾镇,去哪儿,08:00,45,395
2026-10-12,m25,花水湾溪边客栈,花水湾镇,同程,08:00,46,391
2026-10-12,m25,花水湾溪边客栈,花水湾镇,飞猪,14:00,37,418
2026-10-12,m25,花水湾溪边客栈,花水湾镇,去哪儿,14:00,37,411
2026-10-12,m25,花水湾溪边客栈,花水湾镇,同程,14:00,37,417
2026-10-12,m25,花水湾溪边客栈,花水湾镇,飞猪,20:00,22,467
2026-10-12,m25,花水湾溪边客栈,花水湾镇,去哪儿,20:00,22,466
2026-10-12,m25,花水湾溪边客栈,花水湾镇,同程,20:00,22,469
2026-10-13,m25,花水湾溪边客栈,花水湾镇,飞猪,00:00,43,406
2026-10-13,m25,花水湾溪边客栈,花水湾镇,去哪儿,00:00,43,405
2026-10-13,m25,花水湾溪边客栈,花水湾镇,同程,00:00,43,395
2026-10-13,m25,花水湾溪边客栈,花水湾镇,飞猪,08:00,41,401
2026-10-13,m25,花水湾溪边客栈,花水湾镇,去哪儿,08:00,41,398
2026-10-13,m25,花水湾溪边客栈,花水湾镇,同程,08:00,42,398
2026-10-13,m25,花水湾溪边客栈,花水湾镇,飞猪,14:00,36,432
2026-10-13,m25,花水湾溪边客栈,花水湾镇,去哪儿,14:00,35,421
2026-10-13,m25,花水湾溪边客栈,花水湾镇,同程,14:00,36,421
2026-10-13,m25,花水湾溪边客栈,花水湾镇,飞猪,20:00,17,496
2026-10-13,m25,花水湾溪边客栈,花水湾镇,去哪儿,20:00,17,483
2026-10-13,m25,花水湾溪边客栈,花水湾镇,同程,20:00,18,481
2026-10-14,m25,花水湾溪边客栈,花水湾镇,飞猪,00:00,42,404
2026-10-14,m25,花水湾溪边客栈,花水湾镇,去哪儿,00:00,41,405
2026-10-14,m25,花水湾溪边客栈,花水湾镇,同程,00:00,42,396
2026-10-14,m25,花水湾溪边客栈,花水湾镇,飞猪,08:00,38,422
2026-10-14,m25,花水湾溪边客栈,花水湾镇,去哪儿,08:00,38,418
2026-10-14,m25,花水湾溪边客栈,花水湾镇,同程,08:00,39,410
2026-10-14,m25,花水湾溪边客栈,花水湾镇,飞猪,14:00,29,453
2026-10-14,m25,花水湾溪边客栈,花水湾镇,去哪儿,14:00,29,455
2026-10-14,m25,花水湾溪边客栈,花水湾镇,同程,14:00,30,449
2026-10-14,m25,花水湾溪边客栈,花水湾镇,飞猪,20:00,15,494
2026-10-14,m25,花水湾溪边客栈,花水湾镇,去哪儿,20:00,15,497
2026-10-14,m25,花水湾溪边客栈,花水湾镇,同程,20:00,15,503
2026-10-15,m25,花水湾溪边客栈,花水湾镇,飞猪,00:00,45,395
2026-10-15,m25,花水湾溪边客栈,花水湾镇,去哪儿,00:00,45,395
2026-10-15,m25,花水湾溪边客栈,花水湾镇,同程,00:00,46,396
2026-10-15,m25,花水湾溪边客栈,花水湾镇,飞猪,08:00,45,392
2026-10-15,m25,花水湾溪边客栈,花水湾镇,去哪儿,08:00,44,398
2026-10-15,m25,花水湾溪边客栈,花水湾镇,同程,08:00,45,387
2026-10-15,m25,花水湾溪边客栈,花水湾镇,飞猪,14:00,37,421
2026-10-15,m25,花水湾溪边客栈,花水湾镇,去哪儿,14:00,37,413
2026-10-15,m25,花水湾溪边客栈,花水湾镇,同程,14:00,37,425
2026-10-15,m25,花水湾溪边客栈,花水湾镇,飞猪,20:00,26,463
2026-10-15,m25,花水湾溪边客栈,花水湾镇,去哪儿,20:00,25,456
2026-10-15,m25,花水湾溪边客栈,花水湾镇,同程,20:00,26,468
2026-10-16,m25,花水湾溪边客栈,花水湾镇,飞猪,00:00,46,397
2026-10-16,m25,花水湾溪边客栈,花水湾镇,去哪儿,00:00,45,397
2026-10-16,m25,花水湾溪边客栈,花水湾镇,同程,00:00,46,392
2026-10-16,m25,花水湾溪边客栈,花水湾镇,飞猪,08:00,43,399
2026-10-16,m25,花水湾溪边客栈,花水湾镇,去哪儿,08:00,43,399
2026-10-16,m25,花水湾溪边客栈,花水湾镇,同程,08:00,43,390
2026-10-16,m25,花水湾溪边客栈,花水湾镇,飞猪,14:00,36,436
2026-10-16,m25,花水湾溪边客栈,花水湾镇,去哪儿,14:00,35,418
2026-10-16,m25,花水湾溪边客栈,花水湾镇,同程,14:00,35,428
2026-10-16,m25,花水湾溪边客栈,花水湾镇,飞猪,20:00,27,454
2026-10-16,m25,花水湾溪边客栈,花水湾镇,去哪儿,20:00,27,456
2026-10-16,m25,花水湾溪边客栈,花水湾镇,同程,20:00,28,461
2026-10-17,m25,花水湾溪边客栈,花水湾镇,飞猪,00:00,37,549
2026-10-17,m25,花水湾溪边客栈,花水湾镇,去哪儿,00:00,37,535
2026-10-17,m25,花水湾溪边客栈,花水湾镇,同程,00:00,38,541
2026-10-17,m25,花水湾溪边客栈,花水湾镇,飞猪,08:00,35,562
2026-10-17,m25,花水湾溪边客栈,花水湾镇,去哪儿,08:00,34,561
2026-10-17,m25,花水湾溪边客栈,花水湾镇,同程,08:00,35,551
2026-10-17,m25,花水湾溪边客栈,花水湾镇,飞猪,14:00,22,615
2026-10-17,m25,花水湾溪边客栈,花水湾镇,去哪儿,14:00,22,604
2026-10-17,m25,花水湾溪边客栈,花水湾镇,同程,14:00,23,604
2026-10-17,m25,花水湾溪边客栈,花水湾镇,飞猪,20:00,7,700
2026-10-17,m25,花水湾溪边客栈,花水湾镇,去哪儿,20:00,7,682
2026-10-17,m25,花水湾溪边客栈,花水湾镇,同程,20:00,8,681
2026-10-18,m25,花水湾溪边客栈,花水湾镇,飞猪,00:00,36,547
2026-10-18,m25,花水湾溪边客栈,花水湾镇,去哪儿,00:00,36,556
2026-10-18,m25,花水湾溪边客栈,花水湾镇,同程,00:00,37,556
2026-10-18,m25,花水湾溪边客栈,花水湾镇,飞猪,08:00,31,576
2026-10-18,m25,花水湾溪边客栈,花水湾镇,去哪儿,08:00,31,578
2026-10-18,m25,花水湾溪边客栈,花水湾镇,同程,08:00,31,571
2026-10-18,m25,花水湾溪边客栈,花水湾镇,飞猪,14:00,17,654
2026-10-18,m25,花水湾溪边客栈,花水湾镇,去哪儿,14:00,17,632
2026-10-18,m25,花水湾溪边客栈,花水湾镇,同程,14:00,17,635
2026-10-18,m25,花水湾溪边客栈,花水湾镇,飞猪,20:00,4,699
2026-10-18,m25,花水湾溪边客栈,花水湾镇,去哪儿,20:00,3,709
2026-10-18,m25,花水湾溪边客栈,花水湾镇,同程,20:00,4,706
2026-10-19,m25,花水湾溪边客栈,花水湾镇,飞猪,00:00,45,397
2026-10-19,m25,花水湾溪边客栈,花水湾镇,去哪儿,00:00,44,396
2026-10-19,m25,花水湾溪边客栈,花水湾镇,同程,00:00,45,386
2026-10-19,m25,花水湾溪边客栈,花水湾镇,飞猪,08:00,44,409
2026-10-19,m25,花水湾溪边客栈,花水湾镇,去哪儿,08:00,43,398
2026-10-19,m25,花水湾溪边客栈,花水湾镇,同程,08:00,44,391
2026-10-19,m25,花水湾溪边客栈,花水湾镇,飞猪,14:00,37,429
2026-10-19,m25,花水湾溪边客栈,花水湾镇,去哪儿,14:00,37,417
2026-10-19,m25,花水湾溪边客栈,花水湾镇,同程,14:00,38,423
2026-10-19,m25,花水湾溪边客栈,花水湾镇,飞猪,20:00,18,492
2026-10-19,m25,花水湾溪边客栈,花水湾镇,去哪儿,20:00,17,499
2026-10-19,m25,花水湾溪边客栈,花水湾镇,同程,20:00,18,486
2026-10-20,m25,花水湾溪边客栈,花水湾镇,飞猪,00:00,43,402
2026-10-20,m25,花水湾溪边客栈,花水湾镇,去哪儿,00:00,43,403
2026-10-20,m25,花水湾溪边客栈,花水湾镇,同程,00:00,43,405
2026-10-20,m25,花水湾溪边客栈,花水湾镇,飞猪,08:00,40,417
2026-10-20,m25,花水湾溪边客栈,花水湾镇,去哪儿,08:00,40,400
2026-10-20,m25,花水湾溪边客栈,花水湾镇,同程,08:00,40,408
2026-10-20,m25,花水湾溪边客栈,花水湾镇,飞猪,14:00,33,438
2026-10-20,m25,花水湾溪边客栈,花水湾镇,去哪儿,14:00,33,425
2026-10-20,m25,花水湾溪边客栈,花水湾镇,同程,14:00,34,438
2026-10-20,m25,花水湾溪边客栈,花水湾镇,飞猪,20:00,21,481
2026-10-20,m25,花水湾溪边客栈,花水湾镇,去哪儿,20:00,20,475
2026-10-20,m25,花水湾溪边客栈,花水湾镇,同程,20:00,21,476
2026-10-21,m25,花水湾溪边客栈,花水湾镇,飞猪,00:00,45,401
2026-10-21,m25,花水湾溪边客栈,花水湾镇,去哪儿,00:00,44,399
2026-10-21,m25,花水湾溪边客栈,花水湾镇,同程,00:00,45,387
2026-10-21,m25,花水湾溪边客栈,花水湾镇,飞猪,08:00,42,398
2026-10-21,m25,花水湾溪边客栈,花水湾镇,去哪儿,08:00,42,394
2026-10-21,m25,花水湾溪边客栈,花水湾镇,同程,08:00,43,396
2026-10-21,m25,花水湾溪边客栈,花水湾镇,飞猪,14:00,36,434
2026-10-21,m25,花水湾溪边客栈,花水湾镇,去哪儿,14:00,36,426
2026-10-21,m25,花水湾溪边客栈,花水湾镇,同程,14:00,36,415
2026-10-21,m25,花水湾溪边客栈,花水湾镇,飞猪,20:00,25,459
2026-10-21,m25,花水湾溪边客栈,花水湾镇,去哪儿,20:00,25,465
2026-10-21,m25,花水湾溪边客栈,花水湾镇,同程,20:00,25,469
2026-10-22,m25,花水湾溪边客栈,花水湾镇,飞猪,00:00,45,393
2026-10-22,m25,花水湾溪边客栈,花水湾镇,去哪儿,00:00,45,397
2026-10-22,m25,花水湾溪边客栈,花水湾镇,同程,00:00,45,391
2026-10-22,m25,花水湾溪边客栈,花水湾镇,飞猪,08:00,38,411
2026-10-22,m25,花水湾溪边客栈,花水湾镇,去哪儿,08:00,38,409
2026-10-22,m25,花水湾溪边客栈,花水湾镇,同程,08:00,38,408
2026-10-22,m25,花水湾溪边客栈,花水湾镇,飞猪,14:00,30,455
2026-10-22,m25,花水湾溪边客栈,花水湾镇,去哪儿,14:00,30,443
2026-10-22,m25,花水湾溪边客栈,花水湾镇,同程,14:00,31,442
2026-10-22,m25,花水湾溪边客栈,花水湾镇,飞猪,20:00,14,513
2026-10-22,m25,花水湾溪边客栈,花水湾镇,去哪儿,20:00,14,490
2026-10-22,m25,花水湾溪边客栈,花水湾镇,同程,20:00,14,491
2026-10-23,m25,花水湾溪边客栈,花水湾镇,飞猪,00:00,47,388
2026-10-23,m25,花水湾溪边客栈,花水湾镇,去哪儿,00:00,47,383
2026-10-23,m25,花水湾溪边客栈,花水湾镇,同程,00:00,48,389
2026-10-23,m25,花水湾溪边客栈,花水湾镇,飞猪,08:00,46,389
2026-10-23,m25,花水湾溪边客栈,花水湾镇,去哪儿,08:00,45,390
2026-10-23,m25,花水湾溪边客栈,花水湾镇,同程,08:00,46,388
2026-10-23,m25,花水湾溪边客栈,花水湾镇,飞猪,14:00,36,419
2026-10-23,m25,花水湾溪边客栈,花水湾镇,去哪儿,14:00,36,427
2026-10-23,m25,花水湾溪边客栈,花水湾镇,同程,14:00,36,427
2026-10-23,m25,花水湾溪边客栈,花水湾镇,飞猪,20:00,19,490
2026-10-23,m25,花水湾溪边客栈,花水湾镇,去哪儿,20:00,19,475
2026-10-23,m25,花水湾溪边客栈,花水湾镇,同程,20:00,20,473
2026-10-24,m25,花水湾溪边客栈,花水湾镇,飞猪,00:00,41,538
2026-10-24,m25,花水湾溪边客栈,花水湾镇,去哪儿,00:00,41,528
2026-10-24,m25,花水湾溪边客栈,花水湾镇,同程,00:00,41,534
2026-10-24,m25,花水湾溪边客栈,花水湾镇,飞猪,08:00,36,549
2026-10-24,m25,花水湾溪边客栈,花水湾镇,去哪儿,08:00,36,546
2026-10-24,m25,花水湾溪边客栈,花水湾镇,同程,08:00,37,552
2026-10-24,m25,花水湾溪边客栈,花水湾镇,飞猪,14:00,28,598
2026-10-24,m25,花水湾溪边客栈,花水湾镇,去哪儿,14:00,27,583
2026-10-24,m25,花水湾溪边客栈,花水湾镇,同程,14:00,28,595
2026-10-24,m25,花水湾溪边客栈,花水湾镇,飞猪,20:00,3,705
2026-10-24,m25,花水湾溪边客栈,花水湾镇,去哪儿,20:00,2,717
2026-10-24,m25,花水湾溪边客栈,花水湾镇,同程,20:00,3,692
2026-10-25,m25,花水湾溪边客栈,花水湾镇,飞猪,00:00,36,553
2026-10-25,m25,花水湾溪边客栈,花水湾镇,去哪儿,00:00,36,540
2026-10-25,m25,花水湾溪边客栈,花水湾镇,同程,00:00,37,548
2026-10-25,m25,花水湾溪边客栈,花水湾镇,飞猪,08:00,35,567
2026-10-25,m25,花水湾溪边客栈,花水湾镇,去哪儿,08:00,34,548
2026-10-25,m25,花水湾溪边客栈,花水湾镇,同程,08:00,34,555
2026-10-25,m25,花水湾溪边客栈,花水湾镇,飞猪,14:00,23,622
2026-10-25,m25,花水湾溪边客栈,花水湾镇,去哪儿,14:00,23,615
2026-10-25,m25,花水湾溪边客栈,花水湾镇,同程,14:00,23,618
2026-10-25,m25,花水湾溪边客栈,花水湾镇,飞猪,20:00,6,683
2026-10-25,m25,花水湾溪边客栈,花水湾镇,去哪儿,20:00,6,673
2026-10-25,m25,花水湾溪边客栈,花水湾镇,同程,20:00,7,698
2026-10-26,m25,花水湾溪边客栈,花水湾镇,飞猪,00:00,42,407
2026-10-26,m25,花水湾溪边客栈,花水湾镇,去哪儿,00:00,42,406
2026-10-26,m25,花水湾溪边客栈,花水湾镇,同程,00:00,43,395
2026-10-26,m25,花水湾溪边客栈,花水湾镇,飞猪,08:00,41,418
2026-10-26,m25,花水湾溪边客栈,花水湾镇,去哪儿,08:00,40,403
2026-10-26,m25,花水湾溪边客栈,花水湾镇,同程,08:00,40,413
2026-10-26,m25,花水湾溪边客栈,花水湾镇,飞猪,14:00,34,445
2026-10-26,m25,花水湾溪边客栈,花水湾镇,去哪儿,14:00,33,437
2026-10-26,m25,花水湾溪边客栈,花水湾镇,同程,14:00,34,432
2026-10-26,m25,花水湾溪边客栈,花水湾镇,飞猪,20:00,18,491
2026-10-26,m25,花水湾溪边客栈,花水湾镇,去哪儿,20:00,18,477
2026-10-26,m25,花水湾溪边客栈,花水湾镇,同程,20:00,19,495
2026-10-27,m25,花水湾溪边客栈,花水湾镇,飞猪,00:00,45,397
2026-10-27,m25,花水湾溪边客栈,花水湾镇,去哪儿,00:00,44,394
2026-10-27,m25,花水湾溪边客栈,花水湾镇,同程,00:00,45,388
2026-10-27,m25,花水湾溪边客栈,花水湾镇,飞猪,08:00,39,421
2026-10-27,m25,花水湾溪边客栈,花水湾镇,去哪儿,08:00,39,417
2026-10-27,m25,花水湾溪边客栈,花水湾镇,同程,08:00,39,406
2026-10-27,m25,花水湾溪边客栈,花水湾镇,飞猪,14:00,34,434
2026-10-27,m25,花水湾溪边客栈,花水湾镇,去哪儿,14:00,34,422
2026-10-27,m25,花水湾溪边客栈,花水湾镇,同程,14:00,34,425
2026-10-27,m25,花水湾溪边客栈,花水湾镇,飞猪,20:00,20,480
2026-10-27,m25,花水湾溪边客栈,花水湾镇,去哪儿,20:00,19,481
2026-10-27,m25,花水湾溪边客栈,花水湾镇,同程,20:00,19,491
2026-10-28,m25,花水湾溪边客栈,花水湾镇,飞猪,00:00,41,409
2026-10-28,m25,花水湾溪边客栈,花水湾镇,去哪儿,00:00,41,398
2026-10-28,m25,花水湾溪边客栈,花水湾镇,同程,00:00,42,399
2026-10-28,m25,花水湾溪边客栈,花水湾镇,飞猪,08:00,39,410
2026-10-28,m25,花水湾溪边客栈,花水湾镇,去哪儿,08:00,39,414
2026-10-28,m25,花水湾溪边客栈,花水湾镇,同程,08:00,39,403
2026-10-28,m25,花水湾溪边客栈,花水湾镇,飞猪,14:00,34,441
2026-10-28,m25,花水湾溪边客栈,花水湾镇,去哪儿,14:00,34,429
2026-10-28,m25,花水湾溪边客栈,花水湾镇,同程,14:00,34,430
2026-10-28,m25,花水湾溪边客栈,花水湾镇,飞猪,20:00,15,500
2026-10-28,m25,花水湾溪边客栈,花水湾镇,去哪儿,20:00,14,493
2026-10-28,m25,花水湾溪边客栈,花水湾镇,同程,20:00,14,510
2026-10-29,m25,花水湾溪边客栈,花水湾镇,飞猪,00:00,42,403
2026-10-29,m25,花水湾溪边客栈,花水湾镇,去哪儿,00:00,42,393
2026-10-29,m25,花水湾溪边客栈,花水湾镇,同程,00:00,42,394
2026-10-29,m25,花水湾溪边客栈,花水湾镇,飞猪,08:00,41,406
2026-10-29,m25,花水湾溪边客栈,花水湾镇,去哪儿,08:00,41,400
2026-10-29,m25,花水湾溪边客栈,花水湾镇,同程,08:00,41,405
2026-10-29,m25,花水湾溪边客栈,花水湾镇,飞猪,14:00,34,427
2026-10-29,m25,花水湾溪边客栈,花水湾镇,去哪儿,14:00,34,425
2026-10-29,m25,花水湾溪边客栈,花水湾镇,同程,14:00,34,421
2026-10-29,m25,花水湾溪边客栈,花水湾镇,飞猪,20:00,18,482
2026-10-29,m25,花水湾溪边客栈,花水湾镇,去哪儿,20:00,18,482
2026-10-29,m25,花水湾溪边客栈,花水湾镇,同程,20:00,18,485
2026-10-30,m25,花水湾溪边客栈,花水湾镇,飞猪,00:00,42,412
2026-10-30,m25,花水湾溪边客栈,花水湾镇,去哪儿,00:00,42,398
2026-10-30,m25,花水湾溪边客栈,花水湾镇,同程,00:00,42,406
2026-10-30,m25,花水湾溪边客栈,花水湾镇,飞猪,08:00,39,419
2026-10-30,m25,花水湾溪边客栈,花水湾镇,去哪儿,08:00,39,419
2026-10-30,m25,花水湾溪边客栈,花水湾镇,同程,08:00,40,408
2026-10-30,m25,花水湾溪边客栈,花水湾镇,飞猪,14:00,34,436
2026-10-30,m25,花水湾溪边客栈,花水湾镇,去哪儿,14:00,34,421
2026-10-30,m25,花水湾溪边客栈,花水湾镇,同程,14:00,35,433
2026-10-30,m25,花水湾溪边客栈,花水湾镇,飞猪,20:00,16,507
2026-10-30,m25,花水湾溪边客栈,花水湾镇,去哪儿,20:00,16,503
2026-10-30,m25,花水湾溪边客栈,花水湾镇,同程,20:00,16,489
2026-10-31,m25,花水湾溪边客栈,花水湾镇,飞猪,00:00,44,517
2026-10-31,m25,花水湾溪边客栈,花水湾镇,去哪儿,00:00,44,504
2026-10-31,m25,花水湾溪边客栈,花水湾镇,同程,00:00,45,514
2026-10-31,m25,花水湾溪边客栈,花水湾镇,飞猪,08:00,41,537
2026-10-31,m25,花水湾溪边客栈,花水湾镇,去哪儿,08:00,41,534
2026-10-31,m25,花水湾溪边客栈,花水湾镇,同程,08:00,41,530
2026-10-31,m25,花水湾溪边客栈,花水湾镇,飞猪,14:00,27,603
2026-10-31,m25,花水湾溪边客栈,花水湾镇,去哪儿,14:00,27,584
2026-10-31,m25,花水湾溪边客栈,花水湾镇,同程,14:00,27,588
2026-10-31,m25,花水湾溪边客栈,花水湾镇,飞猪,20:00,8,678
2026-10-31,m25,花水湾溪边客栈,花水湾镇,去哪儿,20:00,8,675
2026-10-31,m25,花水湾溪边客栈,花水湾镇,同程,20:00,9,668
